time,veh_u,veh_v,model_LSTM_lon_32.pt,model_LSTM_lon_33.pt,model_LSTM_lon_34.pt,model_LSTM_lon_35.pt,model_LSTM_lon_36.pt,model_LSTM_lon_37.pt,model_LSTM_lon_38.pt,model_LSTM_lon_39.pt,model_LSTM_lon_40.pt,model_LSTM_lon_41.pt,model_LSTM_lon_42.pt,model_LSTM_lon_43.pt,model_LSTM_lon_44.pt,model_LSTM_lon_45.pt,model_LSTM_lon_46.pt,model_LSTM_lon_47.pt,model_LSTM_lon_48.pt,model_LSTM_lon_49.pt,model_LSTM_lon_50.pt,model_LSTM_lon_51.pt,model_LSTM_lon_52.pt,model_LSTM_lon_53.pt,model_LSTM_lon_54.pt,model_LSTM_lon_55.pt,model_LSTM_lon_56.pt,model_LSTM_lon_57.pt,model_LSTM_lon_58.pt,model_LSTM_lon_59.pt,model_LSTM_lon_60.pt,model_LSTM_lon_61.pt
0.0,0.0,0.01722,0.04437694698572159,0.3157481551170349,0.40038439631462097,0.41303277015686035,0.04525701701641083,0.2625323534011841,0.092697374522686,0.7060198187828064,0.03463175892829895,0.0564371719956398,0.054006002843379974,0.6010792255401611,0.0337122417986393,0.04821547120809555,1.2226588726043701,0.614909827709198,-0.007525444030761719,-0.011610805988311768,0.005012154579162598,0.5470091700553894,-0.00468672439455986,0.009175904095172882,0.04209645465016365,0.5574359893798828,-0.022673293948173523,0.051316045224666595,0.05560232326388359,0.6054819822311401,0.029242204502224922,0.30443376302719116
0.01,0.0,0.01565,0.04437694698572159,0.3157481551170349,0.40038439631462097,0.41303277015686035,0.04525701701641083,0.2625323534011841,0.092697374522686,0.7060198187828064,0.03463175892829895,0.0564371719956398,0.054006002843379974,0.6010792255401611,0.0337122417986393,0.04821547120809555,1.2226588726043701,0.614909827709198,-0.007525444030761719,-0.011610805988311768,0.005012154579162598,0.5470091700553894,-0.00468672439455986,0.009175904095172882,0.04209645465016365,0.5574359893798828,-0.022673293948173523,0.051316045224666595,0.05560232326388359,0.6054819822311401,0.029242204502224922,0.30443376302719116
0.02,0.0,0.01409,0.04437694698572159,0.3157481551170349,0.40038439631462097,0.41303277015686035,0.04525701701641083,0.2625323534011841,0.092697374522686,0.7060198187828064,0.03463175892829895,0.0564371719956398,0.054006002843379974,0.6010792255401611,0.0337122417986393,0.04821547120809555,1.2226588726043701,0.614909827709198,-0.007525444030761719,-0.011610805988311768,0.005012154579162598,0.5470091700553894,-0.00468672439455986,0.009175904095172882,0.04209645465016365,0.5574359893798828,-0.022673293948173523,0.051316045224666595,0.05560232326388359,0.6054819822311401,0.029242204502224922,0.30443376302719116
0.03,0.0,0.01256,0.04437694698572159,0.3157481551170349,0.40038439631462097,0.41303277015686035,0.04525701701641083,0.2625323534011841,0.092697374522686,0.7060198187828064,0.03463175892829895,0.0564371719956398,0.054006002843379974,0.6010792255401611,0.0337122417986393,0.04821547120809555,1.2226588726043701,0.614909827709198,-0.007525444030761719,-0.011610805988311768,0.005012154579162598,0.5470091700553894,-0.00468672439455986,0.009175904095172882,0.04209645465016365,0.5574359893798828,-0.022673293948173523,0.051316045224666595,0.05560232326388359,0.6054819822311401,0.029242204502224922,0.30443376302719116
0.04,0.0,0.01105,0.04437694698572159,0.3157481551170349,0.40038439631462097,0.41303277015686035,0.04525701701641083,0.2625323534011841,0.092697374522686,0.7060198187828064,0.03463175892829895,0.0564371719956398,0.054006002843379974,0.6010792255401611,0.0337122417986393,0.04821547120809555,1.2226588726043701,0.614909827709198,-0.007525444030761719,-0.011610805988311768,0.005012154579162598,0.5470091700553894,-0.00468672439455986,0.009175904095172882,0.04209645465016365,0.5574359893798828,-0.022673293948173523,0.051316045224666595,0.05560232326388359,0.6054819822311401,0.029242204502224922,0.30443376302719116
0.05,0.0,0.00957,0.04437694698572159,0.3157481551170349,0.40038439631462097,0.41303277015686035,0.04525701701641083,0.2625323534011841,0.092697374522686,0.7060198187828064,0.03463175892829895,0.0564371719956398,0.054006002843379974,0.6010792255401611,0.0337122417986393,0.04821547120809555,1.2226588726043701,0.614909827709198,-0.007525444030761719,-0.011610805988311768,0.005012154579162598,0.5470091700553894,-0.00468672439455986,0.009175904095172882,0.04209645465016365,0.5574359893798828,-0.022673293948173523,0.051316045224666595,0.05560232326388359,0.6054819822311401,0.029242204502224922,0.30443376302719116
0.06,0.0,0.00815,0.04437694698572159,0.3157481551170349,0.40038439631462097,0.41303277015686035,0.04525701701641083,0.2625323534011841,0.092697374522686,0.7060198187828064,0.03463175892829895,0.0564371719956398,0.054006002843379974,0.6010792255401611,0.0337122417986393,0.04821547120809555,1.2226588726043701,0.614909827709198,-0.007525444030761719,-0.011610805988311768,0.005012154579162598,0.5470091700553894,-0.00468672439455986,0.009175904095172882,0.04209645465016365,0.5574359893798828,-0.022673293948173523,0.051316045224666595,0.05560232326388359,0.6054819822311401,0.029242204502224922,0.30443376302719116
0.07,0.0,0.00677,0.04437694698572159,0.3157481551170349,0.40038439631462097,0.41303277015686035,0.04525701701641083,0.2625323534011841,0.092697374522686,0.7060198187828064,0.03463175892829895,0.0564371719956398,0.054006002843379974,0.6010792255401611,0.0337122417986393,0.04821547120809555,1.2226588726043701,0.614909827709198,-0.007525444030761719,-0.011610805988311768,0.005012154579162598,0.5470091700553894,-0.00468672439455986,0.009175904095172882,0.04209645465016365,0.5574359893798828,-0.022673293948173523,0.051316045224666595,0.05560232326388359,0.6054819822311401,0.029242204502224922,0.30443376302719116
0.08,0.0,0.00546,0.04437694698572159,0.3157481551170349,0.40038439631462097,0.41303277015686035,0.04525701701641083,0.2625323534011841,0.092697374522686,0.7060198187828064,0.03463175892829895,0.0564371719956398,0.054006002843379974,0.6010792255401611,0.0337122417986393,0.04821547120809555,1.2226588726043701,0.614909827709198,-0.007525444030761719,-0.011610805988311768,0.005012154579162598,0.5470091700553894,-0.00468672439455986,0.009175904095172882,0.04209645465016365,0.5574359893798828,-0.022673293948173523,0.051316045224666595,0.05560232326388359,0.6054819822311401,0.029242204502224922,0.30443376302719116
0.09,0.0,0.00421,0.04437694698572159,0.3157481551170349,0.40038439631462097,0.41303277015686035,0.04525701701641083,0.2625323534011841,0.092697374522686,0.7060198187828064,0.03463175892829895,0.0564371719956398,0.054006002843379974,0.6010792255401611,0.0337122417986393,0.04821547120809555,1.2226588726043701,0.614909827709198,-0.007525444030761719,-0.011610805988311768,0.005012154579162598,0.5470091700553894,-0.00468672439455986,0.009175904095172882,0.04209645465016365,0.5574359893798828,-0.022673293948173523,0.051316045224666595,0.05560232326388359,0.6054819822311401,0.029242204502224922,0.30443376302719116
0.1,0.0,0.00303,0.04437694698572159,0.3157481551170349,0.40038439631462097,0.41303277015686035,0.04525701701641083,0.2625323534011841,0.092697374522686,0.7060198187828064,0.03463175892829895,0.0564371719956398,0.054006002843379974,0.6010792255401611,0.0337122417986393,0.04821547120809555,1.2226588726043701,0.614909827709198,-0.007525444030761719,-0.011610805988311768,0.005012154579162598,0.5470091700553894,-0.00468672439455986,0.009175904095172882,0.04209645465016365,0.5574359893798828,-0.022673293948173523,0.051316045224666595,0.05560232326388359,0.6054819822311401,0.029242204502224922,0.30443376302719116
0.11,0.0,0.00192,0.04437694698572159,0.3157481551170349,0.40038439631462097,0.41303277015686035,0.04525701701641083,0.2625323534011841,0.092697374522686,0.7060198187828064,0.03463175892829895,0.0564371719956398,0.054006002843379974,0.6010792255401611,0.0337122417986393,0.04821547120809555,1.2226588726043701,0.614909827709198,-0.007525444030761719,-0.011610805988311768,0.005012154579162598,0.5470091700553894,-0.00468672439455986,0.009175904095172882,0.04209645465016365,0.5574359893798828,-0.022673293948173523,0.051316045224666595,0.05560232326388359,0.6054819822311401,0.029242204502224922,0.30443376302719116
0.12,0.0,0.0,0.04437694698572159,0.3157481551170349,0.40038439631462097,0.41303277015686035,0.04525701701641083,0.2625323534011841,0.092697374522686,0.7060198187828064,0.03463175892829895,0.0564371719956398,0.054006002843379974,0.6010792255401611,0.0337122417986393,0.04821547120809555,1.2226588726043701,0.614909827709198,-0.007525444030761719,-0.011610805988311768,0.005012154579162598,0.5470091700553894,-0.00468672439455986,0.009175904095172882,0.04209645465016365,0.5574359893798828,-0.022673293948173523,0.051316045224666595,0.05560232326388359,0.6054819822311401,0.029242204502224922,0.30443376302719116
0.13,0.0,0.0,0.04437694698572159,0.3157481551170349,0.40038439631462097,0.41303277015686035,0.04525701701641083,0.2625323534011841,0.092697374522686,0.7060198187828064,0.03463175892829895,0.0564371719956398,0.054006002843379974,0.6010792255401611,0.0337122417986393,0.04821547120809555,1.2226588726043701,0.614909827709198,-0.007525444030761719,-0.011610805988311768,0.005012154579162598,0.5470091700553894,-0.00468672439455986,0.009175904095172882,0.04209645465016365,0.5574359893798828,-0.022673293948173523,0.051316045224666595,0.05560232326388359,0.6054819822311401,0.029242204502224922,0.30443376302719116
0.14,0.0,0.0,0.04437694698572159,0.3157481551170349,0.40038439631462097,0.41303277015686035,0.04525701701641083,0.2625323534011841,0.092697374522686,0.7060198187828064,0.03463175892829895,0.0564371719956398,0.054006002843379974,0.6010792255401611,0.0337122417986393,0.04821547120809555,1.2226588726043701,0.614909827709198,-0.007525444030761719,-0.011610805988311768,0.005012154579162598,0.5470091700553894,-0.00468672439455986,0.009175904095172882,0.04209645465016365,0.5574359893798828,-0.022673293948173523,0.051316045224666595,0.05560232326388359,0.6054819822311401,0.029242204502224922,0.30443376302719116
0.15,0.0,0.0,0.04437694698572159,0.3157481551170349,0.40038439631462097,0.41303277015686035,0.04525701701641083,0.2625323534011841,0.092697374522686,0.7060198187828064,0.03463175892829895,0.0564371719956398,0.054006002843379974,0.6010792255401611,0.0337122417986393,0.04821547120809555,1.2226588726043701,0.614909827709198,-0.007525444030761719,-0.011610805988311768,0.005012154579162598,0.5470091700553894,-0.00468672439455986,0.009175904095172882,0.04209645465016365,0.5574359893798828,-0.022673293948173523,0.051316045224666595,0.05560232326388359,0.6054819822311401,0.029242204502224922,0.30443376302719116
0.16,0.0,0.0,0.04437694698572159,0.3157481551170349,0.40038439631462097,0.41303277015686035,0.04525701701641083,0.2625323534011841,0.092697374522686,0.7060198187828064,0.03463175892829895,0.0564371719956398,0.054006002843379974,0.6010792255401611,0.0337122417986393,0.04821547120809555,1.2226588726043701,0.614909827709198,-0.007525444030761719,-0.011610805988311768,0.005012154579162598,0.5470091700553894,-0.00468672439455986,0.009175904095172882,0.04209645465016365,0.5574359893798828,-0.022673293948173523,0.051316045224666595,0.05560232326388359,0.6054819822311401,0.029242204502224922,0.30443376302719116
0.17,0.0,0.0,0.04437694698572159,0.3157481551170349,0.40038439631462097,0.41303277015686035,0.04525701701641083,0.2625323534011841,0.092697374522686,0.7060198187828064,0.03463175892829895,0.0564371719956398,0.054006002843379974,0.6010792255401611,0.0337122417986393,0.04821547120809555,1.2226588726043701,0.614909827709198,-0.007525444030761719,-0.011610805988311768,0.005012154579162598,0.5470091700553894,-0.00468672439455986,0.009175904095172882,0.04209645465016365,0.5574359893798828,-0.022673293948173523,0.051316045224666595,0.05560232326388359,0.6054819822311401,0.029242204502224922,0.30443376302719116
0.18,0.0,0.0,0.04437694698572159,0.3157481551170349,0.40038439631462097,0.41303277015686035,0.04525701701641083,0.2625323534011841,0.092697374522686,0.7060198187828064,0.03463175892829895,0.0564371719956398,0.054006002843379974,0.6010792255401611,0.0337122417986393,0.04821547120809555,1.2226588726043701,0.614909827709198,-0.007525444030761719,-0.011610805988311768,0.005012154579162598,0.5470091700553894,-0.00468672439455986,0.009175904095172882,0.04209645465016365,0.5574359893798828,-0.022673293948173523,0.051316045224666595,0.05560232326388359,0.6054819822311401,0.029242204502224922,0.30443376302719116
0.19,0.0,0.0,0.04437694698572159,0.3157481551170349,0.40038439631462097,0.41303277015686035,0.04525701701641083,0.2625323534011841,0.092697374522686,0.7060198187828064,0.03463175892829895,0.0564371719956398,0.054006002843379974,0.6010792255401611,0.0337122417986393,0.04821547120809555,1.2226588726043701,0.614909827709198,-0.007525444030761719,-0.011610805988311768,0.005012154579162598,0.5470091700553894,-0.00468672439455986,0.009175904095172882,0.04209645465016365,0.5574359893798828,-0.022673293948173523,0.051316045224666595,0.05560232326388359,0.6054819822311401,0.029242204502224922,0.30443376302719116
0.2,0.0,0.0,0.04437694698572159,0.3157481551170349,0.40038439631462097,0.41303277015686035,0.04525701701641083,0.2625323534011841,0.092697374522686,0.7060198187828064,0.03463175892829895,0.0564371719956398,0.054006002843379974,0.6010792255401611,0.0337122417986393,0.04821547120809555,1.2226588726043701,0.614909827709198,-0.007525444030761719,-0.011610805988311768,0.005012154579162598,0.5470091700553894,-0.00468672439455986,0.009175904095172882,0.04209645465016365,0.5574359893798828,-0.022673293948173523,0.051316045224666595,0.05560232326388359,0.6054819822311401,0.029242204502224922,0.30443376302719116
0.21,0.0,0.0,0.04437694698572159,0.3157481551170349,0.40038439631462097,0.41303277015686035,0.04525701701641083,0.2625323534011841,0.092697374522686,0.7060198187828064,0.03463175892829895,0.0564371719956398,0.054006002843379974,0.6010792255401611,0.0337122417986393,0.04821547120809555,1.2226588726043701,0.614909827709198,-0.007525444030761719,-0.011610805988311768,0.005012154579162598,0.5470091700553894,-0.00468672439455986,0.009175904095172882,0.04209645465016365,0.5574359893798828,-0.022673293948173523,0.051316045224666595,0.05560232326388359,0.6054819822311401,0.029242204502224922,0.30443376302719116
0.22,0.0,0.0,0.04437694698572159,0.3157481551170349,0.40038439631462097,0.41303277015686035,0.04525701701641083,0.2625323534011841,0.092697374522686,0.7060198187828064,0.03463175892829895,0.0564371719956398,0.054006002843379974,0.6010792255401611,0.0337122417986393,0.04821547120809555,1.2226588726043701,0.614909827709198,-0.007525444030761719,-0.011610805988311768,0.005012154579162598,0.5470091700553894,-0.00468672439455986,0.009175904095172882,0.04209645465016365,0.5574359893798828,-0.022673293948173523,0.051316045224666595,0.05560232326388359,0.6054819822311401,0.029242204502224922,0.30443376302719116
0.23,0.0,0.0,0.04437694698572159,0.3157481551170349,0.40038439631462097,0.41303277015686035,0.04525701701641083,0.2625323534011841,0.092697374522686,0.7060198187828064,0.03463175892829895,0.0564371719956398,0.054006002843379974,0.6010792255401611,0.0337122417986393,0.04821547120809555,1.2226588726043701,0.614909827709198,-0.007525444030761719,-0.011610805988311768,0.005012154579162598,0.5470091700553894,-0.00468672439455986,0.009175904095172882,0.04209645465016365,0.5574359893798828,-0.022673293948173523,0.051316045224666595,0.05560232326388359,0.6054819822311401,0.029242204502224922,0.30443376302719116
0.24,0.0,0.0,0.04437694698572159,0.3157481551170349,0.40038439631462097,0.41303277015686035,0.04525701701641083,0.2625323534011841,0.092697374522686,0.7060198187828064,0.03463175892829895,0.0564371719956398,0.054006002843379974,0.6010792255401611,0.0337122417986393,0.04821547120809555,1.2226588726043701,0.614909827709198,-0.007525444030761719,-0.011610805988311768,0.005012154579162598,0.5470091700553894,-0.00468672439455986,0.009175904095172882,0.04209645465016365,0.5574359893798828,-0.022673293948173523,0.051316045224666595,0.05560232326388359,0.6054819822311401,0.029242204502224922,0.30443376302719116
0.25,0.0,0.0,0.04437694698572159,0.3157481551170349,0.40038439631462097,0.41303277015686035,0.04525701701641083,0.2625323534011841,0.092697374522686,0.7060198187828064,0.03463175892829895,0.0564371719956398,0.054006002843379974,0.6010792255401611,0.0337122417986393,0.04821547120809555,1.2226588726043701,0.614909827709198,-0.007525444030761719,-0.011610805988311768,0.005012154579162598,0.5470091700553894,-0.00468672439455986,0.009175904095172882,0.04209645465016365,0.5574359893798828,-0.022673293948173523,0.051316045224666595,0.05560232326388359,0.6054819822311401,0.029242204502224922,0.30443376302719116
0.26,0.0,0.0,0.04437694698572159,0.3157481551170349,0.40038439631462097,0.41303277015686035,0.04525701701641083,0.2625323534011841,0.092697374522686,0.7060198187828064,0.03463175892829895,0.0564371719956398,0.054006002843379974,0.6010792255401611,0.0337122417986393,0.04821547120809555,1.2226588726043701,0.614909827709198,-0.007525444030761719,-0.011610805988311768,0.005012154579162598,0.5470091700553894,-0.00468672439455986,0.009175904095172882,0.04209645465016365,0.5574359893798828,-0.022673293948173523,0.051316045224666595,0.05560232326388359,0.6054819822311401,0.029242204502224922,0.30443376302719116
0.27,0.0,0.0,0.04437694698572159,0.3157481551170349,0.40038439631462097,0.41303277015686035,0.04525701701641083,0.2625323534011841,0.092697374522686,0.7060198187828064,0.03463175892829895,0.0564371719956398,0.054006002843379974,0.6010792255401611,0.0337122417986393,0.04821547120809555,1.2226588726043701,0.614909827709198,-0.007525444030761719,-0.011610805988311768,0.005012154579162598,0.5470091700553894,-0.00468672439455986,0.009175904095172882,0.04209645465016365,0.5574359893798828,-0.022673293948173523,0.051316045224666595,0.05560232326388359,0.6054819822311401,0.029242204502224922,0.30443376302719116
0.28,0.0,0.0,0.04437694698572159,0.3157481551170349,0.40038439631462097,0.41303277015686035,0.04525701701641083,0.2625323534011841,0.092697374522686,0.7060198187828064,0.03463175892829895,0.0564371719956398,0.054006002843379974,0.6010792255401611,0.0337122417986393,0.04821547120809555,1.2226588726043701,0.614909827709198,-0.007525444030761719,-0.011610805988311768,0.005012154579162598,0.5470091700553894,-0.00468672439455986,0.009175904095172882,0.04209645465016365,0.5574359893798828,-0.022673293948173523,0.051316045224666595,0.05560232326388359,0.6054819822311401,0.029242204502224922,0.30443376302719116
0.29,0.0,0.0,0.04437694698572159,0.3157481551170349,0.40038439631462097,0.41303277015686035,0.04525701701641083,0.2625323534011841,0.092697374522686,0.7060198187828064,0.03463175892829895,0.0564371719956398,0.054006002843379974,0.6010792255401611,0.0337122417986393,0.04821547120809555,1.2226588726043701,0.614909827709198,-0.007525444030761719,-0.011610805988311768,0.005012154579162598,0.5470091700553894,-0.00468672439455986,0.009175904095172882,0.04209645465016365,0.5574359893798828,-0.022673293948173523,0.051316045224666595,0.05560232326388359,0.6054819822311401,0.029242204502224922,0.30443376302719116
0.3,0.0,0.0,0.04437694698572159,0.3157481551170349,0.40038439631462097,0.41303277015686035,0.04525701701641083,0.2625323534011841,0.092697374522686,0.7060198187828064,0.03463175892829895,0.0564371719956398,0.054006002843379974,0.6010792255401611,0.0337122417986393,0.04821547120809555,1.2226588726043701,0.614909827709198,-0.007525444030761719,-0.011610805988311768,0.005012154579162598,0.5470091700553894,-0.00468672439455986,0.009175904095172882,0.04209645465016365,0.5574359893798828,-0.022673293948173523,0.051316045224666595,0.05560232326388359,0.6054819822311401,0.029242204502224922,0.30443376302719116
0.31,0.0,0.0,0.04437694698572159,0.3157481551170349,0.40038439631462097,0.41303277015686035,0.04525701701641083,0.2625323534011841,0.092697374522686,0.7060198187828064,0.03463175892829895,0.0564371719956398,0.054006002843379974,0.6010792255401611,0.0337122417986393,0.04821547120809555,1.2226588726043701,0.614909827709198,-0.007525444030761719,-0.011610805988311768,0.005012154579162598,0.5470091700553894,-0.00468672439455986,0.009175904095172882,0.04209645465016365,0.5574359893798828,-0.022673293948173523,0.051316045224666595,0.05560232326388359,0.6054819822311401,0.029242204502224922,0.30443376302719116
0.32,0.01094,0.0,0.04437694698572159,0.3157481551170349,0.40038439631462097,0.41303277015686035,0.04525701701641083,0.2625323534011841,0.092697374522686,0.7060198187828064,0.03463175892829895,0.0564371719956398,0.054006002843379974,0.6010792255401611,0.0337122417986393,0.04821547120809555,1.2226588726043701,0.614909827709198,-0.007525444030761719,-0.011610805988311768,0.005012154579162598,0.5470091700553894,-0.00468672439455986,0.009175904095172882,0.04209645465016365,0.5574359893798828,-0.022673293948173523,0.051316045224666595,0.05560232326388359,0.6054819822311401,0.029242204502224922,0.30443376302719116
0.33,0.01192,0.0,0.04437694698572159,0.3157481551170349,0.40038439631462097,0.41303277015686035,0.04525701701641083,0.2625323534011841,0.092697374522686,0.7060198187828064,0.03463175892829895,0.0564371719956398,0.054006002843379974,0.6010792255401611,0.0337122417986393,0.04821547120809555,1.2226588726043701,0.614909827709198,-0.007525444030761719,-0.011610805988311768,0.005012154579162598,0.5470091700553894,-0.00468672439455986,0.009175904095172882,0.04209645465016365,0.5574359893798828,-0.022673293948173523,0.051316045224666595,0.05560232326388359,0.6054819822311401,0.029242204502224922,0.30443376302719116
0.34,0.01278,0.0,0.04437694698572159,0.3157481551170349,0.40038439631462097,0.41303277015686035,0.04525701701641083,0.2625323534011841,0.092697374522686,0.7060198187828064,0.03463175892829895,0.0564371719956398,0.054006002843379974,0.6010792255401611,0.0337122417986393,0.04821547120809555,1.2226588726043701,0.614909827709198,-0.007525444030761719,-0.011610805988311768,0.005012154579162598,0.5470091700553894,-0.00468672439455986,0.009175904095172882,0.04209645465016365,0.5574359893798828,-0.022673293948173523,0.051316045224666595,0.05560232326388359,0.6054819822311401,0.029242204502224922,0.30443376302719116
0.35,0.01336,0.0,0.04437694698572159,0.3157481551170349,0.40038439631462097,0.41303277015686035,0.04525701701641083,0.2625323534011841,0.092697374522686,0.7060198187828064,0.03463175892829895,0.0564371719956398,0.054006002843379974,0.6010792255401611,0.0337122417986393,0.04821547120809555,1.2226588726043701,0.614909827709198,-0.007525444030761719,-0.011610805988311768,0.005012154579162598,0.5470091700553894,-0.00468672439455986,0.009175904095172882,0.04209645465016365,0.5574359893798828,-0.022673293948173523,0.051316045224666595,0.05560232326388359,0.6054819822311401,0.029242204502224922,0.30443376302719116
0.36,0.01405,0.0,0.04437694698572159,0.3157481551170349,0.40038439631462097,0.41303277015686035,0.04525701701641083,0.2625323534011841,0.092697374522686,0.7060198187828064,0.03463175892829895,0.0564371719956398,0.054006002843379974,0.6010792255401611,0.0337122417986393,0.04821547120809555,1.2226588726043701,0.614909827709198,-0.007525444030761719,-0.011610805988311768,0.005012154579162598,0.5470091700553894,-0.00468672439455986,0.009175904095172882,0.04209645465016365,0.5574359893798828,-0.022673293948173523,0.051316045224666595,0.05560232326388359,0.6054819822311401,0.029242204502224922,0.30443376302719116
0.37,0.01444,0.0,0.04437694698572159,0.3157481551170349,0.40038439631462097,0.41303277015686035,0.04525701701641083,0.2625323534011841,0.092697374522686,0.7060198187828064,0.03463175892829895,0.0564371719956398,0.054006002843379974,0.6010792255401611,0.0337122417986393,0.04821547120809555,1.2226588726043701,0.614909827709198,-0.007525444030761719,-0.011610805988311768,0.005012154579162598,0.5470091700553894,-0.00468672439455986,0.009175904095172882,0.04209645465016365,0.5574359893798828,-0.022673293948173523,0.051316045224666595,0.05560232326388359,0.6054819822311401,0.029242204502224922,0.30443376302719116
0.38,0.01468,0.0,0.04437694698572159,0.3157481551170349,0.40038439631462097,0.41303277015686035,0.04525701701641083,0.2625323534011841,0.092697374522686,0.7060198187828064,0.03463175892829895,0.0564371719956398,0.054006002843379974,0.6010792255401611,0.0337122417986393,0.04821547120809555,1.2226588726043701,0.614909827709198,-0.007525444030761719,-0.011610805988311768,0.005012154579162598,0.5470091700553894,-0.00468672439455986,0.009175904095172882,0.04209645465016365,0.5574359893798828,-0.022673293948173523,0.051316045224666595,0.05560232326388359,0.6054819822311401,0.029242204502224922,0.30443376302719116
0.39,0.01474,0.0,0.04437694698572159,0.3157481551170349,0.40038439631462097,0.41303277015686035,0.04525701701641083,0.2625323534011841,0.092697374522686,0.7060198187828064,0.03463175892829895,0.0564371719956398,0.054006002843379974,0.6010792255401611,0.0337122417986393,0.04821547120809555,1.2226588726043701,0.614909827709198,-0.007525444030761719,-0.011610805988311768,0.005012154579162598,0.5470091700553894,-0.00468672439455986,0.009175904095172882,0.04209645465016365,0.5574359893798828,-0.022673293948173523,0.051316045224666595,0.05560232326388359,0.6054819822311401,0.029242204502224922,0.30443376302719116
0.4,0.01463,0.0,0.04437694698572159,0.3157481551170349,0.40038439631462097,0.41303277015686035,0.04525701701641083,0.2625323534011841,0.092697374522686,0.7060198187828064,0.03463175892829895,0.0564371719956398,0.054006002843379974,0.6010792255401611,0.0337122417986393,0.04821547120809555,1.2226588726043701,0.614909827709198,-0.007525444030761719,-0.011610805988311768,0.005012154579162598,0.5470091700553894,-0.00468672439455986,0.009175904095172882,0.04209645465016365,0.5574359893798828,-0.022673293948173523,0.051316045224666595,0.05560232326388359,0.6054819822311401,0.029242204502224922,0.30443376302719116
0.41,0.01441,0.0,0.04437694698572159,0.3157481551170349,0.40038439631462097,0.41303277015686035,0.04525701701641083,0.2625323534011841,0.092697374522686,0.7060198187828064,0.03463175892829895,0.0564371719956398,0.054006002843379974,0.6010792255401611,0.0337122417986393,0.04821547120809555,1.2226588726043701,0.614909827709198,-0.007525444030761719,-0.011610805988311768,0.005012154579162598,0.5470091700553894,-0.00468672439455986,0.009175904095172882,0.04209645465016365,0.5574359893798828,-0.022673293948173523,0.051316045224666595,0.05560232326388359,0.6054819822311401,0.029242204502224922,0.30443376302719116
0.42,0.01389,0.0,0.04437694698572159,0.3157481551170349,0.40038439631462097,0.41303277015686035,0.04525701701641083,0.2625323534011841,0.092697374522686,0.7060198187828064,0.03463175892829895,0.0564371719956398,0.054006002843379974,0.6010792255401611,0.0337122417986393,0.04821547120809555,1.2226588726043701,0.614909827709198,-0.007525444030761719,-0.011610805988311768,0.005012154579162598,0.5470091700553894,-0.00468672439455986,0.009175904095172882,0.04209645465016365,0.5574359893798828,-0.022673293948173523,0.051316045224666595,0.05560232326388359,0.6054819822311401,0.029242204502224922,0.30443376302719116
0.43,0.01326,0.0,0.04437694698572159,0.3157481551170349,0.40038439631462097,0.41303277015686035,0.04525701701641083,0.2625323534011841,0.092697374522686,0.7060198187828064,0.03463175892829895,0.0564371719956398,0.054006002843379974,0.6010792255401611,0.0337122417986393,0.04821547120809555,1.2226588726043701,0.614909827709198,-0.007525444030761719,-0.011610805988311768,0.005012154579162598,0.5470091700553894,-0.00468672439455986,0.009175904095172882,0.04209645465016365,0.5574359893798828,-0.022673293948173523,0.051316045224666595,0.05560232326388359,0.6054819822311401,0.029242204502224922,0.30443376302719116
0.44,0.01248,0.0,0.04437694698572159,0.3157481551170349,0.40038439631462097,0.41303277015686035,0.04525701701641083,0.2625323534011841,0.092697374522686,0.7060198187828064,0.03463175892829895,0.0564371719956398,0.054006002843379974,0.6010792255401611,0.0337122417986393,0.04821547120809555,1.2226588726043701,0.614909827709198,-0.007525444030761719,-0.011610805988311768,0.005012154579162598,0.5470091700553894,-0.00468672439455986,0.009175904095172882,0.04209645465016365,0.5574359893798828,-0.022673293948173523,0.051316045224666595,0.05560232326388359,0.6054819822311401,0.029242204502224922,0.30443376302719116
0.45,0.01153,0.0,0.04437694698572159,0.3157481551170349,0.40038439631462097,0.41303277015686035,0.04525701701641083,0.2625323534011841,0.092697374522686,0.7060198187828064,0.03463175892829895,0.0564371719956398,0.054006002843379974,0.6010792255401611,0.0337122417986393,0.04821547120809555,1.2226588726043701,0.614909827709198,-0.007525444030761719,-0.011610805988311768,0.005012154579162598,0.5470091700553894,-0.00468672439455986,0.009175904095172882,0.04209645465016365,0.5574359893798828,-0.022673293948173523,0.051316045224666595,0.05560232326388359,0.6054819822311401,0.029242204502224922,0.30443376302719116
0.46,0.01044,0.0,0.04437694698572159,0.3157481551170349,0.40038439631462097,0.41303277015686035,0.04525701701641083,0.2625323534011841,0.092697374522686,0.7060198187828064,0.03463175892829895,0.0564371719956398,0.054006002843379974,0.6010792255401611,0.0337122417986393,0.04821547120809555,1.2226588726043701,0.614909827709198,-0.007525444030761719,-0.011610805988311768,0.005012154579162598,0.5470091700553894,-0.00468672439455986,0.009175904095172882,0.04209645465016365,0.5574359893798828,-0.022673293948173523,0.051316045224666595,0.05560232326388359,0.6054819822311401,0.029242204502224922,0.30443376302719116
0.47,0.0,0.0,0.04437694698572159,0.3157481551170349,0.40038439631462097,0.41303277015686035,0.04525701701641083,0.2625323534011841,0.092697374522686,0.7060198187828064,0.03463175892829895,0.0564371719956398,0.054006002843379974,0.6010792255401611,0.0337122417986393,0.04821547120809555,1.2226588726043701,0.614909827709198,-0.007525444030761719,-0.011610805988311768,0.005012154579162598,0.5470091700553894,-0.00468672439455986,0.009175904095172882,0.04209645465016365,0.5574359893798828,-0.022673293948173523,0.051316045224666595,0.05560232326388359,0.6054819822311401,0.029242204502224922,0.30443376302719116
0.48,0.0,0.0,0.04437694698572159,0.3157481551170349,0.40038439631462097,0.41303277015686035,0.04525701701641083,0.2625323534011841,0.092697374522686,0.7060198187828064,0.03463175892829895,0.0564371719956398,0.054006002843379974,0.6010792255401611,0.0337122417986393,0.04821547120809555,1.2226588726043701,0.614909827709198,-0.007525444030761719,-0.011610805988311768,0.005012154579162598,0.5470091700553894,-0.00468672439455986,0.009175904095172882,0.04209645465016365,0.5574359893798828,-0.022673293948173523,0.051316045224666595,0.05560232326388359,0.6054819822311401,0.029242204502224922,0.30443376302719116
0.49,0.0,0.0,0.04437694698572159,0.3157481551170349,0.40038439631462097,0.41303277015686035,0.04525701701641083,0.2625323534011841,0.092697374522686,0.7060198187828064,0.03463175892829895,0.0564371719956398,0.054006002843379974,0.6010792255401611,0.0337122417986393,0.04821547120809555,1.2226588726043701,0.614909827709198,-0.007525444030761719,-0.011610805988311768,0.005012154579162598,0.5470091700553894,-0.00468672439455986,0.009175904095172882,0.04209645465016365,0.5574359893798828,-0.022673293948173523,0.051316045224666595,0.05560232326388359,0.6054819822311401,0.029242204502224922,0.30443376302719116
0.5,0.0,0.0,0.04437694698572159,0.3157481551170349,0.40038439631462097,0.41303277015686035,0.04525701701641083,0.2625323534011841,0.092697374522686,0.7060198187828064,0.03463175892829895,0.0564371719956398,0.054006002843379974,0.6010792255401611,0.0337122417986393,0.04821547120809555,1.2226588726043701,0.614909827709198,-0.007525444030761719,-0.011610805988311768,0.005012154579162598,0.5470091700553894,-0.00468672439455986,0.009175904095172882,0.04209645465016365,0.5574359893798828,-0.022673293948173523,0.051316045224666595,0.05560232326388359,0.6054819822311401,0.029242204502224922,0.30443376302719116
0.51,0.0,0.0,0.04437694698572159,0.3157481551170349,0.40038439631462097,0.41303277015686035,0.04525701701641083,0.2625323534011841,0.092697374522686,0.7060198187828064,0.03463175892829895,0.0564371719956398,0.054006002843379974,0.6010792255401611,0.0337122417986393,0.04821547120809555,1.2226588726043701,0.614909827709198,-0.007525444030761719,-0.011610805988311768,0.005012154579162598,0.5470091700553894,-0.00468672439455986,0.009175904095172882,0.04209645465016365,0.5574359893798828,-0.022673293948173523,0.051316045224666595,0.05560232326388359,0.6054819822311401,0.029242204502224922,0.30443376302719116
0.52,0.0,0.0,0.04437694698572159,0.3157481551170349,0.40038439631462097,0.41303277015686035,0.04525701701641083,0.2625323534011841,0.092697374522686,0.7060198187828064,0.03463175892829895,0.0564371719956398,0.054006002843379974,0.6010792255401611,0.0337122417986393,0.04821547120809555,1.2226588726043701,0.614909827709198,-0.007525444030761719,-0.011610805988311768,0.005012154579162598,0.5470091700553894,-0.00468672439455986,0.009175904095172882,0.04209645465016365,0.5574359893798828,-0.022673293948173523,0.051316045224666595,0.05560232326388359,0.6054819822311401,0.029242204502224922,0.30443376302719116
0.53,0.0,0.0,0.04437694698572159,0.3157481551170349,0.40038439631462097,0.41303277015686035,0.04525701701641083,0.2625323534011841,0.092697374522686,0.7060198187828064,0.03463175892829895,0.0564371719956398,0.054006002843379974,0.6010792255401611,0.0337122417986393,0.04821547120809555,1.2226588726043701,0.614909827709198,-0.007525444030761719,-0.011610805988311768,0.005012154579162598,0.5470091700553894,-0.00468672439455986,0.009175904095172882,0.04209645465016365,0.5574359893798828,-0.022673293948173523,0.051316045224666595,0.05560232326388359,0.6054819822311401,0.029242204502224922,0.30443376302719116
0.54,0.0,0.0,0.040493614971637726,0.3157481551170349,0.40038439631462097,0.41303277015686035,0.04685942828655243,0.2625323534011841,0.092697374522686,0.7060198187828064,0.036076053977012634,0.0564371719956398,0.054006002843379974,0.6010792255401611,0.03608774021267891,0.04821547120809555,1.2226588726043701,0.614909827709198,-0.008541882038116455,-0.011610805988311768,0.005012154579162598,0.5470091700553894,-0.006095904856920242,0.009175904095172882,0.04209645465016365,0.5574359893798828,-0.024715334177017212,0.051316045224666595,0.05560232326388359,0.6054819822311401,0.02983790449798107,0.30443376302719116
0.55,0.0,0.0,0.040493614971637726,0.3157481551170349,0.40038439631462097,0.41303277015686035,0.04685942828655243,0.2625323534011841,0.092697374522686,0.7060198187828064,0.036076053977012634,0.0564371719956398,0.054006002843379974,0.6010792255401611,0.03608774021267891,0.04821547120809555,1.2226588726043701,0.614909827709198,-0.008541882038116455,-0.011610805988311768,0.005012154579162598,0.5470091700553894,-0.006095904856920242,0.009175904095172882,0.04209645465016365,0.5574359893798828,-0.024715334177017212,0.051316045224666595,0.05560232326388359,0.6054819822311401,0.02983790449798107,0.30443376302719116
0.56,0.0,0.0,0.040493614971637726,0.3157481551170349,0.40038439631462097,0.41303277015686035,0.04685942828655243,0.2625323534011841,0.092697374522686,0.7060198187828064,0.036076053977012634,0.0564371719956398,0.054006002843379974,0.6010792255401611,0.03608774021267891,0.04821547120809555,1.2226588726043701,0.614909827709198,-0.008541882038116455,-0.011610805988311768,0.005012154579162598,0.5470091700553894,-0.006095904856920242,0.009175904095172882,0.04209645465016365,0.5574359893798828,-0.024715334177017212,0.051316045224666595,0.05560232326388359,0.6054819822311401,0.02983790449798107,0.30443376302719116
0.57,0.0,0.0,0.040493614971637726,0.3157481551170349,0.40038439631462097,0.41303277015686035,0.04685942828655243,0.2625323534011841,0.092697374522686,0.7060198187828064,0.036076053977012634,0.0564371719956398,0.054006002843379974,0.6010792255401611,0.03608774021267891,0.04821547120809555,1.2226588726043701,0.614909827709198,-0.008541882038116455,-0.011610805988311768,0.005012154579162598,0.5470091700553894,-0.006095904856920242,0.009175904095172882,0.04209645465016365,0.5574359893798828,-0.024715334177017212,0.051316045224666595,0.05560232326388359,0.6054819822311401,0.02983790449798107,0.30443376302719116
0.58,0.0,0.0,0.040493614971637726,0.3157481551170349,0.40038439631462097,0.41303277015686035,0.04685942828655243,0.2625323534011841,0.092697374522686,0.7060198187828064,0.036076053977012634,0.0564371719956398,0.054006002843379974,0.6010792255401611,0.03608774021267891,0.04821547120809555,1.2226588726043701,0.614909827709198,-0.008541882038116455,-0.011610805988311768,0.005012154579162598,0.5470091700553894,-0.006095904856920242,0.009175904095172882,0.04209645465016365,0.5574359893798828,-0.024715334177017212,0.051316045224666595,0.05560232326388359,0.6054819822311401,0.02983790449798107,0.30443376302719116
0.59,0.0,0.0,0.03543776273727417,0.3157481551170349,0.40038439631462097,0.41303277015686035,0.046499624848365784,0.2625323534011841,0.092697374522686,0.7060198187828064,0.036243028938770294,0.0564371719956398,0.054006002843379974,0.6010792255401611,0.03815704211592674,0.04821547120809555,1.2226588726043701,0.614909827709198,-0.009229391813278198,-0.011610805988311768,0.005012154579162598,0.5470091700553894,-0.006734449416399002,0.009175904095172882,0.04209645465016365,0.5574359893798828,-0.026513412594795227,0.051316045224666595,0.05560232326388359,0.6054819822311401,0.030612962320446968,0.30443376302719116
0.6,0.0,0.0,0.03543776273727417,0.3157481551170349,0.40038439631462097,0.41303277015686035,0.046499624848365784,0.2625323534011841,0.092697374522686,0.7060198187828064,0.036243028938770294,0.0564371719956398,0.054006002843379974,0.6010792255401611,0.03815704211592674,0.04821547120809555,1.2226588726043701,0.614909827709198,-0.009229391813278198,-0.011610805988311768,0.005012154579162598,0.5470091700553894,-0.006734449416399002,0.009175904095172882,0.04209645465016365,0.5574359893798828,-0.026513412594795227,0.051316045224666595,0.05560232326388359,0.6054819822311401,0.030612962320446968,0.30443376302719116
0.61,0.0,0.0,0.03543776273727417,0.3157481551170349,0.40038439631462097,0.41303277015686035,0.046499624848365784,0.2625323534011841,0.092697374522686,0.7060198187828064,0.036243028938770294,0.0564371719956398,0.054006002843379974,0.6010792255401611,0.03815704211592674,0.04821547120809555,1.2226588726043701,0.614909827709198,-0.009229391813278198,-0.011610805988311768,0.005012154579162598,0.5470091700553894,-0.006734449416399002,0.009175904095172882,0.04209645465016365,0.5574359893798828,-0.026513412594795227,0.051316045224666595,0.05560232326388359,0.6054819822311401,0.030612962320446968,0.30443376302719116
0.62,0.0,0.0,0.03543776273727417,0.3157481551170349,0.40038439631462097,0.41303277015686035,0.046499624848365784,0.2625323534011841,0.092697374522686,0.7060198187828064,0.036243028938770294,0.0564371719956398,0.054006002843379974,0.6010792255401611,0.03815704211592674,0.04821547120809555,1.2226588726043701,0.614909827709198,-0.009229391813278198,-0.011610805988311768,0.005012154579162598,0.5470091700553894,-0.006734449416399002,0.009175904095172882,0.04209645465016365,0.5574359893798828,-0.026513412594795227,0.051316045224666595,0.05560232326388359,0.6054819822311401,0.030612962320446968,0.30443376302719116
0.63,0.0,0.0,0.03543776273727417,0.3157481551170349,0.40038439631462097,0.41303277015686035,0.046499624848365784,0.2625323534011841,0.092697374522686,0.7060198187828064,0.036243028938770294,0.0564371719956398,0.054006002843379974,0.6010792255401611,0.03815704211592674,0.04821547120809555,1.2226588726043701,0.614909827709198,-0.009229391813278198,-0.011610805988311768,0.005012154579162598,0.5470091700553894,-0.006734449416399002,0.009175904095172882,0.04209645465016365,0.5574359893798828,-0.026513412594795227,0.051316045224666595,0.05560232326388359,0.6054819822311401,0.030612962320446968,0.30443376302719116
0.64,0.0,0.0,0.032407261431217194,0.3157481551170349,0.40038439631462097,0.41303277015686035,0.044903844594955444,0.2625323534011841,0.092697374522686,0.7060198187828064,0.03532862663269043,0.0564371719956398,0.054006002843379974,0.6010792255401611,0.03955720365047455,0.04821547120809555,1.2226588726043701,0.614909827709198,-0.009290218353271484,-0.011610805988311768,0.005012154579162598,0.5470091700553894,-0.006667200475931168,0.009175904095172882,0.04209645465016365,0.5574359893798828,-0.027195140719413757,0.051316045224666595,0.05560232326388359,0.6054819822311401,0.031086092814803123,0.30443376302719116
0.65,0.0,0.0,0.032407261431217194,0.3157481551170349,0.40038439631462097,0.41303277015686035,0.044903844594955444,0.2625323534011841,0.092697374522686,0.7060198187828064,0.03532862663269043,0.0564371719956398,0.054006002843379974,0.6010792255401611,0.03955720365047455,0.04821547120809555,1.2226588726043701,0.614909827709198,-0.009290218353271484,-0.011610805988311768,0.005012154579162598,0.5470091700553894,-0.006667200475931168,0.009175904095172882,0.04209645465016365,0.5574359893798828,-0.027195140719413757,0.051316045224666595,0.05560232326388359,0.6054819822311401,0.031086092814803123,0.30443376302719116
0.66,0.0,0.0,0.032407261431217194,0.3157481551170349,0.40038439631462097,0.41303277015686035,0.044903844594955444,0.2625323534011841,0.092697374522686,0.7060198187828064,0.03532862663269043,0.0564371719956398,0.054006002843379974,0.6010792255401611,0.03955720365047455,0.04821547120809555,1.2226588726043701,0.614909827709198,-0.009290218353271484,-0.011610805988311768,0.005012154579162598,0.5470091700553894,-0.006667200475931168,0.009175904095172882,0.04209645465016365,0.5574359893798828,-0.027195140719413757,0.051316045224666595,0.05560232326388359,0.6054819822311401,0.031086092814803123,0.30443376302719116
0.67,0.0,0.0,0.032407261431217194,0.3157481551170349,0.40038439631462097,0.41303277015686035,0.044903844594955444,0.2625323534011841,0.092697374522686,0.7060198187828064,0.03532862663269043,0.0564371719956398,0.054006002843379974,0.6010792255401611,0.03955720365047455,0.04821547120809555,1.2226588726043701,0.614909827709198,-0.009290218353271484,-0.011610805988311768,0.005012154579162598,0.5470091700553894,-0.006667200475931168,0.009175904095172882,0.04209645465016365,0.5574359893798828,-0.027195140719413757,0.051316045224666595,0.05560232326388359,0.6054819822311401,0.031086092814803123,0.30443376302719116
0.68,0.0,0.0,0.032407261431217194,0.3157481551170349,0.40038439631462097,0.41303277015686035,0.044903844594955444,0.2625323534011841,0.092697374522686,0.7060198187828064,0.03532862663269043,0.0564371719956398,0.054006002843379974,0.6010792255401611,0.03955720365047455,0.04821547120809555,1.2226588726043701,0.614909827709198,-0.009290218353271484,-0.011610805988311768,0.005012154579162598,0.5470091700553894,-0.006667200475931168,0.009175904095172882,0.04209645465016365,0.5574359893798828,-0.027195140719413757,0.051316045224666595,0.05560232326388359,0.6054819822311401,0.031086092814803123,0.30443376302719116
0.69,0.0,0.0,0.029534585773944855,0.3157481551170349,0.40038439631462097,0.41303277015686035,0.04179178178310394,0.2625323534011841,0.092697374522686,0.7060198187828064,0.033371806144714355,0.0564371719956398,0.054006002843379974,0.6010792255401611,0.040025386959314346,0.04821547120809555,1.2226588726043701,0.614909827709198,-0.008965402841567993,-0.011610805988311768,0.005012154579162598,0.5470091700553894,-0.005956832319498062,0.009175904095172882,0.04209645465016365,0.5574359893798828,-0.026813611388206482,0.051316045224666595,0.05560232326388359,0.6054819822311401,0.030904894694685936,0.30443376302719116
0.7,0.0,0.0,0.029534585773944855,0.3157481551170349,0.40038439631462097,0.41303277015686035,0.04179178178310394,0.2625323534011841,0.092697374522686,0.7060198187828064,0.033371806144714355,0.0564371719956398,0.054006002843379974,0.6010792255401611,0.040025386959314346,0.04821547120809555,1.2226588726043701,0.614909827709198,-0.008965402841567993,-0.011610805988311768,0.005012154579162598,0.5470091700553894,-0.005956832319498062,0.009175904095172882,0.04209645465016365,0.5574359893798828,-0.026813611388206482,0.051316045224666595,0.05560232326388359,0.6054819822311401,0.030904894694685936,0.30443376302719116
0.71,0.0,0.0,0.029534585773944855,0.3157481551170349,0.40038439631462097,0.41303277015686035,0.04179178178310394,0.2625323534011841,0.092697374522686,0.7060198187828064,0.033371806144714355,0.0564371719956398,0.054006002843379974,0.6010792255401611,0.040025386959314346,0.04821547120809555,1.2226588726043701,0.614909827709198,-0.008965402841567993,-0.011610805988311768,0.005012154579162598,0.5470091700553894,-0.005956832319498062,0.009175904095172882,0.04209645465016365,0.5574359893798828,-0.026813611388206482,0.051316045224666595,0.05560232326388359,0.6054819822311401,0.030904894694685936,0.30443376302719116
0.72,0.0,0.0,0.029534585773944855,0.3157481551170349,0.40038439631462097,0.41303277015686035,0.04179178178310394,0.2625323534011841,0.092697374522686,0.7060198187828064,0.033371806144714355,0.0564371719956398,0.054006002843379974,0.6010792255401611,0.040025386959314346,0.04821547120809555,1.2226588726043701,0.614909827709198,-0.008965402841567993,-0.011610805988311768,0.005012154579162598,0.5470091700553894,-0.005956832319498062,0.009175904095172882,0.04209645465016365,0.5574359893798828,-0.026813611388206482,0.051316045224666595,0.05560232326388359,0.6054819822311401,0.030904894694685936,0.30443376302719116
0.73,0.0,0.0,0.029534585773944855,0.3157481551170349,0.40038439631462097,0.41303277015686035,0.04179178178310394,0.2625323534011841,0.092697374522686,0.7060198187828064,0.033371806144714355,0.0564371719956398,0.054006002843379974,0.6010792255401611,0.040025386959314346,0.04821547120809555,1.2226588726043701,0.614909827709198,-0.008965402841567993,-0.011610805988311768,0.005012154579162598,0.5470091700553894,-0.005956832319498062,0.009175904095172882,0.04209645465016365,0.5574359893798828,-0.026813611388206482,0.051316045224666595,0.05560232326388359,0.6054819822311401,0.030904894694685936,0.30443376302719116
0.74,0.0,0.0,0.02859438955783844,0.3157481551170349,0.40038439631462097,0.41303277015686035,0.039397478103637695,0.2625323534011841,0.092697374522686,0.7060198187828064,0.03188152611255646,0.0564371719956398,0.054006002843379974,0.6010792255401611,0.03982161357998848,0.04821547120809555,1.2226588726043701,0.614909827709198,-0.008151501417160034,-0.011610805988311768,0.005012154579162598,0.5470091700553894,-0.004839856177568436,0.009175904095172882,0.04209645465016365,0.5574359893798828,-0.025668010115623474,0.051316045224666595,0.05560232326388359,0.6054819822311401,0.0305031705647707,0.30443376302719116
0.75,0.0,0.0,0.02859438955783844,0.3157481551170349,0.40038439631462097,0.41303277015686035,0.039397478103637695,0.2625323534011841,0.092697374522686,0.7060198187828064,0.03188152611255646,0.0564371719956398,0.054006002843379974,0.6010792255401611,0.03982161357998848,0.04821547120809555,1.2226588726043701,0.614909827709198,-0.008151501417160034,-0.011610805988311768,0.005012154579162598,0.5470091700553894,-0.004839856177568436,0.009175904095172882,0.04209645465016365,0.5574359893798828,-0.025668010115623474,0.051316045224666595,0.05560232326388359,0.6054819822311401,0.0305031705647707,0.30443376302719116
0.76,0.0,0.0,0.02859438955783844,0.3157481551170349,0.40038439631462097,0.41303277015686035,0.039397478103637695,0.2625323534011841,0.092697374522686,0.7060198187828064,0.03188152611255646,0.0564371719956398,0.054006002843379974,0.6010792255401611,0.03982161357998848,0.04821547120809555,1.2226588726043701,0.614909827709198,-0.008151501417160034,-0.011610805988311768,0.005012154579162598,0.5470091700553894,-0.004839856177568436,0.009175904095172882,0.04209645465016365,0.5574359893798828,-0.025668010115623474,0.051316045224666595,0.05560232326388359,0.6054819822311401,0.0305031705647707,0.30443376302719116
0.77,0.0,0.0,0.02859438955783844,0.3157481551170349,0.40038439631462097,0.41303277015686035,0.039397478103637695,0.2625323534011841,0.092697374522686,0.7060198187828064,0.03188152611255646,0.0564371719956398,0.054006002843379974,0.6010792255401611,0.03982161357998848,0.04821547120809555,1.2226588726043701,0.614909827709198,-0.008151501417160034,-0.011610805988311768,0.005012154579162598,0.5470091700553894,-0.004839856177568436,0.009175904095172882,0.04209645465016365,0.5574359893798828,-0.025668010115623474,0.051316045224666595,0.05560232326388359,0.6054819822311401,0.0305031705647707,0.30443376302719116
0.78,0.0,0.0,0.02859438955783844,0.3157481551170349,0.40038439631462097,0.41303277015686035,0.039397478103637695,0.2625323534011841,0.092697374522686,0.7060198187828064,0.03188152611255646,0.0564371719956398,0.054006002843379974,0.6010792255401611,0.03982161357998848,0.04821547120809555,1.2226588726043701,0.614909827709198,-0.008151501417160034,-0.011610805988311768,0.005012154579162598,0.5470091700553894,-0.004839856177568436,0.009175904095172882,0.04209645465016365,0.5574359893798828,-0.025668010115623474,0.051316045224666595,0.05560232326388359,0.6054819822311401,0.0305031705647707,0.30443376302719116
0.79,0.0,0.0,0.02973874658346176,0.3157481551170349,0.40038439631462097,0.41303277015686035,0.03810565173625946,0.2625323534011841,0.092697374522686,0.7060198187828064,0.030879467725753784,0.0564371719956398,0.054006002843379974,0.6010792255401611,0.038795631378889084,0.04821547120809555,1.2226588726043701,0.614909827709198,-0.007490247488021851,-0.011610805988311768,0.005012154579162598,0.5470091700553894,-0.0038551948964595795,0.009175904095172882,0.04209645465016365,0.5574359893798828,-0.024605363607406616,0.051316045224666595,0.05560232326388359,0.6054819822311401,0.030082466080784798,0.30443376302719116
0.8,0.0,0.0,0.02973874658346176,0.3157481551170349,0.40038439631462097,0.41303277015686035,0.03810565173625946,0.2625323534011841,0.092697374522686,0.7060198187828064,0.030879467725753784,0.0564371719956398,0.054006002843379974,0.6010792255401611,0.038795631378889084,0.04821547120809555,1.2226588726043701,0.614909827709198,-0.007490247488021851,-0.011610805988311768,0.005012154579162598,0.5470091700553894,-0.0038551948964595795,0.009175904095172882,0.04209645465016365,0.5574359893798828,-0.024605363607406616,0.051316045224666595,0.05560232326388359,0.6054819822311401,0.030082466080784798,0.30443376302719116
0.81,0.0,0.0,0.02973874658346176,0.3157481551170349,0.40038439631462097,0.41303277015686035,0.03810565173625946,0.2625323534011841,0.092697374522686,0.7060198187828064,0.030879467725753784,0.0564371719956398,0.054006002843379974,0.6010792255401611,0.038795631378889084,0.04821547120809555,1.2226588726043701,0.614909827709198,-0.007490247488021851,-0.011610805988311768,0.005012154579162598,0.5470091700553894,-0.0038551948964595795,0.009175904095172882,0.04209645465016365,0.5574359893798828,-0.024605363607406616,0.051316045224666595,0.05560232326388359,0.6054819822311401,0.030082466080784798,0.30443376302719116
0.82,0.0,0.0,0.02973874658346176,0.3157481551170349,0.40038439631462097,0.41303277015686035,0.03810565173625946,0.2625323534011841,0.092697374522686,0.7060198187828064,0.030879467725753784,0.0564371719956398,0.054006002843379974,0.6010792255401611,0.038795631378889084,0.04821547120809555,1.2226588726043701,0.614909827709198,-0.007490247488021851,-0.011610805988311768,0.005012154579162598,0.5470091700553894,-0.0038551948964595795,0.009175904095172882,0.04209645465016365,0.5574359893798828,-0.024605363607406616,0.051316045224666595,0.05560232326388359,0.6054819822311401,0.030082466080784798,0.30443376302719116
0.83,0.0,0.0,0.02973874658346176,0.3157481551170349,0.40038439631462097,0.41303277015686035,0.03810565173625946,0.2625323534011841,0.092697374522686,0.7060198187828064,0.030879467725753784,0.0564371719956398,0.054006002843379974,0.6010792255401611,0.038795631378889084,0.04821547120809555,1.2226588726043701,0.614909827709198,-0.007490247488021851,-0.011610805988311768,0.005012154579162598,0.5470091700553894,-0.0038551948964595795,0.009175904095172882,0.04209645465016365,0.5574359893798828,-0.024605363607406616,0.051316045224666595,0.05560232326388359,0.6054819822311401,0.030082466080784798,0.30443376302719116
0.84,0.0,0.0,0.03288469463586807,0.3157481551170349,0.40038439631462097,0.41303277015686035,0.03839211165904999,0.2625323534011841,0.092697374522686,0.7060198187828064,0.030931666493415833,0.0564371719956398,0.054006002843379974,0.6010792255401611,0.03790031000971794,0.04821547120809555,1.2226588726043701,0.614909827709198,-0.006794184446334839,-0.011610805988311768,0.005012154579162598,0.5470091700553894,-0.0031667686998844147,0.009175904095172882,0.04209645465016365,0.5574359893798828,-0.02368403971195221,0.051316045224666595,0.05560232326388359,0.6054819822311401,0.029680969193577766,0.30443376302719116
0.85,0.0,0.0,0.03288469463586807,0.3157481551170349,0.40038439631462097,0.41303277015686035,0.03839211165904999,0.2625323534011841,0.092697374522686,0.7060198187828064,0.030931666493415833,0.0564371719956398,0.054006002843379974,0.6010792255401611,0.03790031000971794,0.04821547120809555,1.2226588726043701,0.614909827709198,-0.006794184446334839,-0.011610805988311768,0.005012154579162598,0.5470091700553894,-0.0031667686998844147,0.009175904095172882,0.04209645465016365,0.5574359893798828,-0.02368403971195221,0.051316045224666595,0.05560232326388359,0.6054819822311401,0.029680969193577766,0.30443376302719116
0.86,0.0,0.0,0.03288469463586807,0.3157481551170349,0.40038439631462097,0.41303277015686035,0.03839211165904999,0.2625323534011841,0.092697374522686,0.7060198187828064,0.030931666493415833,0.0564371719956398,0.054006002843379974,0.6010792255401611,0.03790031000971794,0.04821547120809555,1.2226588726043701,0.614909827709198,-0.006794184446334839,-0.011610805988311768,0.005012154579162598,0.5470091700553894,-0.0031667686998844147,0.009175904095172882,0.04209645465016365,0.5574359893798828,-0.02368403971195221,0.051316045224666595,0.05560232326388359,0.6054819822311401,0.029680969193577766,0.30443376302719116
0.87,0.0,0.0,0.03288469463586807,0.3157481551170349,0.40038439631462097,0.41303277015686035,0.03839211165904999,0.2625323534011841,0.092697374522686,0.7060198187828064,0.030931666493415833,0.0564371719956398,0.054006002843379974,0.6010792255401611,0.03790031000971794,0.04821547120809555,1.2226588726043701,0.614909827709198,-0.006794184446334839,-0.011610805988311768,0.005012154579162598,0.5470091700553894,-0.0031667686998844147,0.009175904095172882,0.04209645465016365,0.5574359893798828,-0.02368403971195221,0.051316045224666595,0.05560232326388359,0.6054819822311401,0.029680969193577766,0.30443376302719116
0.88,0.0,0.0,0.03288469463586807,0.3157481551170349,0.40038439631462097,0.41303277015686035,0.03839211165904999,0.2625323534011841,0.092697374522686,0.7060198187828064,0.030931666493415833,0.0564371719956398,0.054006002843379974,0.6010792255401611,0.03790031000971794,0.04821547120809555,1.2226588726043701,0.614909827709198,-0.006794184446334839,-0.011610805988311768,0.005012154579162598,0.5470091700553894,-0.0031667686998844147,0.009175904095172882,0.04209645465016365,0.5574359893798828,-0.02368403971195221,0.051316045224666595,0.05560232326388359,0.6054819822311401,0.029680969193577766,0.30443376302719116
0.89,0.0,0.0,0.036584220826625824,0.3157481551170349,0.40038439631462097,0.41303277015686035,0.03973591327667236,0.2625323534011841,0.092697374522686,0.7060198187828064,0.031446754932403564,0.0564371719956398,0.054006002843379974,0.6010792255401611,0.036657895892858505,0.04821547120809555,1.2226588726043701,0.614909827709198,-0.006548434495925903,-0.011610805988311768,0.005012154579162598,0.5470091700553894,-0.002843383699655533,0.009175904095172882,0.04209645465016365,0.5574359893798828,-0.023440062999725342,0.051316045224666595,0.05560232326388359,0.6054819822311401,0.029509643092751503,0.30443376302719116
0.9,0.0,0.0,0.036584220826625824,0.3157481551170349,0.40038439631462097,0.41303277015686035,0.03973591327667236,0.2625323534011841,0.092697374522686,0.7060198187828064,0.031446754932403564,0.0564371719956398,0.054006002843379974,0.6010792255401611,0.036657895892858505,0.04821547120809555,1.2226588726043701,0.614909827709198,-0.006548434495925903,-0.011610805988311768,0.005012154579162598,0.5470091700553894,-0.002843383699655533,0.009175904095172882,0.04209645465016365,0.5574359893798828,-0.023440062999725342,0.051316045224666595,0.05560232326388359,0.6054819822311401,0.029509643092751503,0.30443376302719116
0.91,0.0,0.0,0.036584220826625824,0.3157481551170349,0.40038439631462097,0.41303277015686035,0.03973591327667236,0.2625323534011841,0.092697374522686,0.7060198187828064,0.031446754932403564,0.0564371719956398,0.054006002843379974,0.6010792255401611,0.036657895892858505,0.04821547120809555,1.2226588726043701,0.614909827709198,-0.006548434495925903,-0.011610805988311768,0.005012154579162598,0.5470091700553894,-0.002843383699655533,0.009175904095172882,0.04209645465016365,0.5574359893798828,-0.023440062999725342,0.051316045224666595,0.05560232326388359,0.6054819822311401,0.029509643092751503,0.30443376302719116
0.92,0.0,0.0,0.036584220826625824,0.3157481551170349,0.40038439631462097,0.41303277015686035,0.03973591327667236,0.2625323534011841,0.092697374522686,0.7060198187828064,0.031446754932403564,0.0564371719956398,0.054006002843379974,0.6010792255401611,0.036657895892858505,0.04821547120809555,1.2226588726043701,0.614909827709198,-0.006548434495925903,-0.011610805988311768,0.005012154579162598,0.5470091700553894,-0.002843383699655533,0.009175904095172882,0.04209645465016365,0.5574359893798828,-0.023440062999725342,0.051316045224666595,0.05560232326388359,0.6054819822311401,0.029509643092751503,0.30443376302719116
0.93,0.0,0.0,0.036584220826625824,0.3157481551170349,0.40038439631462097,0.41303277015686035,0.03973591327667236,0.2625323534011841,0.092697374522686,0.7060198187828064,0.031446754932403564,0.0564371719956398,0.054006002843379974,0.6010792255401611,0.036657895892858505,0.04821547120809555,1.2226588726043701,0.614909827709198,-0.006548434495925903,-0.011610805988311768,0.005012154579162598,0.5470091700553894,-0.002843383699655533,0.009175904095172882,0.04209645465016365,0.5574359893798828,-0.023440062999725342,0.051316045224666595,0.05560232326388359,0.6054819822311401,0.029509643092751503,0.30443376302719116
0.94,0.0,0.0,0.03884311020374298,0.3157481551170349,0.40038439631462097,0.41303277015686035,0.04081791639328003,0.2625323534011841,0.092697374522686,0.7060198187828064,0.031922414898872375,0.0564371719956398,0.054006002843379974,0.6010792255401611,0.0359223298728466,0.04821547120809555,1.2226588726043701,0.614909827709198,-0.006680399179458618,-0.011610805988311768,0.005012154579162598,0.5470091700553894,-0.0030654408037662506,0.009175904095172882,0.04209645465016365,0.5574359893798828,-0.02335400879383087,0.051316045224666595,0.05560232326388359,0.6054819822311401,0.029453961178660393,0.30443376302719116
0.95,0.0,0.0,0.03884311020374298,0.3157481551170349,0.40038439631462097,0.41303277015686035,0.04081791639328003,0.2625323534011841,0.092697374522686,0.7060198187828064,0.031922414898872375,0.0564371719956398,0.054006002843379974,0.6010792255401611,0.0359223298728466,0.04821547120809555,1.2226588726043701,0.614909827709198,-0.006680399179458618,-0.011610805988311768,0.005012154579162598,0.5470091700553894,-0.0030654408037662506,0.009175904095172882,0.04209645465016365,0.5574359893798828,-0.02335400879383087,0.051316045224666595,0.05560232326388359,0.6054819822311401,0.029453961178660393,0.30443376302719116
0.96,0.0,0.0,0.03884311020374298,0.3157481551170349,0.40038439631462097,0.41303277015686035,0.04081791639328003,0.2625323534011841,0.092697374522686,0.7060198187828064,0.031922414898872375,0.0564371719956398,0.054006002843379974,0.6010792255401611,0.0359223298728466,0.04821547120809555,1.2226588726043701,0.614909827709198,-0.006680399179458618,-0.011610805988311768,0.005012154579162598,0.5470091700553894,-0.0030654408037662506,0.009175904095172882,0.04209645465016365,0.5574359893798828,-0.02335400879383087,0.051316045224666595,0.05560232326388359,0.6054819822311401,0.029453961178660393,0.30443376302719116
0.97,0.0,0.0,0.03884311020374298,0.3157481551170349,0.40038439631462097,0.41303277015686035,0.04081791639328003,0.2625323534011841,0.092697374522686,0.7060198187828064,0.031922414898872375,0.0564371719956398,0.054006002843379974,0.6010792255401611,0.0359223298728466,0.04821547120809555,1.2226588726043701,0.614909827709198,-0.006680399179458618,-0.011610805988311768,0.005012154579162598,0.5470091700553894,-0.0030654408037662506,0.009175904095172882,0.04209645465016365,0.5574359893798828,-0.02335400879383087,0.051316045224666595,0.05560232326388359,0.6054819822311401,0.029453961178660393,0.30443376302719116
0.98,0.01014,0.0,0.03884311020374298,0.3157481551170349,0.40038439631462097,0.41303277015686035,0.04081791639328003,0.2625323534011841,0.092697374522686,0.7060198187828064,0.031922414898872375,0.0564371719956398,0.054006002843379974,0.6010792255401611,0.0359223298728466,0.04821547120809555,1.2226588726043701,0.614909827709198,-0.006680399179458618,-0.011610805988311768,0.005012154579162598,0.5470091700553894,-0.0030654408037662506,0.009175904095172882,0.04209645465016365,0.5574359893798828,-0.02335400879383087,0.051316045224666595,0.05560232326388359,0.6054819822311401,0.029453961178660393,0.30443376302719116
0.99,0.01053,0.0,0.0395781472325325,0.3157481551170349,0.40038439631462097,0.41303277015686035,0.04216538369655609,0.2625323534011841,0.092697374522686,0.7060198187828064,0.03287443518638611,0.0564371719956398,0.054006002843379974,0.6010792255401611,0.03589380905032158,0.04821547120809555,1.2226588726043701,0.614909827709198,-0.006927847862243652,-0.011610805988311768,0.005012154579162598,0.5470091700553894,-0.003629866987466812,0.009175904095172882,0.04209645465016365,0.5574359893798828,-0.023523300886154175,0.051316045224666595,0.05560232326388359,0.6054819822311401,0.029516560956835747,0.30443376302719116
1.0,0.01076,0.0,0.0395781472325325,0.3157481551170349,0.40038439631462097,0.41303277015686035,0.04216538369655609,0.2625323534011841,0.092697374522686,0.7060198187828064,0.03287443518638611,0.0564371719956398,0.054006002843379974,0.6010792255401611,0.03589380905032158,0.04821547120809555,1.2226588726043701,0.614909827709198,-0.006927847862243652,-0.011610805988311768,0.005012154579162598,0.5470091700553894,-0.003629866987466812,0.009175904095172882,0.04209645465016365,0.5574359893798828,-0.023523300886154175,0.051316045224666595,0.05560232326388359,0.6054819822311401,0.029516560956835747,0.30443376302719116
1.01,0.01082,0.0,0.0395781472325325,0.3157481551170349,0.40038439631462097,0.41303277015686035,0.04216538369655609,0.2625323534011841,0.092697374522686,0.7060198187828064,0.03287443518638611,0.0564371719956398,0.054006002843379974,0.6010792255401611,0.03589380905032158,0.04821547120809555,1.2226588726043701,0.614909827709198,-0.006927847862243652,-0.011610805988311768,0.005012154579162598,0.5470091700553894,-0.003629866987466812,0.009175904095172882,0.04209645465016365,0.5574359893798828,-0.023523300886154175,0.051316045224666595,0.05560232326388359,0.6054819822311401,0.029516560956835747,0.30443376302719116
1.02,0.01073,0.0,0.0395781472325325,0.3157481551170349,0.40038439631462097,0.41303277015686035,0.04216538369655609,0.2625323534011841,0.092697374522686,0.7060198187828064,0.03287443518638611,0.0564371719956398,0.054006002843379974,0.6010792255401611,0.03589380905032158,0.04821547120809555,1.2226588726043701,0.614909827709198,-0.006927847862243652,-0.011610805988311768,0.005012154579162598,0.5470091700553894,-0.003629866987466812,0.009175904095172882,0.04209645465016365,0.5574359893798828,-0.023523300886154175,0.051316045224666595,0.05560232326388359,0.6054819822311401,0.029516560956835747,0.30443376302719116
1.03,0.01048,0.0,0.0395781472325325,0.3157481551170349,0.40038439631462097,0.41303277015686035,0.04216538369655609,0.2625323534011841,0.092697374522686,0.7060198187828064,0.03287443518638611,0.0564371719956398,0.054006002843379974,0.6010792255401611,0.03589380905032158,0.04821547120809555,1.2226588726043701,0.614909827709198,-0.006927847862243652,-0.011610805988311768,0.005012154579162598,0.5470091700553894,-0.003629866987466812,0.009175904095172882,0.04209645465016365,0.5574359893798828,-0.023523300886154175,0.051316045224666595,0.05560232326388359,0.6054819822311401,0.029516560956835747,0.30443376302719116
1.04,0.01008,0.0,0.03909742087125778,0.3163944482803345,0.40038439631462097,0.41303277015686035,0.043300479650497437,0.2625381350517273,0.092697374522686,0.7060198187828064,0.03374413400888443,0.05544912815093994,0.054006002843379974,0.6010792255401611,0.0364779494702816,0.04813263565301895,1.2226588726043701,0.614909827709198,-0.0073149800300598145,-0.013805001974105835,0.005012154579162598,0.5470091700553894,-0.0043557919561862946,0.009215198457241058,0.04209645465016365,0.5574359893798828,-0.023991361260414124,0.051731549203395844,0.05560232326388359,0.6054819822311401,0.029716158285737038,0.3042730689048767
1.05,0.0,0.0,0.03909742087125778,0.3163944482803345,0.40038439631462097,0.41303277015686035,0.043300479650497437,0.2625381350517273,0.092697374522686,0.7060198187828064,0.03374413400888443,0.05544912815093994,0.054006002843379974,0.6010792255401611,0.0364779494702816,0.04813263565301895,1.2226588726043701,0.614909827709198,-0.0073149800300598145,-0.013805001974105835,0.005012154579162598,0.5470091700553894,-0.0043557919561862946,0.009215198457241058,0.04209645465016365,0.5574359893798828,-0.023991361260414124,0.051731549203395844,0.05560232326388359,0.6054819822311401,0.029716158285737038,0.3042730689048767
1.06,0.0,0.0,0.03909742087125778,0.3163944482803345,0.40038439631462097,0.41303277015686035,0.043300479650497437,0.2625381350517273,0.092697374522686,0.7060198187828064,0.03374413400888443,0.05544912815093994,0.054006002843379974,0.6010792255401611,0.0364779494702816,0.04813263565301895,1.2226588726043701,0.614909827709198,-0.0073149800300598145,-0.013805001974105835,0.005012154579162598,0.5470091700553894,-0.0043557919561862946,0.009215198457241058,0.04209645465016365,0.5574359893798828,-0.023991361260414124,0.051731549203395844,0.05560232326388359,0.6054819822311401,0.029716158285737038,0.3042730689048767
1.07,0.0,0.0,0.03909742087125778,0.3163944482803345,0.40038439631462097,0.41303277015686035,0.043300479650497437,0.2625381350517273,0.092697374522686,0.7060198187828064,0.03374413400888443,0.05544912815093994,0.054006002843379974,0.6010792255401611,0.0364779494702816,0.04813263565301895,1.2226588726043701,0.614909827709198,-0.0073149800300598145,-0.013805001974105835,0.005012154579162598,0.5470091700553894,-0.0043557919561862946,0.009215198457241058,0.04209645465016365,0.5574359893798828,-0.023991361260414124,0.051731549203395844,0.05560232326388359,0.6054819822311401,0.029716158285737038,0.3042730689048767
1.08,0.0,0.0,0.03909742087125778,0.3163944482803345,0.40038439631462097,0.41303277015686035,0.043300479650497437,0.2625381350517273,0.092697374522686,0.7060198187828064,0.03374413400888443,0.05544912815093994,0.054006002843379974,0.6010792255401611,0.0364779494702816,0.04813263565301895,1.2226588726043701,0.614909827709198,-0.0073149800300598145,-0.013805001974105835,0.005012154579162598,0.5470091700553894,-0.0043557919561862946,0.009215198457241058,0.04209645465016365,0.5574359893798828,-0.023991361260414124,0.051731549203395844,0.05560232326388359,0.6054819822311401,0.029716158285737038,0.3042730689048767
1.09,0.0,0.0,0.03762580454349518,0.31663525104522705,0.40038439631462097,0.41303277015686035,0.043898388743400574,0.2622973322868347,0.092697374522686,0.7060198187828064,0.034231871366500854,0.054694198071956635,0.054006002843379974,0.6010792255401611,0.03714954853057861,0.047881804406642914,1.2226588726043701,0.614909827709198,-0.0078039467334747314,-0.015224426984786987,0.005012154579162598,0.5470091700553894,-0.00500580295920372,0.009255476295948029,0.04209645465016365,0.5574359893798828,-0.024670615792274475,0.05144842714071274,0.05560232326388359,0.6054819822311401,0.029954710975289345,0.3041713833808899
1.1,0.0,0.0,0.03762580454349518,0.31663525104522705,0.40038439631462097,0.41303277015686035,0.043898388743400574,0.2622973322868347,0.092697374522686,0.7060198187828064,0.034231871366500854,0.054694198071956635,0.054006002843379974,0.6010792255401611,0.03714954853057861,0.047881804406642914,1.2226588726043701,0.614909827709198,-0.0078039467334747314,-0.015224426984786987,0.005012154579162598,0.5470091700553894,-0.00500580295920372,0.009255476295948029,0.04209645465016365,0.5574359893798828,-0.024670615792274475,0.05144842714071274,0.05560232326388359,0.6054819822311401,0.029954710975289345,0.3041713833808899
1.11,0.0,0.0,0.03762580454349518,0.31663525104522705,0.40038439631462097,0.41303277015686035,0.043898388743400574,0.2622973322868347,0.092697374522686,0.7060198187828064,0.034231871366500854,0.054694198071956635,0.054006002843379974,0.6010792255401611,0.03714954853057861,0.047881804406642914,1.2226588726043701,0.614909827709198,-0.0078039467334747314,-0.015224426984786987,0.005012154579162598,0.5470091700553894,-0.00500580295920372,0.009255476295948029,0.04209645465016365,0.5574359893798828,-0.024670615792274475,0.05144842714071274,0.05560232326388359,0.6054819822311401,0.029954710975289345,0.3041713833808899
1.12,0.0,0.0,0.03762580454349518,0.31663525104522705,0.40038439631462097,0.41303277015686035,0.043898388743400574,0.2622973322868347,0.092697374522686,0.7060198187828064,0.034231871366500854,0.054694198071956635,0.054006002843379974,0.6010792255401611,0.03714954853057861,0.047881804406642914,1.2226588726043701,0.614909827709198,-0.0078039467334747314,-0.015224426984786987,0.005012154579162598,0.5470091700553894,-0.00500580295920372,0.009255476295948029,0.04209645465016365,0.5574359893798828,-0.024670615792274475,0.05144842714071274,0.05560232326388359,0.6054819822311401,0.029954710975289345,0.3041713833808899
1.13,0.0,0.0,0.03762580454349518,0.31663525104522705,0.40038439631462097,0.41303277015686035,0.043898388743400574,0.2622973322868347,0.092697374522686,0.7060198187828064,0.034231871366500854,0.054694198071956635,0.054006002843379974,0.6010792255401611,0.03714954853057861,0.047881804406642914,1.2226588726043701,0.614909827709198,-0.0078039467334747314,-0.015224426984786987,0.005012154579162598,0.5470091700553894,-0.00500580295920372,0.009255476295948029,0.04209645465016365,0.5574359893798828,-0.024670615792274475,0.05144842714071274,0.05560232326388359,0.6054819822311401,0.029954710975289345,0.3041713833808899
1.14,0.0,0.0,0.03534002602100372,0.3164915144443512,0.40038439631462097,0.41303277015686035,0.04372532665729523,0.26184046268463135,0.092697374522686,0.7060198187828064,0.034163154661655426,0.05384816974401474,0.054006002843379974,0.6010792255401611,0.03767060488462448,0.0475274957716465,1.2226588726043701,0.614909827709198,-0.008295953273773193,-0.01594144105911255,0.005012154579162598,0.5470091700553894,-0.005536574870347977,0.00892428308725357,0.04209645465016365,0.5574359893798828,-0.02530035376548767,0.05048515647649765,0.05560232326388359,0.6054819822311401,0.030214054509997368,0.3040088713169098
1.15,0.0,0.0,0.03534002602100372,0.3164915144443512,0.40038439631462097,0.41303277015686035,0.04372532665729523,0.26184046268463135,0.092697374522686,0.7060198187828064,0.034163154661655426,0.05384816974401474,0.054006002843379974,0.6010792255401611,0.03767060488462448,0.0475274957716465,1.2226588726043701,0.614909827709198,-0.008295953273773193,-0.01594144105911255,0.005012154579162598,0.5470091700553894,-0.005536574870347977,0.00892428308725357,0.04209645465016365,0.5574359893798828,-0.02530035376548767,0.05048515647649765,0.05560232326388359,0.6054819822311401,0.030214054509997368,0.3040088713169098
1.16,0.0,0.0,0.03534002602100372,0.3164915144443512,0.40038439631462097,0.41303277015686035,0.04372532665729523,0.26184046268463135,0.092697374522686,0.7060198187828064,0.034163154661655426,0.05384816974401474,0.054006002843379974,0.6010792255401611,0.03767060488462448,0.0475274957716465,1.2226588726043701,0.614909827709198,-0.008295953273773193,-0.01594144105911255,0.005012154579162598,0.5470091700553894,-0.005536574870347977,0.00892428308725357,0.04209645465016365,0.5574359893798828,-0.02530035376548767,0.05048515647649765,0.05560232326388359,0.6054819822311401,0.030214054509997368,0.3040088713169098
1.17,0.0,0.0,0.03534002602100372,0.3164915144443512,0.40038439631462097,0.41303277015686035,0.04372532665729523,0.26184046268463135,0.092697374522686,0.7060198187828064,0.034163154661655426,0.05384816974401474,0.054006002843379974,0.6010792255401611,0.03767060488462448,0.0475274957716465,1.2226588726043701,0.614909827709198,-0.008295953273773193,-0.01594144105911255,0.005012154579162598,0.5470091700553894,-0.005536574870347977,0.00892428308725357,0.04209645465016365,0.5574359893798828,-0.02530035376548767,0.05048515647649765,0.05560232326388359,0.6054819822311401,0.030214054509997368,0.3040088713169098
1.18,0.0,0.0,0.03534002602100372,0.3164915144443512,0.40038439631462097,0.41303277015686035,0.04372532665729523,0.26184046268463135,0.092697374522686,0.7060198187828064,0.034163154661655426,0.05384816974401474,0.054006002843379974,0.6010792255401611,0.03767060488462448,0.0475274957716465,1.2226588726043701,0.614909827709198,-0.008295953273773193,-0.01594144105911255,0.005012154579162598,0.5470091700553894,-0.005536574870347977,0.00892428308725357,0.04209645465016365,0.5574359893798828,-0.02530035376548767,0.05048515647649765,0.05560232326388359,0.6054819822311401,0.030214054509997368,0.3040088713169098
1.19,0.0,0.0,0.0339592844247818,0.31617674231529236,0.40038439631462097,0.41303277015686035,0.04304404556751251,0.2614246606826782,0.092697374522686,0.7060198187828064,0.03361033648252487,0.05367261916399002,0.054006002843379974,0.6010792255401611,0.03801101818680763,0.047105565667152405,1.2226588726043701,0.614909827709198,-0.008599698543548584,-0.01562047004699707,0.005012154579162598,0.5470091700553894,-0.0057505108416080475,0.008733317255973816,0.04209645465016365,0.5574359893798828,-0.025675714015960693,0.0493403896689415,0.05560232326388359,0.6054819822311401,0.03030473180115223,0.3040093183517456
1.2,0.0,0.0,0.0339592844247818,0.31617674231529236,0.40038439631462097,0.41303277015686035,0.04304404556751251,0.2614246606826782,0.092697374522686,0.7060198187828064,0.03361033648252487,0.05367261916399002,0.054006002843379974,0.6010792255401611,0.03801101818680763,0.047105565667152405,1.2226588726043701,0.614909827709198,-0.008599698543548584,-0.01562047004699707,0.005012154579162598,0.5470091700553894,-0.0057505108416080475,0.008733317255973816,0.04209645465016365,0.5574359893798828,-0.025675714015960693,0.0493403896689415,0.05560232326388359,0.6054819822311401,0.03030473180115223,0.3040093183517456
1.21,0.0,0.0,0.0339592844247818,0.31617674231529236,0.40038439631462097,0.41303277015686035,0.04304404556751251,0.2614246606826782,0.092697374522686,0.7060198187828064,0.03361033648252487,0.05367261916399002,0.054006002843379974,0.6010792255401611,0.03801101818680763,0.047105565667152405,1.2226588726043701,0.614909827709198,-0.008599698543548584,-0.01562047004699707,0.005012154579162598,0.5470091700553894,-0.0057505108416080475,0.008733317255973816,0.04209645465016365,0.5574359893798828,-0.025675714015960693,0.0493403896689415,0.05560232326388359,0.6054819822311401,0.03030473180115223,0.3040093183517456
1.22,0.0,0.0,0.0339592844247818,0.31617674231529236,0.40038439631462097,0.41303277015686035,0.04304404556751251,0.2614246606826782,0.092697374522686,0.7060198187828064,0.03361033648252487,0.05367261916399002,0.054006002843379974,0.6010792255401611,0.03801101818680763,0.047105565667152405,1.2226588726043701,0.614909827709198,-0.008599698543548584,-0.01562047004699707,0.005012154579162598,0.5470091700553894,-0.0057505108416080475,0.008733317255973816,0.04209645465016365,0.5574359893798828,-0.025675714015960693,0.0493403896689415,0.05560232326388359,0.6054819822311401,0.03030473180115223,0.3040093183517456
1.23,0.0,0.0,0.0339592844247818,0.31617674231529236,0.40038439631462097,0.41303277015686035,0.04304404556751251,0.2614246606826782,0.092697374522686,0.7060198187828064,0.03361033648252487,0.05367261916399002,0.054006002843379974,0.6010792255401611,0.03801101818680763,0.047105565667152405,1.2226588726043701,0.614909827709198,-0.008599698543548584,-0.01562047004699707,0.005012154579162598,0.5470091700553894,-0.0057505108416080475,0.008733317255973816,0.04209645465016365,0.5574359893798828,-0.025675714015960693,0.0493403896689415,0.05560232326388359,0.6054819822311401,0.03030473180115223,0.3040093183517456
1.24,0.0,0.0,0.03348047286272049,0.3159399628639221,0.40038439631462097,0.41303277015686035,0.04207213222980499,0.2613077163696289,0.092697374522686,0.7060198187828064,0.033066652715206146,0.05406038835644722,0.054006002843379974,0.6010792255401611,0.038188718259334564,0.046863459050655365,1.2226588726043701,0.614909827709198,-0.00849980115890503,-0.014186590909957886,0.005012154579162598,0.5470091700553894,-0.005498606711626053,0.008909657597541809,0.04209645465016365,0.5574359893798828,-0.025657013058662415,0.04840775579214096,0.05560232326388359,0.6054819822311401,0.030221017077565193,0.3042038083076477
1.25,0.0,0.0,0.03348047286272049,0.3159399628639221,0.40038439631462097,0.41303277015686035,0.04207213222980499,0.2613077163696289,0.092697374522686,0.7060198187828064,0.033066652715206146,0.05406038835644722,0.054006002843379974,0.6010792255401611,0.038188718259334564,0.046863459050655365,1.2226588726043701,0.614909827709198,-0.00849980115890503,-0.014186590909957886,0.005012154579162598,0.5470091700553894,-0.005498606711626053,0.008909657597541809,0.04209645465016365,0.5574359893798828,-0.025657013058662415,0.04840775579214096,0.05560232326388359,0.6054819822311401,0.030221017077565193,0.3042038083076477
1.26,0.0,0.0,0.03348047286272049,0.3159399628639221,0.40038439631462097,0.41303277015686035,0.04207213222980499,0.2613077163696289,0.092697374522686,0.7060198187828064,0.033066652715206146,0.05406038835644722,0.054006002843379974,0.6010792255401611,0.038188718259334564,0.046863459050655365,1.2226588726043701,0.614909827709198,-0.00849980115890503,-0.014186590909957886,0.005012154579162598,0.5470091700553894,-0.005498606711626053,0.008909657597541809,0.04209645465016365,0.5574359893798828,-0.025657013058662415,0.04840775579214096,0.05560232326388359,0.6054819822311401,0.030221017077565193,0.3042038083076477
1.27,0.0,0.0,0.03348047286272049,0.3159399628639221,0.40038439631462097,0.41303277015686035,0.04207213222980499,0.2613077163696289,0.092697374522686,0.7060198187828064,0.033066652715206146,0.05406038835644722,0.054006002843379974,0.6010792255401611,0.038188718259334564,0.046863459050655365,1.2226588726043701,0.614909827709198,-0.00849980115890503,-0.014186590909957886,0.005012154579162598,0.5470091700553894,-0.005498606711626053,0.008909657597541809,0.04209645465016365,0.5574359893798828,-0.025657013058662415,0.04840775579214096,0.05560232326388359,0.6054819822311401,0.030221017077565193,0.3042038083076477
1.28,0.0,0.0,0.03348047286272049,0.3159399628639221,0.40038439631462097,0.41303277015686035,0.04207213222980499,0.2613077163696289,0.092697374522686,0.7060198187828064,0.033066652715206146,0.05406038835644722,0.054006002843379974,0.6010792255401611,0.038188718259334564,0.046863459050655365,1.2226588726043701,0.614909827709198,-0.00849980115890503,-0.014186590909957886,0.005012154579162598,0.5470091700553894,-0.005498606711626053,0.008909657597541809,0.04209645465016365,0.5574359893798828,-0.025657013058662415,0.04840775579214096,0.05560232326388359,0.6054819822311401,0.030221017077565193,0.3042038083076477
1.29,0.0,0.0,0.03199823945760727,0.32100772857666016,0.40038439631462097,0.41303277015686035,0.0398813933134079,0.26345881819725037,0.092697374522686,0.7060198187828064,0.032048679888248444,0.056271523237228394,0.054006002843379974,0.6010792255401611,0.039595820009708405,0.04719036817550659,1.2226588726043701,0.614909827709198,-0.007398933172225952,-0.012513428926467896,0.005012154579162598,0.5470091700553894,-0.004021529108285904,0.00992334634065628,0.04209645465016365,0.5574359893798828,-0.025660529732704163,0.04842885583639145,0.05560232326388359,0.6054819822311401,0.030618922784924507,0.3048291802406311
1.3,0.0,0.0,0.03199823945760727,0.32100772857666016,0.40038439631462097,0.41303277015686035,0.0398813933134079,0.26345881819725037,0.092697374522686,0.7060198187828064,0.032048679888248444,0.056271523237228394,0.054006002843379974,0.6010792255401611,0.039595820009708405,0.04719036817550659,1.2226588726043701,0.614909827709198,-0.007398933172225952,-0.012513428926467896,0.005012154579162598,0.5470091700553894,-0.004021529108285904,0.00992334634065628,0.04209645465016365,0.5574359893798828,-0.025660529732704163,0.04842885583639145,0.05560232326388359,0.6054819822311401,0.030618922784924507,0.3048291802406311
1.31,0.0,0.0,0.03199823945760727,0.32100772857666016,0.40038439631462097,0.41303277015686035,0.0398813933134079,0.26345881819725037,0.092697374522686,0.7060198187828064,0.032048679888248444,0.056271523237228394,0.054006002843379974,0.6010792255401611,0.039595820009708405,0.04719036817550659,1.2226588726043701,0.614909827709198,-0.007398933172225952,-0.012513428926467896,0.005012154579162598,0.5470091700553894,-0.004021529108285904,0.00992334634065628,0.04209645465016365,0.5574359893798828,-0.025660529732704163,0.04842885583639145,0.05560232326388359,0.6054819822311401,0.030618922784924507,0.3048291802406311
1.32,0.0,0.0,0.03199823945760727,0.32100772857666016,0.40038439631462097,0.41303277015686035,0.0398813933134079,0.26345881819725037,0.092697374522686,0.7060198187828064,0.032048679888248444,0.056271523237228394,0.054006002843379974,0.6010792255401611,0.039595820009708405,0.04719036817550659,1.2226588726043701,0.614909827709198,-0.007398933172225952,-0.012513428926467896,0.005012154579162598,0.5470091700553894,-0.004021529108285904,0.00992334634065628,0.04209645465016365,0.5574359893798828,-0.025660529732704163,0.04842885583639145,0.05560232326388359,0.6054819822311401,0.030618922784924507,0.3048291802406311
1.33,0.0,0.0,0.03199823945760727,0.32100772857666016,0.40038439631462097,0.41303277015686035,0.0398813933134079,0.26345881819725037,0.092697374522686,0.7060198187828064,0.032048679888248444,0.056271523237228394,0.054006002843379974,0.6010792255401611,0.039595820009708405,0.04719036817550659,1.2226588726043701,0.614909827709198,-0.007398933172225952,-0.012513428926467896,0.005012154579162598,0.5470091700553894,-0.004021529108285904,0.00992334634065628,0.04209645465016365,0.5574359893798828,-0.025660529732704163,0.04842885583639145,0.05560232326388359,0.6054819822311401,0.030618922784924507,0.3048291802406311
1.34,0.0,0.0,0.030213557183742523,0.34548017382621765,0.40038439631462097,0.41303277015686035,0.036550164222717285,0.2777364253997803,0.092697374522686,0.7060198187828064,0.033968567848205566,0.06735260784626007,0.054006002843379974,0.6010792255401611,0.04665252938866615,0.0515730157494545,1.2226588726043701,0.614909827709198,-0.004091113805770874,-0.010713517665863037,0.005012154579162598,0.5470091700553894,0.0025543831288814545,0.01892133802175522,0.04209645465016365,0.5574359893798828,-0.024608105421066284,0.051338933408260345,0.05560232326388359,0.6054819822311401,0.034390728920698166,0.30720651149749756
1.35,0.0,0.0,0.030213557183742523,0.34548017382621765,0.40038439631462097,0.41303277015686035,0.036550164222717285,0.2777364253997803,0.092697374522686,0.7060198187828064,0.033968567848205566,0.06735260784626007,0.054006002843379974,0.6010792255401611,0.04665252938866615,0.0515730157494545,1.2226588726043701,0.614909827709198,-0.004091113805770874,-0.010713517665863037,0.005012154579162598,0.5470091700553894,0.0025543831288814545,0.01892133802175522,0.04209645465016365,0.5574359893798828,-0.024608105421066284,0.051338933408260345,0.05560232326388359,0.6054819822311401,0.034390728920698166,0.30720651149749756
1.36,0.0,0.0,0.030213557183742523,0.34548017382621765,0.40038439631462097,0.41303277015686035,0.036550164222717285,0.2777364253997803,0.092697374522686,0.7060198187828064,0.033968567848205566,0.06735260784626007,0.054006002843379974,0.6010792255401611,0.04665252938866615,0.0515730157494545,1.2226588726043701,0.614909827709198,-0.004091113805770874,-0.010713517665863037,0.005012154579162598,0.5470091700553894,0.0025543831288814545,0.01892133802175522,0.04209645465016365,0.5574359893798828,-0.024608105421066284,0.051338933408260345,0.05560232326388359,0.6054819822311401,0.034390728920698166,0.30720651149749756
1.37,0.0,0.0,0.030213557183742523,0.34548017382621765,0.40038439631462097,0.41303277015686035,0.036550164222717285,0.2777364253997803,0.092697374522686,0.7060198187828064,0.033968567848205566,0.06735260784626007,0.054006002843379974,0.6010792255401611,0.04665252938866615,0.0515730157494545,1.2226588726043701,0.614909827709198,-0.004091113805770874,-0.010713517665863037,0.005012154579162598,0.5470091700553894,0.0025543831288814545,0.01892133802175522,0.04209645465016365,0.5574359893798828,-0.024608105421066284,0.051338933408260345,0.05560232326388359,0.6054819822311401,0.034390728920698166,0.30720651149749756
1.38,0.0,0.0,0.030213557183742523,0.34548017382621765,0.40038439631462097,0.41303277015686035,0.036550164222717285,0.2777364253997803,0.092697374522686,0.7060198187828064,0.033968567848205566,0.06735260784626007,0.054006002843379974,0.6010792255401611,0.04665252938866615,0.0515730157494545,1.2226588726043701,0.614909827709198,-0.004091113805770874,-0.010713517665863037,0.005012154579162598,0.5470091700553894,0.0025543831288814545,0.01892133802175522,0.04209645465016365,0.5574359893798828,-0.024608105421066284,0.051338933408260345,0.05560232326388359,0.6054819822311401,0.034390728920698166,0.30720651149749756
1.39,0.0,0.0,0.03152371197938919,0.3738337755203247,0.40038439631462097,0.41303277015686035,0.035022154450416565,0.2985368072986603,0.092697374522686,0.7060198187828064,0.040906794369220734,0.08506534993648529,0.054006002843379974,0.6010792255401611,0.054921310395002365,0.06004185229539871,1.2226588726043701,0.614909827709198,0.0012413561344146729,-0.004410237073898315,0.005012154579162598,0.5470091700553894,0.013787385076284409,0.03980604186654091,0.04209645465016365,0.5574359893798828,-0.01888740062713623,0.05734511464834213,0.05560232326388359,0.6054819822311401,0.041045449674129486,0.3117181062698364
1.4,0.0,0.0,0.03152371197938919,0.3738337755203247,0.40038439631462097,0.41303277015686035,0.035022154450416565,0.2985368072986603,0.092697374522686,0.7060198187828064,0.040906794369220734,0.08506534993648529,0.054006002843379974,0.6010792255401611,0.054921310395002365,0.06004185229539871,1.2226588726043701,0.614909827709198,0.0012413561344146729,-0.004410237073898315,0.005012154579162598,0.5470091700553894,0.013787385076284409,0.03980604186654091,0.04209645465016365,0.5574359893798828,-0.01888740062713623,0.05734511464834213,0.05560232326388359,0.6054819822311401,0.041045449674129486,0.3117181062698364
1.41,0.0,0.0,0.03152371197938919,0.3738337755203247,0.40038439631462097,0.41303277015686035,0.035022154450416565,0.2985368072986603,0.092697374522686,0.7060198187828064,0.040906794369220734,0.08506534993648529,0.054006002843379974,0.6010792255401611,0.054921310395002365,0.06004185229539871,1.2226588726043701,0.614909827709198,0.0012413561344146729,-0.004410237073898315,0.005012154579162598,0.5470091700553894,0.013787385076284409,0.03980604186654091,0.04209645465016365,0.5574359893798828,-0.01888740062713623,0.05734511464834213,0.05560232326388359,0.6054819822311401,0.041045449674129486,0.3117181062698364
1.42,0.0,0.0,0.03152371197938919,0.3738337755203247,0.40038439631462097,0.41303277015686035,0.035022154450416565,0.2985368072986603,0.092697374522686,0.7060198187828064,0.040906794369220734,0.08506534993648529,0.054006002843379974,0.6010792255401611,0.054921310395002365,0.06004185229539871,1.2226588726043701,0.614909827709198,0.0012413561344146729,-0.004410237073898315,0.005012154579162598,0.5470091700553894,0.013787385076284409,0.03980604186654091,0.04209645465016365,0.5574359893798828,-0.01888740062713623,0.05734511464834213,0.05560232326388359,0.6054819822311401,0.041045449674129486,0.3117181062698364
1.43,0.0,0.0,0.03152371197938919,0.3738337755203247,0.40038439631462097,0.41303277015686035,0.035022154450416565,0.2985368072986603,0.092697374522686,0.7060198187828064,0.040906794369220734,0.08506534993648529,0.054006002843379974,0.6010792255401611,0.054921310395002365,0.06004185229539871,1.2226588726043701,0.614909827709198,0.0012413561344146729,-0.004410237073898315,0.005012154579162598,0.5470091700553894,0.013787385076284409,0.03980604186654091,0.04209645465016365,0.5574359893798828,-0.01888740062713623,0.05734511464834213,0.05560232326388359,0.6054819822311401,0.041045449674129486,0.3117181062698364
1.44,0.0,0.00141,0.03562115132808685,0.3982725441455841,0.40038439631462097,0.41303277015686035,0.03516450524330139,0.31867799162864685,0.092697374522686,0.7060198187828064,0.04895208775997162,0.10316786170005798,0.054006002843379974,0.6010792255401611,0.06179991737008095,0.06981167197227478,1.2226588726043701,0.614909827709198,0.007323741912841797,0.0041783154010772705,0.005012154579162598,0.5470091700553894,0.025344830006361008,0.06253331154584885,0.04209645465016365,0.5574359893798828,-0.009138137102127075,0.06505521386861801,0.05560232326388359,0.6054819822311401,0.048967741429805756,0.3163396716117859
1.45,0.0,0.00188,0.03562115132808685,0.3982725441455841,0.40038439631462097,0.41303277015686035,0.03516450524330139,0.31867799162864685,0.092697374522686,0.7060198187828064,0.04895208775997162,0.10316786170005798,0.054006002843379974,0.6010792255401611,0.06179991737008095,0.06981167197227478,1.2226588726043701,0.614909827709198,0.007323741912841797,0.0041783154010772705,0.005012154579162598,0.5470091700553894,0.025344830006361008,0.06253331154584885,0.04209645465016365,0.5574359893798828,-0.009138137102127075,0.06505521386861801,0.05560232326388359,0.6054819822311401,0.048967741429805756,0.3163396716117859
1.46,0.01084,0.00234,0.03562115132808685,0.3982725441455841,0.40038439631462097,0.41303277015686035,0.03516450524330139,0.31867799162864685,0.092697374522686,0.7060198187828064,0.04895208775997162,0.10316786170005798,0.054006002843379974,0.6010792255401611,0.06179991737008095,0.06981167197227478,1.2226588726043701,0.614909827709198,0.007323741912841797,0.0041783154010772705,0.005012154579162598,0.5470091700553894,0.025344830006361008,0.06253331154584885,0.04209645465016365,0.5574359893798828,-0.009138137102127075,0.06505521386861801,0.05560232326388359,0.6054819822311401,0.048967741429805756,0.3163396716117859
1.47,0.01189,0.00278,0.03562115132808685,0.3982725441455841,0.40038439631462097,0.41303277015686035,0.03516450524330139,0.31867799162864685,0.092697374522686,0.7060198187828064,0.04895208775997162,0.10316786170005798,0.054006002843379974,0.6010792255401611,0.06179991737008095,0.06981167197227478,1.2226588726043701,0.614909827709198,0.007323741912841797,0.0041783154010772705,0.005012154579162598,0.5470091700553894,0.025344830006361008,0.06253331154584885,0.04209645465016365,0.5574359893798828,-0.009138137102127075,0.06505521386861801,0.05560232326388359,0.6054819822311401,0.048967741429805756,0.3163396716117859
1.48,0.01281,0.0032,0.03562115132808685,0.3982725441455841,0.40038439631462097,0.41303277015686035,0.03516450524330139,0.31867799162864685,0.092697374522686,0.7060198187828064,0.04895208775997162,0.10316786170005798,0.054006002843379974,0.6010792255401611,0.06179991737008095,0.06981167197227478,1.2226588726043701,0.614909827709198,0.007323741912841797,0.0041783154010772705,0.005012154579162598,0.5470091700553894,0.025344830006361008,0.06253331154584885,0.04209645465016365,0.5574359893798828,-0.009138137102127075,0.06505521386861801,0.05560232326388359,0.6054819822311401,0.048967741429805756,0.3163396716117859
1.49,0.01358,0.00359,0.04328855872154236,0.42275309562683105,0.40038439631462097,0.41303277015686035,0.037727296352386475,0.3390684425830841,0.092697374522686,0.7060198187828064,0.05873042345046997,0.12134517729282379,0.054006002843379974,0.6010792255401611,0.06927492469549179,0.0811527743935585,1.2226588726043701,0.614909827709198,0.014079809188842773,0.014040470123291016,0.005012154579162598,0.5470091700553894,0.03672673925757408,0.08186247199773788,0.04209645465016365,0.5574359893798828,0.0026576220989227295,0.07403465360403061,0.05560232326388359,0.6054819822311401,0.058868296444416046,0.320709764957428
1.5,0.01418,0.00396,0.04328855872154236,0.42275309562683105,0.40038439631462097,0.41303277015686035,0.037727296352386475,0.3390684425830841,0.092697374522686,0.7060198187828064,0.05873042345046997,0.12134517729282379,0.054006002843379974,0.6010792255401611,0.06927492469549179,0.0811527743935585,1.2226588726043701,0.614909827709198,0.014079809188842773,0.014040470123291016,0.005012154579162598,0.5470091700553894,0.03672673925757408,0.08186247199773788,0.04209645465016365,0.5574359893798828,0.0026576220989227295,0.07403465360403061,0.05560232326388359,0.6054819822311401,0.058868296444416046,0.320709764957428
1.51,0.0146,0.00428,0.04328855872154236,0.42275309562683105,0.40038439631462097,0.41303277015686035,0.037727296352386475,0.3390684425830841,0.092697374522686,0.7060198187828064,0.05873042345046997,0.12134517729282379,0.054006002843379974,0.6010792255401611,0.06927492469549179,0.0811527743935585,1.2226588726043701,0.614909827709198,0.014079809188842773,0.014040470123291016,0.005012154579162598,0.5470091700553894,0.03672673925757408,0.08186247199773788,0.04209645465016365,0.5574359893798828,0.0026576220989227295,0.07403465360403061,0.05560232326388359,0.6054819822311401,0.058868296444416046,0.320709764957428
1.52,0.01483,0.00457,0.04328855872154236,0.42275309562683105,0.40038439631462097,0.41303277015686035,0.037727296352386475,0.3390684425830841,0.092697374522686,0.7060198187828064,0.05873042345046997,0.12134517729282379,0.054006002843379974,0.6010792255401611,0.06927492469549179,0.0811527743935585,1.2226588726043701,0.614909827709198,0.014079809188842773,0.014040470123291016,0.005012154579162598,0.5470091700553894,0.03672673925757408,0.08186247199773788,0.04209645465016365,0.5574359893798828,0.0026576220989227295,0.07403465360403061,0.05560232326388359,0.6054819822311401,0.058868296444416046,0.320709764957428
1.53,0.01487,0.00482,0.04328855872154236,0.42275309562683105,0.40038439631462097,0.41303277015686035,0.037727296352386475,0.3390684425830841,0.092697374522686,0.7060198187828064,0.05873042345046997,0.12134517729282379,0.054006002843379974,0.6010792255401611,0.06927492469549179,0.0811527743935585,1.2226588726043701,0.614909827709198,0.014079809188842773,0.014040470123291016,0.005012154579162598,0.5470091700553894,0.03672673925757408,0.08186247199773788,0.04209645465016365,0.5574359893798828,0.0026576220989227295,0.07403465360403061,0.05560232326388359,0.6054819822311401,0.058868296444416046,0.320709764957428
1.54,0.01472,0.00502,0.05601372569799423,0.44269949197769165,0.4168343245983124,0.41303277015686035,0.04235468804836273,0.3556647300720215,0.1102093830704689,0.7060198187828064,0.0701896995306015,0.1381218135356903,0.0657896175980568,0.6010792255401611,0.0772591233253479,0.09221381694078445,1.2376985549926758,0.614909827709198,0.021294623613357544,0.026051253080368042,0.007845103740692139,0.5470091700553894,0.047243114560842514,0.09657522290945053,0.04912162944674492,0.5574359893798828,0.013804987072944641,0.08412279933691025,0.06840462982654572,0.6054819822311401,0.07093213498592377,0.3251199722290039
1.55,0.01439,0.00518,0.05601372569799423,0.44269949197769165,0.4168343245983124,0.41303277015686035,0.04235468804836273,0.3556647300720215,0.1102093830704689,0.7060198187828064,0.0701896995306015,0.1381218135356903,0.0657896175980568,0.6010792255401611,0.0772591233253479,0.09221381694078445,1.2376985549926758,0.614909827709198,0.021294623613357544,0.026051253080368042,0.007845103740692139,0.5470091700553894,0.047243114560842514,0.09657522290945053,0.04912162944674492,0.5574359893798828,0.013804987072944641,0.08412279933691025,0.06840462982654572,0.6054819822311401,0.07093213498592377,0.3251199722290039
1.56,0.01387,0.00528,0.05601372569799423,0.44269949197769165,0.4168343245983124,0.41303277015686035,0.04235468804836273,0.3556647300720215,0.1102093830704689,0.7060198187828064,0.0701896995306015,0.1381218135356903,0.0657896175980568,0.6010792255401611,0.0772591233253479,0.09221381694078445,1.2376985549926758,0.614909827709198,0.021294623613357544,0.026051253080368042,0.007845103740692139,0.5470091700553894,0.047243114560842514,0.09657522290945053,0.04912162944674492,0.5574359893798828,0.013804987072944641,0.08412279933691025,0.06840462982654572,0.6054819822311401,0.07093213498592377,0.3251199722290039
1.57,0.01318,0.00533,0.05601372569799423,0.44269949197769165,0.4168343245983124,0.41303277015686035,0.04235468804836273,0.3556647300720215,0.1102093830704689,0.7060198187828064,0.0701896995306015,0.1381218135356903,0.0657896175980568,0.6010792255401611,0.0772591233253479,0.09221381694078445,1.2376985549926758,0.614909827709198,0.021294623613357544,0.026051253080368042,0.007845103740692139,0.5470091700553894,0.047243114560842514,0.09657522290945053,0.04912162944674492,0.5574359893798828,0.013804987072944641,0.08412279933691025,0.06840462982654572,0.6054819822311401,0.07093213498592377,0.3251199722290039
1.58,0.01234,0.00533,0.05601372569799423,0.44269949197769165,0.4168343245983124,0.41303277015686035,0.04235468804836273,0.3556647300720215,0.1102093830704689,0.7060198187828064,0.0701896995306015,0.1381218135356903,0.0657896175980568,0.6010792255401611,0.0772591233253479,0.09221381694078445,1.2376985549926758,0.614909827709198,0.021294623613357544,0.026051253080368042,0.007845103740692139,0.5470091700553894,0.047243114560842514,0.09657522290945053,0.04912162944674492,0.5574359893798828,0.013804987072944641,0.08412279933691025,0.06840462982654572,0.6054819822311401,0.07093213498592377,0.3251199722290039
1.59,0.01137,0.00527,0.07128497213125229,0.4560105800628662,0.42796748876571655,0.41303277015686035,0.04970696568489075,0.36876818537712097,0.12891259789466858,0.7060198187828064,0.08285365998744965,0.152626633644104,0.07912828028202057,0.6010792255401611,0.08953922986984253,0.10386817902326584,1.2506555318832397,0.614909827709198,0.029108017683029175,0.04025039076805115,0.006252765655517578,0.5470091700553894,0.057296451181173325,0.10577409714460373,0.057788949459791183,0.5574359893798828,0.02323843538761139,0.09482546895742416,0.08289551734924316,0.6054819822311401,0.08596113324165344,0.32900291681289673
1.6,0.0103,0.00516,0.07128497213125229,0.4560105800628662,0.42796748876571655,0.41303277015686035,0.04970696568489075,0.36876818537712097,0.12891259789466858,0.7060198187828064,0.08285365998744965,0.152626633644104,0.07912828028202057,0.6010792255401611,0.08953922986984253,0.10386817902326584,1.2506555318832397,0.614909827709198,0.029108017683029175,0.04025039076805115,0.006252765655517578,0.5470091700553894,0.057296451181173325,0.10577409714460373,0.057788949459791183,0.5574359893798828,0.02323843538761139,0.09482546895742416,0.08289551734924316,0.6054819822311401,0.08596113324165344,0.32900291681289673
1.61,0.0,0.005,0.07128497213125229,0.4560105800628662,0.42796748876571655,0.41303277015686035,0.04970696568489075,0.36876818537712097,0.12891259789466858,0.7060198187828064,0.08285365998744965,0.152626633644104,0.07912828028202057,0.6010792255401611,0.08953922986984253,0.10386817902326584,1.2506555318832397,0.614909827709198,0.029108017683029175,0.04025039076805115,0.006252765655517578,0.5470091700553894,0.057296451181173325,0.10577409714460373,0.057788949459791183,0.5574359893798828,0.02323843538761139,0.09482546895742416,0.08289551734924316,0.6054819822311401,0.08596113324165344,0.32900291681289673
1.62,0.0,0.00478,0.07128497213125229,0.4560105800628662,0.42796748876571655,0.41303277015686035,0.04970696568489075,0.36876818537712097,0.12891259789466858,0.7060198187828064,0.08285365998744965,0.152626633644104,0.07912828028202057,0.6010792255401611,0.08953922986984253,0.10386817902326584,1.2506555318832397,0.614909827709198,0.029108017683029175,0.04025039076805115,0.006252765655517578,0.5470091700553894,0.057296451181173325,0.10577409714460373,0.057788949459791183,0.5574359893798828,0.02323843538761139,0.09482546895742416,0.08289551734924316,0.6054819822311401,0.08596113324165344,0.32900291681289673
1.63,0.0,0.00457,0.07128497213125229,0.4560105800628662,0.42796748876571655,0.41303277015686035,0.04970696568489075,0.36876818537712097,0.12891259789466858,0.7060198187828064,0.08285365998744965,0.152626633644104,0.07912828028202057,0.6010792255401611,0.08953922986984253,0.10386817902326584,1.2506555318832397,0.614909827709198,0.029108017683029175,0.04025039076805115,0.006252765655517578,0.5470091700553894,0.057296451181173325,0.10577409714460373,0.057788949459791183,0.5574359893798828,0.02323843538761139,0.09482546895742416,0.08289551734924316,0.6054819822311401,0.08596113324165344,0.32900291681289673
1.64,0.0,0.00426,0.08618585020303726,0.46452441811561584,0.4370683431625366,0.41303277015686035,0.059421688318252563,0.37871065735816956,0.1449100524187088,0.7060198187828064,0.09721925854682922,0.16303874552249908,0.0926009938120842,0.6010792255401611,0.11185798794031143,0.11503297090530396,1.2614575624465942,0.614909827709198,0.03818824887275696,0.05055510997772217,-0.00046938657760620117,0.5470091700553894,0.0657416433095932,0.10982132703065872,0.06551814079284668,0.5574359893798828,0.030562788248062134,0.10542198270559311,0.09642283618450165,0.6054819822311401,0.10604916512966156,0.3313695192337036
1.65,0.0,0.00391,0.08618585020303726,0.46452441811561584,0.4370683431625366,0.41303277015686035,0.059421688318252563,0.37871065735816956,0.1449100524187088,0.7060198187828064,0.09721925854682922,0.16303874552249908,0.0926009938120842,0.6010792255401611,0.11185798794031143,0.11503297090530396,1.2614575624465942,0.614909827709198,0.03818824887275696,0.05055510997772217,-0.00046938657760620117,0.5470091700553894,0.0657416433095932,0.10982132703065872,0.06551814079284668,0.5574359893798828,0.030562788248062134,0.10542198270559311,0.09642283618450165,0.6054819822311401,0.10604916512966156,0.3313695192337036
1.66,0.0,0.00351,0.08618585020303726,0.46452441811561584,0.4370683431625366,0.41303277015686035,0.059421688318252563,0.37871065735816956,0.1449100524187088,0.7060198187828064,0.09721925854682922,0.16303874552249908,0.0926009938120842,0.6010792255401611,0.11185798794031143,0.11503297090530396,1.2614575624465942,0.614909827709198,0.03818824887275696,0.05055510997772217,-0.00046938657760620117,0.5470091700553894,0.0657416433095932,0.10982132703065872,0.06551814079284668,0.5574359893798828,0.030562788248062134,0.10542198270559311,0.09642283618450165,0.6054819822311401,0.10604916512966156,0.3313695192337036
1.67,0.0,0.00298,0.08618585020303726,0.46452441811561584,0.4370683431625366,0.41303277015686035,0.059421688318252563,0.37871065735816956,0.1449100524187088,0.7060198187828064,0.09721925854682922,0.16303874552249908,0.0926009938120842,0.6010792255401611,0.11185798794031143,0.11503297090530396,1.2614575624465942,0.614909827709198,0.03818824887275696,0.05055510997772217,-0.00046938657760620117,0.5470091700553894,0.0657416433095932,0.10982132703065872,0.06551814079284668,0.5574359893798828,0.030562788248062134,0.10542198270559311,0.09642283618450165,0.6054819822311401,0.10604916512966156,0.3313695192337036
1.68,0.0,0.00249,0.08618585020303726,0.46452441811561584,0.4370683431625366,0.41303277015686035,0.059421688318252563,0.37871065735816956,0.1449100524187088,0.7060198187828064,0.09721925854682922,0.16303874552249908,0.0926009938120842,0.6010792255401611,0.11185798794031143,0.11503297090530396,1.2614575624465942,0.614909827709198,0.03818824887275696,0.05055510997772217,-0.00046938657760620117,0.5470091700553894,0.0657416433095932,0.10982132703065872,0.06551814079284668,0.5574359893798828,0.030562788248062134,0.10542198270559311,0.09642283618450165,0.6054819822311401,0.10604916512966156,0.3313695192337036
1.69,0.0,0.00198,0.10084141790866852,0.46992504596710205,0.4431987702846527,0.41303277015686035,0.07455024123191833,0.38571494817733765,0.15906044840812683,0.7060198187828064,0.1153835728764534,0.17218329012393951,0.10600389540195465,0.6010792255401611,0.1451878398656845,0.12536972761154175,1.2708446979522705,0.614909827709198,0.04843553900718689,0.057798683643341064,-0.00370064377784729,0.5470091700553894,0.07482725381851196,0.1123073399066925,0.07310660183429718,0.5574359893798828,0.03569190204143524,0.11580314487218857,0.11042328178882599,0.6054819822311401,0.13005180656909943,0.33267682790756226
1.7,0.0,0.00143,0.10084141790866852,0.46992504596710205,0.4431987702846527,0.41303277015686035,0.07455024123191833,0.38571494817733765,0.15906044840812683,0.7060198187828064,0.1153835728764534,0.17218329012393951,0.10600389540195465,0.6010792255401611,0.1451878398656845,0.12536972761154175,1.2708446979522705,0.614909827709198,0.04843553900718689,0.057798683643341064,-0.00370064377784729,0.5470091700553894,0.07482725381851196,0.1123073399066925,0.07310660183429718,0.5574359893798828,0.03569190204143524,0.11580314487218857,0.11042328178882599,0.6054819822311401,0.13005180656909943,0.33267682790756226
1.71,0.0,0.0,0.10084141790866852,0.46992504596710205,0.4431987702846527,0.41303277015686035,0.07455024123191833,0.38571494817733765,0.15906044840812683,0.7060198187828064,0.1153835728764534,0.17218329012393951,0.10600389540195465,0.6010792255401611,0.1451878398656845,0.12536972761154175,1.2708446979522705,0.614909827709198,0.04843553900718689,0.057798683643341064,-0.00370064377784729,0.5470091700553894,0.07482725381851196,0.1123073399066925,0.07310660183429718,0.5574359893798828,0.03569190204143524,0.11580314487218857,0.11042328178882599,0.6054819822311401,0.13005180656909943,0.33267682790756226
1.72,0.0,0.0,0.10084141790866852,0.46992504596710205,0.4431987702846527,0.41303277015686035,0.07455024123191833,0.38571494817733765,0.15906044840812683,0.7060198187828064,0.1153835728764534,0.17218329012393951,0.10600389540195465,0.6010792255401611,0.1451878398656845,0.12536972761154175,1.2708446979522705,0.614909827709198,0.04843553900718689,0.057798683643341064,-0.00370064377784729,0.5470091700553894,0.07482725381851196,0.1123073399066925,0.07310660183429718,0.5574359893798828,0.03569190204143524,0.11580314487218857,0.11042328178882599,0.6054819822311401,0.13005180656909943,0.33267682790756226
1.73,0.0,0.0,0.10084141790866852,0.46992504596710205,0.4431987702846527,0.41303277015686035,0.07455024123191833,0.38571494817733765,0.15906044840812683,0.7060198187828064,0.1153835728764534,0.17218329012393951,0.10600389540195465,0.6010792255401611,0.1451878398656845,0.12536972761154175,1.2708446979522705,0.614909827709198,0.04843553900718689,0.057798683643341064,-0.00370064377784729,0.5470091700553894,0.07482725381851196,0.1123073399066925,0.07310660183429718,0.5574359893798828,0.03569190204143524,0.11580314487218857,0.11042328178882599,0.6054819822311401,0.13005180656909943,0.33267682790756226
1.74,0.0121,0.0,0.11687801033258438,0.47443464398384094,0.44854214787483215,0.41303277015686035,0.10133744776248932,0.39165228605270386,0.1716059148311615,0.7060198187828064,0.13573437929153442,0.18032793700695038,0.11916536092758179,0.6010792255401611,0.1809285581111908,0.13543172180652618,1.2798352241516113,0.614909827709198,0.05928400158882141,0.0632815957069397,0.004361003637313843,0.5470091700553894,0.08529523015022278,0.11518128961324692,0.08091944456100464,0.5574359893798828,0.04070788621902466,0.1258995234966278,0.12449242174625397,0.6054819822311401,0.15373964607715607,0.33342063426971436
1.75,0.01613,0.0,0.11687801033258438,0.47443464398384094,0.44854214787483215,0.41303277015686035,0.10133744776248932,0.39165228605270386,0.1716059148311615,0.7060198187828064,0.13573437929153442,0.18032793700695038,0.11916536092758179,0.6010792255401611,0.1809285581111908,0.13543172180652618,1.2798352241516113,0.614909827709198,0.05928400158882141,0.0632815957069397,0.004361003637313843,0.5470091700553894,0.08529523015022278,0.11518128961324692,0.08091944456100464,0.5574359893798828,0.04070788621902466,0.1258995234966278,0.12449242174625397,0.6054819822311401,0.15373964607715607,0.33342063426971436
1.76,0.02109,0.0,0.11687801033258438,0.47443464398384094,0.44854214787483215,0.41303277015686035,0.10133744776248932,0.39165228605270386,0.1716059148311615,0.7060198187828064,0.13573437929153442,0.18032793700695038,0.11916536092758179,0.6010792255401611,0.1809285581111908,0.13543172180652618,1.2798352241516113,0.614909827709198,0.05928400158882141,0.0632815957069397,0.004361003637313843,0.5470091700553894,0.08529523015022278,0.11518128961324692,0.08091944456100464,0.5574359893798828,0.04070788621902466,0.1258995234966278,0.12449242174625397,0.6054819822311401,0.15373964607715607,0.33342063426971436
1.77,0.02707,0.0,0.11687801033258438,0.47443464398384094,0.44854214787483215,0.41303277015686035,0.10133744776248932,0.39165228605270386,0.1716059148311615,0.7060198187828064,0.13573437929153442,0.18032793700695038,0.11916536092758179,0.6010792255401611,0.1809285581111908,0.13543172180652618,1.2798352241516113,0.614909827709198,0.05928400158882141,0.0632815957069397,0.004361003637313843,0.5470091700553894,0.08529523015022278,0.11518128961324692,0.08091944456100464,0.5574359893798828,0.04070788621902466,0.1258995234966278,0.12449242174625397,0.6054819822311401,0.15373964607715607,0.33342063426971436
1.78,0.03416,0.0,0.11687801033258438,0.47443464398384094,0.44854214787483215,0.41303277015686035,0.10133744776248932,0.39165228605270386,0.1716059148311615,0.7060198187828064,0.13573437929153442,0.18032793700695038,0.11916536092758179,0.6010792255401611,0.1809285581111908,0.13543172180652618,1.2798352241516113,0.614909827709198,0.05928400158882141,0.0632815957069397,0.004361003637313843,0.5470091700553894,0.08529523015022278,0.11518128961324692,0.08091944456100464,0.5574359893798828,0.04070788621902466,0.1258995234966278,0.12449242174625397,0.6054819822311401,0.15373964607715607,0.33342063426971436
1.79,0.04242,0.0,0.1458522230386734,0.48362359404563904,0.45544084906578064,0.41303277015686035,0.13734957575798035,0.4015239477157593,0.1862158179283142,0.7060198187828064,0.159892275929451,0.1918160766363144,0.1351684331893921,0.6010792255401611,0.21523140370845795,0.1481831669807434,1.2930545806884766,0.614909827709198,0.07280093431472778,0.07246819138526917,0.03278812766075134,0.5470091700553894,0.0982070118188858,0.12155690789222717,0.09098725020885468,0.5574359893798828,0.04785548150539398,0.13776925206184387,0.1404014527797699,0.6054819822311401,0.1757793426513672,0.3356654644012451
1.8,0.05193,0.0,0.1458522230386734,0.48362359404563904,0.45544084906578064,0.41303277015686035,0.13734957575798035,0.4015239477157593,0.1862158179283142,0.7060198187828064,0.159892275929451,0.1918160766363144,0.1351684331893921,0.6010792255401611,0.21523140370845795,0.1481831669807434,1.2930545806884766,0.614909827709198,0.07280093431472778,0.07246819138526917,0.03278812766075134,0.5470091700553894,0.0982070118188858,0.12155690789222717,0.09098725020885468,0.5574359893798828,0.04785548150539398,0.13776925206184387,0.1404014527797699,0.6054819822311401,0.1757793426513672,0.3356654644012451
1.81,0.06276,0.0,0.1458522230386734,0.48362359404563904,0.45544084906578064,0.41303277015686035,0.13734957575798035,0.4015239477157593,0.1862158179283142,0.7060198187828064,0.159892275929451,0.1918160766363144,0.1351684331893921,0.6010792255401611,0.21523140370845795,0.1481831669807434,1.2930545806884766,0.614909827709198,0.07280093431472778,0.07246819138526917,0.03278812766075134,0.5470091700553894,0.0982070118188858,0.12155690789222717,0.09098725020885468,0.5574359893798828,0.04785548150539398,0.13776925206184387,0.1404014527797699,0.6054819822311401,0.1757793426513672,0.3356654644012451
1.82,0.07496,0.0,0.1458522230386734,0.48362359404563904,0.45544084906578064,0.41303277015686035,0.13734957575798035,0.4015239477157593,0.1862158179283142,0.7060198187828064,0.159892275929451,0.1918160766363144,0.1351684331893921,0.6010792255401611,0.21523140370845795,0.1481831669807434,1.2930545806884766,0.614909827709198,0.07280093431472778,0.07246819138526917,0.03278812766075134,0.5470091700553894,0.0982070118188858,0.12155690789222717,0.09098725020885468,0.5574359893798828,0.04785548150539398,0.13776925206184387,0.1404014527797699,0.6054819822311401,0.1757793426513672,0.3356654644012451
1.83,0.08861,0.0,0.1458522230386734,0.48362359404563904,0.45544084906578064,0.41303277015686035,0.13734957575798035,0.4015239477157593,0.1862158179283142,0.7060198187828064,0.159892275929451,0.1918160766363144,0.1351684331893921,0.6010792255401611,0.21523140370845795,0.1481831669807434,1.2930545806884766,0.614909827709198,0.07280093431472778,0.07246819138526917,0.03278812766075134,0.5470091700553894,0.0982070118188858,0.12155690789222717,0.09098725020885468,0.5574359893798828,0.04785548150539398,0.13776925206184387,0.1404014527797699,0.6054819822311401,0.1757793426513672,0.3356654644012451
1.84,0.10374,0.0,0.2074945867061615,0.5411060452461243,0.482027530670166,0.41303277015686035,0.19221757352352142,0.4476781487464905,0.23021751642227173,0.7060198187828064,0.20902204513549805,0.23181940615177155,0.17459674179553986,0.6010792255401611,0.2733720541000366,0.186693012714386,1.347200632095337,0.614909827709198,0.1138814389705658,0.12255319952964783,0.10441984236240387,0.5470091700553894,0.13278010487556458,0.15177756547927856,0.12501190602779388,0.5574359893798828,0.07203324139118195,0.16837093234062195,0.17625683546066284,0.6054819822311401,0.21314674615859985,0.354634165763855
1.85,0.12041,0.0,0.2074945867061615,0.5411060452461243,0.482027530670166,0.41303277015686035,0.19221757352352142,0.4476781487464905,0.23021751642227173,0.7060198187828064,0.20902204513549805,0.23181940615177155,0.17459674179553986,0.6010792255401611,0.2733720541000366,0.186693012714386,1.347200632095337,0.614909827709198,0.1138814389705658,0.12255319952964783,0.10441984236240387,0.5470091700553894,0.13278010487556458,0.15177756547927856,0.12501190602779388,0.5574359893798828,0.07203324139118195,0.16837093234062195,0.17625683546066284,0.6054819822311401,0.21314674615859985,0.354634165763855
1.86,0.13865,0.0,0.2074945867061615,0.5411060452461243,0.482027530670166,0.41303277015686035,0.19221757352352142,0.4476781487464905,0.23021751642227173,0.7060198187828064,0.20902204513549805,0.23181940615177155,0.17459674179553986,0.6010792255401611,0.2733720541000366,0.186693012714386,1.347200632095337,0.614909827709198,0.1138814389705658,0.12255319952964783,0.10441984236240387,0.5470091700553894,0.13278010487556458,0.15177756547927856,0.12501190602779388,0.5574359893798828,0.07203324139118195,0.16837093234062195,0.17625683546066284,0.6054819822311401,0.21314674615859985,0.354634165763855
1.87,0.15849,0.0,0.2074945867061615,0.5411060452461243,0.482027530670166,0.41303277015686035,0.19221757352352142,0.4476781487464905,0.23021751642227173,0.7060198187828064,0.20902204513549805,0.23181940615177155,0.17459674179553986,0.6010792255401611,0.2733720541000366,0.186693012714386,1.347200632095337,0.614909827709198,0.1138814389705658,0.12255319952964783,0.10441984236240387,0.5470091700553894,0.13278010487556458,0.15177756547927856,0.12501190602779388,0.5574359893798828,0.07203324139118195,0.16837093234062195,0.17625683546066284,0.6054819822311401,0.21314674615859985,0.354634165763855
1.88,0.17557,0.0,0.2074945867061615,0.5411060452461243,0.482027530670166,0.41303277015686035,0.19221757352352142,0.4476781487464905,0.23021751642227173,0.7060198187828064,0.20902204513549805,0.23181940615177155,0.17459674179553986,0.6010792255401611,0.2733720541000366,0.186693012714386,1.347200632095337,0.614909827709198,0.1138814389705658,0.12255319952964783,0.10441984236240387,0.5470091700553894,0.13278010487556458,0.15177756547927856,0.12501190602779388,0.5574359893798828,0.07203324139118195,0.16837093234062195,0.17625683546066284,0.6054819822311401,0.21314674615859985,0.354634165763855
1.89,0.19834,0.0,0.29330793023109436,0.6465134024620056,0.5446192026138306,0.41303277015686035,0.27020013332366943,0.5349400043487549,0.30832013487815857,0.7060198187828064,0.286090612411499,0.30348527431488037,0.24673928320407867,0.6010792255401611,0.3642527461051941,0.2633361220359802,1.4571468830108643,0.614909827709198,0.19051983952522278,0.22496184706687927,0.22499364614486694,0.5470091700553894,0.20097467303276062,0.21587511897087097,0.20868773758411407,0.5574359893798828,0.12199324369430542,0.23032930493354797,0.24016307294368744,0.6054819822311401,0.28138747811317444,0.39566004276275635
1.9,0.22274,0.0,0.29330793023109436,0.6465134024620056,0.5446192026138306,0.41303277015686035,0.27020013332366943,0.5349400043487549,0.30832013487815857,0.7060198187828064,0.286090612411499,0.30348527431488037,0.24673928320407867,0.6010792255401611,0.3642527461051941,0.2633361220359802,1.4571468830108643,0.614909827709198,0.19051983952522278,0.22496184706687927,0.22499364614486694,0.5470091700553894,0.20097467303276062,0.21587511897087097,0.20868773758411407,0.5574359893798828,0.12199324369430542,0.23032930493354797,0.24016307294368744,0.6054819822311401,0.28138747811317444,0.39566004276275635
1.91,0.24878,0.0,0.29330793023109436,0.6465134024620056,0.5446192026138306,0.41303277015686035,0.27020013332366943,0.5349400043487549,0.30832013487815857,0.7060198187828064,0.286090612411499,0.30348527431488037,0.24673928320407867,0.6010792255401611,0.3642527461051941,0.2633361220359802,1.4571468830108643,0.614909827709198,0.19051983952522278,0.22496184706687927,0.22499364614486694,0.5470091700553894,0.20097467303276062,0.21587511897087097,0.20868773758411407,0.5574359893798828,0.12199324369430542,0.23032930493354797,0.24016307294368744,0.6054819822311401,0.28138747811317444,0.39566004276275635
1.92,0.28211,0.0,0.29330793023109436,0.6465134024620056,0.5446192026138306,0.41303277015686035,0.27020013332366943,0.5349400043487549,0.30832013487815857,0.7060198187828064,0.286090612411499,0.30348527431488037,0.24673928320407867,0.6010792255401611,0.3642527461051941,0.2633361220359802,1.4571468830108643,0.614909827709198,0.19051983952522278,0.22496184706687927,0.22499364614486694,0.5470091700553894,0.20097467303276062,0.21587511897087097,0.20868773758411407,0.5574359893798828,0.12199324369430542,0.23032930493354797,0.24016307294368744,0.6054819822311401,0.28138747811317444,0.39566004276275635
1.93,0.31168,0.0,0.29330793023109436,0.6465134024620056,0.5446192026138306,0.41303277015686035,0.27020013332366943,0.5349400043487549,0.30832013487815857,0.7060198187828064,0.286090612411499,0.30348527431488037,0.24673928320407867,0.6010792255401611,0.3642527461051941,0.2633361220359802,1.4571468830108643,0.614909827709198,0.19051983952522278,0.22496184706687927,0.22499364614486694,0.5470091700553894,0.20097467303276062,0.21587511897087097,0.20868773758411407,0.5574359893798828,0.12199324369430542,0.23032930493354797,0.24016307294368744,0.6054819822311401,0.28138747811317444,0.39566004276275635
1.94,0.34283,0.0,0.4272705018520355,0.8299011588096619,0.6479079127311707,0.41303277015686035,0.38695794343948364,0.6777355074882507,0.4291662871837616,0.7060198187828064,0.41224205493927,0.4228914678096771,0.3710079789161682,0.6010792255401611,0.5096475481987,0.3913451135158539,1.6428768634796143,0.614909827709198,0.31204473972320557,0.3738339841365814,0.36191657185554504,0.5470091700553894,0.31335073709487915,0.33000755310058594,0.3395114243030548,0.5574359893798828,0.2029145210981369,0.3355984389781952,0.3367723524570465,0.6054819822311401,0.3993000388145447,0.4620758295059204
1.95,0.3755,0.0,0.4272705018520355,0.8299011588096619,0.6479079127311707,0.41303277015686035,0.38695794343948364,0.6777355074882507,0.4291662871837616,0.7060198187828064,0.41224205493927,0.4228914678096771,0.3710079789161682,0.6010792255401611,0.5096475481987,0.3913451135158539,1.6428768634796143,0.614909827709198,0.31204473972320557,0.3738339841365814,0.36191657185554504,0.5470091700553894,0.31335073709487915,0.33000755310058594,0.3395114243030548,0.5574359893798828,0.2029145210981369,0.3355984389781952,0.3367723524570465,0.6054819822311401,0.3993000388145447,0.4620758295059204
1.96,0.40966,0.0,0.4272705018520355,0.8299011588096619,0.6479079127311707,0.41303277015686035,0.38695794343948364,0.6777355074882507,0.4291662871837616,0.7060198187828064,0.41224205493927,0.4228914678096771,0.3710079789161682,0.6010792255401611,0.5096475481987,0.3913451135158539,1.6428768634796143,0.614909827709198,0.31204473972320557,0.3738339841365814,0.36191657185554504,0.5470091700553894,0.31335073709487915,0.33000755310058594,0.3395114243030548,0.5574359893798828,0.2029145210981369,0.3355984389781952,0.3367723524570465,0.6054819822311401,0.3993000388145447,0.4620758295059204
1.97,0.44526,0.0,0.4272705018520355,0.8299011588096619,0.6479079127311707,0.41303277015686035,0.38695794343948364,0.6777355074882507,0.4291662871837616,0.7060198187828064,0.41224205493927,0.4228914678096771,0.3710079789161682,0.6010792255401611,0.5096475481987,0.3913451135158539,1.6428768634796143,0.614909827709198,0.31204473972320557,0.3738339841365814,0.36191657185554504,0.5470091700553894,0.31335073709487915,0.33000755310058594,0.3395114243030548,0.5574359893798828,0.2029145210981369,0.3355984389781952,0.3367723524570465,0.6054819822311401,0.3993000388145447,0.4620758295059204
1.98,0.48223,0.0,0.4272705018520355,0.8299011588096619,0.6479079127311707,0.41303277015686035,0.38695794343948364,0.6777355074882507,0.4291662871837616,0.7060198187828064,0.41224205493927,0.4228914678096771,0.3710079789161682,0.6010792255401611,0.5096475481987,0.3913451135158539,1.6428768634796143,0.614909827709198,0.31204473972320557,0.3738339841365814,0.36191657185554504,0.5470091700553894,0.31335073709487915,0.33000755310058594,0.3395114243030548,0.5574359893798828,0.2029145210981369,0.3355984389781952,0.3367723524570465,0.6054819822311401,0.3993000388145447,0.4620758295059204
1.99,0.52052,0.0,0.6007369756698608,1.1156036853790283,0.8180444836616516,0.41303277015686035,0.5536170601844788,0.8842228055000305,0.610106348991394,0.7060198187828064,0.6023052930831909,0.6132772564888,0.5650442242622375,0.6010792255401611,0.7262284755706787,0.5898832082748413,1.9127689599990845,0.614909827709198,0.49138036370277405,0.578797459602356,0.580346405506134,0.5470091700553894,0.49811309576034546,0.5205593705177307,0.5521056056022644,0.5574359893798828,0.3338854908943176,0.48957595229148865,0.49578627943992615,0.6054819822311401,0.5842395424842834,0.5619277954101562
2.0,0.56005,0.0,0.6007369756698608,1.1156036853790283,0.8180444836616516,0.41303277015686035,0.5536170601844788,0.8842228055000305,0.610106348991394,0.7060198187828064,0.6023052930831909,0.6132772564888,0.5650442242622375,0.6010792255401611,0.7262284755706787,0.5898832082748413,1.9127689599990845,0.614909827709198,0.49138036370277405,0.578797459602356,0.580346405506134,0.5470091700553894,0.49811309576034546,0.5205593705177307,0.5521056056022644,0.5574359893798828,0.3338854908943176,0.48957595229148865,0.49578627943992615,0.6054819822311401,0.5842395424842834,0.5619277954101562
2.01,0.5926,0.0,0.6007369756698608,1.1156036853790283,0.8180444836616516,0.41303277015686035,0.5536170601844788,0.8842228055000305,0.610106348991394,0.7060198187828064,0.6023052930831909,0.6132772564888,0.5650442242622375,0.6010792255401611,0.7262284755706787,0.5898832082748413,1.9127689599990845,0.614909827709198,0.49138036370277405,0.578797459602356,0.580346405506134,0.5470091700553894,0.49811309576034546,0.5205593705177307,0.5521056056022644,0.5574359893798828,0.3338854908943176,0.48957595229148865,0.49578627943992615,0.6054819822311401,0.5842395424842834,0.5619277954101562
2.02,0.64255,0.0,0.6007369756698608,1.1156036853790283,0.8180444836616516,0.41303277015686035,0.5536170601844788,0.8842228055000305,0.610106348991394,0.7060198187828064,0.6023052930831909,0.6132772564888,0.5650442242622375,0.6010792255401611,0.7262284755706787,0.5898832082748413,1.9127689599990845,0.614909827709198,0.49138036370277405,0.578797459602356,0.580346405506134,0.5470091700553894,0.49811309576034546,0.5205593705177307,0.5521056056022644,0.5574359893798828,0.3338854908943176,0.48957595229148865,0.49578627943992615,0.6054819822311401,0.5842395424842834,0.5619277954101562
2.03,0.67681,0.0,0.6007369756698608,1.1156036853790283,0.8180444836616516,0.41303277015686035,0.5536170601844788,0.8842228055000305,0.610106348991394,0.7060198187828064,0.6023052930831909,0.6132772564888,0.5650442242622375,0.6010792255401611,0.7262284755706787,0.5898832082748413,1.9127689599990845,0.614909827709198,0.49138036370277405,0.578797459602356,0.580346405506134,0.5470091700553894,0.49811309576034546,0.5205593705177307,0.5521056056022644,0.5574359893798828,0.3338854908943176,0.48957595229148865,0.49578627943992615,0.6054819822311401,0.5842395424842834,0.5619277954101562
2.04,0.72912,0.0,0.7649751305580139,1.4318102598190308,1.0206997394561768,0.5822926163673401,0.7397810220718384,1.0774812698364258,0.7908545732498169,0.8740561604499817,0.7992931008338928,0.8230795860290527,0.7907612323760986,0.8238714933395386,0.9492978453636169,0.813806414604187,2.1754894256591797,0.8272336721420288,0.7002733945846558,0.7655900716781616,0.8791903257369995,0.7432302832603455,0.7181896567344666,0.7482360601425171,0.7925010323524475,0.7727619409561157,0.5283765196800232,0.6718186736106873,0.6906949877738953,0.8438611030578613,0.8046106100082397,0.66622394323349
2.05,0.77373,0.0,0.7649751305580139,1.4318102598190308,1.0206997394561768,0.5822926163673401,0.7397810220718384,1.0774812698364258,0.7908545732498169,0.8740561604499817,0.7992931008338928,0.8230795860290527,0.7907612323760986,0.8238714933395386,0.9492978453636169,0.813806414604187,2.1754894256591797,0.8272336721420288,0.7002733945846558,0.7655900716781616,0.8791903257369995,0.7432302832603455,0.7181896567344666,0.7482360601425171,0.7925010323524475,0.7727619409561157,0.5283765196800232,0.6718186736106873,0.6906949877738953,0.8438611030578613,0.8046106100082397,0.66622394323349
2.06,0.8191,0.0,0.7649751305580139,1.4318102598190308,1.0206997394561768,0.5822926163673401,0.7397810220718384,1.0774812698364258,0.7908545732498169,0.8740561604499817,0.7992931008338928,0.8230795860290527,0.7907612323760986,0.8238714933395386,0.9492978453636169,0.813806414604187,2.1754894256591797,0.8272336721420288,0.7002733945846558,0.7655900716781616,0.8791903257369995,0.7432302832603455,0.7181896567344666,0.7482360601425171,0.7925010323524475,0.7727619409561157,0.5283765196800232,0.6718186736106873,0.6906949877738953,0.8438611030578613,0.8046106100082397,0.66622394323349
2.07,0.86518,0.0,0.7649751305580139,1.4318102598190308,1.0206997394561768,0.5822926163673401,0.7397810220718384,1.0774812698364258,0.7908545732498169,0.8740561604499817,0.7992931008338928,0.8230795860290527,0.7907612323760986,0.8238714933395386,0.9492978453636169,0.813806414604187,2.1754894256591797,0.8272336721420288,0.7002733945846558,0.7655900716781616,0.8791903257369995,0.7432302832603455,0.7181896567344666,0.7482360601425171,0.7925010323524475,0.7727619409561157,0.5283765196800232,0.6718186736106873,0.6906949877738953,0.8438611030578613,0.8046106100082397,0.66622394323349
2.08,0.91185,0.0,0.7649751305580139,1.4318102598190308,1.0206997394561768,0.5822926163673401,0.7397810220718384,1.0774812698364258,0.7908545732498169,0.8740561604499817,0.7992931008338928,0.8230795860290527,0.7907612323760986,0.8238714933395386,0.9492978453636169,0.813806414604187,2.1754894256591797,0.8272336721420288,0.7002733945846558,0.7655900716781616,0.8791903257369995,0.7432302832603455,0.7181896567344666,0.7482360601425171,0.7925010323524475,0.7727619409561157,0.5283765196800232,0.6718186736106873,0.6906949877738953,0.8438611030578613,0.8046106100082397,0.66622394323349
2.09,0.95907,0.0,0.9832572340965271,1.6829913854599,1.176569938659668,0.8746035099029541,0.9567261934280396,1.2322769165039062,0.9847619533538818,1.0374822616577148,1.0012261867523193,1.063907504081726,1.0342118740081787,1.045921802520752,1.1289753913879395,1.040732741355896,2.3970704078674316,1.0439170598983765,0.9305765628814697,0.9560307264328003,1.194509506225586,0.9277306199073792,0.9652091860771179,1.0006111860275269,1.0379295349121094,1.0097826719284058,0.8367695808410645,0.9066689014434814,0.9307305216789246,1.059478759765625,1.0426831245422363,0.7834317088127136
2.1,1.00675,0.0,0.9832572340965271,1.6829913854599,1.176569938659668,0.8746035099029541,0.9567261934280396,1.2322769165039062,0.9847619533538818,1.0374822616577148,1.0012261867523193,1.063907504081726,1.0342118740081787,1.045921802520752,1.1289753913879395,1.040732741355896,2.3970704078674316,1.0439170598983765,0.9305765628814697,0.9560307264328003,1.194509506225586,0.9277306199073792,0.9652091860771179,1.0006111860275269,1.0379295349121094,1.0097826719284058,0.8367695808410645,0.9066689014434814,0.9307305216789246,1.059478759765625,1.0426831245422363,0.7834317088127136
2.11,1.05482,0.0,0.9832572340965271,1.6829913854599,1.176569938659668,0.8746035099029541,0.9567261934280396,1.2322769165039062,0.9847619533538818,1.0374822616577148,1.0012261867523193,1.063907504081726,1.0342118740081787,1.045921802520752,1.1289753913879395,1.040732741355896,2.3970704078674316,1.0439170598983765,0.9305765628814697,0.9560307264328003,1.194509506225586,0.9277306199073792,0.9652091860771179,1.0006111860275269,1.0379295349121094,1.0097826719284058,0.8367695808410645,0.9066689014434814,0.9307305216789246,1.059478759765625,1.0426831245422363,0.7834317088127136
2.12,1.10319,0.0,0.9832572340965271,1.6829913854599,1.176569938659668,0.8746035099029541,0.9567261934280396,1.2322769165039062,0.9847619533538818,1.0374822616577148,1.0012261867523193,1.063907504081726,1.0342118740081787,1.045921802520752,1.1289753913879395,1.040732741355896,2.3970704078674316,1.0439170598983765,0.9305765628814697,0.9560307264328003,1.194509506225586,0.9277306199073792,0.9652091860771179,1.0006111860275269,1.0379295349121094,1.0097826719284058,0.8367695808410645,0.9066689014434814,0.9307305216789246,1.059478759765625,1.0426831245422363,0.7834317088127136
2.13,1.15183,0.0,0.9832572340965271,1.6829913854599,1.176569938659668,0.8746035099029541,0.9567261934280396,1.2322769165039062,0.9847619533538818,1.0374822616577148,1.0012261867523193,1.063907504081726,1.0342118740081787,1.045921802520752,1.1289753913879395,1.040732741355896,2.3970704078674316,1.0439170598983765,0.9305765628814697,0.9560307264328003,1.194509506225586,0.9277306199073792,0.9652091860771179,1.0006111860275269,1.0379295349121094,1.0097826719284058,0.8367695808410645,0.9066689014434814,0.9307305216789246,1.059478759765625,1.0426831245422363,0.7834317088127136
2.14,1.20066,0.0,1.228036880493164,1.7932779788970947,1.3236867189407349,1.1867958307266235,1.204315185546875,1.3843340873718262,1.1912078857421875,1.2080929279327393,1.2127580642700195,1.3115967512130737,1.2720158100128174,1.2700145244598389,1.314105749130249,1.27529776096344,2.568471908569336,1.2643743753433228,1.1799099445343018,1.1560174226760864,1.461923599243164,1.1138924360275269,1.2238116264343262,1.249556541442871,1.2797448635101318,1.2454957962036133,1.20213782787323,1.2201343774795532,1.1950428485870361,1.2624702453613281,1.3083595037460327,0.9257264733314514
2.15,1.24964,0.0,1.228036880493164,1.7932779788970947,1.3236867189407349,1.1867958307266235,1.204315185546875,1.3843340873718262,1.1912078857421875,1.2080929279327393,1.2127580642700195,1.3115967512130737,1.2720158100128174,1.2700145244598389,1.314105749130249,1.27529776096344,2.568471908569336,1.2643743753433228,1.1799099445343018,1.1560174226760864,1.461923599243164,1.1138924360275269,1.2238116264343262,1.249556541442871,1.2797448635101318,1.2454957962036133,1.20213782787323,1.2201343774795532,1.1950428485870361,1.2624702453613281,1.3083595037460327,0.9257264733314514
2.16,1.29871,0.0,1.228036880493164,1.7932779788970947,1.3236867189407349,1.1867958307266235,1.204315185546875,1.3843340873718262,1.1912078857421875,1.2080929279327393,1.2127580642700195,1.3115967512130737,1.2720158100128174,1.2700145244598389,1.314105749130249,1.27529776096344,2.568471908569336,1.2643743753433228,1.1799099445343018,1.1560174226760864,1.461923599243164,1.1138924360275269,1.2238116264343262,1.249556541442871,1.2797448635101318,1.2454957962036133,1.20213782787323,1.2201343774795532,1.1950428485870361,1.2624702453613281,1.3083595037460327,0.9257264733314514
2.17,1.34785,0.0,1.228036880493164,1.7932779788970947,1.3236867189407349,1.1867958307266235,1.204315185546875,1.3843340873718262,1.1912078857421875,1.2080929279327393,1.2127580642700195,1.3115967512130737,1.2720158100128174,1.2700145244598389,1.314105749130249,1.27529776096344,2.568471908569336,1.2643743753433228,1.1799099445343018,1.1560174226760864,1.461923599243164,1.1138924360275269,1.2238116264343262,1.249556541442871,1.2797448635101318,1.2454957962036133,1.20213782787323,1.2201343774795532,1.1950428485870361,1.2624702453613281,1.3083595037460327,0.9257264733314514
2.18,1.39701,0.0,1.228036880493164,1.7932779788970947,1.3236867189407349,1.1867958307266235,1.204315185546875,1.3843340873718262,1.1912078857421875,1.2080929279327393,1.2127580642700195,1.3115967512130737,1.2720158100128174,1.2700145244598389,1.314105749130249,1.27529776096344,2.568471908569336,1.2643743753433228,1.1799099445343018,1.1560174226760864,1.461923599243164,1.1138924360275269,1.2238116264343262,1.249556541442871,1.2797448635101318,1.2454957962036133,1.20213782787323,1.2201343774795532,1.1950428485870361,1.2624702453613281,1.3083595037460327,0.9257264733314514
2.19,1.44616,0.0,1.5193926095962524,1.8083463907241821,1.4817116260528564,1.4489187002182007,1.5005769729614258,1.5541648864746094,1.4217431545257568,1.4057883024215698,1.4900169372558594,1.557587742805481,1.5087707042694092,1.496748447418213,1.590371012687683,1.5231387615203857,2.728929042816162,1.4934875965118408,1.452199935913086,1.3645292520523071,1.6691529750823975,1.3093829154968262,1.4915494918823242,1.4912824630737305,1.5160988569259644,1.481762170791626,1.475454330444336,1.5463049411773682,1.4664756059646606,1.4718447923660278,1.625054955482483,1.1120660305023193
2.2,1.49528,0.0,1.5193926095962524,1.8083463907241821,1.4817116260528564,1.4489187002182007,1.5005769729614258,1.5541648864746094,1.4217431545257568,1.4057883024215698,1.4900169372558594,1.557587742805481,1.5087707042694092,1.496748447418213,1.590371012687683,1.5231387615203857,2.728929042816162,1.4934875965118408,1.452199935913086,1.3645292520523071,1.6691529750823975,1.3093829154968262,1.4915494918823242,1.4912824630737305,1.5160988569259644,1.481762170791626,1.475454330444336,1.5463049411773682,1.4664756059646606,1.4718447923660278,1.625054955482483,1.1120660305023193
2.21,1.54435,0.0,1.5193926095962524,1.8083463907241821,1.4817116260528564,1.4489187002182007,1.5005769729614258,1.5541648864746094,1.4217431545257568,1.4057883024215698,1.4900169372558594,1.557587742805481,1.5087707042694092,1.496748447418213,1.590371012687683,1.5231387615203857,2.728929042816162,1.4934875965118408,1.452199935913086,1.3645292520523071,1.6691529750823975,1.3093829154968262,1.4915494918823242,1.4912824630737305,1.5160988569259644,1.481762170791626,1.475454330444336,1.5463049411773682,1.4664756059646606,1.4718447923660278,1.625054955482483,1.1120660305023193
2.22,1.59336,0.0,1.5193926095962524,1.8083463907241821,1.4817116260528564,1.4489187002182007,1.5005769729614258,1.5541648864746094,1.4217431545257568,1.4057883024215698,1.4900169372558594,1.557587742805481,1.5087707042694092,1.496748447418213,1.590371012687683,1.5231387615203857,2.728929042816162,1.4934875965118408,1.452199935913086,1.3645292520523071,1.6691529750823975,1.3093829154968262,1.4915494918823242,1.4912824630737305,1.5160988569259644,1.481762170791626,1.475454330444336,1.5463049411773682,1.4664756059646606,1.4718447923660278,1.625054955482483,1.1120660305023193
2.23,1.64231,0.0,1.5193926095962524,1.8083463907241821,1.4817116260528564,1.4489187002182007,1.5005769729614258,1.5541648864746094,1.4217431545257568,1.4057883024215698,1.4900169372558594,1.557587742805481,1.5087707042694092,1.496748447418213,1.590371012687683,1.5231387615203857,2.728929042816162,1.4934875965118408,1.452199935913086,1.3645292520523071,1.6691529750823975,1.3093829154968262,1.4915494918823242,1.4912824630737305,1.5160988569259644,1.481762170791626,1.475454330444336,1.5463049411773682,1.4664756059646606,1.4718447923660278,1.625054955482483,1.1120660305023193
2.24,1.6912,0.0,1.8618241548538208,1.8204631805419922,1.6789956092834473,1.6834934949874878,1.8186781406402588,1.7750132083892822,1.6916829347610474,1.6640769243240356,1.8361786603927612,1.8126057386398315,1.7615163326263428,1.741758942604065,1.9460493326187134,1.8026460409164429,2.9253604412078857,1.7453444004058838,1.7258402109146118,1.5850803852081299,1.8593523502349854,1.522062063217163,1.7670471668243408,1.7333053350448608,1.7548494338989258,1.727257251739502,1.7002644538879395,1.802345871925354,1.7412961721420288,1.7012311220169067,1.9633976221084595,1.3535412549972534
2.25,1.74002,0.0,1.8618241548538208,1.8204631805419922,1.6789956092834473,1.6834934949874878,1.8186781406402588,1.7750132083892822,1.6916829347610474,1.6640769243240356,1.8361786603927612,1.8126057386398315,1.7615163326263428,1.741758942604065,1.9460493326187134,1.8026460409164429,2.9253604412078857,1.7453444004058838,1.7258402109146118,1.5850803852081299,1.8593523502349854,1.522062063217163,1.7670471668243408,1.7333053350448608,1.7548494338989258,1.727257251739502,1.7002644538879395,1.802345871925354,1.7412961721420288,1.7012311220169067,1.9633976221084595,1.3535412549972534
2.26,1.77913,0.0,1.8618241548538208,1.8204631805419922,1.6789956092834473,1.6834934949874878,1.8186781406402588,1.7750132083892822,1.6916829347610474,1.6640769243240356,1.8361786603927612,1.8126057386398315,1.7615163326263428,1.741758942604065,1.9460493326187134,1.8026460409164429,2.9253604412078857,1.7453444004058838,1.7258402109146118,1.5850803852081299,1.8593523502349854,1.522062063217163,1.7670471668243408,1.7333053350448608,1.7548494338989258,1.727257251739502,1.7002644538879395,1.802345871925354,1.7412961721420288,1.7012311220169067,1.9633976221084595,1.3535412549972534
2.27,1.83751,0.0,1.8618241548538208,1.8204631805419922,1.6789956092834473,1.6834934949874878,1.8186781406402588,1.7750132083892822,1.6916829347610474,1.6640769243240356,1.8361786603927612,1.8126057386398315,1.7615163326263428,1.741758942604065,1.9460493326187134,1.8026460409164429,2.9253604412078857,1.7453444004058838,1.7258402109146118,1.5850803852081299,1.8593523502349854,1.522062063217163,1.7670471668243408,1.7333053350448608,1.7548494338989258,1.727257251739502,1.7002644538879395,1.802345871925354,1.7412961721420288,1.7012311220169067,1.9633976221084595,1.3535412549972534
2.28,1.87659,0.0,1.8618241548538208,1.8204631805419922,1.6789956092834473,1.6834934949874878,1.8186781406402588,1.7750132083892822,1.6916829347610474,1.6640769243240356,1.8361786603927612,1.8126057386398315,1.7615163326263428,1.741758942604065,1.9460493326187134,1.8026460409164429,2.9253604412078857,1.7453444004058838,1.7258402109146118,1.5850803852081299,1.8593523502349854,1.522062063217163,1.7670471668243408,1.7333053350448608,1.7548494338989258,1.727257251739502,1.7002644538879395,1.802345871925354,1.7412961721420288,1.7012311220169067,1.9633976221084595,1.3535412549972534
2.29,1.93492,0.0,2.1059141159057617,1.9271823167800903,1.9157239198684692,1.882643699645996,2.080451726913452,2.0244181156158447,1.974377155303955,1.9539313316345215,2.1691806316375732,2.0451762676239014,2.008890151977539,1.9903287887573242,2.2911386489868164,2.0963051319122314,3.167172431945801,2.003330945968628,1.9799495935440063,1.7988262176513672,2.058495044708252,1.7492647171020508,2.0280086994171143,1.9684339761734009,1.9950186014175415,1.972854495048523,1.9166030883789062,2.0053658485412598,2.008164405822754,1.944802165031433,2.262742280960083,1.6450163125991821
2.3,1.974,0.0,2.1059141159057617,1.9271823167800903,1.9157239198684692,1.882643699645996,2.080451726913452,2.0244181156158447,1.974377155303955,1.9539313316345215,2.1691806316375732,2.0451762676239014,2.008890151977539,1.9903287887573242,2.2911386489868164,2.0963051319122314,3.167172431945801,2.003330945968628,1.9799495935440063,1.7988262176513672,2.058495044708252,1.7492647171020508,2.0280086994171143,1.9684339761734009,1.9950186014175415,1.972854495048523,1.9166030883789062,2.0053658485412598,2.008164405822754,1.944802165031433,2.262742280960083,1.6450163125991821
2.31,2.0324,0.0,2.1059141159057617,1.9271823167800903,1.9157239198684692,1.882643699645996,2.080451726913452,2.0244181156158447,1.974377155303955,1.9539313316345215,2.1691806316375732,2.0451762676239014,2.008890151977539,1.9903287887573242,2.2911386489868164,2.0963051319122314,3.167172431945801,2.003330945968628,1.9799495935440063,1.7988262176513672,2.058495044708252,1.7492647171020508,2.0280086994171143,1.9684339761734009,1.9950186014175415,1.972854495048523,1.9166030883789062,2.0053658485412598,2.008164405822754,1.944802165031433,2.262742280960083,1.6450163125991821
2.32,2.08122,0.0,2.1059141159057617,1.9271823167800903,1.9157239198684692,1.882643699645996,2.080451726913452,2.0244181156158447,1.974377155303955,1.9539313316345215,2.1691806316375732,2.0451762676239014,2.008890151977539,1.9903287887573242,2.2911386489868164,2.0963051319122314,3.167172431945801,2.003330945968628,1.9799495935440063,1.7988262176513672,2.058495044708252,1.7492647171020508,2.0280086994171143,1.9684339761734009,1.9950186014175415,1.972854495048523,1.9166030883789062,2.0053658485412598,2.008164405822754,1.944802165031433,2.262742280960083,1.6450163125991821
2.33,2.13014,0.0,2.1059141159057617,1.9271823167800903,1.9157239198684692,1.882643699645996,2.080451726913452,2.0244181156158447,1.974377155303955,1.9539313316345215,2.1691806316375732,2.0451762676239014,2.008890151977539,1.9903287887573242,2.2911386489868164,2.0963051319122314,3.167172431945801,2.003330945968628,1.9799495935440063,1.7988262176513672,2.058495044708252,1.7492647171020508,2.0280086994171143,1.9684339761734009,1.9950186014175415,1.972854495048523,1.9166030883789062,2.0053658485412598,2.008164405822754,1.944802165031433,2.262742280960083,1.6450163125991821
2.34,2.17916,0.0,2.369060754776001,2.2295005321502686,2.1898839473724365,2.0928428173065186,2.3512768745422363,2.2901101112365723,2.246835947036743,2.2560863494873047,2.472236156463623,2.260033130645752,2.2558577060699463,2.229658365249634,2.56054949760437,2.385688066482544,3.4453673362731934,2.256943702697754,2.213674306869507,2.005511522293091,2.269591808319092,1.9899208545684814,2.2717478275299072,2.1914329528808594,2.2231318950653076,2.212862730026245,2.1253979206085205,2.1862733364105225,2.2602148056030273,2.1888058185577393,2.5015177726745605,1.9684321880340576
2.35,2.22833,0.0,2.369060754776001,2.2295005321502686,2.1898839473724365,2.0928428173065186,2.3512768745422363,2.2901101112365723,2.246835947036743,2.2560863494873047,2.472236156463623,2.260033130645752,2.2558577060699463,2.229658365249634,2.56054949760437,2.385688066482544,3.4453673362731934,2.256943702697754,2.213674306869507,2.005511522293091,2.269591808319092,1.9899208545684814,2.2717478275299072,2.1914329528808594,2.2231318950653076,2.212862730026245,2.1253979206085205,2.1862733364105225,2.2602148056030273,2.1888058185577393,2.5015177726745605,1.9684321880340576
2.36,2.27766,0.0,2.369060754776001,2.2295005321502686,2.1898839473724365,2.0928428173065186,2.3512768745422363,2.2901101112365723,2.246835947036743,2.2560863494873047,2.472236156463623,2.260033130645752,2.2558577060699463,2.229658365249634,2.56054949760437,2.385688066482544,3.4453673362731934,2.256943702697754,2.213674306869507,2.005511522293091,2.269591808319092,1.9899208545684814,2.2717478275299072,2.1914329528808594,2.2231318950653076,2.212862730026245,2.1253979206085205,2.1862733364105225,2.2602148056030273,2.1888058185577393,2.5015177726745605,1.9684321880340576
2.37,2.32721,0.0,2.369060754776001,2.2295005321502686,2.1898839473724365,2.0928428173065186,2.3512768745422363,2.2901101112365723,2.246835947036743,2.2560863494873047,2.472236156463623,2.260033130645752,2.2558577060699463,2.229658365249634,2.56054949760437,2.385688066482544,3.4453673362731934,2.256943702697754,2.213674306869507,2.005511522293091,2.269591808319092,1.9899208545684814,2.2717478275299072,2.1914329528808594,2.2231318950653076,2.212862730026245,2.1253979206085205,2.1862733364105225,2.2602148056030273,2.1888058185577393,2.5015177726745605,1.9684321880340576
2.38,2.37688,0.0,2.369060754776001,2.2295005321502686,2.1898839473724365,2.0928428173065186,2.3512768745422363,2.2901101112365723,2.246835947036743,2.2560863494873047,2.472236156463623,2.260033130645752,2.2558577060699463,2.229658365249634,2.56054949760437,2.385688066482544,3.4453673362731934,2.256943702697754,2.213674306869507,2.005511522293091,2.269591808319092,1.9899208545684814,2.2717478275299072,2.1914329528808594,2.2231318950653076,2.212862730026245,2.1253979206085205,2.1862733364105225,2.2602148056030273,2.1888058185577393,2.5015177726745605,1.9684321880340576
2.39,2.42683,0.0,2.59324312210083,2.760295867919922,2.4753687381744385,2.3378796577453613,2.574127435684204,2.5638482570648193,2.5111193656921387,2.549116373062134,2.6721317768096924,2.483396291732788,2.508251667022705,2.46425724029541,2.723038911819458,2.654268503189087,3.7553820610046387,2.503307342529297,2.426285743713379,2.2354824542999268,2.5030007362365723,2.244544506072998,2.5088717937469482,2.4185867309570312,2.464730739593506,2.4582974910736084,2.3328137397766113,2.369001865386963,2.511198043823242,2.4374804496765137,2.6770644187927246,2.3071818351745605
2.4,2.47699,0.0,2.59324312210083,2.760295867919922,2.4753687381744385,2.3378796577453613,2.574127435684204,2.5638482570648193,2.5111193656921387,2.549116373062134,2.6721317768096924,2.483396291732788,2.508251667022705,2.46425724029541,2.723038911819458,2.654268503189087,3.7553820610046387,2.503307342529297,2.426285743713379,2.2354824542999268,2.5030007362365723,2.244544506072998,2.5088717937469482,2.4185867309570312,2.464730739593506,2.4582974910736084,2.3328137397766113,2.369001865386963,2.511198043823242,2.4374804496765137,2.6770644187927246,2.3071818351745605
2.41,2.52741,0.0,2.59324312210083,2.760295867919922,2.4753687381744385,2.3378796577453613,2.574127435684204,2.5638482570648193,2.5111193656921387,2.549116373062134,2.6721317768096924,2.483396291732788,2.508251667022705,2.46425724029541,2.723038911819458,2.654268503189087,3.7553820610046387,2.503307342529297,2.426285743713379,2.2354824542999268,2.5030007362365723,2.244544506072998,2.5088717937469482,2.4185867309570312,2.464730739593506,2.4582974910736084,2.3328137397766113,2.369001865386963,2.511198043823242,2.4374804496765137,2.6770644187927246,2.3071818351745605
2.42,2.57809,0.0,2.59324312210083,2.760295867919922,2.4753687381744385,2.3378796577453613,2.574127435684204,2.5638482570648193,2.5111193656921387,2.549116373062134,2.6721317768096924,2.483396291732788,2.508251667022705,2.46425724029541,2.723038911819458,2.654268503189087,3.7553820610046387,2.503307342529297,2.426285743713379,2.2354824542999268,2.5030007362365723,2.244544506072998,2.5088717937469482,2.4185867309570312,2.464730739593506,2.4582974910736084,2.3328137397766113,2.369001865386963,2.511198043823242,2.4374804496765137,2.6770644187927246,2.3071818351745605
2.43,2.62903,0.0,2.59324312210083,2.760295867919922,2.4753687381744385,2.3378796577453613,2.574127435684204,2.5638482570648193,2.5111193656921387,2.549116373062134,2.6721317768096924,2.483396291732788,2.508251667022705,2.46425724029541,2.723038911819458,2.654268503189087,3.7553820610046387,2.503307342529297,2.426285743713379,2.2354824542999268,2.5030007362365723,2.244544506072998,2.5088717937469482,2.4185867309570312,2.464730739593506,2.4582974910736084,2.3328137397766113,2.369001865386963,2.511198043823242,2.4374804496765137,2.6770644187927246,2.3071818351745605
2.44,2.68023,0.0,2.7819323539733887,3.2500088214874268,2.7862586975097656,2.619328498840332,2.757746934890747,2.8679842948913574,2.782487392425537,2.8341116905212402,2.8373050689697266,2.734379768371582,2.7743964195251465,2.724360466003418,2.874856472015381,2.90692138671875,4.120143890380859,2.754926919937134,2.6473937034606934,2.5018839836120605,2.763921022415161,2.5186731815338135,2.7584686279296875,2.6699745655059814,2.7423784732818604,2.720856189727783,2.5702967643737793,2.5720059871673584,2.7767224311828613,2.705470085144043,2.84804105758667,2.651841163635254
2.45,2.73168,0.0,2.7819323539733887,3.2500088214874268,2.7862586975097656,2.619328498840332,2.757746934890747,2.8679842948913574,2.782487392425537,2.8341116905212402,2.8373050689697266,2.734379768371582,2.7743964195251465,2.724360466003418,2.874856472015381,2.90692138671875,4.120143890380859,2.754926919937134,2.6473937034606934,2.5018839836120605,2.763921022415161,2.5186731815338135,2.7584686279296875,2.6699745655059814,2.7423784732818604,2.720856189727783,2.5702967643737793,2.5720059871673584,2.7767224311828613,2.705470085144043,2.84804105758667,2.651841163635254
2.46,2.7834,0.0,2.7819323539733887,3.2500088214874268,2.7862586975097656,2.619328498840332,2.757746934890747,2.8679842948913574,2.782487392425537,2.8341116905212402,2.8373050689697266,2.734379768371582,2.7743964195251465,2.724360466003418,2.874856472015381,2.90692138671875,4.120143890380859,2.754926919937134,2.6473937034606934,2.5018839836120605,2.763921022415161,2.5186731815338135,2.7584686279296875,2.6699745655059814,2.7423784732818604,2.720856189727783,2.5702967643737793,2.5720059871673584,2.7767224311828613,2.705470085144043,2.84804105758667,2.651841163635254
2.47,2.83535,0.0,2.7819323539733887,3.2500088214874268,2.7862586975097656,2.619328498840332,2.757746934890747,2.8679842948913574,2.782487392425537,2.8341116905212402,2.8373050689697266,2.734379768371582,2.7743964195251465,2.724360466003418,2.874856472015381,2.90692138671875,4.120143890380859,2.754926919937134,2.6473937034606934,2.5018839836120605,2.763921022415161,2.5186731815338135,2.7584686279296875,2.6699745655059814,2.7423784732818604,2.720856189727783,2.5702967643737793,2.5720059871673584,2.7767224311828613,2.705470085144043,2.84804105758667,2.651841163635254
2.48,2.88753,0.0,2.7819323539733887,3.2500088214874268,2.7862586975097656,2.619328498840332,2.757746934890747,2.8679842948913574,2.782487392425537,2.8341116905212402,2.8373050689697266,2.734379768371582,2.7743964195251465,2.724360466003418,2.874856472015381,2.90692138671875,4.120143890380859,2.754926919937134,2.6473937034606934,2.5018839836120605,2.763921022415161,2.5186731815338135,2.7584686279296875,2.6699745655059814,2.7423784732818604,2.720856189727783,2.5702967643737793,2.5720059871673584,2.7767224311828613,2.705470085144043,2.84804105758667,2.651841163635254
2.49,2.93993,0.0,3.055589199066162,3.464362144470215,3.1023285388946533,2.9080252647399902,2.985924005508423,3.1706182956695557,3.040530204772949,3.0709424018859863,3.038864850997925,2.985567808151245,3.0289182662963867,2.9921908378601074,3.072693109512329,3.130060911178589,4.541467189788818,3.0002307891845703,2.892789602279663,2.7816264629364014,3.034604549407959,2.801581621170044,3.0160105228424072,2.935404062271118,3.0330090522766113,2.985092878341675,2.8513197898864746,2.7998979091644287,3.0469372272491455,2.9800219535827637,3.079582691192627,2.9876248836517334
2.5,2.99251,0.0,3.055589199066162,3.464362144470215,3.1023285388946533,2.9080252647399902,2.985924005508423,3.1706182956695557,3.040530204772949,3.0709424018859863,3.038864850997925,2.985567808151245,3.0289182662963867,2.9921908378601074,3.072693109512329,3.130060911178589,4.541467189788818,3.0002307891845703,2.892789602279663,2.7816264629364014,3.034604549407959,2.801581621170044,3.0160105228424072,2.935404062271118,3.0330090522766113,2.985092878341675,2.8513197898864746,2.7998979091644287,3.0469372272491455,2.9800219535827637,3.079582691192627,2.9876248836517334
2.51,3.03481,0.0,3.055589199066162,3.464362144470215,3.1023285388946533,2.9080252647399902,2.985924005508423,3.1706182956695557,3.040530204772949,3.0709424018859863,3.038864850997925,2.985567808151245,3.0289182662963867,2.9921908378601074,3.072693109512329,3.130060911178589,4.541467189788818,3.0002307891845703,2.892789602279663,2.7816264629364014,3.034604549407959,2.801581621170044,3.0160105228424072,2.935404062271118,3.0330090522766113,2.985092878341675,2.8513197898864746,2.7998979091644287,3.0469372272491455,2.9800219535827637,3.079582691192627,2.9876248836517334
2.52,3.09817,0.0,3.055589199066162,3.464362144470215,3.1023285388946533,2.9080252647399902,2.985924005508423,3.1706182956695557,3.040530204772949,3.0709424018859863,3.038864850997925,2.985567808151245,3.0289182662963867,2.9921908378601074,3.072693109512329,3.130060911178589,4.541467189788818,3.0002307891845703,2.892789602279663,2.7816264629364014,3.034604549407959,2.801581621170044,3.0160105228424072,2.935404062271118,3.0330090522766113,2.985092878341675,2.8513197898864746,2.7998979091644287,3.0469372272491455,2.9800219535827637,3.079582691192627,2.9876248836517334
2.53,3.14068,0.0,3.055589199066162,3.464362144470215,3.1023285388946533,2.9080252647399902,2.985924005508423,3.1706182956695557,3.040530204772949,3.0709424018859863,3.038864850997925,2.985567808151245,3.0289182662963867,2.9921908378601074,3.072693109512329,3.130060911178589,4.541467189788818,3.0002307891845703,2.892789602279663,2.7816264629364014,3.034604549407959,2.801581621170044,3.0160105228424072,2.935404062271118,3.0330090522766113,2.985092878341675,2.8513197898864746,2.7998979091644287,3.0469372272491455,2.9800219535827637,3.079582691192627,2.9876248836517334
2.54,3.20429,0.0,3.2726171016693115,3.4565470218658447,3.4038140773773193,3.1978507041931152,3.227534532546997,3.441718101501465,3.2796006202697754,3.260638952255249,3.2635140419006348,3.238534450531006,3.2746613025665283,3.2540087699890137,3.30649471282959,3.3272082805633545,5.01457405090332,3.236668348312378,3.1461806297302246,3.063915967941284,3.2982900142669678,3.0867090225219727,3.2701199054718018,3.2022528648376465,3.309490203857422,3.243905782699585,3.1501975059509277,3.0500104427337646,3.313511610031128,3.2486796379089355,3.3460488319396973,3.3060340881347656
2.55,3.24692,0.0,3.2726171016693115,3.4565470218658447,3.4038140773773193,3.1978507041931152,3.227534532546997,3.441718101501465,3.2796006202697754,3.260638952255249,3.2635140419006348,3.238534450531006,3.2746613025665283,3.2540087699890137,3.30649471282959,3.3272082805633545,5.01457405090332,3.236668348312378,3.1461806297302246,3.063915967941284,3.2982900142669678,3.0867090225219727,3.2701199054718018,3.2022528648376465,3.309490203857422,3.243905782699585,3.1501975059509277,3.0500104427337646,3.313511610031128,3.2486796379089355,3.3460488319396973,3.3060340881347656
2.56,3.31064,0.0,3.2726171016693115,3.4565470218658447,3.4038140773773193,3.1978507041931152,3.227534532546997,3.441718101501465,3.2796006202697754,3.260638952255249,3.2635140419006348,3.238534450531006,3.2746613025665283,3.2540087699890137,3.30649471282959,3.3272082805633545,5.01457405090332,3.236668348312378,3.1461806297302246,3.063915967941284,3.2982900142669678,3.0867090225219727,3.2701199054718018,3.2022528648376465,3.309490203857422,3.243905782699585,3.1501975059509277,3.0500104427337646,3.313511610031128,3.2486796379089355,3.3460488319396973,3.3060340881347656
2.57,3.36381,0.0,3.2726171016693115,3.4565470218658447,3.4038140773773193,3.1978507041931152,3.227534532546997,3.441718101501465,3.2796006202697754,3.260638952255249,3.2635140419006348,3.238534450531006,3.2746613025665283,3.2540087699890137,3.30649471282959,3.3272082805633545,5.01457405090332,3.236668348312378,3.1461806297302246,3.063915967941284,3.2982900142669678,3.0867090225219727,3.2701199054718018,3.2022528648376465,3.309490203857422,3.243905782699585,3.1501975059509277,3.0500104427337646,3.313511610031128,3.2486796379089355,3.3460488319396973,3.3060340881347656
2.58,3.41695,0.0,3.2726171016693115,3.4565470218658447,3.4038140773773193,3.1978507041931152,3.227534532546997,3.441718101501465,3.2796006202697754,3.260638952255249,3.2635140419006348,3.238534450531006,3.2746613025665283,3.2540087699890137,3.30649471282959,3.3272082805633545,5.01457405090332,3.236668348312378,3.1461806297302246,3.063915967941284,3.2982900142669678,3.0867090225219727,3.2701199054718018,3.2022528648376465,3.309490203857422,3.243905782699585,3.1501975059509277,3.0500104427337646,3.313511610031128,3.2486796379089355,3.3460488319396973,3.3060340881347656
2.59,3.47002,0.0,3.5348284244537354,3.4034337997436523,3.652907371520996,3.4703283309936523,3.4865562915802,3.653911828994751,3.4993786811828613,3.4227848052978516,3.5192222595214844,3.4906108379364014,3.5075018405914307,3.49837064743042,3.552126884460449,3.505539894104004,5.510958194732666,3.4604685306549072,3.3935794830322266,3.3413186073303223,3.549253463745117,3.3627655506134033,3.5158159732818604,3.4616668224334717,3.5693535804748535,3.491582155227661,3.4374046325683594,3.3139495849609375,3.570614814758301,3.5039236545562744,3.6093454360961914,3.6025288105010986
2.6,3.52299,0.0,3.5348284244537354,3.4034337997436523,3.652907371520996,3.4703283309936523,3.4865562915802,3.653911828994751,3.4993786811828613,3.4227848052978516,3.5192222595214844,3.4906108379364014,3.5075018405914307,3.49837064743042,3.552126884460449,3.505539894104004,5.510958194732666,3.4604685306549072,3.3935794830322266,3.3413186073303223,3.549253463745117,3.3627655506134033,3.5158159732818604,3.4616668224334717,3.5693535804748535,3.491582155227661,3.4374046325683594,3.3139495849609375,3.570614814758301,3.5039236545562744,3.6093454360961914,3.6025288105010986
2.61,3.57584,0.0,3.5348284244537354,3.4034337997436523,3.652907371520996,3.4703283309936523,3.4865562915802,3.653911828994751,3.4993786811828613,3.4227848052978516,3.5192222595214844,3.4906108379364014,3.5075018405914307,3.49837064743042,3.552126884460449,3.505539894104004,5.510958194732666,3.4604685306549072,3.3935794830322266,3.3413186073303223,3.549253463745117,3.3627655506134033,3.5158159732818604,3.4616668224334717,3.5693535804748535,3.491582155227661,3.4374046325683594,3.3139495849609375,3.570614814758301,3.5039236545562744,3.6093454360961914,3.6025288105010986
2.62,3.62853,0.0,3.5348284244537354,3.4034337997436523,3.652907371520996,3.4703283309936523,3.4865562915802,3.653911828994751,3.4993786811828613,3.4227848052978516,3.5192222595214844,3.4906108379364014,3.5075018405914307,3.49837064743042,3.552126884460449,3.505539894104004,5.510958194732666,3.4604685306549072,3.3935794830322266,3.3413186073303223,3.549253463745117,3.3627655506134033,3.5158159732818604,3.4616668224334717,3.5693535804748535,3.491582155227661,3.4374046325683594,3.3139495849609375,3.570614814758301,3.5039236545562744,3.6093454360961914,3.6025288105010986
2.63,3.68104,0.0,3.5348284244537354,3.4034337997436523,3.652907371520996,3.4703283309936523,3.4865562915802,3.653911828994751,3.4993786811828613,3.4227848052978516,3.5192222595214844,3.4906108379364014,3.5075018405914307,3.49837064743042,3.552126884460449,3.505539894104004,5.510958194732666,3.4604685306549072,3.3935794830322266,3.3413186073303223,3.549253463745117,3.3627655506134033,3.5158159732818604,3.4616668224334717,3.5693535804748535,3.491582155227661,3.4374046325683594,3.3139495849609375,3.570614814758301,3.5039236545562744,3.6093454360961914,3.6025288105010986
2.64,3.73335,0.0,3.787318706512451,3.511133909225464,3.8621327877044678,3.731693983078003,3.745637893676758,3.8309121131896973,3.7191481590270996,3.6133415699005127,3.7806589603424072,3.752565860748291,3.742056131362915,3.7393276691436768,3.8093700408935547,3.6905453205108643,5.985630989074707,3.686471700668335,3.643723487854004,3.6148133277893066,3.789641857147217,3.630929946899414,3.7569966316223145,3.7175540924072266,3.8194565773010254,3.735788583755493,3.707204818725586,3.5874595642089844,3.8209657669067383,3.7519030570983887,3.8571670055389404,3.882465124130249
2.65,3.78544,0.0,3.787318706512451,3.511133909225464,3.8621327877044678,3.731693983078003,3.745637893676758,3.8309121131896973,3.7191481590270996,3.6133415699005127,3.7806589603424072,3.752565860748291,3.742056131362915,3.7393276691436768,3.8093700408935547,3.6905453205108643,5.985630989074707,3.686471700668335,3.643723487854004,3.6148133277893066,3.789641857147217,3.630929946899414,3.7569966316223145,3.7175540924072266,3.8194565773010254,3.735788583755493,3.707204818725586,3.5874595642089844,3.8209657669067383,3.7519030570983887,3.8571670055389404,3.882465124130249
2.66,3.8373,0.0,3.787318706512451,3.511133909225464,3.8621327877044678,3.731693983078003,3.745637893676758,3.8309121131896973,3.7191481590270996,3.6133415699005127,3.7806589603424072,3.752565860748291,3.742056131362915,3.7393276691436768,3.8093700408935547,3.6905453205108643,5.985630989074707,3.686471700668335,3.643723487854004,3.6148133277893066,3.789641857147217,3.630929946899414,3.7569966316223145,3.7175540924072266,3.8194565773010254,3.735788583755493,3.707204818725586,3.5874595642089844,3.8209657669067383,3.7519030570983887,3.8571670055389404,3.882465124130249
2.67,3.88892,0.0,3.787318706512451,3.511133909225464,3.8621327877044678,3.731693983078003,3.745637893676758,3.8309121131896973,3.7191481590270996,3.6133415699005127,3.7806589603424072,3.752565860748291,3.742056131362915,3.7393276691436768,3.8093700408935547,3.6905453205108643,5.985630989074707,3.686471700668335,3.643723487854004,3.6148133277893066,3.789641857147217,3.630929946899414,3.7569966316223145,3.7175540924072266,3.8194565773010254,3.735788583755493,3.707204818725586,3.5874595642089844,3.8209657669067383,3.7519030570983887,3.8571670055389404,3.882465124130249
2.68,3.94029,0.0,3.787318706512451,3.511133909225464,3.8621327877044678,3.731693983078003,3.745637893676758,3.8309121131896973,3.7191481590270996,3.6133415699005127,3.7806589603424072,3.752565860748291,3.742056131362915,3.7393276691436768,3.8093700408935547,3.6905453205108643,5.985630989074707,3.686471700668335,3.643723487854004,3.6148133277893066,3.789641857147217,3.630929946899414,3.7569966316223145,3.7175540924072266,3.8194565773010254,3.735788583755493,3.707204818725586,3.5874595642089844,3.8209657669067383,3.7519030570983887,3.8571670055389404,3.882465124130249
2.69,3.99139,0.0,4.019850254058838,3.8711769580841064,4.03870153427124,3.9701039791107178,3.9758505821228027,3.9849865436553955,3.9442083835601807,3.8373918533325195,4.01869535446167,4.016727924346924,3.973116397857666,3.969555139541626,4.051974773406982,3.8882577419281006,6.363027572631836,3.9153499603271484,3.8847596645355225,3.884025812149048,4.0259809494018555,3.8873291015625,3.990762233734131,3.9669573307037354,4.06313419342041,3.9774420261383057,3.958249092102051,3.8717429637908936,4.06593132019043,3.9924540519714355,4.082801818847656,4.151793479919434
2.7,4.04224,0.0,4.019850254058838,3.8711769580841064,4.03870153427124,3.9701039791107178,3.9758505821228027,3.9849865436553955,3.9442083835601807,3.8373918533325195,4.01869535446167,4.016727924346924,3.973116397857666,3.969555139541626,4.051974773406982,3.8882577419281006,6.363027572631836,3.9153499603271484,3.8847596645355225,3.884025812149048,4.0259809494018555,3.8873291015625,3.990762233734131,3.9669573307037354,4.06313419342041,3.9774420261383057,3.958249092102051,3.8717429637908936,4.06593132019043,3.9924540519714355,4.082801818847656,4.151793479919434
2.71,4.09283,0.0,4.019850254058838,3.8711769580841064,4.03870153427124,3.9701039791107178,3.9758505821228027,3.9849865436553955,3.9442083835601807,3.8373918533325195,4.01869535446167,4.016727924346924,3.973116397857666,3.969555139541626,4.051974773406982,3.8882577419281006,6.363027572631836,3.9153499603271484,3.8847596645355225,3.884025812149048,4.0259809494018555,3.8873291015625,3.990762233734131,3.9669573307037354,4.06313419342041,3.9774420261383057,3.958249092102051,3.8717429637908936,4.06593132019043,3.9924540519714355,4.082801818847656,4.151793479919434
2.72,4.14318,0.0,4.019850254058838,3.8711769580841064,4.03870153427124,3.9701039791107178,3.9758505821228027,3.9849865436553955,3.9442083835601807,3.8373918533325195,4.01869535446167,4.016727924346924,3.973116397857666,3.969555139541626,4.051974773406982,3.8882577419281006,6.363027572631836,3.9153499603271484,3.8847596645355225,3.884025812149048,4.0259809494018555,3.8873291015625,3.990762233734131,3.9669573307037354,4.06313419342041,3.9774420261383057,3.958249092102051,3.8717429637908936,4.06593132019043,3.9924540519714355,4.082801818847656,4.151793479919434
2.73,4.1933,0.0,4.019850254058838,3.8711769580841064,4.03870153427124,3.9701039791107178,3.9758505821228027,3.9849865436553955,3.9442083835601807,3.8373918533325195,4.01869535446167,4.016727924346924,3.973116397857666,3.969555139541626,4.051974773406982,3.8882577419281006,6.363027572631836,3.9153499603271484,3.8847596645355225,3.884025812149048,4.0259809494018555,3.8873291015625,3.990762233734131,3.9669573307037354,4.06313419342041,3.9774420261383057,3.958249092102051,3.8717429637908936,4.06593132019043,3.9924540519714355,4.082801818847656,4.151793479919434
2.74,4.24319,0.0,4.269073963165283,4.402303695678711,4.230969429016113,4.162070274353027,4.217246055603027,4.149913311004639,4.17521858215332,4.090799808502197,4.2699103355407715,4.28059720993042,4.2050700187683105,4.198455333709717,4.298233985900879,4.106626987457275,6.588670253753662,4.15413761138916,4.125201225280762,4.143527984619141,4.260197162628174,4.133988380432129,4.223724842071533,4.209926128387451,4.3000688552856445,4.214650630950928,4.202053546905518,4.171623706817627,4.305700302124023,4.228178977966309,4.314147472381592,4.418634414672852
2.75,4.29288,0.0,4.269073963165283,4.402303695678711,4.230969429016113,4.162070274353027,4.217246055603027,4.149913311004639,4.17521858215332,4.090799808502197,4.2699103355407715,4.28059720993042,4.2050700187683105,4.198455333709717,4.298233985900879,4.106626987457275,6.588670253753662,4.15413761138916,4.125201225280762,4.143527984619141,4.260197162628174,4.133988380432129,4.223724842071533,4.209926128387451,4.3000688552856445,4.214650630950928,4.202053546905518,4.171623706817627,4.305700302124023,4.228178977966309,4.314147472381592,4.418634414672852
2.76,4.33259,0.0,4.269073963165283,4.402303695678711,4.230969429016113,4.162070274353027,4.217246055603027,4.149913311004639,4.17521858215332,4.090799808502197,4.2699103355407715,4.28059720993042,4.2050700187683105,4.198455333709717,4.298233985900879,4.106626987457275,6.588670253753662,4.15413761138916,4.125201225280762,4.143527984619141,4.260197162628174,4.133988380432129,4.223724842071533,4.209926128387451,4.3000688552856445,4.214650630950928,4.202053546905518,4.171623706817627,4.305700302124023,4.228178977966309,4.314147472381592,4.418634414672852
2.77,4.39172,0.0,4.269073963165283,4.402303695678711,4.230969429016113,4.162070274353027,4.217246055603027,4.149913311004639,4.17521858215332,4.090799808502197,4.2699103355407715,4.28059720993042,4.2050700187683105,4.198455333709717,4.298233985900879,4.106626987457275,6.588670253753662,4.15413761138916,4.125201225280762,4.143527984619141,4.260197162628174,4.133988380432129,4.223724842071533,4.209926128387451,4.3000688552856445,4.214650630950928,4.202053546905518,4.171623706817627,4.305700302124023,4.228178977966309,4.314147472381592,4.418634414672852
2.78,4.43118,0.0,4.269073963165283,4.402303695678711,4.230969429016113,4.162070274353027,4.217246055603027,4.149913311004639,4.17521858215332,4.090799808502197,4.2699103355407715,4.28059720993042,4.2050700187683105,4.198455333709717,4.298233985900879,4.106626987457275,6.588670253753662,4.15413761138916,4.125201225280762,4.143527984619141,4.260197162628174,4.133988380432129,4.223724842071533,4.209926128387451,4.3000688552856445,4.214650630950928,4.202053546905518,4.171623706817627,4.305700302124023,4.228178977966309,4.314147472381592,4.418634414672852
2.79,4.49001,0.0,4.521463871002197,4.824092864990234,4.463194847106934,4.306558132171631,4.472476959228516,4.351569175720215,4.416769504547119,4.363712310791016,4.528771877288818,4.549256801605225,4.447781085968018,4.437432289123535,4.55855131149292,4.350119590759277,6.669936656951904,4.408120632171631,4.380795001983643,4.393507957458496,4.49809455871582,4.37662410736084,4.465296268463135,4.45347785949707,4.5389580726623535,4.455620765686035,4.445198059082031,4.487026691436768,4.547857761383057,4.466782569885254,4.564182281494141,4.691558361053467
2.8,4.52933,0.0,4.521463871002197,4.824092864990234,4.463194847106934,4.306558132171631,4.472476959228516,4.351569175720215,4.416769504547119,4.363712310791016,4.528771877288818,4.549256801605225,4.447781085968018,4.437432289123535,4.55855131149292,4.350119590759277,6.669936656951904,4.408120632171631,4.380795001983643,4.393507957458496,4.49809455871582,4.37662410736084,4.465296268463135,4.45347785949707,4.5389580726623535,4.455620765686035,4.445198059082031,4.487026691436768,4.547857761383057,4.466782569885254,4.564182281494141,4.691558361053467
2.81,4.58796,0.0,4.521463871002197,4.824092864990234,4.463194847106934,4.306558132171631,4.472476959228516,4.351569175720215,4.416769504547119,4.363712310791016,4.528771877288818,4.549256801605225,4.447781085968018,4.437432289123535,4.55855131149292,4.350119590759277,6.669936656951904,4.408120632171631,4.380795001983643,4.393507957458496,4.49809455871582,4.37662410736084,4.465296268463135,4.45347785949707,4.5389580726623535,4.455620765686035,4.445198059082031,4.487026691436768,4.547857761383057,4.466782569885254,4.564182281494141,4.691558361053467
2.82,4.63689,0.0,4.521463871002197,4.824092864990234,4.463194847106934,4.306558132171631,4.472476959228516,4.351569175720215,4.416769504547119,4.363712310791016,4.528771877288818,4.549256801605225,4.447781085968018,4.437432289123535,4.55855131149292,4.350119590759277,6.669936656951904,4.408120632171631,4.380795001983643,4.393507957458496,4.49809455871582,4.37662410736084,4.465296268463135,4.45347785949707,4.5389580726623535,4.455620765686035,4.445198059082031,4.487026691436768,4.547857761383057,4.466782569885254,4.564182281494141,4.691558361053467
2.83,4.68581,0.0,4.521463871002197,4.824092864990234,4.463194847106934,4.306558132171631,4.472476959228516,4.351569175720215,4.416769504547119,4.363712310791016,4.528771877288818,4.549256801605225,4.447781085968018,4.437432289123535,4.55855131149292,4.350119590759277,6.669936656951904,4.408120632171631,4.380795001983643,4.393507957458496,4.49809455871582,4.37662410736084,4.465296268463135,4.45347785949707,4.5389580726623535,4.455620765686035,4.445198059082031,4.487026691436768,4.547857761383057,4.466782569885254,4.564182281494141,4.691558361053467
2.84,4.73477,0.0,4.764923572540283,5.072966575622559,4.728540897369385,4.45763635635376,4.7310075759887695,4.600663661956787,4.670508861541748,4.648046016693115,4.791558265686035,4.822949409484863,4.70689058303833,4.699939250946045,4.825071334838867,4.619986534118652,6.671158313751221,4.679635047912598,4.646374702453613,4.6392083168029785,4.745053768157959,4.625822067260742,4.714014530181885,4.704363822937012,4.785295486450195,4.704553127288818,4.692626476287842,4.802730083465576,4.797030448913574,4.71464204788208,4.810970783233643,4.974696159362793
2.85,4.7838,0.0,4.764923572540283,5.072966575622559,4.728540897369385,4.45763635635376,4.7310075759887695,4.600663661956787,4.670508861541748,4.648046016693115,4.791558265686035,4.822949409484863,4.70689058303833,4.699939250946045,4.825071334838867,4.619986534118652,6.671158313751221,4.679635047912598,4.646374702453613,4.6392083168029785,4.745053768157959,4.625822067260742,4.714014530181885,4.704363822937012,4.785295486450195,4.704553127288818,4.692626476287842,4.802730083465576,4.797030448913574,4.71464204788208,4.810970783233643,4.974696159362793
2.86,4.8329,0.0,4.764923572540283,5.072966575622559,4.728540897369385,4.45763635635376,4.7310075759887695,4.600663661956787,4.670508861541748,4.648046016693115,4.791558265686035,4.822949409484863,4.70689058303833,4.699939250946045,4.825071334838867,4.619986534118652,6.671158313751221,4.679635047912598,4.646374702453613,4.6392083168029785,4.745053768157959,4.625822067260742,4.714014530181885,4.704363822937012,4.785295486450195,4.704553127288818,4.692626476287842,4.802730083465576,4.797030448913574,4.71464204788208,4.810970783233643,4.974696159362793
2.87,4.88213,0.0,4.764923572540283,5.072966575622559,4.728540897369385,4.45763635635376,4.7310075759887695,4.600663661956787,4.670508861541748,4.648046016693115,4.791558265686035,4.822949409484863,4.70689058303833,4.699939250946045,4.825071334838867,4.619986534118652,6.671158313751221,4.679635047912598,4.646374702453613,4.6392083168029785,4.745053768157959,4.625822067260742,4.714014530181885,4.704363822937012,4.785295486450195,4.704553127288818,4.692626476287842,4.802730083465576,4.797030448913574,4.71464204788208,4.810970783233643,4.974696159362793
2.88,4.93148,0.0,4.764923572540283,5.072966575622559,4.728540897369385,4.45763635635376,4.7310075759887695,4.600663661956787,4.670508861541748,4.648046016693115,4.791558265686035,4.822949409484863,4.70689058303833,4.699939250946045,4.825071334838867,4.619986534118652,6.671158313751221,4.679635047912598,4.646374702453613,4.6392083168029785,4.745053768157959,4.625822067260742,4.714014530181885,4.704363822937012,4.785295486450195,4.704553127288818,4.692626476287842,4.802730083465576,4.797030448913574,4.71464204788208,4.810970783233643,4.974696159362793
2.89,4.98099,0.0,4.990725994110107,5.168507099151611,4.980507850646973,4.646008491516113,4.965785026550293,4.8687262535095215,4.922268390655518,4.917943954467773,5.0395331382751465,5.079593658447266,4.967437267303467,4.972039222717285,5.075629234313965,4.901305198669434,6.667809009552002,4.9548869132995605,4.9074788093566895,4.873725414276123,4.995914936065674,4.881542205810547,4.959655284881592,4.957264423370361,5.031818866729736,4.9538679122924805,4.942782402038574,5.101520538330078,5.046876907348633,4.965351104736328,5.039371967315674,5.259927272796631
2.9,5.03069,0.0,4.990725994110107,5.168507099151611,4.980507850646973,4.646008491516113,4.965785026550293,4.8687262535095215,4.922268390655518,4.917943954467773,5.0395331382751465,5.079593658447266,4.967437267303467,4.972039222717285,5.075629234313965,4.901305198669434,6.667809009552002,4.9548869132995605,4.9074788093566895,4.873725414276123,4.995914936065674,4.881542205810547,4.959655284881592,4.957264423370361,5.031818866729736,4.9538679122924805,4.942782402038574,5.101520538330078,5.046876907348633,4.965351104736328,5.039371967315674,5.259927272796631
2.91,5.08053,0.0,4.990725994110107,5.168507099151611,4.980507850646973,4.646008491516113,4.965785026550293,4.8687262535095215,4.922268390655518,4.917943954467773,5.0395331382751465,5.079593658447266,4.967437267303467,4.972039222717285,5.075629234313965,4.901305198669434,6.667809009552002,4.9548869132995605,4.9074788093566895,4.873725414276123,4.995914936065674,4.881542205810547,4.959655284881592,4.957264423370361,5.031818866729736,4.9538679122924805,4.942782402038574,5.101520538330078,5.046876907348633,4.965351104736328,5.039371967315674,5.259927272796631
2.92,5.1306,0.0,4.990725994110107,5.168507099151611,4.980507850646973,4.646008491516113,4.965785026550293,4.8687262535095215,4.922268390655518,4.917943954467773,5.0395331382751465,5.079593658447266,4.967437267303467,4.972039222717285,5.075629234313965,4.901305198669434,6.667809009552002,4.9548869132995605,4.9074788093566895,4.873725414276123,4.995914936065674,4.881542205810547,4.959655284881592,4.957264423370361,5.031818866729736,4.9538679122924805,4.942782402038574,5.101520538330078,5.046876907348633,4.965351104736328,5.039371967315674,5.259927272796631
2.93,5.18087,0.0,4.990725994110107,5.168507099151611,4.980507850646973,4.646008491516113,4.965785026550293,4.8687262535095215,4.922268390655518,4.917943954467773,5.0395331382751465,5.079593658447266,4.967437267303467,4.972039222717285,5.075629234313965,4.901305198669434,6.667809009552002,4.9548869132995605,4.9074788093566895,4.873725414276123,4.995914936065674,4.881542205810547,4.959655284881592,4.957264423370361,5.031818866729736,4.9538679122924805,4.942782402038574,5.101520538330078,5.046876907348633,4.965351104736328,5.039371967315674,5.259927272796631
2.94,5.23135,0.0,5.233474254608154,5.278707027435303,5.195717811584473,4.882728576660156,5.212977886199951,5.136922836303711,5.172255992889404,5.176506996154785,5.2937912940979,5.323460578918457,5.228593826293945,5.246827602386475,5.326920986175537,5.187572479248047,6.721574783325195,5.228435039520264,5.171170234680176,5.107672691345215,5.250322341918945,5.1419901847839355,5.209542751312256,5.212836742401123,5.280837059020996,5.205136775970459,5.198482990264893,5.366662979125977,5.2983269691467285,5.218519687652588,5.269612789154053,5.532042026519775
2.95,5.28205,0.0,5.233474254608154,5.278707027435303,5.195717811584473,4.882728576660156,5.212977886199951,5.136922836303711,5.172255992889404,5.176506996154785,5.2937912940979,5.323460578918457,5.228593826293945,5.246827602386475,5.326920986175537,5.187572479248047,6.721574783325195,5.228435039520264,5.171170234680176,5.107672691345215,5.250322341918945,5.1419901847839355,5.209542751312256,5.212836742401123,5.280837059020996,5.205136775970459,5.198482990264893,5.366662979125977,5.2983269691467285,5.218519687652588,5.269612789154053,5.532042026519775
2.96,5.33296,0.0,5.233474254608154,5.278707027435303,5.195717811584473,4.882728576660156,5.212977886199951,5.136922836303711,5.172255992889404,5.176506996154785,5.2937912940979,5.323460578918457,5.228593826293945,5.246827602386475,5.326920986175537,5.187572479248047,6.721574783325195,5.228435039520264,5.171170234680176,5.107672691345215,5.250322341918945,5.1419901847839355,5.209542751312256,5.212836742401123,5.280837059020996,5.205136775970459,5.198482990264893,5.366662979125977,5.2983269691467285,5.218519687652588,5.269612789154053,5.532042026519775
2.97,5.38408,0.0,5.233474254608154,5.278707027435303,5.195717811584473,4.882728576660156,5.212977886199951,5.136922836303711,5.172255992889404,5.176506996154785,5.2937912940979,5.323460578918457,5.228593826293945,5.246827602386475,5.326920986175537,5.187572479248047,6.721574783325195,5.228435039520264,5.171170234680176,5.107672691345215,5.250322341918945,5.1419901847839355,5.209542751312256,5.212836742401123,5.280837059020996,5.205136775970459,5.198482990264893,5.366662979125977,5.2983269691467285,5.218519687652588,5.269612789154053,5.532042026519775
2.98,5.43539,0.0,5.233474254608154,5.278707027435303,5.195717811584473,4.882728576660156,5.212977886199951,5.136922836303711,5.172255992889404,5.176506996154785,5.2937912940979,5.323460578918457,5.228593826293945,5.246827602386475,5.326920986175537,5.187572479248047,6.721574783325195,5.228435039520264,5.171170234680176,5.107672691345215,5.250322341918945,5.1419901847839355,5.209542751312256,5.212836742401123,5.280837059020996,5.205136775970459,5.198482990264893,5.366662979125977,5.2983269691467285,5.218519687652588,5.269612789154053,5.532042026519775
2.99,5.48689,0.0,5.473258972167969,5.513784885406494,5.3935723304748535,5.166599273681641,5.462128639221191,5.402146339416504,5.426562786102295,5.439016819000244,5.547828197479248,5.5649847984313965,5.490163326263428,5.524916172027588,5.58308219909668,5.477417469024658,6.857698917388916,5.502490997314453,5.442045211791992,5.3512139320373535,5.510413646697998,5.406726360321045,5.465466499328613,5.47404670715332,5.536362648010254,5.461456298828125,5.460118293762207,5.594228744506836,5.553825378417969,5.477084636688232,5.511390209197998,5.779421329498291
3.0,5.53858,0.0,5.473258972167969,5.513784885406494,5.3935723304748535,5.166599273681641,5.462128639221191,5.402146339416504,5.426562786102295,5.439016819000244,5.547828197479248,5.5649847984313965,5.490163326263428,5.524916172027588,5.58308219909668,5.477417469024658,6.857698917388916,5.502490997314453,5.442045211791992,5.3512139320373535,5.510413646697998,5.406726360321045,5.465466499328613,5.47404670715332,5.536362648010254,5.461456298828125,5.460118293762207,5.594228744506836,5.553825378417969,5.477084636688232,5.511390209197998,5.779421329498291
3.01,5.58013,0.0,5.473258972167969,5.513784885406494,5.3935723304748535,5.166599273681641,5.462128639221191,5.402146339416504,5.426562786102295,5.439016819000244,5.547828197479248,5.5649847984313965,5.490163326263428,5.524916172027588,5.58308219909668,5.477417469024658,6.857698917388916,5.502490997314453,5.442045211791992,5.3512139320373535,5.510413646697998,5.406726360321045,5.465466499328613,5.47404670715332,5.536362648010254,5.461456298828125,5.460118293762207,5.594228744506836,5.553825378417969,5.477084636688232,5.511390209197998,5.779421329498291
3.02,5.64236,0.0,5.473258972167969,5.513784885406494,5.3935723304748535,5.166599273681641,5.462128639221191,5.402146339416504,5.426562786102295,5.439016819000244,5.547828197479248,5.5649847984313965,5.490163326263428,5.524916172027588,5.58308219909668,5.477417469024658,6.857698917388916,5.502490997314453,5.442045211791992,5.3512139320373535,5.510413646697998,5.406726360321045,5.465466499328613,5.47404670715332,5.536362648010254,5.461456298828125,5.460118293762207,5.594228744506836,5.553825378417969,5.477084636688232,5.511390209197998,5.779421329498291
3.03,5.68413,0.0,5.473258972167969,5.513784885406494,5.3935723304748535,5.166599273681641,5.462128639221191,5.402146339416504,5.426562786102295,5.439016819000244,5.547828197479248,5.5649847984313965,5.490163326263428,5.524916172027588,5.58308219909668,5.477417469024658,6.857698917388916,5.502490997314453,5.442045211791992,5.3512139320373535,5.510413646697998,5.406726360321045,5.465466499328613,5.47404670715332,5.536362648010254,5.461456298828125,5.460118293762207,5.594228744506836,5.553825378417969,5.477084636688232,5.511390209197998,5.779421329498291
3.04,5.74662,0.0,5.724246978759766,5.766539573669434,5.606337547302246,5.479305267333984,5.7171478271484375,5.659657001495361,5.682308197021484,5.703535556793213,5.8081254959106445,5.8028035163879395,5.746616363525391,5.799767017364502,5.8431243896484375,5.764495372772217,7.056543350219727,5.773109436035156,5.713270664215088,5.599884986877441,5.772010803222656,5.673821449279785,5.723689556121826,5.7376708984375,5.792719841003418,5.7181077003479,5.721959114074707,5.807095050811768,5.809298992156982,5.7380571365356445,5.760237693786621,6.001417636871338
3.05,5.78852,0.0,5.724246978759766,5.766539573669434,5.606337547302246,5.479305267333984,5.7171478271484375,5.659657001495361,5.682308197021484,5.703535556793213,5.8081254959106445,5.8028035163879395,5.746616363525391,5.799767017364502,5.8431243896484375,5.764495372772217,7.056543350219727,5.773109436035156,5.713270664215088,5.599884986877441,5.772010803222656,5.673821449279785,5.723689556121826,5.7376708984375,5.792719841003418,5.7181077003479,5.721959114074707,5.807095050811768,5.809298992156982,5.7380571365356445,5.760237693786621,6.001417636871338
3.06,5.85116,0.0,5.724246978759766,5.766539573669434,5.606337547302246,5.479305267333984,5.7171478271484375,5.659657001495361,5.682308197021484,5.703535556793213,5.8081254959106445,5.8028035163879395,5.746616363525391,5.799767017364502,5.8431243896484375,5.764495372772217,7.056543350219727,5.773109436035156,5.713270664215088,5.599884986877441,5.772010803222656,5.673821449279785,5.723689556121826,5.7376708984375,5.792719841003418,5.7181077003479,5.721959114074707,5.807095050811768,5.809298992156982,5.7380571365356445,5.760237693786621,6.001417636871338
3.07,5.89312,0.0,5.724246978759766,5.766539573669434,5.606337547302246,5.479305267333984,5.7171478271484375,5.659657001495361,5.682308197021484,5.703535556793213,5.8081254959106445,5.8028035163879395,5.746616363525391,5.799767017364502,5.8431243896484375,5.764495372772217,7.056543350219727,5.773109436035156,5.713270664215088,5.599884986877441,5.772010803222656,5.673821449279785,5.723689556121826,5.7376708984375,5.792719841003418,5.7181077003479,5.721959114074707,5.807095050811768,5.809298992156982,5.7380571365356445,5.760237693786621,6.001417636871338
3.08,5.95578,0.0,5.724246978759766,5.766539573669434,5.606337547302246,5.479305267333984,5.7171478271484375,5.659657001495361,5.682308197021484,5.703535556793213,5.8081254959106445,5.8028035163879395,5.746616363525391,5.799767017364502,5.8431243896484375,5.764495372772217,7.056543350219727,5.773109436035156,5.713270664215088,5.599884986877441,5.772010803222656,5.673821449279785,5.723689556121826,5.7376708984375,5.792719841003418,5.7181077003479,5.721959114074707,5.807095050811768,5.809298992156982,5.7380571365356445,5.760237693786621,6.001417636871338
3.09,6.00806,0.0,5.970154762268066,6.0100555419921875,5.852201461791992,5.800541400909424,5.9662322998046875,5.909067153930664,5.936300754547119,5.962122440338135,6.056128025054932,6.033262729644775,5.994725227355957,6.062335968017578,6.094777584075928,6.044383525848389,7.276434421539307,6.0361151695251465,5.981182098388672,5.850315570831299,6.030679225921631,5.940591812133789,5.979194164276123,5.998039722442627,6.04211950302124,5.971274375915527,5.980616092681885,6.017417907714844,6.060204982757568,5.996607303619385,6.013617515563965,6.206719398498535
3.1,6.06027,0.0,5.970154762268066,6.0100555419921875,5.852201461791992,5.800541400909424,5.9662322998046875,5.909067153930664,5.936300754547119,5.962122440338135,6.056128025054932,6.033262729644775,5.994725227355957,6.062335968017578,6.094777584075928,6.044383525848389,7.276434421539307,6.0361151695251465,5.981182098388672,5.850315570831299,6.030679225921631,5.940591812133789,5.979194164276123,5.998039722442627,6.04211950302124,5.971274375915527,5.980616092681885,6.017417907714844,6.060204982757568,5.996607303619385,6.013617515563965,6.206719398498535
3.11,6.11242,0.0,5.970154762268066,6.0100555419921875,5.852201461791992,5.800541400909424,5.9662322998046875,5.909067153930664,5.936300754547119,5.962122440338135,6.056128025054932,6.033262729644775,5.994725227355957,6.062335968017578,6.094777584075928,6.044383525848389,7.276434421539307,6.0361151695251465,5.981182098388672,5.850315570831299,6.030679225921631,5.940591812133789,5.979194164276123,5.998039722442627,6.04211950302124,5.971274375915527,5.980616092681885,6.017417907714844,6.060204982757568,5.996607303619385,6.013617515563965,6.206719398498535
3.12,6.16446,0.0,5.970154762268066,6.0100555419921875,5.852201461791992,5.800541400909424,5.9662322998046875,5.909067153930664,5.936300754547119,5.962122440338135,6.056128025054932,6.033262729644775,5.994725227355957,6.062335968017578,6.094777584075928,6.044383525848389,7.276434421539307,6.0361151695251465,5.981182098388672,5.850315570831299,6.030679225921631,5.940591812133789,5.979194164276123,5.998039722442627,6.04211950302124,5.971274375915527,5.980616092681885,6.017417907714844,6.060204982757568,5.996607303619385,6.013617515563965,6.206719398498535
3.13,6.21639,0.0,5.970154762268066,6.0100555419921875,5.852201461791992,5.800541400909424,5.9662322998046875,5.909067153930664,5.936300754547119,5.962122440338135,6.056128025054932,6.033262729644775,5.994725227355957,6.062335968017578,6.094777584075928,6.044383525848389,7.276434421539307,6.0361151695251465,5.981182098388672,5.850315570831299,6.030679225921631,5.940591812133789,5.979194164276123,5.998039722442627,6.04211950302124,5.971274375915527,5.980616092681885,6.017417907714844,6.060204982757568,5.996607303619385,6.013617515563965,6.206719398498535
3.14,6.26818,0.0,6.213594436645508,6.228693962097168,6.121616363525391,6.099932670593262,6.218637466430664,6.1421942710876465,6.181439399719238,6.20188045501709,6.302672386169434,6.25611686706543,6.228421211242676,6.303312301635742,6.341881275177002,6.308205604553223,7.469324111938477,6.282526016235352,6.238457202911377,6.0955939292907715,6.280589580535889,6.1950178146362305,6.226484775543213,6.246716022491455,6.283749580383301,6.214391708374023,6.231530666351318,6.2366862297058105,6.301313877105713,6.24629020690918,6.272097110748291,6.417515754699707
3.15,6.31982,0.0,6.213594436645508,6.228693962097168,6.121616363525391,6.099932670593262,6.218637466430664,6.1421942710876465,6.181439399719238,6.20188045501709,6.302672386169434,6.25611686706543,6.228421211242676,6.303312301635742,6.341881275177002,6.308205604553223,7.469324111938477,6.282526016235352,6.238457202911377,6.0955939292907715,6.280589580535889,6.1950178146362305,6.226484775543213,6.246716022491455,6.283749580383301,6.214391708374023,6.231530666351318,6.2366862297058105,6.301313877105713,6.24629020690918,6.272097110748291,6.417515754699707
3.16,6.37129,0.0,6.213594436645508,6.228693962097168,6.121616363525391,6.099932670593262,6.218637466430664,6.1421942710876465,6.181439399719238,6.20188045501709,6.302672386169434,6.25611686706543,6.228421211242676,6.303312301635742,6.341881275177002,6.308205604553223,7.469324111938477,6.282526016235352,6.238457202911377,6.0955939292907715,6.280589580535889,6.1950178146362305,6.226484775543213,6.246716022491455,6.283749580383301,6.214391708374023,6.231530666351318,6.2366862297058105,6.301313877105713,6.24629020690918,6.272097110748291,6.417515754699707
3.17,6.42259,0.0,6.213594436645508,6.228693962097168,6.121616363525391,6.099932670593262,6.218637466430664,6.1421942710876465,6.181439399719238,6.20188045501709,6.302672386169434,6.25611686706543,6.228421211242676,6.303312301635742,6.341881275177002,6.308205604553223,7.469324111938477,6.282526016235352,6.238457202911377,6.0955939292907715,6.280589580535889,6.1950178146362305,6.226484775543213,6.246716022491455,6.283749580383301,6.214391708374023,6.231530666351318,6.2366862297058105,6.301313877105713,6.24629020690918,6.272097110748291,6.417515754699707
3.18,6.47371,0.0,6.213594436645508,6.228693962097168,6.121616363525391,6.099932670593262,6.218637466430664,6.1421942710876465,6.181439399719238,6.20188045501709,6.302672386169434,6.25611686706543,6.228421211242676,6.303312301635742,6.341881275177002,6.308205604553223,7.469324111938477,6.282526016235352,6.238457202911377,6.0955939292907715,6.280589580535889,6.1950178146362305,6.226484775543213,6.246716022491455,6.283749580383301,6.214391708374023,6.231530666351318,6.2366862297058105,6.301313877105713,6.24629020690918,6.272097110748291,6.417515754699707
3.19,6.52464,0.0,6.470080852508545,6.436128616333008,6.3979105949401855,6.395060062408447,6.479875564575195,6.3893723487854,6.440174102783203,6.45216178894043,6.557827472686768,6.496395111083984,6.4706315994262695,6.542694568634033,6.594327926635742,6.569640159606934,7.625871181488037,6.52608060836792,6.492547035217285,6.342275619506836,6.527156829833984,6.441948890686035,6.47851037979126,6.494215488433838,6.527066707611084,6.4593000411987305,6.481966018676758,6.47508430480957,6.542152404785156,6.495247840881348,6.534657955169678,6.679011344909668
3.2,6.5754,0.0,6.470080852508545,6.436128616333008,6.3979105949401855,6.395060062408447,6.479875564575195,6.3893723487854,6.440174102783203,6.45216178894043,6.557827472686768,6.496395111083984,6.4706315994262695,6.542694568634033,6.594327926635742,6.569640159606934,7.625871181488037,6.52608060836792,6.492547035217285,6.342275619506836,6.527156829833984,6.441948890686035,6.47851037979126,6.494215488433838,6.527066707611084,6.4593000411987305,6.481966018676758,6.47508430480957,6.542152404785156,6.495247840881348,6.534657955169678,6.679011344909668
3.21,6.62596,0.0,6.470080852508545,6.436128616333008,6.3979105949401855,6.395060062408447,6.479875564575195,6.3893723487854,6.440174102783203,6.45216178894043,6.557827472686768,6.496395111083984,6.4706315994262695,6.542694568634033,6.594327926635742,6.569640159606934,7.625871181488037,6.52608060836792,6.492547035217285,6.342275619506836,6.527156829833984,6.441948890686035,6.47851037979126,6.494215488433838,6.527066707611084,6.4593000411987305,6.481966018676758,6.47508430480957,6.542152404785156,6.495247840881348,6.534657955169678,6.679011344909668
3.22,6.67635,0.0,6.470080852508545,6.436128616333008,6.3979105949401855,6.395060062408447,6.479875564575195,6.3893723487854,6.440174102783203,6.45216178894043,6.557827472686768,6.496395111083984,6.4706315994262695,6.542694568634033,6.594327926635742,6.569640159606934,7.625871181488037,6.52608060836792,6.492547035217285,6.342275619506836,6.527156829833984,6.441948890686035,6.47851037979126,6.494215488433838,6.527066707611084,6.4593000411987305,6.481966018676758,6.47508430480957,6.542152404785156,6.495247840881348,6.534657955169678,6.679011344909668
3.23,6.72658,0.0,6.470080852508545,6.436128616333008,6.3979105949401855,6.395060062408447,6.479875564575195,6.3893723487854,6.440174102783203,6.45216178894043,6.557827472686768,6.496395111083984,6.4706315994262695,6.542694568634033,6.594327926635742,6.569640159606934,7.625871181488037,6.52608060836792,6.492547035217285,6.342275619506836,6.527156829833984,6.441948890686035,6.47851037979126,6.494215488433838,6.527066707611084,6.4593000411987305,6.481966018676758,6.47508430480957,6.542152404785156,6.495247840881348,6.534657955169678,6.679011344909668
3.24,6.77666,0.0,6.724942207336426,6.634166717529297,6.667759418487549,6.680385589599609,6.744167327880859,6.666421413421631,6.724081039428711,6.723076820373535,6.814947128295898,6.762073993682861,6.732643127441406,6.802120208740234,6.851429462432861,6.837940692901611,7.75558614730835,6.779603481292725,6.74976921081543,6.596251010894775,6.779479026794434,6.692873954772949,6.738717079162598,6.752591133117676,6.787256240844727,6.713630676269531,6.739634990692139,6.733092308044434,6.796652317047119,6.753599166870117,6.799037933349609,6.993410587310791
3.25,6.82661,0.0,6.724942207336426,6.634166717529297,6.667759418487549,6.680385589599609,6.744167327880859,6.666421413421631,6.724081039428711,6.723076820373535,6.814947128295898,6.762073993682861,6.732643127441406,6.802120208740234,6.851429462432861,6.837940692901611,7.75558614730835,6.779603481292725,6.74976921081543,6.596251010894775,6.779479026794434,6.692873954772949,6.738717079162598,6.752591133117676,6.787256240844727,6.713630676269531,6.739634990692139,6.733092308044434,6.796652317047119,6.753599166870117,6.799037933349609,6.993410587310791
3.26,6.86658,0.0,6.724942207336426,6.634166717529297,6.667759418487549,6.680385589599609,6.744167327880859,6.666421413421631,6.724081039428711,6.723076820373535,6.814947128295898,6.762073993682861,6.732643127441406,6.802120208740234,6.851429462432861,6.837940692901611,7.75558614730835,6.779603481292725,6.74976921081543,6.596251010894775,6.779479026794434,6.692873954772949,6.738717079162598,6.752591133117676,6.787256240844727,6.713630676269531,6.739634990692139,6.733092308044434,6.796652317047119,6.753599166870117,6.799037933349609,6.993410587310791
3.27,6.92616,0.0,6.724942207336426,6.634166717529297,6.667759418487549,6.680385589599609,6.744167327880859,6.666421413421631,6.724081039428711,6.723076820373535,6.814947128295898,6.762073993682861,6.732643127441406,6.802120208740234,6.851429462432861,6.837940692901611,7.75558614730835,6.779603481292725,6.74976921081543,6.596251010894775,6.779479026794434,6.692873954772949,6.738717079162598,6.752591133117676,6.787256240844727,6.713630676269531,6.739634990692139,6.733092308044434,6.796652317047119,6.753599166870117,6.799037933349609,6.993410587310791
3.28,6.96599,0.0,6.724942207336426,6.634166717529297,6.667759418487549,6.680385589599609,6.744167327880859,6.666421413421631,6.724081039428711,6.723076820373535,6.814947128295898,6.762073993682861,6.732643127441406,6.802120208740234,6.851429462432861,6.837940692901611,7.75558614730835,6.779603481292725,6.74976921081543,6.596251010894775,6.779479026794434,6.692873954772949,6.738717079162598,6.752591133117676,6.787256240844727,6.713630676269531,6.739634990692139,6.733092308044434,6.796652317047119,6.753599166870117,6.799037933349609,6.993410587310791
3.29,7.02543,0.0,6.985225200653076,6.873073101043701,6.9415388107299805,6.95992374420166,7.014064788818359,6.97663688659668,7.025084972381592,7.010265350341797,7.078218936920166,7.042537212371826,7.0132646560668945,7.084951877593994,7.10991096496582,7.119333744049072,7.8804497718811035,7.050023078918457,7.008349418640137,6.858567714691162,7.03595495223999,6.953841209411621,7.003796100616455,7.021904945373535,7.055643558502197,6.976994514465332,7.0061774253845215,7.01353120803833,7.063802242279053,7.021669387817383,7.067972660064697,7.276406288146973
3.3,7.06522,0.0,6.985225200653076,6.873073101043701,6.9415388107299805,6.95992374420166,7.014064788818359,6.97663688659668,7.025084972381592,7.010265350341797,7.078218936920166,7.042537212371826,7.0132646560668945,7.084951877593994,7.10991096496582,7.119333744049072,7.8804497718811035,7.050023078918457,7.008349418640137,6.858567714691162,7.03595495223999,6.953841209411621,7.003796100616455,7.021904945373535,7.055643558502197,6.976994514465332,7.0061774253845215,7.01353120803833,7.063802242279053,7.021669387817383,7.067972660064697,7.276406288146973
3.31,7.12463,0.0,6.985225200653076,6.873073101043701,6.9415388107299805,6.95992374420166,7.014064788818359,6.97663688659668,7.025084972381592,7.010265350341797,7.078218936920166,7.042537212371826,7.0132646560668945,7.084951877593994,7.10991096496582,7.119333744049072,7.8804497718811035,7.050023078918457,7.008349418640137,6.858567714691162,7.03595495223999,6.953841209411621,7.003796100616455,7.021904945373535,7.055643558502197,6.976994514465332,7.0061774253845215,7.01353120803833,7.063802242279053,7.021669387817383,7.067972660064697,7.276406288146973
3.32,7.16444,0.0,6.985225200653076,6.873073101043701,6.9415388107299805,6.95992374420166,7.014064788818359,6.97663688659668,7.025084972381592,7.010265350341797,7.078218936920166,7.042537212371826,7.0132646560668945,7.084951877593994,7.10991096496582,7.119333744049072,7.8804497718811035,7.050023078918457,7.008349418640137,6.858567714691162,7.03595495223999,6.953841209411621,7.003796100616455,7.021904945373535,7.055643558502197,6.976994514465332,7.0061774253845215,7.01353120803833,7.063802242279053,7.021669387817383,7.067972660064697,7.276406288146973
3.33,7.22398,0.0,6.985225200653076,6.873073101043701,6.9415388107299805,6.95992374420166,7.014064788818359,6.97663688659668,7.025084972381592,7.010265350341797,7.078218936920166,7.042537212371826,7.0132646560668945,7.084951877593994,7.10991096496582,7.119333744049072,7.8804497718811035,7.050023078918457,7.008349418640137,6.858567714691162,7.03595495223999,6.953841209411621,7.003796100616455,7.021904945373535,7.055643558502197,6.976994514465332,7.0061774253845215,7.01353120803833,7.063802242279053,7.021669387817383,7.067972660064697,7.276406288146973
3.34,7.27379,0.0,7.251888275146484,7.162888526916504,7.219045162200928,7.254230976104736,7.290882110595703,7.306641101837158,7.33319091796875,7.301087379455566,7.350809097290039,7.32724666595459,7.306624889373779,7.382782936096191,7.375403881072998,7.411040782928467,8.022119522094727,7.330832481384277,7.274744033813477,7.133099555969238,7.299227714538574,7.231403350830078,7.281036376953125,7.302713394165039,7.329693794250488,7.250396728515625,7.283960342407227,7.313304424285889,7.343352794647217,7.29947566986084,7.351491451263428,7.5008320808410645
3.35,7.32374,0.0,7.251888275146484,7.162888526916504,7.219045162200928,7.254230976104736,7.290882110595703,7.306641101837158,7.33319091796875,7.301087379455566,7.350809097290039,7.32724666595459,7.306624889373779,7.382782936096191,7.375403881072998,7.411040782928467,8.022119522094727,7.330832481384277,7.274744033813477,7.133099555969238,7.299227714538574,7.231403350830078,7.281036376953125,7.302713394165039,7.329693794250488,7.250396728515625,7.283960342407227,7.313304424285889,7.343352794647217,7.29947566986084,7.351491451263428,7.5008320808410645
3.36,7.37383,0.0,7.251888275146484,7.162888526916504,7.219045162200928,7.254230976104736,7.290882110595703,7.306641101837158,7.33319091796875,7.301087379455566,7.350809097290039,7.32724666595459,7.306624889373779,7.382782936096191,7.375403881072998,7.411040782928467,8.022119522094727,7.330832481384277,7.274744033813477,7.133099555969238,7.299227714538574,7.231403350830078,7.281036376953125,7.302713394165039,7.329693794250488,7.250396728515625,7.283960342407227,7.313304424285889,7.343352794647217,7.29947566986084,7.351491451263428,7.5008320808410645
3.37,7.42425,0.0,7.251888275146484,7.162888526916504,7.219045162200928,7.254230976104736,7.290882110595703,7.306641101837158,7.33319091796875,7.301087379455566,7.350809097290039,7.32724666595459,7.306624889373779,7.382782936096191,7.375403881072998,7.411040782928467,8.022119522094727,7.330832481384277,7.274744033813477,7.133099555969238,7.299227714538574,7.231403350830078,7.281036376953125,7.302713394165039,7.329693794250488,7.250396728515625,7.283960342407227,7.313304424285889,7.343352794647217,7.29947566986084,7.351491451263428,7.5008320808410645
3.38,7.47461,0.0,7.251888275146484,7.162888526916504,7.219045162200928,7.254230976104736,7.290882110595703,7.306641101837158,7.33319091796875,7.301087379455566,7.350809097290039,7.32724666595459,7.306624889373779,7.382782936096191,7.375403881072998,7.411040782928467,8.022119522094727,7.330832481384277,7.274744033813477,7.133099555969238,7.299227714538574,7.231403350830078,7.281036376953125,7.302713394165039,7.329693794250488,7.250396728515625,7.283960342407227,7.313304424285889,7.343352794647217,7.29947566986084,7.351491451263428,7.5008320808410645
3.39,7.52535,0.0,7.5137038230896,7.466256141662598,7.501739025115967,7.555725574493408,7.561976909637451,7.6241559982299805,7.626875877380371,7.573635101318359,7.617074012756348,7.596121788024902,7.588758945465088,7.673411846160889,7.637862682342529,7.699793338775635,8.188838005065918,7.6075873374938965,7.544743537902832,7.412835597991943,7.566308498382568,7.518627643585205,7.559375762939453,7.583694934844971,7.603588581085205,7.524043083190918,7.5666303634643555,7.612960338592529,7.6240315437316895,7.579219341278076,7.644338607788086,7.694206237792969
3.4,7.57633,0.0,7.5137038230896,7.466256141662598,7.501739025115967,7.555725574493408,7.561976909637451,7.6241559982299805,7.626875877380371,7.573635101318359,7.617074012756348,7.596121788024902,7.588758945465088,7.673411846160889,7.637862682342529,7.699793338775635,8.188838005065918,7.6075873374938965,7.544743537902832,7.412835597991943,7.566308498382568,7.518627643585205,7.559375762939453,7.583694934844971,7.603588581085205,7.524043083190918,7.5666303634643555,7.612960338592529,7.6240315437316895,7.579219341278076,7.644338607788086,7.694206237792969
3.41,7.62762,0.0,7.5137038230896,7.466256141662598,7.501739025115967,7.555725574493408,7.561976909637451,7.6241559982299805,7.626875877380371,7.573635101318359,7.617074012756348,7.596121788024902,7.588758945465088,7.673411846160889,7.637862682342529,7.699793338775635,8.188838005065918,7.6075873374938965,7.544743537902832,7.412835597991943,7.566308498382568,7.518627643585205,7.559375762939453,7.583694934844971,7.603588581085205,7.524043083190918,7.5666303634643555,7.612960338592529,7.6240315437316895,7.579219341278076,7.644338607788086,7.694206237792969
3.42,7.67917,0.0,7.5137038230896,7.466256141662598,7.501739025115967,7.555725574493408,7.561976909637451,7.6241559982299805,7.626875877380371,7.573635101318359,7.617074012756348,7.596121788024902,7.588758945465088,7.673411846160889,7.637862682342529,7.699793338775635,8.188838005065918,7.6075873374938965,7.544743537902832,7.412835597991943,7.566308498382568,7.518627643585205,7.559375762939453,7.583694934844971,7.603588581085205,7.524043083190918,7.5666303634643555,7.612960338592529,7.6240315437316895,7.579219341278076,7.644338607788086,7.694206237792969
3.43,7.73104,0.0,7.5137038230896,7.466256141662598,7.501739025115967,7.555725574493408,7.561976909637451,7.6241559982299805,7.626875877380371,7.573635101318359,7.617074012756348,7.596121788024902,7.588758945465088,7.673411846160889,7.637862682342529,7.699793338775635,8.188838005065918,7.6075873374938965,7.544743537902832,7.412835597991943,7.566308498382568,7.518627643585205,7.559375762939453,7.583694934844971,7.603588581085205,7.524043083190918,7.5666303634643555,7.612960338592529,7.6240315437316895,7.579219341278076,7.644338607788086,7.694206237792969
3.44,7.78324,0.0,7.775100231170654,7.758903503417969,7.7918925285339355,7.855116367340088,7.830416679382324,7.910558700561523,7.906844139099121,7.826797008514404,7.875247955322266,7.854228496551514,7.853713512420654,7.937007904052734,7.895611763000488,7.978219032287598,8.381650924682617,7.871115684509277,7.815450668334961,7.69230318069458,7.8355021476745605,7.8041605949401855,7.835571765899658,7.855396747589111,7.870809555053711,7.793859004974365,7.845519065856934,7.888822555541992,7.898232460021973,7.8534836769104,7.928275108337402,7.887848854064941
3.45,7.83576,0.0,7.775100231170654,7.758903503417969,7.7918925285339355,7.855116367340088,7.830416679382324,7.910558700561523,7.906844139099121,7.826797008514404,7.875247955322266,7.854228496551514,7.853713512420654,7.937007904052734,7.895611763000488,7.978219032287598,8.381650924682617,7.871115684509277,7.815450668334961,7.69230318069458,7.8355021476745605,7.8041605949401855,7.835571765899658,7.855396747589111,7.870809555053711,7.793859004974365,7.845519065856934,7.888822555541992,7.898232460021973,7.8534836769104,7.928275108337402,7.887848854064941
3.46,7.88861,0.0,7.775100231170654,7.758903503417969,7.7918925285339355,7.855116367340088,7.830416679382324,7.910558700561523,7.906844139099121,7.826797008514404,7.875247955322266,7.854228496551514,7.853713512420654,7.937007904052734,7.895611763000488,7.978219032287598,8.381650924682617,7.871115684509277,7.815450668334961,7.69230318069458,7.8355021476745605,7.8041605949401855,7.835571765899658,7.855396747589111,7.870809555053711,7.793859004974365,7.845519065856934,7.888822555541992,7.898232460021973,7.8534836769104,7.928275108337402,7.887848854064941
3.47,7.94179,0.0,7.775100231170654,7.758903503417969,7.7918925285339355,7.855116367340088,7.830416679382324,7.910558700561523,7.906844139099121,7.826797008514404,7.875247955322266,7.854228496551514,7.853713512420654,7.937007904052734,7.895611763000488,7.978219032287598,8.381650924682617,7.871115684509277,7.815450668334961,7.69230318069458,7.8355021476745605,7.8041605949401855,7.835571765899658,7.855396747589111,7.870809555053711,7.793859004974365,7.845519065856934,7.888822555541992,7.898232460021973,7.8534836769104,7.928275108337402,7.887848854064941
3.48,7.99529,0.0,7.775100231170654,7.758903503417969,7.7918925285339355,7.855116367340088,7.830416679382324,7.910558700561523,7.906844139099121,7.826797008514404,7.875247955322266,7.854228496551514,7.853713512420654,7.937007904052734,7.895611763000488,7.978219032287598,8.381650924682617,7.871115684509277,7.815450668334961,7.69230318069458,7.8355021476745605,7.8041605949401855,7.835571765899658,7.855396747589111,7.870809555053711,7.793859004974365,7.845519065856934,7.888822555541992,7.898232460021973,7.8534836769104,7.928275108337402,7.887848854064941
3.49,8.0491,0.0,8.041169166564941,8.039376258850098,8.088065147399902,8.144695281982422,8.096719741821289,8.175594329833984,8.181766510009766,8.077852249145508,8.13024616241455,8.119193077087402,8.11161994934082,8.18227481842041,8.151567459106445,8.24586009979248,8.599026679992676,8.12548542022705,8.088577270507812,7.969127178192139,8.106989860534668,8.086280822753906,8.111830711364746,8.119174003601074,8.13514518737793,8.062640190124512,8.121633529663086,8.134736061096191,8.166685104370117,8.12343978881836,8.189937591552734,8.11523723602295
3.5,8.1032,0.0,8.041169166564941,8.039376258850098,8.088065147399902,8.144695281982422,8.096719741821289,8.175594329833984,8.181766510009766,8.077852249145508,8.13024616241455,8.119193077087402,8.11161994934082,8.18227481842041,8.151567459106445,8.24586009979248,8.599026679992676,8.12548542022705,8.088577270507812,7.969127178192139,8.106989860534668,8.086280822753906,8.111830711364746,8.119174003601074,8.13514518737793,8.062640190124512,8.121633529663086,8.134736061096191,8.166685104370117,8.12343978881836,8.189937591552734,8.11523723602295
3.51,8.14681,0.0,8.041169166564941,8.039376258850098,8.088065147399902,8.144695281982422,8.096719741821289,8.175594329833984,8.181766510009766,8.077852249145508,8.13024616241455,8.119193077087402,8.11161994934082,8.18227481842041,8.151567459106445,8.24586009979248,8.599026679992676,8.12548542022705,8.088577270507812,7.969127178192139,8.106989860534668,8.086280822753906,8.111830711364746,8.119174003601074,8.13514518737793,8.062640190124512,8.121633529663086,8.134736061096191,8.166685104370117,8.12343978881836,8.189937591552734,8.11523723602295
3.52,8.21225,0.0,8.041169166564941,8.039376258850098,8.088065147399902,8.144695281982422,8.096719741821289,8.175594329833984,8.181766510009766,8.077852249145508,8.13024616241455,8.119193077087402,8.11161994934082,8.18227481842041,8.151567459106445,8.24586009979248,8.599026679992676,8.12548542022705,8.088577270507812,7.969127178192139,8.106989860534668,8.086280822753906,8.111830711364746,8.119174003601074,8.13514518737793,8.062640190124512,8.121633529663086,8.134736061096191,8.166685104370117,8.12343978881836,8.189937591552734,8.11523723602295
3.53,8.25625,0.0,8.041169166564941,8.039376258850098,8.088065147399902,8.144695281982422,8.096719741821289,8.175594329833984,8.181766510009766,8.077852249145508,8.13024616241455,8.119193077087402,8.11161994934082,8.18227481842041,8.151567459106445,8.24586009979248,8.599026679992676,8.12548542022705,8.088577270507812,7.969127178192139,8.106989860534668,8.086280822753906,8.111830711364746,8.119174003601074,8.13514518737793,8.062640190124512,8.121633529663086,8.134736061096191,8.166685104370117,8.12343978881836,8.189937591552734,8.11523723602295
3.54,8.32224,0.0,8.301727294921875,8.314909934997559,8.381786346435547,8.416065216064453,8.360404968261719,8.431788444519043,8.452911376953125,8.332499504089355,8.383638381958008,8.390636444091797,8.367676734924316,8.422247886657715,8.40468978881836,8.503389358520508,8.840045928955078,8.377575874328613,8.364006996154785,8.238852500915527,8.377246856689453,8.365808486938477,8.38633918762207,8.378327369689941,8.397989273071289,8.329870223999023,8.395963668823242,8.353668212890625,8.430196762084961,8.390068054199219,8.434661865234375,8.399129867553711
3.55,8.36655,0.0,8.301727294921875,8.314909934997559,8.381786346435547,8.416065216064453,8.360404968261719,8.431788444519043,8.452911376953125,8.332499504089355,8.383638381958008,8.390636444091797,8.367676734924316,8.422247886657715,8.40468978881836,8.503389358520508,8.840045928955078,8.377575874328613,8.364006996154785,8.238852500915527,8.377246856689453,8.365808486938477,8.38633918762207,8.378327369689941,8.397989273071289,8.329870223999023,8.395963668823242,8.353668212890625,8.430196762084961,8.390068054199219,8.434661865234375,8.399129867553711
3.56,8.43293,0.0,8.301727294921875,8.314909934997559,8.381786346435547,8.416065216064453,8.360404968261719,8.431788444519043,8.452911376953125,8.332499504089355,8.383638381958008,8.390636444091797,8.367676734924316,8.422247886657715,8.40468978881836,8.503389358520508,8.840045928955078,8.377575874328613,8.364006996154785,8.238852500915527,8.377246856689453,8.365808486938477,8.38633918762207,8.378327369689941,8.397989273071289,8.329870223999023,8.395963668823242,8.353668212890625,8.430196762084961,8.390068054199219,8.434661865234375,8.399129867553711
3.57,8.47745,0.0,8.301727294921875,8.314909934997559,8.381786346435547,8.416065216064453,8.360404968261719,8.431788444519043,8.452911376953125,8.332499504089355,8.383638381958008,8.390636444091797,8.367676734924316,8.422247886657715,8.40468978881836,8.503389358520508,8.840045928955078,8.377575874328613,8.364006996154785,8.238852500915527,8.377246856689453,8.365808486938477,8.38633918762207,8.378327369689941,8.397989273071289,8.329870223999023,8.395963668823242,8.353668212890625,8.430196762084961,8.390068054199219,8.434661865234375,8.399129867553711
3.58,8.54404,0.0,8.301727294921875,8.314909934997559,8.381786346435547,8.416065216064453,8.360404968261719,8.431788444519043,8.452911376953125,8.332499504089355,8.383638381958008,8.390636444091797,8.367676734924316,8.422247886657715,8.40468978881836,8.503389358520508,8.840045928955078,8.377575874328613,8.364006996154785,8.238852500915527,8.377246856689453,8.365808486938477,8.38633918762207,8.378327369689941,8.397989273071289,8.329870223999023,8.395963668823242,8.353668212890625,8.430196762084961,8.390068054199219,8.434661865234375,8.399129867553711
3.59,8.59965,0.0,8.579273223876953,8.595416069030762,8.662920951843262,8.672740936279297,8.6295166015625,8.688735008239746,8.721526145935059,8.59075927734375,8.649137496948242,8.6600980758667,8.627103805541992,8.665678977966309,8.666031837463379,8.753922462463379,9.108807563781738,8.632240295410156,8.642580032348633,8.499691009521484,8.645162582397461,8.642539978027344,8.663182258605957,8.637129783630371,8.66090202331543,8.596481323242188,8.668949127197266,8.556646347045898,8.692034721374512,8.654455184936523,8.67965316772461,8.709830284118652
3.6,8.65525,0.0,8.579273223876953,8.595416069030762,8.662920951843262,8.672740936279297,8.6295166015625,8.688735008239746,8.721526145935059,8.59075927734375,8.649137496948242,8.6600980758667,8.627103805541992,8.665678977966309,8.666031837463379,8.753922462463379,9.108807563781738,8.632240295410156,8.642580032348633,8.499691009521484,8.645162582397461,8.642539978027344,8.663182258605957,8.637129783630371,8.66090202331543,8.596481323242188,8.668949127197266,8.556646347045898,8.692034721374512,8.654455184936523,8.67965316772461,8.709830284118652
3.61,8.71078,0.0,8.579273223876953,8.595416069030762,8.662920951843262,8.672740936279297,8.6295166015625,8.688735008239746,8.721526145935059,8.59075927734375,8.649137496948242,8.6600980758667,8.627103805541992,8.665678977966309,8.666031837463379,8.753922462463379,9.108807563781738,8.632240295410156,8.642580032348633,8.499691009521484,8.645162582397461,8.642539978027344,8.663182258605957,8.637129783630371,8.66090202331543,8.596481323242188,8.668949127197266,8.556646347045898,8.692034721374512,8.654455184936523,8.67965316772461,8.709830284118652
3.62,8.76621,0.0,8.579273223876953,8.595416069030762,8.662920951843262,8.672740936279297,8.6295166015625,8.688735008239746,8.721526145935059,8.59075927734375,8.649137496948242,8.6600980758667,8.627103805541992,8.665678977966309,8.666031837463379,8.753922462463379,9.108807563781738,8.632240295410156,8.642580032348633,8.499691009521484,8.645162582397461,8.642539978027344,8.663182258605957,8.637129783630371,8.66090202331543,8.596481323242188,8.668949127197266,8.556646347045898,8.692034721374512,8.654455184936523,8.67965316772461,8.709830284118652
3.63,8.82149,0.0,8.579273223876953,8.595416069030762,8.662920951843262,8.672740936279297,8.6295166015625,8.688735008239746,8.721526145935059,8.59075927734375,8.649137496948242,8.6600980758667,8.627103805541992,8.665678977966309,8.666031837463379,8.753922462463379,9.108807563781738,8.632240295410156,8.642580032348633,8.499691009521484,8.645162582397461,8.642539978027344,8.663182258605957,8.637129783630371,8.66090202331543,8.596481323242188,8.668949127197266,8.556646347045898,8.692034721374512,8.654455184936523,8.67965316772461,8.709830284118652
3.64,8.87657,0.0,8.846418380737305,8.901318550109863,8.937227249145508,8.919659614562988,8.895479202270508,8.950536727905273,8.986018180847168,8.850160598754883,8.914319038391113,8.921425819396973,8.890971183776855,8.91556453704834,8.923840522766113,9.001570701599121,9.4124755859375,8.892695426940918,8.919976234436035,8.750967979431152,8.910210609436035,8.917705535888672,8.936029434204102,8.896312713623047,8.921606063842773,8.861761093139648,8.938844680786133,8.756592750549316,8.952216148376465,8.916826248168945,8.9281005859375,8.996870994567871
3.65,8.93141,0.0,8.846418380737305,8.901318550109863,8.937227249145508,8.919659614562988,8.895479202270508,8.950536727905273,8.986018180847168,8.850160598754883,8.914319038391113,8.921425819396973,8.890971183776855,8.91556453704834,8.923840522766113,9.001570701599121,9.4124755859375,8.892695426940918,8.919976234436035,8.750967979431152,8.910210609436035,8.917705535888672,8.936029434204102,8.896312713623047,8.921606063842773,8.861761093139648,8.938844680786133,8.756592750549316,8.952216148376465,8.916826248168945,8.9281005859375,8.996870994567871
3.66,8.98596,0.0,8.846418380737305,8.901318550109863,8.937227249145508,8.919659614562988,8.895479202270508,8.950536727905273,8.986018180847168,8.850160598754883,8.914319038391113,8.921425819396973,8.890971183776855,8.91556453704834,8.923840522766113,9.001570701599121,9.4124755859375,8.892695426940918,8.919976234436035,8.750967979431152,8.910210609436035,8.917705535888672,8.936029434204102,8.896312713623047,8.921606063842773,8.861761093139648,8.938844680786133,8.756592750549316,8.952216148376465,8.916826248168945,8.9281005859375,8.996870994567871
3.67,9.04018,0.0,8.846418380737305,8.901318550109863,8.937227249145508,8.919659614562988,8.895479202270508,8.950536727905273,8.986018180847168,8.850160598754883,8.914319038391113,8.921425819396973,8.890971183776855,8.91556453704834,8.923840522766113,9.001570701599121,9.4124755859375,8.892695426940918,8.919976234436035,8.750967979431152,8.910210609436035,8.917705535888672,8.936029434204102,8.896312713623047,8.921606063842773,8.861761093139648,8.938844680786133,8.756592750549316,8.952216148376465,8.916826248168945,8.9281005859375,8.996870994567871
3.68,9.09403,0.0,8.846418380737305,8.901318550109863,8.937227249145508,8.919659614562988,8.895479202270508,8.950536727905273,8.986018180847168,8.850160598754883,8.914319038391113,8.921425819396973,8.890971183776855,8.91556453704834,8.923840522766113,9.001570701599121,9.4124755859375,8.892695426940918,8.919976234436035,8.750967979431152,8.910210609436035,8.917705535888672,8.936029434204102,8.896312713623047,8.921606063842773,8.861761093139648,8.938844680786133,8.756592750549316,8.952216148376465,8.916826248168945,8.9281005859375,8.996870994567871
3.69,9.14748,0.0,9.113197326660156,9.229450225830078,9.20649528503418,9.165376663208008,9.1647367477417,9.216131210327148,9.244895935058594,9.109777450561523,9.187280654907227,9.172279357910156,9.158501625061035,9.170159339904785,9.184682846069336,9.248616218566895,9.765847206115723,9.156250953674316,9.194351196289062,8.995316505432129,9.17149543762207,9.190553665161133,9.206003189086914,9.155698776245117,9.178059577941895,9.12546443939209,9.205371856689453,8.969300270080566,9.209297180175781,9.175962448120117,9.189631462097168,9.251321792602539
3.7,9.20047,0.0,9.113197326660156,9.229450225830078,9.20649528503418,9.165376663208008,9.1647367477417,9.216131210327148,9.244895935058594,9.109777450561523,9.187280654907227,9.172279357910156,9.158501625061035,9.170159339904785,9.184682846069336,9.248616218566895,9.765847206115723,9.156250953674316,9.194351196289062,8.995316505432129,9.17149543762207,9.190553665161133,9.206003189086914,9.155698776245117,9.178059577941895,9.12546443939209,9.205371856689453,8.969300270080566,9.209297180175781,9.175962448120117,9.189631462097168,9.251321792602539
3.71,9.25298,0.0,9.113197326660156,9.229450225830078,9.20649528503418,9.165376663208008,9.1647367477417,9.216131210327148,9.244895935058594,9.109777450561523,9.187280654907227,9.172279357910156,9.158501625061035,9.170159339904785,9.184682846069336,9.248616218566895,9.765847206115723,9.156250953674316,9.194351196289062,8.995316505432129,9.17149543762207,9.190553665161133,9.206003189086914,9.155698776245117,9.178059577941895,9.12546443939209,9.205371856689453,8.969300270080566,9.209297180175781,9.175962448120117,9.189631462097168,9.251321792602539
3.72,9.30498,0.0,9.113197326660156,9.229450225830078,9.20649528503418,9.165376663208008,9.1647367477417,9.216131210327148,9.244895935058594,9.109777450561523,9.187280654907227,9.172279357910156,9.158501625061035,9.170159339904785,9.184682846069336,9.248616218566895,9.765847206115723,9.156250953674316,9.194351196289062,8.995316505432129,9.17149543762207,9.190553665161133,9.206003189086914,9.155698776245117,9.178059577941895,9.12546443939209,9.205371856689453,8.969300270080566,9.209297180175781,9.175962448120117,9.189631462097168,9.251321792602539
3.73,9.35643,0.0,9.113197326660156,9.229450225830078,9.20649528503418,9.165376663208008,9.1647367477417,9.216131210327148,9.244895935058594,9.109777450561523,9.187280654907227,9.172279357910156,9.158501625061035,9.170159339904785,9.184682846069336,9.248616218566895,9.765847206115723,9.156250953674316,9.194351196289062,8.995316505432129,9.17149543762207,9.190553665161133,9.206003189086914,9.155698776245117,9.178059577941895,9.12546443939209,9.205371856689453,8.969300270080566,9.209297180175781,9.175962448120117,9.189631462097168,9.251321792602539
3.74,9.40731,0.0,9.379183769226074,9.549840927124023,9.475390434265137,9.408710479736328,9.429985046386719,9.477469444274902,9.499195098876953,9.36473274230957,9.455101013183594,9.417254447937012,9.425259590148926,9.422667503356934,9.445801734924316,9.494012832641602,10.184927940368652,9.418291091918945,9.465781211853027,9.236411094665527,9.432068824768066,9.460992813110352,9.473106384277344,9.412737846374512,9.43210506439209,9.387145042419434,9.466988563537598,9.200765609741211,9.464638710021973,9.431918144226074,9.464393615722656,9.489908218383789
3.75,9.4576,0.0,9.379183769226074,9.549840927124023,9.475390434265137,9.408710479736328,9.429985046386719,9.477469444274902,9.499195098876953,9.36473274230957,9.455101013183594,9.417254447937012,9.425259590148926,9.422667503356934,9.445801734924316,9.494012832641602,10.184927940368652,9.418291091918945,9.465781211853027,9.236411094665527,9.432068824768066,9.460992813110352,9.473106384277344,9.412737846374512,9.43210506439209,9.387145042419434,9.466988563537598,9.200765609741211,9.464638710021973,9.431918144226074,9.464393615722656,9.489908218383789
3.76,9.49747,0.0,9.379183769226074,9.549840927124023,9.475390434265137,9.408710479736328,9.429985046386719,9.477469444274902,9.499195098876953,9.36473274230957,9.455101013183594,9.417254447937012,9.425259590148926,9.422667503356934,9.445801734924316,9.494012832641602,10.184927940368652,9.418291091918945,9.465781211853027,9.236411094665527,9.432068824768066,9.460992813110352,9.473106384277344,9.412737846374512,9.43210506439209,9.387145042419434,9.466988563537598,9.200765609741211,9.464638710021973,9.431918144226074,9.464393615722656,9.489908218383789
3.77,9.55632,0.0,9.379183769226074,9.549840927124023,9.475390434265137,9.408710479736328,9.429985046386719,9.477469444274902,9.499195098876953,9.36473274230957,9.455101013183594,9.417254447937012,9.425259590148926,9.422667503356934,9.445801734924316,9.494012832641602,10.184927940368652,9.418291091918945,9.465781211853027,9.236411094665527,9.432068824768066,9.460992813110352,9.473106384277344,9.412737846374512,9.43210506439209,9.387145042419434,9.466988563537598,9.200765609741211,9.464638710021973,9.431918144226074,9.464393615722656,9.489908218383789
3.78,9.59518,0.0,9.379183769226074,9.549840927124023,9.475390434265137,9.408710479736328,9.429985046386719,9.477469444274902,9.499195098876953,9.36473274230957,9.455101013183594,9.417254447937012,9.425259590148926,9.422667503356934,9.445801734924316,9.494012832641602,10.184927940368652,9.418291091918945,9.465781211853027,9.236411094665527,9.432068824768066,9.460992813110352,9.473106384277344,9.412737846374512,9.43210506439209,9.387145042419434,9.466988563537598,9.200765609741211,9.464638710021973,9.431918144226074,9.464393615722656,9.489908218383789
3.79,9.65248,0.0,9.63125228881836,9.839458465576172,9.732577323913574,9.638617515563965,9.680588722229004,9.719449043273926,9.734071731567383,9.602916717529297,9.70621109008789,9.649173736572266,9.6741304397583,9.663257598876953,9.695943832397461,9.727214813232422,10.684611320495605,9.666831016540527,9.72470760345459,9.473075866699219,9.68432903289795,9.720963478088379,9.726663589477539,9.659939765930176,9.6771879196167,9.63784122467041,9.717668533325195,9.44697093963623,9.708796501159668,9.67687702178955,9.738441467285156,9.733661651611328
3.8,9.69032,0.0,9.63125228881836,9.839458465576172,9.732577323913574,9.638617515563965,9.680588722229004,9.719449043273926,9.734071731567383,9.602916717529297,9.70621109008789,9.649173736572266,9.6741304397583,9.663257598876953,9.695943832397461,9.727214813232422,10.684611320495605,9.666831016540527,9.72470760345459,9.473075866699219,9.68432903289795,9.720963478088379,9.726663589477539,9.659939765930176,9.6771879196167,9.63784122467041,9.717668533325195,9.44697093963623,9.708796501159668,9.67687702178955,9.738441467285156,9.733661651611328
3.81,9.74603,0.0,9.63125228881836,9.839458465576172,9.732577323913574,9.638617515563965,9.680588722229004,9.719449043273926,9.734071731567383,9.602916717529297,9.70621109008789,9.649173736572266,9.6741304397583,9.663257598876953,9.695943832397461,9.727214813232422,10.684611320495605,9.666831016540527,9.72470760345459,9.473075866699219,9.68432903289795,9.720963478088379,9.726663589477539,9.659939765930176,9.6771879196167,9.63784122467041,9.717668533325195,9.44697093963623,9.708796501159668,9.67687702178955,9.738441467285156,9.733661651611328
3.82,9.78279,0.0,9.63125228881836,9.839458465576172,9.732577323913574,9.638617515563965,9.680588722229004,9.719449043273926,9.734071731567383,9.602916717529297,9.70621109008789,9.649173736572266,9.6741304397583,9.663257598876953,9.695943832397461,9.727214813232422,10.684611320495605,9.666831016540527,9.72470760345459,9.473075866699219,9.68432903289795,9.720963478088379,9.726663589477539,9.659939765930176,9.6771879196167,9.63784122467041,9.717668533325195,9.44697093963623,9.708796501159668,9.67687702178955,9.738441467285156,9.733661651611328
3.83,9.83695,0.0,9.63125228881836,9.839458465576172,9.732577323913574,9.638617515563965,9.680588722229004,9.719449043273926,9.734071731567383,9.602916717529297,9.70621109008789,9.649173736572266,9.6741304397583,9.663257598876953,9.695943832397461,9.727214813232422,10.684611320495605,9.666831016540527,9.72470760345459,9.473075866699219,9.68432903289795,9.720963478088379,9.726663589477539,9.659939765930176,9.6771879196167,9.63784122467041,9.717668533325195,9.44697093963623,9.708796501159668,9.67687702178955,9.738441467285156,9.733661651611328
3.84,9.88145,0.0,9.877541542053223,10.08866024017334,9.983505249023438,9.855804443359375,9.919371604919434,9.937478065490723,9.95007038116455,9.82408332824707,9.94720458984375,9.871722221374512,9.905651092529297,9.886094093322754,9.936875343322754,9.949694633483887,11.27353286743164,9.901811599731445,9.969411849975586,9.706933975219727,9.930154800415039,9.967087745666504,9.970494270324707,9.893383979797363,9.912372589111328,9.878358840942383,9.954917907714844,9.701882362365723,9.941337585449219,9.912550926208496,10.011482238769531,9.980097770690918
3.85,9.9253,0.0,9.877541542053223,10.08866024017334,9.983505249023438,9.855804443359375,9.919371604919434,9.937478065490723,9.95007038116455,9.82408332824707,9.94720458984375,9.871722221374512,9.905651092529297,9.886094093322754,9.936875343322754,9.949694633483887,11.27353286743164,9.901811599731445,9.969411849975586,9.706933975219727,9.930154800415039,9.967087745666504,9.970494270324707,9.893383979797363,9.912372589111328,9.878358840942383,9.954917907714844,9.701882362365723,9.941337585449219,9.912550926208496,10.011482238769531,9.980097770690918
3.86,9.96853,0.0,9.877541542053223,10.08866024017334,9.983505249023438,9.855804443359375,9.919371604919434,9.937478065490723,9.95007038116455,9.82408332824707,9.94720458984375,9.871722221374512,9.905651092529297,9.886094093322754,9.936875343322754,9.949694633483887,11.27353286743164,9.901811599731445,9.969411849975586,9.706933975219727,9.930154800415039,9.967087745666504,9.970494270324707,9.893383979797363,9.912372589111328,9.878358840942383,9.954917907714844,9.701882362365723,9.941337585449219,9.912550926208496,10.011482238769531,9.980097770690918
3.87,10.01116,0.0,9.877541542053223,10.08866024017334,9.983505249023438,9.855804443359375,9.919371604919434,9.937478065490723,9.95007038116455,9.82408332824707,9.94720458984375,9.871722221374512,9.905651092529297,9.886094093322754,9.936875343322754,9.949694633483887,11.27353286743164,9.901811599731445,9.969411849975586,9.706933975219727,9.930154800415039,9.967087745666504,9.970494270324707,9.893383979797363,9.912372589111328,9.878358840942383,9.954917907714844,9.701882362365723,9.941337585449219,9.912550926208496,10.011482238769531,9.980097770690918
3.88,10.05319,0.0,9.877541542053223,10.08866024017334,9.983505249023438,9.855804443359375,9.919371604919434,9.937478065490723,9.95007038116455,9.82408332824707,9.94720458984375,9.871722221374512,9.905651092529297,9.886094093322754,9.936875343322754,9.949694633483887,11.27353286743164,9.901811599731445,9.969411849975586,9.706933975219727,9.930154800415039,9.967087745666504,9.970494270324707,9.893383979797363,9.912372589111328,9.878358840942383,9.954917907714844,9.701882362365723,9.941337585449219,9.912550926208496,10.011482238769531,9.980097770690918
3.89,10.09465,0.0,10.09441089630127,10.247862815856934,10.207206726074219,10.021381378173828,10.127522468566895,10.074698448181152,10.111603736877441,9.97633171081543,10.144988059997559,10.058711051940918,10.07768726348877,10.059280395507812,10.148115158081055,10.127604484558105,11.910417556762695,10.096867561340332,10.179520606994629,9.91872787475586,10.15554141998291,10.179132461547852,10.17397403717041,10.09167194366455,10.132041931152344,10.083159446716309,10.15776252746582,9.94353199005127,10.141918182373047,10.122885704040527,10.265206336975098,10.206509590148926
3.9,10.13556,0.0,10.09441089630127,10.247862815856934,10.207206726074219,10.021381378173828,10.127522468566895,10.074698448181152,10.111603736877441,9.97633171081543,10.144988059997559,10.058711051940918,10.07768726348877,10.059280395507812,10.148115158081055,10.127604484558105,11.910417556762695,10.096867561340332,10.179520606994629,9.91872787475586,10.15554141998291,10.179132461547852,10.17397403717041,10.09167194366455,10.132041931152344,10.083159446716309,10.15776252746582,9.94353199005127,10.141918182373047,10.122885704040527,10.265206336975098,10.206509590148926
3.91,10.17593,0.0,10.09441089630127,10.247862815856934,10.207206726074219,10.021381378173828,10.127522468566895,10.074698448181152,10.111603736877441,9.97633171081543,10.144988059997559,10.058711051940918,10.07768726348877,10.059280395507812,10.148115158081055,10.127604484558105,11.910417556762695,10.096867561340332,10.179520606994629,9.91872787475586,10.15554141998291,10.179132461547852,10.17397403717041,10.09167194366455,10.132041931152344,10.083159446716309,10.15776252746582,9.94353199005127,10.141918182373047,10.122885704040527,10.265206336975098,10.206509590148926
3.92,10.21579,0.0,10.09441089630127,10.247862815856934,10.207206726074219,10.021381378173828,10.127522468566895,10.074698448181152,10.111603736877441,9.97633171081543,10.144988059997559,10.058711051940918,10.07768726348877,10.059280395507812,10.148115158081055,10.127604484558105,11.910417556762695,10.096867561340332,10.179520606994629,9.91872787475586,10.15554141998291,10.179132461547852,10.17397403717041,10.09167194366455,10.132041931152344,10.083159446716309,10.15776252746582,9.94353199005127,10.141918182373047,10.122885704040527,10.265206336975098,10.206509590148926
3.93,10.25513,0.0,10.09441089630127,10.247862815856934,10.207206726074219,10.021381378173828,10.127522468566895,10.074698448181152,10.111603736877441,9.97633171081543,10.144988059997559,10.058711051940918,10.07768726348877,10.059280395507812,10.148115158081055,10.127604484558105,11.910417556762695,10.096867561340332,10.179520606994629,9.91872787475586,10.15554141998291,10.179132461547852,10.17397403717041,10.09167194366455,10.132041931152344,10.083159446716309,10.15776252746582,9.94353199005127,10.141918182373047,10.122885704040527,10.265206336975098,10.206509590148926
3.94,10.29402,0.0,10.30864429473877,10.344985008239746,10.437174797058105,10.173566818237305,10.333952903747559,10.185162544250488,10.261579513549805,10.121842384338379,10.338885307312012,10.25351333618164,10.243266105651855,10.20409107208252,10.343432426452637,10.288220405578613,12.532730102539062,10.27441692352295,10.359273910522461,10.10854721069336,10.361018180847168,10.359769821166992,10.350532531738281,10.26447582244873,10.336004257202148,10.266999244689941,10.324721336364746,10.154046058654785,10.320598602294922,10.312118530273438,10.492365837097168,10.408780097961426
3.95,10.33243,0.0,10.30864429473877,10.344985008239746,10.437174797058105,10.173566818237305,10.333952903747559,10.185162544250488,10.261579513549805,10.121842384338379,10.338885307312012,10.25351333618164,10.243266105651855,10.20409107208252,10.343432426452637,10.288220405578613,12.532730102539062,10.27441692352295,10.359273910522461,10.10854721069336,10.361018180847168,10.359769821166992,10.350532531738281,10.26447582244873,10.336004257202148,10.266999244689941,10.324721336364746,10.154046058654785,10.320598602294922,10.312118530273438,10.492365837097168,10.408780097961426
3.96,10.37041,0.0,10.30864429473877,10.344985008239746,10.437174797058105,10.173566818237305,10.333952903747559,10.185162544250488,10.261579513549805,10.121842384338379,10.338885307312012,10.25351333618164,10.243266105651855,10.20409107208252,10.343432426452637,10.288220405578613,12.532730102539062,10.27441692352295,10.359273910522461,10.10854721069336,10.361018180847168,10.359769821166992,10.350532531738281,10.26447582244873,10.336004257202148,10.266999244689941,10.324721336364746,10.154046058654785,10.320598602294922,10.312118530273438,10.492365837097168,10.408780097961426
3.97,10.40796,0.0,10.30864429473877,10.344985008239746,10.437174797058105,10.173566818237305,10.333952903747559,10.185162544250488,10.261579513549805,10.121842384338379,10.338885307312012,10.25351333618164,10.243266105651855,10.20409107208252,10.343432426452637,10.288220405578613,12.532730102539062,10.27441692352295,10.359273910522461,10.10854721069336,10.361018180847168,10.359769821166992,10.350532531738281,10.26447582244873,10.336004257202148,10.266999244689941,10.324721336364746,10.154046058654785,10.320598602294922,10.312118530273438,10.492365837097168,10.408780097961426
3.98,10.44509,0.0,10.30864429473877,10.344985008239746,10.437174797058105,10.173566818237305,10.333952903747559,10.185162544250488,10.261579513549805,10.121842384338379,10.338885307312012,10.25351333618164,10.243266105651855,10.20409107208252,10.343432426452637,10.288220405578613,12.532730102539062,10.27441692352295,10.359273910522461,10.10854721069336,10.361018180847168,10.359769821166992,10.350532531738281,10.26447582244873,10.336004257202148,10.266999244689941,10.324721336364746,10.154046058654785,10.320598602294922,10.312118530273438,10.492365837097168,10.408780097961426
3.99,10.48183,0.0,10.527469635009766,10.438152313232422,10.66305923461914,10.344868659973145,10.539641380310059,10.338306427001953,10.43251895904541,10.306937217712402,10.546929359436035,10.48248291015625,10.442279815673828,10.367056846618652,10.531421661376953,10.453668594360352,13.055667877197266,10.46163558959961,10.527819633483887,10.29731559753418,10.552281379699707,10.536019325256348,10.530810356140137,10.438308715820312,10.522046089172363,10.45593547821045,10.481473922729492,10.333417892456055,10.498055458068848,10.496397972106934,10.69509506225586,10.585137367248535
4.0,10.51818,0.0,10.527469635009766,10.438152313232422,10.66305923461914,10.344868659973145,10.539641380310059,10.338306427001953,10.43251895904541,10.306937217712402,10.546929359436035,10.48248291015625,10.442279815673828,10.367056846618652,10.531421661376953,10.453668594360352,13.055667877197266,10.46163558959961,10.527819633483887,10.29731559753418,10.552281379699707,10.536019325256348,10.530810356140137,10.438308715820312,10.522046089172363,10.45593547821045,10.481473922729492,10.333417892456055,10.498055458068848,10.496397972106934,10.69509506225586,10.585137367248535
4.01,10.55414,0.0,10.527469635009766,10.438152313232422,10.66305923461914,10.344868659973145,10.539641380310059,10.338306427001953,10.43251895904541,10.306937217712402,10.546929359436035,10.48248291015625,10.442279815673828,10.367056846618652,10.531421661376953,10.453668594360352,13.055667877197266,10.46163558959961,10.527819633483887,10.29731559753418,10.552281379699707,10.536019325256348,10.530810356140137,10.438308715820312,10.522046089172363,10.45593547821045,10.481473922729492,10.333417892456055,10.498055458068848,10.496397972106934,10.69509506225586,10.585137367248535
4.02,10.5827,0.0,10.527469635009766,10.438152313232422,10.66305923461914,10.344868659973145,10.539641380310059,10.338306427001953,10.43251895904541,10.306937217712402,10.546929359436035,10.48248291015625,10.442279815673828,10.367056846618652,10.531421661376953,10.453668594360352,13.055667877197266,10.46163558959961,10.527819633483887,10.29731559753418,10.552281379699707,10.536019325256348,10.530810356140137,10.438308715820312,10.522046089172363,10.45593547821045,10.481473922729492,10.333417892456055,10.498055458068848,10.496397972106934,10.69509506225586,10.585137367248535
4.03,10.61798,0.0,10.527469635009766,10.438152313232422,10.66305923461914,10.344868659973145,10.539641380310059,10.338306427001953,10.43251895904541,10.306937217712402,10.546929359436035,10.48248291015625,10.442279815673828,10.367056846618652,10.531421661376953,10.453668594360352,13.055667877197266,10.46163558959961,10.527819633483887,10.29731559753418,10.552281379699707,10.536019325256348,10.530810356140137,10.438308715820312,10.522046089172363,10.45593547821045,10.481473922729492,10.333417892456055,10.498055458068848,10.496397972106934,10.69509506225586,10.585137367248535
4.04,10.65974,0.0,10.72922134399414,10.602357864379883,10.844980239868164,10.541593551635742,10.736367225646973,10.558412551879883,10.629854202270508,10.53709602355957,10.76566219329834,10.706844329833984,10.67208194732666,10.575276374816895,10.716282844543457,10.63330078125,13.426066398620605,10.665348052978516,10.699239730834961,10.493644714355469,10.72617244720459,10.732789039611816,10.723617553710938,10.633689880371094,10.691326141357422,10.653599739074707,10.650860786437988,10.496793746948242,10.68197250366211,10.684720993041992,10.879932403564453,10.744124412536621
4.05,10.69418,0.0,10.72922134399414,10.602357864379883,10.844980239868164,10.541593551635742,10.736367225646973,10.558412551879883,10.629854202270508,10.53709602355957,10.76566219329834,10.706844329833984,10.67208194732666,10.575276374816895,10.716282844543457,10.63330078125,13.426066398620605,10.665348052978516,10.699239730834961,10.493644714355469,10.72617244720459,10.732789039611816,10.723617553710938,10.633689880371094,10.691326141357422,10.653599739074707,10.650860786437988,10.496793746948242,10.68197250366211,10.684720993041992,10.879932403564453,10.744124412536621
4.06,10.72151,0.0,10.72922134399414,10.602357864379883,10.844980239868164,10.541593551635742,10.736367225646973,10.558412551879883,10.629854202270508,10.53709602355957,10.76566219329834,10.706844329833984,10.67208194732666,10.575276374816895,10.716282844543457,10.63330078125,13.426066398620605,10.665348052978516,10.699239730834961,10.493644714355469,10.72617244720459,10.732789039611816,10.723617553710938,10.633689880371094,10.691326141357422,10.653599739074707,10.650860786437988,10.496793746948242,10.68197250366211,10.684720993041992,10.879932403564453,10.744124412536621
4.07,10.75523,0.0,10.72922134399414,10.602357864379883,10.844980239868164,10.541593551635742,10.736367225646973,10.558412551879883,10.629854202270508,10.53709602355957,10.76566219329834,10.706844329833984,10.67208194732666,10.575276374816895,10.716282844543457,10.63330078125,13.426066398620605,10.665348052978516,10.699239730834961,10.493644714355469,10.72617244720459,10.732789039611816,10.723617553710938,10.633689880371094,10.691326141357422,10.653599739074707,10.650860786437988,10.496793746948242,10.68197250366211,10.684720993041992,10.879932403564453,10.744124412536621
4.08,10.79508,0.0,10.72922134399414,10.602357864379883,10.844980239868164,10.541593551635742,10.736367225646973,10.558412551879883,10.629854202270508,10.53709602355957,10.76566219329834,10.706844329833984,10.67208194732666,10.575276374816895,10.716282844543457,10.63330078125,13.426066398620605,10.665348052978516,10.699239730834961,10.493644714355469,10.72617244720459,10.732789039611816,10.723617553710938,10.633689880371094,10.691326141357422,10.653599739074707,10.650860786437988,10.496793746948242,10.68197250366211,10.684720993041992,10.879932403564453,10.744124412536621
4.09,10.82787,0.0,10.91254711151123,10.801790237426758,10.956787109375,10.730307579040527,10.918488502502441,10.772965431213379,10.815415382385254,10.741942405700684,10.965496063232422,10.875420570373535,10.871777534484863,10.786385536193848,10.891594886779785,10.804576873779297,13.632112503051758,10.855354309082031,10.864386558532715,10.682821273803711,10.881857872009277,10.929641723632812,10.906634330749512,10.827530860900879,10.844433784484863,10.833379745483398,10.820429801940918,10.656949043273926,10.858765602111816,10.862492561340332,11.039831161499023,10.904014587402344
4.1,10.8602,0.0,10.91254711151123,10.801790237426758,10.956787109375,10.730307579040527,10.918488502502441,10.772965431213379,10.815415382385254,10.741942405700684,10.965496063232422,10.875420570373535,10.871777534484863,10.786385536193848,10.891594886779785,10.804576873779297,13.632112503051758,10.855354309082031,10.864386558532715,10.682821273803711,10.881857872009277,10.929641723632812,10.906634330749512,10.827530860900879,10.844433784484863,10.833379745483398,10.820429801940918,10.656949043273926,10.858765602111816,10.862492561340332,11.039831161499023,10.904014587402344
4.11,10.89206,0.0,10.91254711151123,10.801790237426758,10.956787109375,10.730307579040527,10.918488502502441,10.772965431213379,10.815415382385254,10.741942405700684,10.965496063232422,10.875420570373535,10.871777534484863,10.786385536193848,10.891594886779785,10.804576873779297,13.632112503051758,10.855354309082031,10.864386558532715,10.682821273803711,10.881857872009277,10.929641723632812,10.906634330749512,10.827530860900879,10.844433784484863,10.833379745483398,10.820429801940918,10.656949043273926,10.858765602111816,10.862492561340332,11.039831161499023,10.904014587402344
4.12,10.92343,0.0,10.91254711151123,10.801790237426758,10.956787109375,10.730307579040527,10.918488502502441,10.772965431213379,10.815415382385254,10.741942405700684,10.965496063232422,10.875420570373535,10.871777534484863,10.786385536193848,10.891594886779785,10.804576873779297,13.632112503051758,10.855354309082031,10.864386558532715,10.682821273803711,10.881857872009277,10.929641723632812,10.906634330749512,10.827530860900879,10.844433784484863,10.833379745483398,10.820429801940918,10.656949043273926,10.858765602111816,10.862492561340332,11.039831161499023,10.904014587402344
4.13,10.95427,0.0,10.91254711151123,10.801790237426758,10.956787109375,10.730307579040527,10.918488502502441,10.772965431213379,10.815415382385254,10.741942405700684,10.965496063232422,10.875420570373535,10.871777534484863,10.786385536193848,10.891594886779785,10.804576873779297,13.632112503051758,10.855354309082031,10.864386558532715,10.682821273803711,10.881857872009277,10.929641723632812,10.906634330749512,10.827530860900879,10.844433784484863,10.833379745483398,10.820429801940918,10.656949043273926,10.858765602111816,10.862492561340332,11.039831161499023,10.904014587402344
4.14,10.98457,0.0,11.061476707458496,10.976017951965332,11.02344036102295,10.895180702209473,11.079727172851562,10.937281608581543,10.965781211853027,10.896559715270996,11.12563419342041,10.989874839782715,11.017294883728027,10.962238311767578,11.049308776855469,10.954029083251953,13.689606666564941,11.009223937988281,11.01645278930664,10.853856086730957,11.019059181213379,11.10373306274414,11.064427375793457,10.99851131439209,10.981369018554688,10.983263969421387,10.97557544708252,10.811203956604004,11.015235900878906,11.017389297485352,11.16809368133545,11.068489074707031
4.15,11.01429,0.0,11.061476707458496,10.976017951965332,11.02344036102295,10.895180702209473,11.079727172851562,10.937281608581543,10.965781211853027,10.896559715270996,11.12563419342041,10.989874839782715,11.017294883728027,10.962238311767578,11.049308776855469,10.954029083251953,13.689606666564941,11.009223937988281,11.01645278930664,10.853856086730957,11.019059181213379,11.10373306274414,11.064427375793457,10.99851131439209,10.981369018554688,10.983263969421387,10.97557544708252,10.811203956604004,11.015235900878906,11.017389297485352,11.16809368133545,11.068489074707031
4.16,11.04342,0.0,11.061476707458496,10.976017951965332,11.02344036102295,10.895180702209473,11.079727172851562,10.937281608581543,10.965781211853027,10.896559715270996,11.12563419342041,10.989874839782715,11.017294883728027,10.962238311767578,11.049308776855469,10.954029083251953,13.689606666564941,11.009223937988281,11.01645278930664,10.853856086730957,11.019059181213379,11.10373306274414,11.064427375793457,10.99851131439209,10.981369018554688,10.983263969421387,10.97557544708252,10.811203956604004,11.015235900878906,11.017389297485352,11.16809368133545,11.068489074707031
4.17,11.07191,0.0,11.061476707458496,10.976017951965332,11.02344036102295,10.895180702209473,11.079727172851562,10.937281608581543,10.965781211853027,10.896559715270996,11.12563419342041,10.989874839782715,11.017294883728027,10.962238311767578,11.049308776855469,10.954029083251953,13.689606666564941,11.009223937988281,11.01645278930664,10.853856086730957,11.019059181213379,11.10373306274414,11.064427375793457,10.99851131439209,10.981369018554688,10.983263969421387,10.97557544708252,10.811203956604004,11.015235900878906,11.017389297485352,11.16809368133545,11.068489074707031
4.18,11.09977,0.0,11.061476707458496,10.976017951965332,11.02344036102295,10.895180702209473,11.079727172851562,10.937281608581543,10.965781211853027,10.896559715270996,11.12563419342041,10.989874839782715,11.017294883728027,10.962238311767578,11.049308776855469,10.954029083251953,13.689606666564941,11.009223937988281,11.01645278930664,10.853856086730957,11.019059181213379,11.10373306274414,11.064427375793457,10.99851131439209,10.981369018554688,10.983263969421387,10.97557544708252,10.811203956604004,11.015235900878906,11.017389297485352,11.16809368133545,11.068489074707031
4.19,11.12694,0.0,11.186105728149414,11.090957641601562,11.106827735900879,11.037060737609863,11.219512939453125,11.04782485961914,11.085204124450684,11.010689735412598,11.249801635742188,11.090517044067383,11.120999336242676,11.092986106872559,11.188305854797363,11.08265495300293,13.646137237548828,11.132585525512695,11.146900177001953,11.001523971557617,11.145915985107422,11.24273681640625,11.1906156539917,11.13061809539795,11.103814125061035,11.103494644165039,11.10635757446289,10.94948673248291,11.146108627319336,11.148289680480957,11.26783561706543,11.226061820983887
4.2,11.15342,0.0,11.186105728149414,11.090957641601562,11.106827735900879,11.037060737609863,11.219512939453125,11.04782485961914,11.085204124450684,11.010689735412598,11.249801635742188,11.090517044067383,11.120999336242676,11.092986106872559,11.188305854797363,11.08265495300293,13.646137237548828,11.132585525512695,11.146900177001953,11.001523971557617,11.145915985107422,11.24273681640625,11.1906156539917,11.13061809539795,11.103814125061035,11.103494644165039,11.10635757446289,10.94948673248291,11.146108627319336,11.148289680480957,11.26783561706543,11.226061820983887
4.21,11.17918,0.0,11.186105728149414,11.090957641601562,11.106827735900879,11.037060737609863,11.219512939453125,11.04782485961914,11.085204124450684,11.010689735412598,11.249801635742188,11.090517044067383,11.120999336242676,11.092986106872559,11.188305854797363,11.08265495300293,13.646137237548828,11.132585525512695,11.146900177001953,11.001523971557617,11.145915985107422,11.24273681640625,11.1906156539917,11.13061809539795,11.103814125061035,11.103494644165039,11.10635757446289,10.94948673248291,11.146108627319336,11.148289680480957,11.26783561706543,11.226061820983887
4.22,11.2042,0.0,11.186105728149414,11.090957641601562,11.106827735900879,11.037060737609863,11.219512939453125,11.04782485961914,11.085204124450684,11.010689735412598,11.249801635742188,11.090517044067383,11.120999336242676,11.092986106872559,11.188305854797363,11.08265495300293,13.646137237548828,11.132585525512695,11.146900177001953,11.001523971557617,11.145915985107422,11.24273681640625,11.1906156539917,11.13061809539795,11.103814125061035,11.103494644165039,11.10635757446289,10.94948673248291,11.146108627319336,11.148289680480957,11.26783561706543,11.226061820983887
4.23,11.22848,0.0,11.186105728149414,11.090957641601562,11.106827735900879,11.037060737609863,11.219512939453125,11.04782485961914,11.085204124450684,11.010689735412598,11.249801635742188,11.090517044067383,11.120999336242676,11.092986106872559,11.188305854797363,11.08265495300293,13.646137237548828,11.132585525512695,11.146900177001953,11.001523971557617,11.145915985107422,11.24273681640625,11.1906156539917,11.13061809539795,11.103814125061035,11.103494644165039,11.10635757446289,10.94948673248291,11.146108627319336,11.148289680480957,11.26783561706543,11.226061820983887
4.24,11.25198,0.0,11.313654899597168,11.198297500610352,11.235994338989258,11.189902305603027,11.352102279663086,11.179621696472168,11.220056533813477,11.157130241394043,11.37074089050293,11.22836685180664,11.250493049621582,11.226690292358398,11.325733184814453,11.21988582611084,13.590246200561523,11.25733757019043,11.276790618896484,11.143658638000488,11.269522666931152,11.371574401855469,11.319459915161133,11.257217407226562,11.230050086975098,11.2315034866333,11.231698036193848,11.085631370544434,11.2760009765625,11.277925491333008,11.357646942138672,11.369742393493652
4.25,11.27472,0.0,11.313654899597168,11.198297500610352,11.235994338989258,11.189902305603027,11.352102279663086,11.179621696472168,11.220056533813477,11.157130241394043,11.37074089050293,11.22836685180664,11.250493049621582,11.226690292358398,11.325733184814453,11.21988582611084,13.590246200561523,11.25733757019043,11.276790618896484,11.143658638000488,11.269522666931152,11.371574401855469,11.319459915161133,11.257217407226562,11.230050086975098,11.2315034866333,11.231698036193848,11.085631370544434,11.2760009765625,11.277925491333008,11.357646942138672,11.369742393493652
4.26,11.29669,0.0,11.313654899597168,11.198297500610352,11.235994338989258,11.189902305603027,11.352102279663086,11.179621696472168,11.220056533813477,11.157130241394043,11.37074089050293,11.22836685180664,11.250493049621582,11.226690292358398,11.325733184814453,11.21988582611084,13.590246200561523,11.25733757019043,11.276790618896484,11.143658638000488,11.269522666931152,11.371574401855469,11.319459915161133,11.257217407226562,11.230050086975098,11.2315034866333,11.231698036193848,11.085631370544434,11.2760009765625,11.277925491333008,11.357646942138672,11.369742393493652
4.27,11.31374,0.0,11.313654899597168,11.198297500610352,11.235994338989258,11.189902305603027,11.352102279663086,11.179621696472168,11.220056533813477,11.157130241394043,11.37074089050293,11.22836685180664,11.250493049621582,11.226690292358398,11.325733184814453,11.21988582611084,13.590246200561523,11.25733757019043,11.276790618896484,11.143658638000488,11.269522666931152,11.371574401855469,11.319459915161133,11.257217407226562,11.230050086975098,11.2315034866333,11.231698036193848,11.085631370544434,11.2760009765625,11.277925491333008,11.357646942138672,11.369742393493652
4.28,11.33831,0.0,11.313654899597168,11.198297500610352,11.235994338989258,11.189902305603027,11.352102279663086,11.179621696472168,11.220056533813477,11.157130241394043,11.37074089050293,11.22836685180664,11.250493049621582,11.226690292358398,11.325733184814453,11.21988582611084,13.590246200561523,11.25733757019043,11.276790618896484,11.143658638000488,11.269522666931152,11.371574401855469,11.319459915161133,11.257217407226562,11.230050086975098,11.2315034866333,11.231698036193848,11.085631370544434,11.2760009765625,11.277925491333008,11.357646942138672,11.369742393493652
4.29,11.35799,0.0,11.40083122253418,11.272822380065918,11.33918285369873,11.30348014831543,11.429495811462402,11.278364181518555,11.317033767700195,11.260202407836914,11.442659378051758,11.33912467956543,11.34876823425293,11.335084915161133,11.41413402557373,11.325580596923828,13.54275131225586,11.359980583190918,11.389089584350586,11.272642135620117,11.381149291992188,11.488725662231445,11.423479080200195,11.372496604919434,11.340262413024902,11.343523979187012,11.345073699951172,11.211493492126465,11.38969898223877,11.393937110900879,11.425294876098633,11.491626739501953
4.3,11.37692,0.0,11.40083122253418,11.272822380065918,11.33918285369873,11.30348014831543,11.429495811462402,11.278364181518555,11.317033767700195,11.260202407836914,11.442659378051758,11.33912467956543,11.34876823425293,11.335084915161133,11.41413402557373,11.325580596923828,13.54275131225586,11.359980583190918,11.389089584350586,11.272642135620117,11.381149291992188,11.488725662231445,11.423479080200195,11.372496604919434,11.340262413024902,11.343523979187012,11.345073699951172,11.211493492126465,11.38969898223877,11.393937110900879,11.425294876098633,11.491626739501953
4.31,11.39158,0.0,11.40083122253418,11.272822380065918,11.33918285369873,11.30348014831543,11.429495811462402,11.278364181518555,11.317033767700195,11.260202407836914,11.442659378051758,11.33912467956543,11.34876823425293,11.335084915161133,11.41413402557373,11.325580596923828,13.54275131225586,11.359980583190918,11.389089584350586,11.272642135620117,11.381149291992188,11.488725662231445,11.423479080200195,11.372496604919434,11.340262413024902,11.343523979187012,11.345073699951172,11.211493492126465,11.38969898223877,11.393937110900879,11.425294876098633,11.491626739501953
4.32,11.41266,0.0,11.40083122253418,11.272822380065918,11.33918285369873,11.30348014831543,11.429495811462402,11.278364181518555,11.317033767700195,11.260202407836914,11.442659378051758,11.33912467956543,11.34876823425293,11.335084915161133,11.41413402557373,11.325580596923828,13.54275131225586,11.359980583190918,11.389089584350586,11.272642135620117,11.381149291992188,11.488725662231445,11.423479080200195,11.372496604919434,11.340262413024902,11.343523979187012,11.345073699951172,11.211493492126465,11.38969898223877,11.393937110900879,11.425294876098633,11.491626739501953
4.33,11.42953,0.0,11.40083122253418,11.272822380065918,11.33918285369873,11.30348014831543,11.429495811462402,11.278364181518555,11.317033767700195,11.260202407836914,11.442659378051758,11.33912467956543,11.34876823425293,11.335084915161133,11.41413402557373,11.325580596923828,13.54275131225586,11.359980583190918,11.389089584350586,11.272642135620117,11.381149291992188,11.488725662231445,11.423479080200195,11.372496604919434,11.340262413024902,11.343523979187012,11.345073699951172,11.211493492126465,11.38969898223877,11.393937110900879,11.425294876098633,11.491626739501953
4.34,11.44576,0.0,11.454205513000488,11.281644821166992,11.398415565490723,11.346320152282715,11.466297149658203,11.271308898925781,11.33329963684082,11.266095161437988,11.48382568359375,11.374100685119629,11.362943649291992,11.365002632141113,11.462483406066895,11.371700286865234,13.421642303466797,11.408727645874023,11.446456909179688,11.35088062286377,11.45812702178955,11.557997703552246,11.467726707458496,11.425531387329102,11.39896011352539,11.385369300842285,11.413792610168457,11.30987548828125,11.444646835327148,11.458165168762207,11.485122680664062,11.582408905029297
4.35,11.45836,0.0,11.454205513000488,11.281644821166992,11.398415565490723,11.346320152282715,11.466297149658203,11.271308898925781,11.33329963684082,11.266095161437988,11.48382568359375,11.374100685119629,11.362943649291992,11.365002632141113,11.462483406066895,11.371700286865234,13.421642303466797,11.408727645874023,11.446456909179688,11.35088062286377,11.45812702178955,11.557997703552246,11.467726707458496,11.425531387329102,11.39896011352539,11.385369300842285,11.413792610168457,11.30987548828125,11.444646835327148,11.458165168762207,11.485122680664062,11.582408905029297
4.36,11.47652,0.0,11.454205513000488,11.281644821166992,11.398415565490723,11.346320152282715,11.466297149658203,11.271308898925781,11.33329963684082,11.266095161437988,11.48382568359375,11.374100685119629,11.362943649291992,11.365002632141113,11.462483406066895,11.371700286865234,13.421642303466797,11.408727645874023,11.446456909179688,11.35088062286377,11.45812702178955,11.557997703552246,11.467726707458496,11.425531387329102,11.39896011352539,11.385369300842285,11.413792610168457,11.30987548828125,11.444646835327148,11.458165168762207,11.485122680664062,11.582408905029297
4.37,11.49117,0.0,11.454205513000488,11.281644821166992,11.398415565490723,11.346320152282715,11.466297149658203,11.271308898925781,11.33329963684082,11.266095161437988,11.48382568359375,11.374100685119629,11.362943649291992,11.365002632141113,11.462483406066895,11.371700286865234,13.421642303466797,11.408727645874023,11.446456909179688,11.35088062286377,11.45812702178955,11.557997703552246,11.467726707458496,11.425531387329102,11.39896011352539,11.385369300842285,11.413792610168457,11.30987548828125,11.444646835327148,11.458165168762207,11.485122680664062,11.582408905029297
4.38,11.50531,0.0,11.454205513000488,11.281644821166992,11.398415565490723,11.346320152282715,11.466297149658203,11.271308898925781,11.33329963684082,11.266095161437988,11.48382568359375,11.374100685119629,11.362943649291992,11.365002632141113,11.462483406066895,11.371700286865234,13.421642303466797,11.408727645874023,11.446456909179688,11.35088062286377,11.45812702178955,11.557997703552246,11.467726707458496,11.425531387329102,11.39896011352539,11.385369300842285,11.413792610168457,11.30987548828125,11.444646835327148,11.458165168762207,11.485122680664062,11.582408905029297
4.39,11.51909,0.0,11.512418746948242,11.262228965759277,11.477091789245605,11.369576454162598,11.520611763000488,11.239106178283691,11.328661918640137,11.262893676757812,11.528285026550293,11.41332721710205,11.370687484741211,11.362056732177734,11.515351295471191,11.400694847106934,13.023667335510254,11.436906814575195,11.472770690917969,11.385086059570312,11.502649307250977,11.58262825012207,11.488057136535645,11.431282043457031,11.433744430541992,11.396300315856934,11.44421672821045,11.37358570098877,11.465455055236816,11.4881591796875,11.553577423095703,11.641453742980957
4.4,11.53255,0.0,11.512418746948242,11.262228965759277,11.477091789245605,11.369576454162598,11.520611763000488,11.239106178283691,11.328661918640137,11.262893676757812,11.528285026550293,11.41332721710205,11.370687484741211,11.362056732177734,11.515351295471191,11.400694847106934,13.023667335510254,11.436906814575195,11.472770690917969,11.385086059570312,11.502649307250977,11.58262825012207,11.488057136535645,11.431282043457031,11.433744430541992,11.396300315856934,11.44421672821045,11.37358570098877,11.465455055236816,11.4881591796875,11.553577423095703,11.641453742980957
4.41,11.54573,0.0,11.512418746948242,11.262228965759277,11.477091789245605,11.369576454162598,11.520611763000488,11.239106178283691,11.328661918640137,11.262893676757812,11.528285026550293,11.41332721710205,11.370687484741211,11.362056732177734,11.515351295471191,11.400694847106934,13.023667335510254,11.436906814575195,11.472770690917969,11.385086059570312,11.502649307250977,11.58262825012207,11.488057136535645,11.431282043457031,11.433744430541992,11.396300315856934,11.44421672821045,11.37358570098877,11.465455055236816,11.4881591796875,11.553577423095703,11.641453742980957
4.42,11.55869,0.0,11.512418746948242,11.262228965759277,11.477091789245605,11.369576454162598,11.520611763000488,11.239106178283691,11.328661918640137,11.262893676757812,11.528285026550293,11.41332721710205,11.370687484741211,11.362056732177734,11.515351295471191,11.400694847106934,13.023667335510254,11.436906814575195,11.472770690917969,11.385086059570312,11.502649307250977,11.58262825012207,11.488057136535645,11.431282043457031,11.433744430541992,11.396300315856934,11.44421672821045,11.37358570098877,11.465455055236816,11.4881591796875,11.553577423095703,11.641453742980957
4.43,11.5715,0.0,11.512418746948242,11.262228965759277,11.477091789245605,11.369576454162598,11.520611763000488,11.239106178283691,11.328661918640137,11.262893676757812,11.528285026550293,11.41332721710205,11.370687484741211,11.362056732177734,11.515351295471191,11.400694847106934,13.023667335510254,11.436906814575195,11.472770690917969,11.385086059570312,11.502649307250977,11.58262825012207,11.488057136535645,11.431282043457031,11.433744430541992,11.396300315856934,11.44421672821045,11.37358570098877,11.465455055236816,11.4881591796875,11.553577423095703,11.641453742980957
4.44,11.58421,0.0,11.592472076416016,11.295856475830078,11.604131698608398,11.438101768493652,11.605030059814453,11.316283226013184,11.395764350891113,11.357528686523438,11.616098403930664,11.5297212600708,11.471723556518555,11.423100471496582,11.589505195617676,11.468345642089844,12.856444358825684,11.505094528198242,11.516168594360352,11.424287796020508,11.54151439666748,11.617770195007324,11.542781829833984,11.46615219116211,11.493785858154297,11.453786849975586,11.478915214538574,11.41876220703125,11.51476001739502,11.540002822875977,11.621055603027344,11.678875923156738
4.45,11.5969,0.0,11.592472076416016,11.295856475830078,11.604131698608398,11.438101768493652,11.605030059814453,11.316283226013184,11.395764350891113,11.357528686523438,11.616098403930664,11.5297212600708,11.471723556518555,11.423100471496582,11.589505195617676,11.468345642089844,12.856444358825684,11.505094528198242,11.516168594360352,11.424287796020508,11.54151439666748,11.617770195007324,11.542781829833984,11.46615219116211,11.493785858154297,11.453786849975586,11.478915214538574,11.41876220703125,11.51476001739502,11.540002822875977,11.621055603027344,11.678875923156738
4.46,11.6096,0.0,11.592472076416016,11.295856475830078,11.604131698608398,11.438101768493652,11.605030059814453,11.316283226013184,11.395764350891113,11.357528686523438,11.616098403930664,11.5297212600708,11.471723556518555,11.423100471496582,11.589505195617676,11.468345642089844,12.856444358825684,11.505094528198242,11.516168594360352,11.424287796020508,11.54151439666748,11.617770195007324,11.542781829833984,11.46615219116211,11.493785858154297,11.453786849975586,11.478915214538574,11.41876220703125,11.51476001739502,11.540002822875977,11.621055603027344,11.678875923156738
4.47,11.62239,0.0,11.592472076416016,11.295856475830078,11.604131698608398,11.438101768493652,11.605030059814453,11.316283226013184,11.395764350891113,11.357528686523438,11.616098403930664,11.5297212600708,11.471723556518555,11.423100471496582,11.589505195617676,11.468345642089844,12.856444358825684,11.505094528198242,11.516168594360352,11.424287796020508,11.54151439666748,11.617770195007324,11.542781829833984,11.46615219116211,11.493785858154297,11.453786849975586,11.478915214538574,11.41876220703125,11.51476001739502,11.540002822875977,11.621055603027344,11.678875923156738
4.48,11.63531,0.0,11.592472076416016,11.295856475830078,11.604131698608398,11.438101768493652,11.605030059814453,11.316283226013184,11.395764350891113,11.357528686523438,11.616098403930664,11.5297212600708,11.471723556518555,11.423100471496582,11.589505195617676,11.468345642089844,12.856444358825684,11.505094528198242,11.516168594360352,11.424287796020508,11.54151439666748,11.617770195007324,11.542781829833984,11.46615219116211,11.493785858154297,11.453786849975586,11.478915214538574,11.41876220703125,11.51476001739502,11.540002822875977,11.621055603027344,11.678875923156738
4.49,11.64842,0.0,11.675069808959961,11.423440933227539,11.729706764221191,11.556705474853516,11.69188117980957,11.510162353515625,11.55399227142334,11.541105270385742,11.718058586120605,11.680283546447754,11.65620231628418,11.572746276855469,11.665492057800293,11.584802627563477,12.818099021911621,11.627588272094727,11.596725463867188,11.491630554199219,11.599637985229492,11.697287559509277,11.636370658874512,11.569317817687988,11.59522819519043,11.569934844970703,11.545669555664062,11.47330093383789,11.617051124572754,11.638582229614258,11.674969673156738,11.708139419555664
4.5,11.66175,0.0,11.675069808959961,11.423440933227539,11.729706764221191,11.556705474853516,11.69188117980957,11.510162353515625,11.55399227142334,11.541105270385742,11.718058586120605,11.680283546447754,11.65620231628418,11.572746276855469,11.665492057800293,11.584802627563477,12.818099021911621,11.627588272094727,11.596725463867188,11.491630554199219,11.599637985229492,11.697287559509277,11.636370658874512,11.569317817687988,11.59522819519043,11.569934844970703,11.545669555664062,11.47330093383789,11.617051124572754,11.638582229614258,11.674969673156738,11.708139419555664
4.51,11.67537,0.0,11.675069808959961,11.423440933227539,11.729706764221191,11.556705474853516,11.69188117980957,11.510162353515625,11.55399227142334,11.541105270385742,11.718058586120605,11.680283546447754,11.65620231628418,11.572746276855469,11.665492057800293,11.584802627563477,12.818099021911621,11.627588272094727,11.596725463867188,11.491630554199219,11.599637985229492,11.697287559509277,11.636370658874512,11.569317817687988,11.59522819519043,11.569934844970703,11.545669555664062,11.47330093383789,11.617051124572754,11.638582229614258,11.674969673156738,11.708139419555664
4.52,11.68651,0.0,11.675069808959961,11.423440933227539,11.729706764221191,11.556705474853516,11.69188117980957,11.510162353515625,11.55399227142334,11.541105270385742,11.718058586120605,11.680283546447754,11.65620231628418,11.572746276855469,11.665492057800293,11.584802627563477,12.818099021911621,11.627588272094727,11.596725463867188,11.491630554199219,11.599637985229492,11.697287559509277,11.636370658874512,11.569317817687988,11.59522819519043,11.569934844970703,11.545669555664062,11.47330093383789,11.617051124572754,11.638582229614258,11.674969673156738,11.708139419555664
4.53,11.70358,0.0,11.675069808959961,11.423440933227539,11.729706764221191,11.556705474853516,11.69188117980957,11.510162353515625,11.55399227142334,11.541105270385742,11.718058586120605,11.680283546447754,11.65620231628418,11.572746276855469,11.665492057800293,11.584802627563477,12.818099021911621,11.627588272094727,11.596725463867188,11.491630554199219,11.599637985229492,11.697287559509277,11.636370658874512,11.569317817687988,11.59522819519043,11.569934844970703,11.545669555664062,11.47330093383789,11.617051124572754,11.638582229614258,11.674969673156738,11.708139419555664
4.54,11.71824,0.0,11.759011268615723,11.624034881591797,11.808370590209961,11.709670066833496,11.791089057922363,11.76598072052002,11.774500846862793,11.768203735351562,11.844473838806152,11.815845489501953,11.874848365783691,11.781506538391113,11.756546974182129,11.73949146270752,12.822908401489258,11.782797813415527,11.725996971130371,11.596488952636719,11.693428993225098,11.829042434692383,11.770081520080566,11.741703033447266,11.730175018310547,11.73078727722168,11.656615257263184,11.566657066345215,11.77110481262207,11.77817440032959,11.726583480834961,11.743982315063477
4.55,11.7333,0.0,11.759011268615723,11.624034881591797,11.808370590209961,11.709670066833496,11.791089057922363,11.76598072052002,11.774500846862793,11.768203735351562,11.844473838806152,11.815845489501953,11.874848365783691,11.781506538391113,11.756546974182129,11.73949146270752,12.822908401489258,11.782797813415527,11.725996971130371,11.596488952636719,11.693428993225098,11.829042434692383,11.770081520080566,11.741703033447266,11.730175018310547,11.73078727722168,11.656615257263184,11.566657066345215,11.77110481262207,11.77817440032959,11.726583480834961,11.743982315063477
4.56,11.74568,0.0,11.759011268615723,11.624034881591797,11.808370590209961,11.709670066833496,11.791089057922363,11.76598072052002,11.774500846862793,11.768203735351562,11.844473838806152,11.815845489501953,11.874848365783691,11.781506538391113,11.756546974182129,11.73949146270752,12.822908401489258,11.782797813415527,11.725996971130371,11.596488952636719,11.693428993225098,11.829042434692383,11.770081520080566,11.741703033447266,11.730175018310547,11.73078727722168,11.656615257263184,11.566657066345215,11.77110481262207,11.77817440032959,11.726583480834961,11.743982315063477
4.57,11.7647,0.0,11.759011268615723,11.624034881591797,11.808370590209961,11.709670066833496,11.791089057922363,11.76598072052002,11.774500846862793,11.768203735351562,11.844473838806152,11.815845489501953,11.874848365783691,11.781506538391113,11.756546974182129,11.73949146270752,12.822908401489258,11.782797813415527,11.725996971130371,11.596488952636719,11.693428993225098,11.829042434692383,11.770081520080566,11.741703033447266,11.730175018310547,11.73078727722168,11.656615257263184,11.566657066345215,11.77110481262207,11.77817440032959,11.726583480834961,11.743982315063477
4.58,11.78107,0.0,11.759011268615723,11.624034881591797,11.808370590209961,11.709670066833496,11.791089057922363,11.76598072052002,11.774500846862793,11.768203735351562,11.844473838806152,11.815845489501953,11.874848365783691,11.781506538391113,11.756546974182129,11.73949146270752,12.822908401489258,11.782797813415527,11.725996971130371,11.596488952636719,11.693428993225098,11.829042434692383,11.770081520080566,11.741703033447266,11.730175018310547,11.73078727722168,11.656615257263184,11.566657066345215,11.77110481262207,11.77817440032959,11.726583480834961,11.743982315063477
4.59,11.79788,0.0,11.816343307495117,11.788983345031738,11.812383651733398,11.838357925415039,11.863639831542969,11.95166301727295,11.9551420211792,11.920212745666504,11.933503150939941,11.88138484954834,12.011747360229492,11.950823783874512,11.83602523803711,11.872098922729492,12.844146728515625,11.907867431640625,11.865368843078613,11.716275215148926,11.809052467346191,11.966513633728027,11.897628784179688,11.914525032043457,11.850288391113281,11.869422912597656,11.783159255981445,11.704608917236328,11.92126178741455,11.907504081726074,11.77665901184082,11.793339729309082
4.6,11.81169,0.0,11.816343307495117,11.788983345031738,11.812383651733398,11.838357925415039,11.863639831542969,11.95166301727295,11.9551420211792,11.920212745666504,11.933503150939941,11.88138484954834,12.011747360229492,11.950823783874512,11.83602523803711,11.872098922729492,12.844146728515625,11.907867431640625,11.865368843078613,11.716275215148926,11.809052467346191,11.966513633728027,11.897628784179688,11.914525032043457,11.850288391113281,11.869422912597656,11.783159255981445,11.704608917236328,11.92126178741455,11.907504081726074,11.77665901184082,11.793339729309082
4.61,11.83285,0.0,11.816343307495117,11.788983345031738,11.812383651733398,11.838357925415039,11.863639831542969,11.95166301727295,11.9551420211792,11.920212745666504,11.933503150939941,11.88138484954834,12.011747360229492,11.950823783874512,11.83602523803711,11.872098922729492,12.844146728515625,11.907867431640625,11.865368843078613,11.716275215148926,11.809052467346191,11.966513633728027,11.897628784179688,11.914525032043457,11.850288391113281,11.869422912597656,11.783159255981445,11.704608917236328,11.92126178741455,11.907504081726074,11.77665901184082,11.793339729309082
4.62,11.85098,0.0,11.816343307495117,11.788983345031738,11.812383651733398,11.838357925415039,11.863639831542969,11.95166301727295,11.9551420211792,11.920212745666504,11.933503150939941,11.88138484954834,12.011747360229492,11.950823783874512,11.83602523803711,11.872098922729492,12.844146728515625,11.907867431640625,11.865368843078613,11.716275215148926,11.809052467346191,11.966513633728027,11.897628784179688,11.914525032043457,11.850288391113281,11.869422912597656,11.783159255981445,11.704608917236328,11.92126178741455,11.907504081726074,11.77665901184082,11.793339729309082
4.63,11.86953,0.0,11.816343307495117,11.788983345031738,11.812383651733398,11.838357925415039,11.863639831542969,11.95166301727295,11.9551420211792,11.920212745666504,11.933503150939941,11.88138484954834,12.011747360229492,11.950823783874512,11.83602523803711,11.872098922729492,12.844146728515625,11.907867431640625,11.865368843078613,11.716275215148926,11.809052467346191,11.966513633728027,11.897628784179688,11.914525032043457,11.850288391113281,11.869422912597656,11.783159255981445,11.704608917236328,11.92126178741455,11.907504081726074,11.77665901184082,11.793339729309082
4.64,11.88847,0.0,11.887418746948242,11.902158737182617,11.821579933166504,11.94289779663086,11.939789772033691,12.052398681640625,12.076980590820312,12.013237953186035,12.011300086975098,11.913597106933594,12.070164680480957,12.058018684387207,11.929415702819824,11.983316421508789,12.876622200012207,11.996759414672852,11.986259460449219,11.832967758178711,11.929287910461426,12.078697204589844,12.003605842590332,12.039859771728516,11.940985679626465,11.963933944702148,11.90100383758545,11.86863899230957,12.034327507019043,12.008216857910156,11.833162307739258,11.858471870422363
4.65,11.90779,0.0,11.887418746948242,11.902158737182617,11.821579933166504,11.94289779663086,11.939789772033691,12.052398681640625,12.076980590820312,12.013237953186035,12.011300086975098,11.913597106933594,12.070164680480957,12.058018684387207,11.929415702819824,11.983316421508789,12.876622200012207,11.996759414672852,11.986259460449219,11.832967758178711,11.929287910461426,12.078697204589844,12.003605842590332,12.039859771728516,11.940985679626465,11.963933944702148,11.90100383758545,11.86863899230957,12.034327507019043,12.008216857910156,11.833162307739258,11.858471870422363
4.66,11.92746,0.0,11.887418746948242,11.902158737182617,11.821579933166504,11.94289779663086,11.939789772033691,12.052398681640625,12.076980590820312,12.013237953186035,12.011300086975098,11.913597106933594,12.070164680480957,12.058018684387207,11.929415702819824,11.983316421508789,12.876622200012207,11.996759414672852,11.986259460449219,11.832967758178711,11.929287910461426,12.078697204589844,12.003605842590332,12.039859771728516,11.940985679626465,11.963933944702148,11.90100383758545,11.86863899230957,12.034327507019043,12.008216857910156,11.833162307739258,11.858471870422363
4.67,11.94745,0.0,11.887418746948242,11.902158737182617,11.821579933166504,11.94289779663086,11.939789772033691,12.052398681640625,12.076980590820312,12.013237953186035,12.011300086975098,11.913597106933594,12.070164680480957,12.058018684387207,11.929415702819824,11.983316421508789,12.876622200012207,11.996759414672852,11.986259460449219,11.832967758178711,11.929287910461426,12.078697204589844,12.003605842590332,12.039859771728516,11.940985679626465,11.963933944702148,11.90100383758545,11.86863899230957,12.034327507019043,12.008216857910156,11.833162307739258,11.858471870422363
4.68,11.96773,0.0,11.887418746948242,11.902158737182617,11.821579933166504,11.94289779663086,11.939789772033691,12.052398681640625,12.076980590820312,12.013237953186035,12.011300086975098,11.913597106933594,12.070164680480957,12.058018684387207,11.929415702819824,11.983316421508789,12.876622200012207,11.996759414672852,11.986259460449219,11.832967758178711,11.929287910461426,12.078697204589844,12.003605842590332,12.039859771728516,11.940985679626465,11.963933944702148,11.90100383758545,11.86863899230957,12.034327507019043,12.008216857910156,11.833162307739258,11.858471870422363
4.69,11.98827,0.0,11.949739456176758,11.965901374816895,11.887923240661621,12.032939910888672,11.995755195617676,12.108074188232422,12.15686321258545,12.08251667022705,12.05117416381836,11.972259521484375,12.104302406311035,12.131365776062012,12.003527641296387,12.082879066467285,12.91286563873291,12.070302963256836,12.0902099609375,11.948822975158691,12.050182342529297,12.168664932250977,12.086699485778809,12.127111434936523,12.029585838317871,12.046993255615234,12.003658294677734,12.031373023986816,12.125655174255371,12.099349975585938,11.868913650512695,11.936047554016113
4.7,12.00907,0.0,11.949739456176758,11.965901374816895,11.887923240661621,12.032939910888672,11.995755195617676,12.108074188232422,12.15686321258545,12.08251667022705,12.05117416381836,11.972259521484375,12.104302406311035,12.131365776062012,12.003527641296387,12.082879066467285,12.91286563873291,12.070302963256836,12.0902099609375,11.948822975158691,12.050182342529297,12.168664932250977,12.086699485778809,12.127111434936523,12.029585838317871,12.046993255615234,12.003658294677734,12.031373023986816,12.125655174255371,12.099349975585938,11.868913650512695,11.936047554016113
4.71,12.03003,0.0,11.949739456176758,11.965901374816895,11.887923240661621,12.032939910888672,11.995755195617676,12.108074188232422,12.15686321258545,12.08251667022705,12.05117416381836,11.972259521484375,12.104302406311035,12.131365776062012,12.003527641296387,12.082879066467285,12.91286563873291,12.070302963256836,12.0902099609375,11.948822975158691,12.050182342529297,12.168664932250977,12.086699485778809,12.127111434936523,12.029585838317871,12.046993255615234,12.003658294677734,12.031373023986816,12.125655174255371,12.099349975585938,11.868913650512695,11.936047554016113
4.72,12.05118,0.0,11.949739456176758,11.965901374816895,11.887923240661621,12.032939910888672,11.995755195617676,12.108074188232422,12.15686321258545,12.08251667022705,12.05117416381836,11.972259521484375,12.104302406311035,12.131365776062012,12.003527641296387,12.082879066467285,12.91286563873291,12.070302963256836,12.0902099609375,11.948822975158691,12.050182342529297,12.168664932250977,12.086699485778809,12.127111434936523,12.029585838317871,12.046993255615234,12.003658294677734,12.031373023986816,12.125655174255371,12.099349975585938,11.868913650512695,11.936047554016113
4.73,12.07247,0.0,11.949739456176758,11.965901374816895,11.887923240661621,12.032939910888672,11.995755195617676,12.108074188232422,12.15686321258545,12.08251667022705,12.05117416381836,11.972259521484375,12.104302406311035,12.131365776062012,12.003527641296387,12.082879066467285,12.91286563873291,12.070302963256836,12.0902099609375,11.948822975158691,12.050182342529297,12.168664932250977,12.086699485778809,12.127111434936523,12.029585838317871,12.046993255615234,12.003658294677734,12.031373023986816,12.125655174255371,12.099349975585938,11.868913650512695,11.936047554016113
4.74,12.09387,0.0,12.01435375213623,12.021687507629395,12.016961097717285,12.121912002563477,12.053894996643066,12.166885375976562,12.223623275756836,12.161263465881348,12.099078178405762,12.069351196289062,12.160954475402832,12.203758239746094,12.059375762939453,12.1799898147583,12.953178405761719,12.152018547058105,12.184823989868164,12.064810752868652,12.166767120361328,12.255889892578125,12.162080764770508,12.203784942626953,12.127196311950684,12.135151863098145,12.10096549987793,12.179403305053711,12.210366249084473,12.195068359375,11.91292953491211,12.015328407287598
4.75,12.11535,0.0,12.01435375213623,12.021687507629395,12.016961097717285,12.121912002563477,12.053894996643066,12.166885375976562,12.223623275756836,12.161263465881348,12.099078178405762,12.069351196289062,12.160954475402832,12.203758239746094,12.059375762939453,12.1799898147583,12.953178405761719,12.152018547058105,12.184823989868164,12.064810752868652,12.166767120361328,12.255889892578125,12.162080764770508,12.203784942626953,12.127196311950684,12.135151863098145,12.10096549987793,12.179403305053711,12.210366249084473,12.195068359375,11.91292953491211,12.015328407287598
4.76,12.13688,0.0,12.01435375213623,12.021687507629395,12.016961097717285,12.121912002563477,12.053894996643066,12.166885375976562,12.223623275756836,12.161263465881348,12.099078178405762,12.069351196289062,12.160954475402832,12.203758239746094,12.059375762939453,12.1799898147583,12.953178405761719,12.152018547058105,12.184823989868164,12.064810752868652,12.166767120361328,12.255889892578125,12.162080764770508,12.203784942626953,12.127196311950684,12.135151863098145,12.10096549987793,12.179403305053711,12.210366249084473,12.195068359375,11.91292953491211,12.015328407287598
4.77,12.15417,0.0,12.01435375213623,12.021687507629395,12.016961097717285,12.121912002563477,12.053894996643066,12.166885375976562,12.223623275756836,12.161263465881348,12.099078178405762,12.069351196289062,12.160954475402832,12.203758239746094,12.059375762939453,12.1799898147583,12.953178405761719,12.152018547058105,12.184823989868164,12.064810752868652,12.166767120361328,12.255889892578125,12.162080764770508,12.203784942626953,12.127196311950684,12.135151863098145,12.10096549987793,12.179403305053711,12.210366249084473,12.195068359375,11.91292953491211,12.015328407287598
4.78,12.18002,0.0,12.01435375213623,12.021687507629395,12.016961097717285,12.121912002563477,12.053894996643066,12.166885375976562,12.223623275756836,12.161263465881348,12.099078178405762,12.069351196289062,12.160954475402832,12.203758239746094,12.059375762939453,12.1799898147583,12.953178405761719,12.152018547058105,12.184823989868164,12.064810752868652,12.166767120361328,12.255889892578125,12.162080764770508,12.203784942626953,12.127196311950684,12.135151863098145,12.10096549987793,12.179403305053711,12.210366249084473,12.195068359375,11.91292953491211,12.015328407287598
4.79,12.20158,0.0,12.123808860778809,12.08008098602295,12.155713081359863,12.205904960632324,12.139691352844238,12.231756210327148,12.283121109008789,12.240753173828125,12.193317413330078,12.179800987243652,12.240028381347656,12.279827117919922,12.137028694152832,12.269625663757324,12.992578506469727,12.240290641784668,12.282648086547852,12.179569244384766,12.27417278289795,12.347210884094238,12.25812816619873,12.282181739807129,12.225081443786621,12.227527618408203,12.201343536376953,12.293764114379883,12.295804023742676,12.29163932800293,12.029215812683105,12.082324028015137
4.8,12.22312,0.0,12.123808860778809,12.08008098602295,12.155713081359863,12.205904960632324,12.139691352844238,12.231756210327148,12.283121109008789,12.240753173828125,12.193317413330078,12.179800987243652,12.240028381347656,12.279827117919922,12.137028694152832,12.269625663757324,12.992578506469727,12.240290641784668,12.282648086547852,12.179569244384766,12.27417278289795,12.347210884094238,12.25812816619873,12.282181739807129,12.225081443786621,12.227527618408203,12.201343536376953,12.293764114379883,12.295804023742676,12.29163932800293,12.029215812683105,12.082324028015137
4.81,12.24035,0.0,12.123808860778809,12.08008098602295,12.155713081359863,12.205904960632324,12.139691352844238,12.231756210327148,12.283121109008789,12.240753173828125,12.193317413330078,12.179800987243652,12.240028381347656,12.279827117919922,12.137028694152832,12.269625663757324,12.992578506469727,12.240290641784668,12.282648086547852,12.179569244384766,12.27417278289795,12.347210884094238,12.25812816619873,12.282181739807129,12.225081443786621,12.227527618408203,12.201343536376953,12.293764114379883,12.295804023742676,12.29163932800293,12.029215812683105,12.082324028015137
4.82,12.26604,0.0,12.123808860778809,12.08008098602295,12.155713081359863,12.205904960632324,12.139691352844238,12.231756210327148,12.283121109008789,12.240753173828125,12.193317413330078,12.179800987243652,12.240028381347656,12.279827117919922,12.137028694152832,12.269625663757324,12.992578506469727,12.240290641784668,12.282648086547852,12.179569244384766,12.27417278289795,12.347210884094238,12.25812816619873,12.282181739807129,12.225081443786621,12.227527618408203,12.201343536376953,12.293764114379883,12.295804023742676,12.29163932800293,12.029215812683105,12.082324028015137
4.83,12.28741,0.0,12.123808860778809,12.08008098602295,12.155713081359863,12.205904960632324,12.139691352844238,12.231756210327148,12.283121109008789,12.240753173828125,12.193317413330078,12.179800987243652,12.240028381347656,12.279827117919922,12.137028694152832,12.269625663757324,12.992578506469727,12.240290641784668,12.282648086547852,12.179569244384766,12.27417278289795,12.347210884094238,12.25812816619873,12.282181739807129,12.225081443786621,12.227527618408203,12.201343536376953,12.293764114379883,12.295804023742676,12.29163932800293,12.029215812683105,12.082324028015137
4.84,12.30871,0.0,12.255595207214355,12.150833129882812,12.290657043457031,12.292337417602539,12.262758255004883,12.314245223999023,12.353958129882812,12.328510284423828,12.323202133178711,12.294977188110352,12.342703819274902,12.367385864257812,12.260441780090332,12.360715866088867,13.0321683883667,12.340346336364746,12.386615753173828,12.294915199279785,12.375142097473145,12.444809913635254,12.372801780700684,12.368078231811523,12.321577072143555,12.32286548614502,12.30615234375,12.393174171447754,12.38699722290039,12.38998794555664,12.194648742675781,12.142504692077637
4.85,12.32573,0.0,12.255595207214355,12.150833129882812,12.290657043457031,12.292337417602539,12.262758255004883,12.314245223999023,12.353958129882812,12.328510284423828,12.323202133178711,12.294977188110352,12.342703819274902,12.367385864257812,12.260441780090332,12.360715866088867,13.0321683883667,12.340346336364746,12.386615753173828,12.294915199279785,12.375142097473145,12.444809913635254,12.372801780700684,12.368078231811523,12.321577072143555,12.32286548614502,12.30615234375,12.393174171447754,12.38699722290039,12.38998794555664,12.194648742675781,12.142504692077637
4.86,12.35108,0.0,12.255595207214355,12.150833129882812,12.290657043457031,12.292337417602539,12.262758255004883,12.314245223999023,12.353958129882812,12.328510284423828,12.323202133178711,12.294977188110352,12.342703819274902,12.367385864257812,12.260441780090332,12.360715866088867,13.0321683883667,12.340346336364746,12.386615753173828,12.294915199279785,12.375142097473145,12.444809913635254,12.372801780700684,12.368078231811523,12.321577072143555,12.32286548614502,12.30615234375,12.393174171447754,12.38699722290039,12.38998794555664,12.194648742675781,12.142504692077637
4.87,12.37214,0.0,12.255595207214355,12.150833129882812,12.290657043457031,12.292337417602539,12.262758255004883,12.314245223999023,12.353958129882812,12.328510284423828,12.323202133178711,12.294977188110352,12.342703819274902,12.367385864257812,12.260441780090332,12.360715866088867,13.0321683883667,12.340346336364746,12.386615753173828,12.294915199279785,12.375142097473145,12.444809913635254,12.372801780700684,12.368078231811523,12.321577072143555,12.32286548614502,12.30615234375,12.393174171447754,12.38699722290039,12.38998794555664,12.194648742675781,12.142504692077637
4.88,12.39313,0.0,12.255595207214355,12.150833129882812,12.290657043457031,12.292337417602539,12.262758255004883,12.314245223999023,12.353958129882812,12.328510284423828,12.323202133178711,12.294977188110352,12.342703819274902,12.367385864257812,12.260441780090332,12.360715866088867,13.0321683883667,12.340346336364746,12.386615753173828,12.294915199279785,12.375142097473145,12.444809913635254,12.372801780700684,12.368078231811523,12.321577072143555,12.32286548614502,12.30615234375,12.393174171447754,12.38699722290039,12.38998794555664,12.194648742675781,12.142504692077637
4.89,12.41404,0.0,12.381546020507812,12.241125106811523,12.415828704833984,12.383076667785645,12.39284610748291,12.412779808044434,12.445477485656738,12.427313804626465,12.458868026733398,12.407988548278809,12.461331367492676,12.466967582702637,12.395263671875,12.45961856842041,13.070684432983398,12.450931549072266,12.489230155944824,12.409202575683594,12.473397254943848,12.55077075958252,12.486886978149414,12.464933395385742,12.422476768493652,12.423762321472168,12.410972595214844,12.507404327392578,12.486944198608398,12.49403190612793,12.349398612976074,12.209725379943848
4.9,12.43489,0.0,12.381546020507812,12.241125106811523,12.415828704833984,12.383076667785645,12.39284610748291,12.412779808044434,12.445477485656738,12.427313804626465,12.458868026733398,12.407988548278809,12.461331367492676,12.466967582702637,12.395263671875,12.45961856842041,13.070684432983398,12.450931549072266,12.489230155944824,12.409202575683594,12.473397254943848,12.55077075958252,12.486886978149414,12.464933395385742,12.422476768493652,12.423762321472168,12.410972595214844,12.507404327392578,12.486944198608398,12.49403190612793,12.349398612976074,12.209725379943848
4.91,12.45565,0.0,12.381546020507812,12.241125106811523,12.415828704833984,12.383076667785645,12.39284610748291,12.412779808044434,12.445477485656738,12.427313804626465,12.458868026733398,12.407988548278809,12.461331367492676,12.466967582702637,12.395263671875,12.45961856842041,13.070684432983398,12.450931549072266,12.489230155944824,12.409202575683594,12.473397254943848,12.55077075958252,12.486886978149414,12.464933395385742,12.422476768493652,12.423762321472168,12.410972595214844,12.507404327392578,12.486944198608398,12.49403190612793,12.349398612976074,12.209725379943848
4.92,12.47636,0.0,12.381546020507812,12.241125106811523,12.415828704833984,12.383076667785645,12.39284610748291,12.412779808044434,12.445477485656738,12.427313804626465,12.458868026733398,12.407988548278809,12.461331367492676,12.466967582702637,12.395263671875,12.45961856842041,13.070684432983398,12.450931549072266,12.489230155944824,12.409202575683594,12.473397254943848,12.55077075958252,12.486886978149414,12.464933395385742,12.422476768493652,12.423762321472168,12.410972595214844,12.507404327392578,12.486944198608398,12.49403190612793,12.349398612976074,12.209725379943848
4.93,12.497,0.0,12.381546020507812,12.241125106811523,12.415828704833984,12.383076667785645,12.39284610748291,12.412779808044434,12.445477485656738,12.427313804626465,12.458868026733398,12.407988548278809,12.461331367492676,12.466967582702637,12.395263671875,12.45961856842041,13.070684432983398,12.450931549072266,12.489230155944824,12.409202575683594,12.473397254943848,12.55077075958252,12.486886978149414,12.464933395385742,12.422476768493652,12.423762321472168,12.410972595214844,12.507404327392578,12.486944198608398,12.49403190612793,12.349398612976074,12.209725379943848
4.94,12.51758,0.0,12.501108169555664,12.336520195007324,12.530287742614746,12.476014137268066,12.514055252075195,12.521018028259277,12.553662300109863,12.52929401397705,12.584924697875977,12.516429901123047,12.579092979431152,12.571380615234375,12.51883316040039,12.56110668182373,13.1058988571167,12.562934875488281,12.588980674743652,12.521886825561523,12.571450233459473,12.660536766052246,12.596152305603027,12.570779800415039,12.52830696105957,12.526784896850586,12.509556770324707,12.627859115600586,12.592923164367676,12.599749565124512,12.47220516204834,12.28488540649414
4.95,12.5381,0.0,12.501108169555664,12.336520195007324,12.530287742614746,12.476014137268066,12.514055252075195,12.521018028259277,12.553662300109863,12.52929401397705,12.584924697875977,12.516429901123047,12.579092979431152,12.571380615234375,12.51883316040039,12.56110668182373,13.1058988571167,12.562934875488281,12.588980674743652,12.521886825561523,12.571450233459473,12.660536766052246,12.596152305603027,12.570779800415039,12.52830696105957,12.526784896850586,12.509556770324707,12.627859115600586,12.592923164367676,12.599749565124512,12.47220516204834,12.28488540649414
4.96,12.55856,0.0,12.501108169555664,12.336520195007324,12.530287742614746,12.476014137268066,12.514055252075195,12.521018028259277,12.553662300109863,12.52929401397705,12.584924697875977,12.516429901123047,12.579092979431152,12.571380615234375,12.51883316040039,12.56110668182373,13.1058988571167,12.562934875488281,12.588980674743652,12.521886825561523,12.571450233459473,12.660536766052246,12.596152305603027,12.570779800415039,12.52830696105957,12.526784896850586,12.509556770324707,12.627859115600586,12.592923164367676,12.599749565124512,12.47220516204834,12.28488540649414
4.97,12.57896,0.0,12.501108169555664,12.336520195007324,12.530287742614746,12.476014137268066,12.514055252075195,12.521018028259277,12.553662300109863,12.52929401397705,12.584924697875977,12.516429901123047,12.579092979431152,12.571380615234375,12.51883316040039,12.56110668182373,13.1058988571167,12.562934875488281,12.588980674743652,12.521886825561523,12.571450233459473,12.660536766052246,12.596152305603027,12.570779800415039,12.52830696105957,12.526784896850586,12.509556770324707,12.627859115600586,12.592923164367676,12.599749565124512,12.47220516204834,12.28488540649414
4.98,12.59931,0.0,12.501108169555664,12.336520195007324,12.530287742614746,12.476014137268066,12.514055252075195,12.521018028259277,12.553662300109863,12.52929401397705,12.584924697875977,12.516429901123047,12.579092979431152,12.571380615234375,12.51883316040039,12.56110668182373,13.1058988571167,12.562934875488281,12.588980674743652,12.521886825561523,12.571450233459473,12.660536766052246,12.596152305603027,12.570779800415039,12.52830696105957,12.526784896850586,12.509556770324707,12.627859115600586,12.592923164367676,12.599749565124512,12.47220516204834,12.28488540649414
4.99,12.61957,0.0,12.598535537719727,12.430126190185547,12.631866455078125,12.570332527160645,12.610288619995117,12.627141952514648,12.667715072631836,12.628288269042969,12.675877571105957,12.616061210632324,12.68311882019043,12.671640396118164,12.61439323425293,12.659869194030762,13.137688636779785,12.667618751525879,12.6827392578125,12.631345748901367,12.667325019836426,12.767624855041504,12.685745239257812,12.676560401916504,12.627471923828125,12.62502384185791,12.601607322692871,12.737369537353516,12.695964813232422,12.698579788208008,12.55821418762207,12.357514381408691
5.0,12.63976,0.0,12.598535537719727,12.430126190185547,12.631866455078125,12.570332527160645,12.610288619995117,12.627141952514648,12.667715072631836,12.628288269042969,12.675877571105957,12.616061210632324,12.68311882019043,12.671640396118164,12.61439323425293,12.659869194030762,13.137688636779785,12.667618751525879,12.6827392578125,12.631345748901367,12.667325019836426,12.767624855041504,12.685745239257812,12.676560401916504,12.627471923828125,12.62502384185791,12.601607322692871,12.737369537353516,12.695964813232422,12.698579788208008,12.55821418762207,12.357514381408691
5.01,12.65986,0.0,12.598535537719727,12.430126190185547,12.631866455078125,12.570332527160645,12.610288619995117,12.627141952514648,12.667715072631836,12.628288269042969,12.675877571105957,12.616061210632324,12.68311882019043,12.671640396118164,12.61439323425293,12.659869194030762,13.137688636779785,12.667618751525879,12.6827392578125,12.631345748901367,12.667325019836426,12.767624855041504,12.685745239257812,12.676560401916504,12.627471923828125,12.62502384185791,12.601607322692871,12.737369537353516,12.695964813232422,12.698579788208008,12.55821418762207,12.357514381408691
5.02,12.67591,0.0,12.598535537719727,12.430126190185547,12.631866455078125,12.570332527160645,12.610288619995117,12.627141952514648,12.667715072631836,12.628288269042969,12.675877571105957,12.616061210632324,12.68311882019043,12.671640396118164,12.61439323425293,12.659869194030762,13.137688636779785,12.667618751525879,12.6827392578125,12.631345748901367,12.667325019836426,12.767624855041504,12.685745239257812,12.676560401916504,12.627471923828125,12.62502384185791,12.601607322692871,12.737369537353516,12.695964813232422,12.698579788208008,12.55821418762207,12.357514381408691
5.03,12.69974,0.0,12.598535537719727,12.430126190185547,12.631866455078125,12.570332527160645,12.610288619995117,12.627141952514648,12.667715072631836,12.628288269042969,12.675877571105957,12.616061210632324,12.68311882019043,12.671640396118164,12.61439323425293,12.659869194030762,13.137688636779785,12.667618751525879,12.6827392578125,12.631345748901367,12.667325019836426,12.767624855041504,12.685745239257812,12.676560401916504,12.627471923828125,12.62502384185791,12.601607322692871,12.737369537353516,12.695964813232422,12.698579788208008,12.55821418762207,12.357514381408691
5.04,12.71947,0.0,12.695834159851074,12.52894401550293,12.73581600189209,12.670208930969238,12.715861320495605,12.736907958984375,12.788329124450684,12.733824729919434,12.775346755981445,12.716267585754395,12.782975196838379,12.775261878967285,12.714110374450684,12.763550758361816,13.168537139892578,12.7724027633667,12.777584075927734,12.739672660827637,12.765827178955078,12.873462677001953,12.780335426330566,12.78441333770752,12.728819847106934,12.725137710571289,12.696561813354492,12.836010932922363,12.799249649047852,12.799352645874023,12.649954795837402,12.424362182617188
5.05,12.73905,0.0,12.695834159851074,12.52894401550293,12.73581600189209,12.670208930969238,12.715861320495605,12.736907958984375,12.788329124450684,12.733824729919434,12.775346755981445,12.716267585754395,12.782975196838379,12.775261878967285,12.714110374450684,12.763550758361816,13.168537139892578,12.7724027633667,12.777584075927734,12.739672660827637,12.765827178955078,12.873462677001953,12.780335426330566,12.78441333770752,12.728819847106934,12.725137710571289,12.696561813354492,12.836010932922363,12.799249649047852,12.799352645874023,12.649954795837402,12.424362182617188
5.06,12.75461,0.0,12.695834159851074,12.52894401550293,12.73581600189209,12.670208930969238,12.715861320495605,12.736907958984375,12.788329124450684,12.733824729919434,12.775346755981445,12.716267585754395,12.782975196838379,12.775261878967285,12.714110374450684,12.763550758361816,13.168537139892578,12.7724027633667,12.777584075927734,12.739672660827637,12.765827178955078,12.873462677001953,12.780335426330566,12.78441333770752,12.728819847106934,12.725137710571289,12.696561813354492,12.836010932922363,12.799249649047852,12.799352645874023,12.649954795837402,12.424362182617188
5.07,12.77762,0.0,12.695834159851074,12.52894401550293,12.73581600189209,12.670208930969238,12.715861320495605,12.736907958984375,12.788329124450684,12.733824729919434,12.775346755981445,12.716267585754395,12.782975196838379,12.775261878967285,12.714110374450684,12.763550758361816,13.168537139892578,12.7724027633667,12.777584075927734,12.739672660827637,12.765827178955078,12.873462677001953,12.780335426330566,12.78441333770752,12.728819847106934,12.725137710571289,12.696561813354492,12.836010932922363,12.799249649047852,12.799352645874023,12.649954795837402,12.424362182617188
5.08,12.79656,0.0,12.695834159851074,12.52894401550293,12.73581600189209,12.670208930969238,12.715861320495605,12.736907958984375,12.788329124450684,12.733824729919434,12.775346755981445,12.716267585754395,12.782975196838379,12.775261878967285,12.714110374450684,12.763550758361816,13.168537139892578,12.7724027633667,12.777584075927734,12.739672660827637,12.765827178955078,12.873462677001953,12.780335426330566,12.78441333770752,12.728819847106934,12.725137710571289,12.696561813354492,12.836010932922363,12.799249649047852,12.799352645874023,12.649954795837402,12.424362182617188
5.09,12.81522,0.0,12.800020217895508,12.62777042388916,12.83782958984375,12.7738618850708,12.820122718811035,12.845356941223145,12.90869426727295,12.840526580810547,12.87355899810791,12.818492889404297,12.881709098815918,12.879545211791992,12.813406944274902,12.869958877563477,13.195830345153809,12.875833511352539,12.879246711730957,12.846965789794922,12.868016242980957,12.979355812072754,12.883869171142578,12.894147872924805,12.83498477935791,12.8303861618042,12.794416427612305,12.928439140319824,12.905118942260742,12.904361724853516,12.755010604858398,12.490715980529785
5.1,12.82996,0.0,12.800020217895508,12.62777042388916,12.83782958984375,12.7738618850708,12.820122718811035,12.845356941223145,12.90869426727295,12.840526580810547,12.87355899810791,12.818492889404297,12.881709098815918,12.879545211791992,12.813406944274902,12.869958877563477,13.195830345153809,12.875833511352539,12.879246711730957,12.846965789794922,12.868016242980957,12.979355812072754,12.883869171142578,12.894147872924805,12.83498477935791,12.8303861618042,12.794416427612305,12.928439140319824,12.905118942260742,12.904361724853516,12.755010604858398,12.490715980529785
5.11,12.85159,0.0,12.800020217895508,12.62777042388916,12.83782958984375,12.7738618850708,12.820122718811035,12.845356941223145,12.90869426727295,12.840526580810547,12.87355899810791,12.818492889404297,12.881709098815918,12.879545211791992,12.813406944274902,12.869958877563477,13.195830345153809,12.875833511352539,12.879246711730957,12.846965789794922,12.868016242980957,12.979355812072754,12.883869171142578,12.894147872924805,12.83498477935791,12.8303861618042,12.794416427612305,12.928439140319824,12.905118942260742,12.904361724853516,12.755010604858398,12.490715980529785
5.12,12.86923,0.0,12.800020217895508,12.62777042388916,12.83782958984375,12.7738618850708,12.820122718811035,12.845356941223145,12.90869426727295,12.840526580810547,12.87355899810791,12.818492889404297,12.881709098815918,12.879545211791992,12.813406944274902,12.869958877563477,13.195830345153809,12.875833511352539,12.879246711730957,12.846965789794922,12.868016242980957,12.979355812072754,12.883869171142578,12.894147872924805,12.83498477935791,12.8303861618042,12.794416427612305,12.928439140319824,12.905118942260742,12.904361724853516,12.755010604858398,12.490715980529785
5.13,12.88646,0.0,12.800020217895508,12.62777042388916,12.83782958984375,12.7738618850708,12.820122718811035,12.845356941223145,12.90869426727295,12.840526580810547,12.87355899810791,12.818492889404297,12.881709098815918,12.879545211791992,12.813406944274902,12.869958877563477,13.195830345153809,12.875833511352539,12.879246711730957,12.846965789794922,12.868016242980957,12.979355812072754,12.883869171142578,12.894147872924805,12.83498477935791,12.8303861618042,12.794416427612305,12.928439140319824,12.905118942260742,12.904361724853516,12.755010604858398,12.490715980529785
5.14,12.90324,0.0,12.890131950378418,12.702995300292969,12.922618865966797,12.867053031921387,12.912012100219727,12.931201934814453,13.006390571594238,12.922320365905762,12.958724975585938,12.906427383422852,12.959489822387695,12.967564582824707,12.90700626373291,12.960066795349121,13.214771270751953,12.965807914733887,12.974754333496094,12.945405960083008,12.967071533203125,13.078306198120117,12.977690696716309,12.993871688842773,12.929149627685547,12.924099922180176,12.887312889099121,13.027935981750488,13.001062393188477,12.998773574829102,12.856849670410156,12.558270454406738
5.15,12.91953,0.0,12.890131950378418,12.702995300292969,12.922618865966797,12.867053031921387,12.912012100219727,12.931201934814453,13.006390571594238,12.922320365905762,12.958724975585938,12.906427383422852,12.959489822387695,12.967564582824707,12.90700626373291,12.960066795349121,13.214771270751953,12.965807914733887,12.974754333496094,12.945405960083008,12.967071533203125,13.078306198120117,12.977690696716309,12.993871688842773,12.929149627685547,12.924099922180176,12.887312889099121,13.027935981750488,13.001062393188477,12.998773574829102,12.856849670410156,12.558270454406738
5.16,12.93532,0.0,12.890131950378418,12.702995300292969,12.922618865966797,12.867053031921387,12.912012100219727,12.931201934814453,13.006390571594238,12.922320365905762,12.958724975585938,12.906427383422852,12.959489822387695,12.967564582824707,12.90700626373291,12.960066795349121,13.214771270751953,12.965807914733887,12.974754333496094,12.945405960083008,12.967071533203125,13.078306198120117,12.977690696716309,12.993871688842773,12.929149627685547,12.924099922180176,12.887312889099121,13.027935981750488,13.001062393188477,12.998773574829102,12.856849670410156,12.558270454406738
5.17,12.95054,0.0,12.890131950378418,12.702995300292969,12.922618865966797,12.867053031921387,12.912012100219727,12.931201934814453,13.006390571594238,12.922320365905762,12.958724975585938,12.906427383422852,12.959489822387695,12.967564582824707,12.90700626373291,12.960066795349121,13.214771270751953,12.965807914733887,12.974754333496094,12.945405960083008,12.967071533203125,13.078306198120117,12.977690696716309,12.993871688842773,12.929149627685547,12.924099922180176,12.887312889099121,13.027935981750488,13.001062393188477,12.998773574829102,12.856849670410156,12.558270454406738
5.18,12.96519,0.0,12.890131950378418,12.702995300292969,12.922618865966797,12.867053031921387,12.912012100219727,12.931201934814453,13.006390571594238,12.922320365905762,12.958724975585938,12.906427383422852,12.959489822387695,12.967564582824707,12.90700626373291,12.960066795349121,13.214771270751953,12.965807914733887,12.974754333496094,12.945405960083008,12.967071533203125,13.078306198120117,12.977690696716309,12.993871688842773,12.929149627685547,12.924099922180176,12.887312889099121,13.027935981750488,13.001062393188477,12.998773574829102,12.856849670410156,12.558270454406738
5.19,12.97923,0.0,12.957515716552734,12.721914291381836,12.96971607208252,12.92334270477295,12.971352577209473,12.960990905761719,13.044347763061523,12.943792343139648,13.009611129760742,12.955658912658691,12.984029769897461,13.00700855255127,12.97290325164795,13.010436058044434,13.215958595275879,13.019499778747559,13.040504455566406,13.022381782531738,13.04734992980957,13.151735305786133,13.037901878356934,13.058597564697266,12.988697052001953,12.979012489318848,12.957697868347168,13.074996948242188,13.063950538635254,13.060044288635254,12.939448356628418,12.615546226501465
5.2,12.99263,0.0,12.957515716552734,12.721914291381836,12.96971607208252,12.92334270477295,12.971352577209473,12.960990905761719,13.044347763061523,12.943792343139648,13.009611129760742,12.955658912658691,12.984029769897461,13.00700855255127,12.97290325164795,13.010436058044434,13.215958595275879,13.019499778747559,13.040504455566406,13.022381782531738,13.04734992980957,13.151735305786133,13.037901878356934,13.058597564697266,12.988697052001953,12.979012489318848,12.957697868347168,13.074996948242188,13.063950538635254,13.060044288635254,12.939448356628418,12.615546226501465
5.21,13.00536,0.0,12.957515716552734,12.721914291381836,12.96971607208252,12.92334270477295,12.971352577209473,12.960990905761719,13.044347763061523,12.943792343139648,13.009611129760742,12.955658912658691,12.984029769897461,13.00700855255127,12.97290325164795,13.010436058044434,13.215958595275879,13.019499778747559,13.040504455566406,13.022381782531738,13.04734992980957,13.151735305786133,13.037901878356934,13.058597564697266,12.988697052001953,12.979012489318848,12.957697868347168,13.074996948242188,13.063950538635254,13.060044288635254,12.939448356628418,12.615546226501465
5.22,13.01742,0.0,12.957515716552734,12.721914291381836,12.96971607208252,12.92334270477295,12.971352577209473,12.960990905761719,13.044347763061523,12.943792343139648,13.009611129760742,12.955658912658691,12.984029769897461,13.00700855255127,12.97290325164795,13.010436058044434,13.215958595275879,13.019499778747559,13.040504455566406,13.022381782531738,13.04734992980957,13.151735305786133,13.037901878356934,13.058597564697266,12.988697052001953,12.979012489318848,12.957697868347168,13.074996948242188,13.063950538635254,13.060044288635254,12.939448356628418,12.615546226501465
5.23,13.02878,0.0,12.957515716552734,12.721914291381836,12.96971607208252,12.92334270477295,12.971352577209473,12.960990905761719,13.044347763061523,12.943792343139648,13.009611129760742,12.955658912658691,12.984029769897461,13.00700855255127,12.97290325164795,13.010436058044434,13.215958595275879,13.019499778747559,13.040504455566406,13.022381782531738,13.04734992980957,13.151735305786133,13.037901878356934,13.058597564697266,12.988697052001953,12.979012489318848,12.957697868347168,13.074996948242188,13.063950538635254,13.060044288635254,12.939448356628418,12.615546226501465
5.24,13.03943,0.0,13.006211280822754,12.680606842041016,12.997780799865723,12.9353609085083,13.00777816772461,12.920883178710938,13.01170825958252,12.904500961303711,13.028576850891113,12.968976020812988,12.95362377166748,12.990508079528809,13.015524864196777,13.020220756530762,13.191518783569336,13.036337852478027,13.05794906616211,13.057262420654297,13.099123001098633,13.182085990905762,13.044811248779297,13.06328296661377,13.00869369506836,12.981491088867188,12.989843368530273,13.010652542114258,13.077837944030762,13.075970649719238,12.999560356140137,12.65320873260498
5.25,13.04937,0.0,13.006211280822754,12.680606842041016,12.997780799865723,12.9353609085083,13.00777816772461,12.920883178710938,13.01170825958252,12.904500961303711,13.028576850891113,12.968976020812988,12.95362377166748,12.990508079528809,13.015524864196777,13.020220756530762,13.191518783569336,13.036337852478027,13.05794906616211,13.057262420654297,13.099123001098633,13.182085990905762,13.044811248779297,13.06328296661377,13.00869369506836,12.981491088867188,12.989843368530273,13.010652542114258,13.077837944030762,13.075970649719238,12.999560356140137,12.65320873260498
5.26,13.05858,0.0,13.006211280822754,12.680606842041016,12.997780799865723,12.9353609085083,13.00777816772461,12.920883178710938,13.01170825958252,12.904500961303711,13.028576850891113,12.968976020812988,12.95362377166748,12.990508079528809,13.015524864196777,13.020220756530762,13.191518783569336,13.036337852478027,13.05794906616211,13.057262420654297,13.099123001098633,13.182085990905762,13.044811248779297,13.06328296661377,13.00869369506836,12.981491088867188,12.989843368530273,13.010652542114258,13.077837944030762,13.075970649719238,12.999560356140137,12.65320873260498
5.27,13.06544,0.0,13.006211280822754,12.680606842041016,12.997780799865723,12.9353609085083,13.00777816772461,12.920883178710938,13.01170825958252,12.904500961303711,13.028576850891113,12.968976020812988,12.95362377166748,12.990508079528809,13.015524864196777,13.020220756530762,13.191518783569336,13.036337852478027,13.05794906616211,13.057262420654297,13.099123001098633,13.182085990905762,13.044811248779297,13.06328296661377,13.00869369506836,12.981491088867188,12.989843368530273,13.010652542114258,13.077837944030762,13.075970649719238,12.999560356140137,12.65320873260498
5.28,13.07484,0.0,13.006211280822754,12.680606842041016,12.997780799865723,12.9353609085083,13.00777816772461,12.920883178710938,13.01170825958252,12.904500961303711,13.028576850891113,12.968976020812988,12.95362377166748,12.990508079528809,13.015524864196777,13.020220756530762,13.191518783569336,13.036337852478027,13.05794906616211,13.057262420654297,13.099123001098633,13.182085990905762,13.044811248779297,13.06328296661377,13.00869369506836,12.981491088867188,12.989843368530273,13.010652542114258,13.077837944030762,13.075970649719238,12.999560356140137,12.65320873260498
5.29,13.08191,0.0,13.047740936279297,12.632040977478027,13.038140296936035,12.943024635314941,13.038476943969727,12.882162094116211,12.962815284729004,12.871788024902344,13.049535751342773,12.994153022766113,12.938628196716309,12.95992374420166,13.041040420532227,13.01875114440918,13.149569511413574,13.043758392333984,13.05091667175293,13.058960914611816,13.124484062194824,13.185158729553223,13.03283405303955,13.036073684692383,13.009705543518066,12.972854614257812,12.987963676452637,12.909010887145996,13.070770263671875,13.070428848266602,13.04429817199707,12.677412986755371
5.3,13.08828,0.0,13.047740936279297,12.632040977478027,13.038140296936035,12.943024635314941,13.038476943969727,12.882162094116211,12.962815284729004,12.871788024902344,13.049535751342773,12.994153022766113,12.938628196716309,12.95992374420166,13.041040420532227,13.01875114440918,13.149569511413574,13.043758392333984,13.05091667175293,13.058960914611816,13.124484062194824,13.185158729553223,13.03283405303955,13.036073684692383,13.009705543518066,12.972854614257812,12.987963676452637,12.909010887145996,13.070770263671875,13.070428848266602,13.04429817199707,12.677412986755371
5.31,13.0929,0.0,13.047740936279297,12.632040977478027,13.038140296936035,12.943024635314941,13.038476943969727,12.882162094116211,12.962815284729004,12.871788024902344,13.049535751342773,12.994153022766113,12.938628196716309,12.95992374420166,13.041040420532227,13.01875114440918,13.149569511413574,13.043758392333984,13.05091667175293,13.058960914611816,13.124484062194824,13.185158729553223,13.03283405303955,13.036073684692383,13.009705543518066,12.972854614257812,12.987963676452637,12.909010887145996,13.070770263671875,13.070428848266602,13.04429817199707,12.677412986755371
5.32,13.09902,0.0,13.047740936279297,12.632040977478027,13.038140296936035,12.943024635314941,13.038476943969727,12.882162094116211,12.962815284729004,12.871788024902344,13.049535751342773,12.994153022766113,12.938628196716309,12.95992374420166,13.041040420532227,13.01875114440918,13.149569511413574,13.043758392333984,13.05091667175293,13.058960914611816,13.124484062194824,13.185158729553223,13.03283405303955,13.036073684692383,13.009705543518066,12.972854614257812,12.987963676452637,12.909010887145996,13.070770263671875,13.070428848266602,13.04429817199707,12.677412986755371
5.33,13.10344,0.0,13.047740936279297,12.632040977478027,13.038140296936035,12.943024635314941,13.038476943969727,12.882162094116211,12.962815284729004,12.871788024902344,13.049535751342773,12.994153022766113,12.938628196716309,12.95992374420166,13.041040420532227,13.01875114440918,13.149569511413574,13.043758392333984,13.05091667175293,13.058960914611816,13.124484062194824,13.185158729553223,13.03283405303955,13.036073684692383,13.009705543518066,12.972854614257812,12.987963676452637,12.909010887145996,13.070770263671875,13.070428848266602,13.04429817199707,12.677412986755371
5.34,13.10726,0.0,13.081993103027344,12.633151054382324,13.091310501098633,12.974835395812988,13.069942474365234,12.901066780090332,12.953948974609375,12.888823509216309,13.082354545593262,13.044425010681152,12.978419303894043,12.958887100219727,13.062430381774902,13.028508186340332,13.106447219848633,13.068382263183594,13.047306060791016,13.047945022583008,13.132302284240723,13.187484741210938,13.032951354980469,13.020280838012695,13.013816833496094,12.983057022094727,12.974624633789062,12.830853462219238,13.072338104248047,13.073854446411133,13.076822280883789,12.702436447143555
5.35,13.10991,0.0,13.081993103027344,12.633151054382324,13.091310501098633,12.974835395812988,13.069942474365234,12.901066780090332,12.953948974609375,12.888823509216309,13.082354545593262,13.044425010681152,12.978419303894043,12.958887100219727,13.062430381774902,13.028508186340332,13.106447219848633,13.068382263183594,13.047306060791016,13.047945022583008,13.132302284240723,13.187484741210938,13.032951354980469,13.020280838012695,13.013816833496094,12.983057022094727,12.974624633789062,12.830853462219238,13.072338104248047,13.073854446411133,13.076822280883789,12.702436447143555
5.36,13.11324,0.0,13.081993103027344,12.633151054382324,13.091310501098633,12.974835395812988,13.069942474365234,12.901066780090332,12.953948974609375,12.888823509216309,13.082354545593262,13.044425010681152,12.978419303894043,12.958887100219727,13.062430381774902,13.028508186340332,13.106447219848633,13.068382263183594,13.047306060791016,13.047945022583008,13.132302284240723,13.187484741210938,13.032951354980469,13.020280838012695,13.013816833496094,12.983057022094727,12.974624633789062,12.830853462219238,13.072338104248047,13.073854446411133,13.076822280883789,12.702436447143555
5.37,13.11548,0.0,13.081993103027344,12.633151054382324,13.091310501098633,12.974835395812988,13.069942474365234,12.901066780090332,12.953948974609375,12.888823509216309,13.082354545593262,13.044425010681152,12.978419303894043,12.958887100219727,13.062430381774902,13.028508186340332,13.106447219848633,13.068382263183594,13.047306060791016,13.047945022583008,13.132302284240723,13.187484741210938,13.032951354980469,13.020280838012695,13.013816833496094,12.983057022094727,12.974624633789062,12.830853462219238,13.072338104248047,13.073854446411133,13.076822280883789,12.702436447143555
5.38,13.11724,0.0,13.081993103027344,12.633151054382324,13.091310501098633,12.974835395812988,13.069942474365234,12.901066780090332,12.953948974609375,12.888823509216309,13.082354545593262,13.044425010681152,12.978419303894043,12.958887100219727,13.062430381774902,13.028508186340332,13.106447219848633,13.068382263183594,13.047306060791016,13.047945022583008,13.132302284240723,13.187484741210938,13.032951354980469,13.020280838012695,13.013816833496094,12.983057022094727,12.974624633789062,12.830853462219238,13.072338104248047,13.073854446411133,13.076822280883789,12.702436447143555
5.39,13.11861,0.0,13.104114532470703,12.698456764221191,13.118778228759766,13.024072647094727,13.102239608764648,12.963350296020508,12.991800308227539,12.942864418029785,13.12272834777832,13.0878267288208,13.05076789855957,12.99367618560791,13.085548400878906,13.05078125,13.069994926452637,13.105628967285156,13.056775093078613,13.036905288696289,13.130070686340332,13.200934410095215,13.045210838317871,13.034418106079102,13.023908615112305,13.011075019836426,12.969226837158203,12.778264999389648,13.090484619140625,13.093011856079102,13.091763496398926,12.73583698272705
5.4,13.1196,0.0,13.104114532470703,12.698456764221191,13.118778228759766,13.024072647094727,13.102239608764648,12.963350296020508,12.991800308227539,12.942864418029785,13.12272834777832,13.0878267288208,13.05076789855957,12.99367618560791,13.085548400878906,13.05078125,13.069994926452637,13.105628967285156,13.056775093078613,13.036905288696289,13.130070686340332,13.200934410095215,13.045210838317871,13.034418106079102,13.023908615112305,13.011075019836426,12.969226837158203,12.778264999389648,13.090484619140625,13.093011856079102,13.091763496398926,12.73583698272705
5.41,13.12027,0.0,13.104114532470703,12.698456764221191,13.118778228759766,13.024072647094727,13.102239608764648,12.963350296020508,12.991800308227539,12.942864418029785,13.12272834777832,13.0878267288208,13.05076789855957,12.99367618560791,13.085548400878906,13.05078125,13.069994926452637,13.105628967285156,13.056775093078613,13.036905288696289,13.130070686340332,13.200934410095215,13.045210838317871,13.034418106079102,13.023908615112305,13.011075019836426,12.969226837158203,12.778264999389648,13.090484619140625,13.093011856079102,13.091763496398926,12.73583698272705
5.42,13.12065,0.0,13.104114532470703,12.698456764221191,13.118778228759766,13.024072647094727,13.102239608764648,12.963350296020508,12.991800308227539,12.942864418029785,13.12272834777832,13.0878267288208,13.05076789855957,12.99367618560791,13.085548400878906,13.05078125,13.069994926452637,13.105628967285156,13.056775093078613,13.036905288696289,13.130070686340332,13.200934410095215,13.045210838317871,13.034418106079102,13.023908615112305,13.011075019836426,12.969226837158203,12.778264999389648,13.090484619140625,13.093011856079102,13.091763496398926,12.73583698272705
5.43,13.12079,0.0,13.104114532470703,12.698456764221191,13.118778228759766,13.024072647094727,13.102239608764648,12.963350296020508,12.991800308227539,12.942864418029785,13.12272834777832,13.0878267288208,13.05076789855957,12.99367618560791,13.085548400878906,13.05078125,13.069994926452637,13.105628967285156,13.056775093078613,13.036905288696289,13.130070686340332,13.200934410095215,13.045210838317871,13.034418106079102,13.023908615112305,13.011075019836426,12.969226837158203,12.778264999389648,13.090484619140625,13.093011856079102,13.091763496398926,12.73583698272705
5.44,13.12073,0.0,13.116036415100098,12.780996322631836,13.100902557373047,13.070136070251465,13.12607192993164,13.026598930358887,13.049234390258789,12.994308471679688,13.152913093566895,13.102734565734863,13.112582206726074,13.037250518798828,13.107059478759766,13.075112342834473,13.038040161132812,13.13521957397461,13.074464797973633,13.026789665222168,13.12451457977295,13.217789649963379,13.060826301574707,13.06798267364502,13.038850784301758,13.039633750915527,12.973098754882812,12.759302139282227,13.115074157714844,13.116551399230957,13.087748527526855,12.7698392868042
5.45,13.12051,0.0,13.116036415100098,12.780996322631836,13.100902557373047,13.070136070251465,13.12607192993164,13.026598930358887,13.049234390258789,12.994308471679688,13.152913093566895,13.102734565734863,13.112582206726074,13.037250518798828,13.107059478759766,13.075112342834473,13.038040161132812,13.13521957397461,13.074464797973633,13.026789665222168,13.12451457977295,13.217789649963379,13.060826301574707,13.06798267364502,13.038850784301758,13.039633750915527,12.973098754882812,12.759302139282227,13.115074157714844,13.116551399230957,13.087748527526855,12.7698392868042
5.46,13.12016,0.0,13.116036415100098,12.780996322631836,13.100902557373047,13.070136070251465,13.12607192993164,13.026598930358887,13.049234390258789,12.994308471679688,13.152913093566895,13.102734565734863,13.112582206726074,13.037250518798828,13.107059478759766,13.075112342834473,13.038040161132812,13.13521957397461,13.074464797973633,13.026789665222168,13.12451457977295,13.217789649963379,13.060826301574707,13.06798267364502,13.038850784301758,13.039633750915527,12.973098754882812,12.759302139282227,13.115074157714844,13.116551399230957,13.087748527526855,12.7698392868042
5.47,13.11973,0.0,13.116036415100098,12.780996322631836,13.100902557373047,13.070136070251465,13.12607192993164,13.026598930358887,13.049234390258789,12.994308471679688,13.152913093566895,13.102734565734863,13.112582206726074,13.037250518798828,13.107059478759766,13.075112342834473,13.038040161132812,13.13521957397461,13.074464797973633,13.026789665222168,13.12451457977295,13.217789649963379,13.060826301574707,13.06798267364502,13.038850784301758,13.039633750915527,12.973098754882812,12.759302139282227,13.115074157714844,13.116551399230957,13.087748527526855,12.7698392868042
5.48,13.11925,0.0,13.116036415100098,12.780996322631836,13.100902557373047,13.070136070251465,13.12607192993164,13.026598930358887,13.049234390258789,12.994308471679688,13.152913093566895,13.102734565734863,13.112582206726074,13.037250518798828,13.107059478759766,13.075112342834473,13.038040161132812,13.13521957397461,13.074464797973633,13.026789665222168,13.12451457977295,13.217789649963379,13.060826301574707,13.06798267364502,13.038850784301758,13.039633750915527,12.973098754882812,12.759302139282227,13.115074157714844,13.116551399230957,13.087748527526855,12.7698392868042
5.49,13.11875,0.0,13.108807563781738,12.845235824584961,13.064265251159668,13.106378555297852,13.129388809204102,13.076354026794434,13.107743263244629,13.030660629272461,13.158102035522461,13.096877098083496,13.147268295288086,13.070426940917969,13.109930992126465,13.095390319824219,13.010628700256348,13.14871597290039,13.090850830078125,13.015914916992188,13.120305061340332,13.226547241210938,13.06882381439209,13.102758407592773,13.05470085144043,13.0557861328125,12.976848602294922,12.73253345489502,13.134504318237305,13.129746437072754,13.063149452209473,12.791091918945312
5.5,13.11826,0.0,13.108807563781738,12.845235824584961,13.064265251159668,13.106378555297852,13.129388809204102,13.076354026794434,13.107743263244629,13.030660629272461,13.158102035522461,13.096877098083496,13.147268295288086,13.070426940917969,13.109930992126465,13.095390319824219,13.010628700256348,13.14871597290039,13.090850830078125,13.015914916992188,13.120305061340332,13.226547241210938,13.06882381439209,13.102758407592773,13.05470085144043,13.0557861328125,12.976848602294922,12.73253345489502,13.134504318237305,13.129746437072754,13.063149452209473,12.791091918945312
5.51,13.1178,0.0,13.108807563781738,12.845235824584961,13.064265251159668,13.106378555297852,13.129388809204102,13.076354026794434,13.107743263244629,13.030660629272461,13.158102035522461,13.096877098083496,13.147268295288086,13.070426940917969,13.109930992126465,13.095390319824219,13.010628700256348,13.14871597290039,13.090850830078125,13.015914916992188,13.120305061340332,13.226547241210938,13.06882381439209,13.102758407592773,13.05470085144043,13.0557861328125,12.976848602294922,12.73253345489502,13.134504318237305,13.129746437072754,13.063149452209473,12.791091918945312
5.52,13.11747,0.0,13.108807563781738,12.845235824584961,13.064265251159668,13.106378555297852,13.129388809204102,13.076354026794434,13.107743263244629,13.030660629272461,13.158102035522461,13.096877098083496,13.147268295288086,13.070426940917969,13.109930992126465,13.095390319824219,13.010628700256348,13.14871597290039,13.090850830078125,13.015914916992188,13.120305061340332,13.226547241210938,13.06882381439209,13.102758407592773,13.05470085144043,13.0557861328125,12.976848602294922,12.73253345489502,13.134504318237305,13.129746437072754,13.063149452209473,12.791091918945312
5.53,13.11706,0.0,13.108807563781738,12.845235824584961,13.064265251159668,13.106378555297852,13.129388809204102,13.076354026794434,13.107743263244629,13.030660629272461,13.158102035522461,13.096877098083496,13.147268295288086,13.070426940917969,13.109930992126465,13.095390319824219,13.010628700256348,13.14871597290039,13.090850830078125,13.015914916992188,13.120305061340332,13.226547241210938,13.06882381439209,13.102758407592773,13.05470085144043,13.0557861328125,12.976848602294922,12.73253345489502,13.134504318237305,13.129746437072754,13.063149452209473,12.791091918945312
5.54,13.11681,0.0,13.099681854248047,12.891326904296875,13.040474891662598,13.133589744567871,13.116959571838379,13.11655330657959,13.159592628479004,13.061440467834473,13.144918441772461,13.087591171264648,13.160768508911133,13.094629287719727,13.101738929748535,13.11601734161377,12.989246368408203,13.15353775024414,13.102912902832031,13.006484031677246,13.123499870300293,13.226456642150879,13.070470809936523,13.13196086883545,13.07298469543457,13.066691398620605,12.977134704589844,12.706547737121582,13.149636268615723,13.137920379638672,13.023995399475098,12.796088218688965
5.55,13.11666,0.0,13.099681854248047,12.891326904296875,13.040474891662598,13.133589744567871,13.116959571838379,13.11655330657959,13.159592628479004,13.061440467834473,13.144918441772461,13.087591171264648,13.160768508911133,13.094629287719727,13.101738929748535,13.11601734161377,12.989246368408203,13.15353775024414,13.102912902832031,13.006484031677246,13.123499870300293,13.226456642150879,13.070470809936523,13.13196086883545,13.07298469543457,13.066691398620605,12.977134704589844,12.706547737121582,13.149636268615723,13.137920379638672,13.023995399475098,12.796088218688965
5.56,13.11662,0.0,13.099681854248047,12.891326904296875,13.040474891662598,13.133589744567871,13.116959571838379,13.11655330657959,13.159592628479004,13.061440467834473,13.144918441772461,13.087591171264648,13.160768508911133,13.094629287719727,13.101738929748535,13.11601734161377,12.989246368408203,13.15353775024414,13.102912902832031,13.006484031677246,13.123499870300293,13.226456642150879,13.070470809936523,13.13196086883545,13.07298469543457,13.066691398620605,12.977134704589844,12.706547737121582,13.149636268615723,13.137920379638672,13.023995399475098,12.796088218688965
5.57,13.11667,0.0,13.099681854248047,12.891326904296875,13.040474891662598,13.133589744567871,13.116959571838379,13.11655330657959,13.159592628479004,13.061440467834473,13.144918441772461,13.087591171264648,13.160768508911133,13.094629287719727,13.101738929748535,13.11601734161377,12.989246368408203,13.15353775024414,13.102912902832031,13.006484031677246,13.123499870300293,13.226456642150879,13.070470809936523,13.13196086883545,13.07298469543457,13.066691398620605,12.977134704589844,12.706547737121582,13.149636268615723,13.137920379638672,13.023995399475098,12.796088218688965
5.58,13.11684,0.0,13.099681854248047,12.891326904296875,13.040474891662598,13.133589744567871,13.116959571838379,13.11655330657959,13.159592628479004,13.061440467834473,13.144918441772461,13.087591171264648,13.160768508911133,13.094629287719727,13.101738929748535,13.11601734161377,12.989246368408203,13.15353775024414,13.102912902832031,13.006484031677246,13.123499870300293,13.226456642150879,13.070470809936523,13.13196086883545,13.07298469543457,13.066691398620605,12.977134704589844,12.706547737121582,13.149636268615723,13.137920379638672,13.023995399475098,12.796088218688965
5.59,13.1171,0.0,13.081388473510742,12.931777000427246,13.037781715393066,13.15589427947998,13.089015007019043,13.148722648620605,13.202524185180664,13.093343734741211,13.119918823242188,13.08497142791748,13.169900894165039,13.116455078125,13.081730842590332,13.140097618103027,12.974013328552246,13.159500122070312,13.113021850585938,13.001977920532227,13.136255264282227,13.225942611694336,13.065324783325195,13.158369064331055,13.094537734985352,13.082076072692871,12.97791576385498,12.711440086364746,13.164278984069824,13.150886535644531,12.96502685546875,12.7860107421875
5.6,13.11738,0.0,13.081388473510742,12.931777000427246,13.037781715393066,13.15589427947998,13.089015007019043,13.148722648620605,13.202524185180664,13.093343734741211,13.119918823242188,13.08497142791748,13.169900894165039,13.116455078125,13.081730842590332,13.140097618103027,12.974013328552246,13.159500122070312,13.113021850585938,13.001977920532227,13.136255264282227,13.225942611694336,13.065324783325195,13.158369064331055,13.094537734985352,13.082076072692871,12.97791576385498,12.711440086364746,13.164278984069824,13.150886535644531,12.96502685546875,12.7860107421875
5.61,13.11789,0.0,13.081388473510742,12.931777000427246,13.037781715393066,13.15589427947998,13.089015007019043,13.148722648620605,13.202524185180664,13.093343734741211,13.119918823242188,13.08497142791748,13.169900894165039,13.116455078125,13.081730842590332,13.140097618103027,12.974013328552246,13.159500122070312,13.113021850585938,13.001977920532227,13.136255264282227,13.225942611694336,13.065324783325195,13.158369064331055,13.094537734985352,13.082076072692871,12.97791576385498,12.711440086364746,13.164278984069824,13.150886535644531,12.96502685546875,12.7860107421875
5.62,13.11839,0.0,13.081388473510742,12.931777000427246,13.037781715393066,13.15589427947998,13.089015007019043,13.148722648620605,13.202524185180664,13.093343734741211,13.119918823242188,13.08497142791748,13.169900894165039,13.116455078125,13.081730842590332,13.140097618103027,12.974013328552246,13.159500122070312,13.113021850585938,13.001977920532227,13.136255264282227,13.225942611694336,13.065324783325195,13.158369064331055,13.094537734985352,13.082076072692871,12.97791576385498,12.711440086364746,13.164278984069824,13.150886535644531,12.96502685546875,12.7860107421875
5.63,13.11895,0.0,13.081388473510742,12.931777000427246,13.037781715393066,13.15589427947998,13.089015007019043,13.148722648620605,13.202524185180664,13.093343734741211,13.119918823242188,13.08497142791748,13.169900894165039,13.116455078125,13.081730842590332,13.140097618103027,12.974013328552246,13.159500122070312,13.113021850585938,13.001977920532227,13.136255264282227,13.225942611694336,13.065324783325195,13.158369064331055,13.094537734985352,13.082076072692871,12.97791576385498,12.711440086364746,13.164278984069824,13.150886535644531,12.96502685546875,12.7860107421875
5.64,13.11954,0.0,13.056071281433105,12.957602500915527,13.046022415161133,13.171967506408691,13.060771942138672,13.170655250549316,13.232208251953125,13.117766380310059,13.093795776367188,13.089940071105957,13.177490234375,13.136137008666992,13.046334266662598,13.160676002502441,12.962931632995605,13.166949272155762,13.127184867858887,13.003325462341309,13.1563720703125,13.229497909545898,13.064201354980469,13.182467460632324,13.115893363952637,13.100682258605957,12.984380722045898,12.726790428161621,13.179377555847168,13.166800498962402,12.918194770812988,12.769938468933105
5.65,13.12013,0.0,13.056071281433105,12.957602500915527,13.046022415161133,13.171967506408691,13.060771942138672,13.170655250549316,13.232208251953125,13.117766380310059,13.093795776367188,13.089940071105957,13.177490234375,13.136137008666992,13.046334266662598,13.160676002502441,12.962931632995605,13.166949272155762,13.127184867858887,13.003325462341309,13.1563720703125,13.229497909545898,13.064201354980469,13.182467460632324,13.115893363952637,13.100682258605957,12.984380722045898,12.726790428161621,13.179377555847168,13.166800498962402,12.918194770812988,12.769938468933105
5.66,13.12071,0.0,13.056071281433105,12.957602500915527,13.046022415161133,13.171967506408691,13.060771942138672,13.170655250549316,13.232208251953125,13.117766380310059,13.093795776367188,13.089940071105957,13.177490234375,13.136137008666992,13.046334266662598,13.160676002502441,12.962931632995605,13.166949272155762,13.127184867858887,13.003325462341309,13.1563720703125,13.229497909545898,13.064201354980469,13.182467460632324,13.115893363952637,13.100682258605957,12.984380722045898,12.726790428161621,13.179377555847168,13.166800498962402,12.918194770812988,12.769938468933105
5.67,13.12126,0.0,13.056071281433105,12.957602500915527,13.046022415161133,13.171967506408691,13.060771942138672,13.170655250549316,13.232208251953125,13.117766380310059,13.093795776367188,13.089940071105957,13.177490234375,13.136137008666992,13.046334266662598,13.160676002502441,12.962931632995605,13.166949272155762,13.127184867858887,13.003325462341309,13.1563720703125,13.229497909545898,13.064201354980469,13.182467460632324,13.115893363952637,13.100682258605957,12.984380722045898,12.726790428161621,13.179377555847168,13.166800498962402,12.918194770812988,12.769938468933105
5.68,13.12174,0.0,13.056071281433105,12.957602500915527,13.046022415161133,13.171967506408691,13.060771942138672,13.170655250549316,13.232208251953125,13.117766380310059,13.093795776367188,13.089940071105957,13.177490234375,13.136137008666992,13.046334266662598,13.160676002502441,12.962931632995605,13.166949272155762,13.127184867858887,13.003325462341309,13.1563720703125,13.229497909545898,13.064201354980469,13.182467460632324,13.115893363952637,13.100682258605957,12.984380722045898,12.726790428161621,13.179377555847168,13.166800498962402,12.918194770812988,12.769938468933105
5.69,13.12213,0.0,13.054191589355469,12.968860626220703,13.053585052490234,13.179891586303711,13.05316162109375,13.183353424072266,13.246127128601074,13.130048751831055,13.09411907196045,13.094381332397461,13.181282997131348,13.145066261291504,13.030091285705566,13.172966003417969,12.955672264099121,13.172188758850098,13.148819923400879,13.010213851928711,13.175884246826172,13.23507022857666,13.081962585449219,13.199010848999023,13.12662124633789,13.11316967010498,12.997539520263672,12.746642112731934,13.18978500366211,13.177539825439453,12.919631004333496,12.75191593170166
5.7,13.12241,0.0,13.054191589355469,12.968860626220703,13.053585052490234,13.179891586303711,13.05316162109375,13.183353424072266,13.246127128601074,13.130048751831055,13.09411907196045,13.094381332397461,13.181282997131348,13.145066261291504,13.030091285705566,13.172966003417969,12.955672264099121,13.172188758850098,13.148819923400879,13.010213851928711,13.175884246826172,13.23507022857666,13.081962585449219,13.199010848999023,13.12662124633789,13.11316967010498,12.997539520263672,12.746642112731934,13.18978500366211,13.177539825439453,12.919631004333496,12.75191593170166
5.71,13.12254,0.0,13.054191589355469,12.968860626220703,13.053585052490234,13.179891586303711,13.05316162109375,13.183353424072266,13.246127128601074,13.130048751831055,13.09411907196045,13.094381332397461,13.181282997131348,13.145066261291504,13.030091285705566,13.172966003417969,12.955672264099121,13.172188758850098,13.148819923400879,13.010213851928711,13.175884246826172,13.23507022857666,13.081962585449219,13.199010848999023,13.12662124633789,13.11316967010498,12.997539520263672,12.746642112731934,13.18978500366211,13.177539825439453,12.919631004333496,12.75191593170166
5.72,13.1225,0.0,13.054191589355469,12.968860626220703,13.053585052490234,13.179891586303711,13.05316162109375,13.183353424072266,13.246127128601074,13.130048751831055,13.09411907196045,13.094381332397461,13.181282997131348,13.145066261291504,13.030091285705566,13.172966003417969,12.955672264099121,13.172188758850098,13.148819923400879,13.010213851928711,13.175884246826172,13.23507022857666,13.081962585449219,13.199010848999023,13.12662124633789,13.11316967010498,12.997539520263672,12.746642112731934,13.18978500366211,13.177539825439453,12.919631004333496,12.75191593170166
5.73,13.12226,0.0,13.054191589355469,12.968860626220703,13.053585052490234,13.179891586303711,13.05316162109375,13.183353424072266,13.246127128601074,13.130048751831055,13.09411907196045,13.094381332397461,13.181282997131348,13.145066261291504,13.030091285705566,13.172966003417969,12.955672264099121,13.172188758850098,13.148819923400879,13.010213851928711,13.175884246826172,13.23507022857666,13.081962585449219,13.199010848999023,13.12662124633789,13.11316967010498,12.997539520263672,12.746642112731934,13.18978500366211,13.177539825439453,12.919631004333496,12.75191593170166
5.74,13.12181,0.0,13.05162239074707,12.950740814208984,13.045675277709961,13.164815902709961,13.044093132019043,13.164470672607422,13.22542953491211,13.107927322387695,13.084887504577637,13.08256721496582,13.158879280090332,13.130782127380371,13.027246475219727,13.166303634643555,12.94467544555664,13.166120529174805,13.160316467285156,13.012983322143555,13.188138008117676,13.234149932861328,13.092423439025879,13.195769309997559,13.122309684753418,13.107748031616211,13.006353378295898,12.771015167236328,13.186761856079102,13.175765037536621,12.936450958251953,12.73528003692627
5.75,13.1211,0.0,13.05162239074707,12.950740814208984,13.045675277709961,13.164815902709961,13.044093132019043,13.164470672607422,13.22542953491211,13.107927322387695,13.084887504577637,13.08256721496582,13.158879280090332,13.130782127380371,13.027246475219727,13.166303634643555,12.94467544555664,13.166120529174805,13.160316467285156,13.012983322143555,13.188138008117676,13.234149932861328,13.092423439025879,13.195769309997559,13.122309684753418,13.107748031616211,13.006353378295898,12.771015167236328,13.186761856079102,13.175765037536621,12.936450958251953,12.73528003692627
5.76,13.12012,0.0,13.05162239074707,12.950740814208984,13.045675277709961,13.164815902709961,13.044093132019043,13.164470672607422,13.22542953491211,13.107927322387695,13.084887504577637,13.08256721496582,13.158879280090332,13.130782127380371,13.027246475219727,13.166303634643555,12.94467544555664,13.166120529174805,13.160316467285156,13.012983322143555,13.188138008117676,13.234149932861328,13.092423439025879,13.195769309997559,13.122309684753418,13.107748031616211,13.006353378295898,12.771015167236328,13.186761856079102,13.175765037536621,12.936450958251953,12.73528003692627
5.77,13.11913,0.0,13.05162239074707,12.950740814208984,13.045675277709961,13.164815902709961,13.044093132019043,13.164470672607422,13.22542953491211,13.107927322387695,13.084887504577637,13.08256721496582,13.158879280090332,13.130782127380371,13.027246475219727,13.166303634643555,12.94467544555664,13.166120529174805,13.160316467285156,13.012983322143555,13.188138008117676,13.234149932861328,13.092423439025879,13.195769309997559,13.122309684753418,13.107748031616211,13.006353378295898,12.771015167236328,13.186761856079102,13.175765037536621,12.936450958251953,12.73528003692627
5.78,13.11728,0.0,13.05162239074707,12.950740814208984,13.045675277709961,13.164815902709961,13.044093132019043,13.164470672607422,13.22542953491211,13.107927322387695,13.084887504577637,13.08256721496582,13.158879280090332,13.130782127380371,13.027246475219727,13.166303634643555,12.94467544555664,13.166120529174805,13.160316467285156,13.012983322143555,13.188138008117676,13.234149932861328,13.092423439025879,13.195769309997559,13.122309684753418,13.107748031616211,13.006353378295898,12.771015167236328,13.186761856079102,13.175765037536621,12.936450958251953,12.73528003692627
5.79,13.11538,0.0,13.04422378540039,12.922736167907715,13.045853614807129,13.149218559265137,13.0433349609375,13.135025978088379,13.189207077026367,13.07975959777832,13.078543663024902,13.074637413024902,13.137794494628906,13.106611251831055,13.028304100036621,13.155386924743652,12.930496215820312,13.157423973083496,13.153029441833496,13.006644248962402,13.190990447998047,13.225375175476074,13.082765579223633,13.17357349395752,13.106674194335938,13.092272758483887,12.999412536621094,12.791557312011719,13.172830581665039,13.164009094238281,12.940299034118652,12.717138290405273
5.8,13.11313,0.0,13.04422378540039,12.922736167907715,13.045853614807129,13.149218559265137,13.0433349609375,13.135025978088379,13.189207077026367,13.07975959777832,13.078543663024902,13.074637413024902,13.137794494628906,13.106611251831055,13.028304100036621,13.155386924743652,12.930496215820312,13.157423973083496,13.153029441833496,13.006644248962402,13.190990447998047,13.225375175476074,13.082765579223633,13.17357349395752,13.106674194335938,13.092272758483887,12.999412536621094,12.791557312011719,13.172830581665039,13.164009094238281,12.940299034118652,12.717138290405273
5.81,13.11108,0.0,13.04422378540039,12.922736167907715,13.045853614807129,13.149218559265137,13.0433349609375,13.135025978088379,13.189207077026367,13.07975959777832,13.078543663024902,13.074637413024902,13.137794494628906,13.106611251831055,13.028304100036621,13.155386924743652,12.930496215820312,13.157423973083496,13.153029441833496,13.006644248962402,13.190990447998047,13.225375175476074,13.082765579223633,13.17357349395752,13.106674194335938,13.092272758483887,12.999412536621094,12.791557312011719,13.172830581665039,13.164009094238281,12.940299034118652,12.717138290405273
5.82,13.10757,0.0,13.04422378540039,12.922736167907715,13.045853614807129,13.149218559265137,13.0433349609375,13.135025978088379,13.189207077026367,13.07975959777832,13.078543663024902,13.074637413024902,13.137794494628906,13.106611251831055,13.028304100036621,13.155386924743652,12.930496215820312,13.157423973083496,13.153029441833496,13.006644248962402,13.190990447998047,13.225375175476074,13.082765579223633,13.17357349395752,13.106674194335938,13.092272758483887,12.999412536621094,12.791557312011719,13.172830581665039,13.164009094238281,12.940299034118652,12.717138290405273
5.83,13.10423,0.0,13.04422378540039,12.922736167907715,13.045853614807129,13.149218559265137,13.0433349609375,13.135025978088379,13.189207077026367,13.07975959777832,13.078543663024902,13.074637413024902,13.137794494628906,13.106611251831055,13.028304100036621,13.155386924743652,12.930496215820312,13.157423973083496,13.153029441833496,13.006644248962402,13.190990447998047,13.225375175476074,13.082765579223633,13.17357349395752,13.106674194335938,13.092272758483887,12.999412536621094,12.791557312011719,13.172830581665039,13.164009094238281,12.940299034118652,12.717138290405273
5.84,13.10051,0.0,13.029190063476562,12.887803077697754,13.037100791931152,13.124486923217773,13.02338695526123,13.09895133972168,13.137298583984375,13.041330337524414,13.062177658081055,13.050647735595703,13.103468894958496,13.06520938873291,13.00869369506836,13.124258995056152,12.915250778198242,13.132513046264648,13.1262788772583,12.989680290222168,13.169696807861328,13.20659065246582,13.051828384399414,13.138046264648438,13.06583309173584,13.058710098266602,12.975471496582031,12.806631088256836,13.13886547088623,13.129807472229004,12.929071426391602,12.693102836608887
5.85,13.09726,0.0,13.029190063476562,12.887803077697754,13.037100791931152,13.124486923217773,13.02338695526123,13.09895133972168,13.137298583984375,13.041330337524414,13.062177658081055,13.050647735595703,13.103468894958496,13.06520938873291,13.00869369506836,13.124258995056152,12.915250778198242,13.132513046264648,13.1262788772583,12.989680290222168,13.169696807861328,13.20659065246582,13.051828384399414,13.138046264648438,13.06583309173584,13.058710098266602,12.975471496582031,12.806631088256836,13.13886547088623,13.129807472229004,12.929071426391602,12.693102836608887
5.86,13.09195,0.0,13.029190063476562,12.887803077697754,13.037100791931152,13.124486923217773,13.02338695526123,13.09895133972168,13.137298583984375,13.041330337524414,13.062177658081055,13.050647735595703,13.103468894958496,13.06520938873291,13.00869369506836,13.124258995056152,12.915250778198242,13.132513046264648,13.1262788772583,12.989680290222168,13.169696807861328,13.20659065246582,13.051828384399414,13.138046264648438,13.06583309173584,13.058710098266602,12.975471496582031,12.806631088256836,13.13886547088623,13.129807472229004,12.929071426391602,12.693102836608887
5.87,13.0871,0.0,13.029190063476562,12.887803077697754,13.037100791931152,13.124486923217773,13.02338695526123,13.09895133972168,13.137298583984375,13.041330337524414,13.062177658081055,13.050647735595703,13.103468894958496,13.06520938873291,13.00869369506836,13.124258995056152,12.915250778198242,13.132513046264648,13.1262788772583,12.989680290222168,13.169696807861328,13.20659065246582,13.051828384399414,13.138046264648438,13.06583309173584,13.058710098266602,12.975471496582031,12.806631088256836,13.13886547088623,13.129807472229004,12.929071426391602,12.693102836608887
5.88,13.08188,0.0,13.029190063476562,12.887803077697754,13.037100791931152,13.124486923217773,13.02338695526123,13.09895133972168,13.137298583984375,13.041330337524414,13.062177658081055,13.050647735595703,13.103468894958496,13.06520938873291,13.00869369506836,13.124258995056152,12.915250778198242,13.132513046264648,13.1262788772583,12.989680290222168,13.169696807861328,13.20659065246582,13.051828384399414,13.138046264648438,13.06583309173584,13.058710098266602,12.975471496582031,12.806631088256836,13.13886547088623,13.129807472229004,12.929071426391602,12.693102836608887
5.89,13.0763,0.0,13.021186828613281,12.880680084228516,13.03372859954834,13.107227325439453,13.01012134552002,13.082500457763672,13.1043701171875,13.026656150817871,13.05527400970459,13.029263496398926,13.083051681518555,13.036642074584961,12.995546340942383,13.099725723266602,12.911543846130371,13.107251167297363,13.097986221313477,12.968870162963867,13.132829666137695,13.17845630645752,13.025676727294922,13.101889610290527,13.021059036254883,13.024101257324219,12.95238208770752,12.825651168823242,13.097744941711426,13.090421676635742,12.917960166931152,12.666727066040039
5.9,13.07037,0.0,13.021186828613281,12.880680084228516,13.03372859954834,13.107227325439453,13.01012134552002,13.082500457763672,13.1043701171875,13.026656150817871,13.05527400970459,13.029263496398926,13.083051681518555,13.036642074584961,12.995546340942383,13.099725723266602,12.911543846130371,13.107251167297363,13.097986221313477,12.968870162963867,13.132829666137695,13.17845630645752,13.025676727294922,13.101889610290527,13.021059036254883,13.024101257324219,12.95238208770752,12.825651168823242,13.097744941711426,13.090421676635742,12.917960166931152,12.666727066040039
5.91,13.06411,0.0,13.021186828613281,12.880680084228516,13.03372859954834,13.107227325439453,13.01012134552002,13.082500457763672,13.1043701171875,13.026656150817871,13.05527400970459,13.029263496398926,13.083051681518555,13.036642074584961,12.995546340942383,13.099725723266602,12.911543846130371,13.107251167297363,13.097986221313477,12.968870162963867,13.132829666137695,13.17845630645752,13.025676727294922,13.101889610290527,13.021059036254883,13.024101257324219,12.95238208770752,12.825651168823242,13.097744941711426,13.090421676635742,12.917960166931152,12.666727066040039
5.92,13.05752,0.0,13.021186828613281,12.880680084228516,13.03372859954834,13.107227325439453,13.01012134552002,13.082500457763672,13.1043701171875,13.026656150817871,13.05527400970459,13.029263496398926,13.083051681518555,13.036642074584961,12.995546340942383,13.099725723266602,12.911543846130371,13.107251167297363,13.097986221313477,12.968870162963867,13.132829666137695,13.17845630645752,13.025676727294922,13.101889610290527,13.021059036254883,13.024101257324219,12.95238208770752,12.825651168823242,13.097744941711426,13.090421676635742,12.917960166931152,12.666727066040039
5.93,13.05062,0.0,13.021186828613281,12.880680084228516,13.03372859954834,13.107227325439453,13.01012134552002,13.082500457763672,13.1043701171875,13.026656150817871,13.05527400970459,13.029263496398926,13.083051681518555,13.036642074584961,12.995546340942383,13.099725723266602,12.911543846130371,13.107251167297363,13.097986221313477,12.968870162963867,13.132829666137695,13.17845630645752,13.025676727294922,13.101889610290527,13.021059036254883,13.024101257324219,12.95238208770752,12.825651168823242,13.097744941711426,13.090421676635742,12.917960166931152,12.666727066040039
5.94,13.04345,0.0,13.005014419555664,12.8777494430542,13.012091636657715,13.079425811767578,12.993600845336914,13.062172889709473,13.076750755310059,13.011024475097656,13.043688774108887,13.002062797546387,13.0633544921875,13.015949249267578,12.98688793182373,13.076074600219727,12.905049324035645,13.078408241271973,13.077725410461426,12.946687698364258,13.094793319702148,13.148055076599121,13.007493019104004,13.073867797851562,12.993741035461426,13.000506401062012,12.933433532714844,12.858686447143555,13.065457344055176,13.06201171875,12.904937744140625,12.63797378540039
5.95,13.036,0.0,13.005014419555664,12.8777494430542,13.012091636657715,13.079425811767578,12.993600845336914,13.062172889709473,13.076750755310059,13.011024475097656,13.043688774108887,13.002062797546387,13.0633544921875,13.015949249267578,12.98688793182373,13.076074600219727,12.905049324035645,13.078408241271973,13.077725410461426,12.946687698364258,13.094793319702148,13.148055076599121,13.007493019104004,13.073867797851562,12.993741035461426,13.000506401062012,12.933433532714844,12.858686447143555,13.065457344055176,13.06201171875,12.904937744140625,12.63797378540039
5.96,13.02832,0.0,13.005014419555664,12.8777494430542,13.012091636657715,13.079425811767578,12.993600845336914,13.062172889709473,13.076750755310059,13.011024475097656,13.043688774108887,13.002062797546387,13.0633544921875,13.015949249267578,12.98688793182373,13.076074600219727,12.905049324035645,13.078408241271973,13.077725410461426,12.946687698364258,13.094793319702148,13.148055076599121,13.007493019104004,13.073867797851562,12.993741035461426,13.000506401062012,12.933433532714844,12.858686447143555,13.065457344055176,13.06201171875,12.904937744140625,12.63797378540039
5.97,13.02042,0.0,13.005014419555664,12.8777494430542,13.012091636657715,13.079425811767578,12.993600845336914,13.062172889709473,13.076750755310059,13.011024475097656,13.043688774108887,13.002062797546387,13.0633544921875,13.015949249267578,12.98688793182373,13.076074600219727,12.905049324035645,13.078408241271973,13.077725410461426,12.946687698364258,13.094793319702148,13.148055076599121,13.007493019104004,13.073867797851562,12.993741035461426,13.000506401062012,12.933433532714844,12.858686447143555,13.065457344055176,13.06201171875,12.904937744140625,12.63797378540039
5.98,13.01233,0.0,13.005014419555664,12.8777494430542,13.012091636657715,13.079425811767578,12.993600845336914,13.062172889709473,13.076750755310059,13.011024475097656,13.043688774108887,13.002062797546387,13.0633544921875,13.015949249267578,12.98688793182373,13.076074600219727,12.905049324035645,13.078408241271973,13.077725410461426,12.946687698364258,13.094793319702148,13.148055076599121,13.007493019104004,13.073867797851562,12.993741035461426,13.000506401062012,12.933433532714844,12.858686447143555,13.065457344055176,13.06201171875,12.904937744140625,12.63797378540039
5.99,13.00408,0.0,12.984785079956055,12.864224433898926,12.975547790527344,13.043397903442383,12.96932601928711,13.038556098937988,13.048572540283203,12.98635196685791,13.025117874145508,12.96591567993164,13.036324501037598,12.9879732131958,12.973033905029297,13.04702091217041,12.897209167480469,13.041231155395508,13.054494857788086,12.921417236328125,13.053510665893555,13.112399101257324,12.98638916015625,13.045387268066406,12.966474533081055,12.971771240234375,12.90927505493164,12.891220092773438,13.033112525939941,13.030579566955566,12.887801170349121,12.60057544708252
6.0,12.99568,0.0,12.984785079956055,12.864224433898926,12.975547790527344,13.043397903442383,12.96932601928711,13.038556098937988,13.048572540283203,12.98635196685791,13.025117874145508,12.96591567993164,13.036324501037598,12.9879732131958,12.973033905029297,13.04702091217041,12.897209167480469,13.041231155395508,13.054494857788086,12.921417236328125,13.053510665893555,13.112399101257324,12.98638916015625,13.045387268066406,12.966474533081055,12.971771240234375,12.90927505493164,12.891220092773438,13.033112525939941,13.030579566955566,12.887801170349121,12.60057544708252
6.01,12.98717,0.0,12.984785079956055,12.864224433898926,12.975547790527344,13.043397903442383,12.96932601928711,13.038556098937988,13.048572540283203,12.98635196685791,13.025117874145508,12.96591567993164,13.036324501037598,12.9879732131958,12.973033905029297,13.04702091217041,12.897209167480469,13.041231155395508,13.054494857788086,12.921417236328125,13.053510665893555,13.112399101257324,12.98638916015625,13.045387268066406,12.966474533081055,12.971771240234375,12.90927505493164,12.891220092773438,13.033112525939941,13.030579566955566,12.887801170349121,12.60057544708252
6.02,12.9803,0.0,12.984785079956055,12.864224433898926,12.975547790527344,13.043397903442383,12.96932601928711,13.038556098937988,13.048572540283203,12.98635196685791,13.025117874145508,12.96591567993164,13.036324501037598,12.9879732131958,12.973033905029297,13.04702091217041,12.897209167480469,13.041231155395508,13.054494857788086,12.921417236328125,13.053510665893555,13.112399101257324,12.98638916015625,13.045387268066406,12.966474533081055,12.971771240234375,12.90927505493164,12.891220092773438,13.033112525939941,13.030579566955566,12.887801170349121,12.60057544708252
6.03,12.96994,0.0,12.984785079956055,12.864224433898926,12.975547790527344,13.043397903442383,12.96932601928711,13.038556098937988,13.048572540283203,12.98635196685791,13.025117874145508,12.96591567993164,13.036324501037598,12.9879732131958,12.973033905029297,13.04702091217041,12.897209167480469,13.041231155395508,13.054494857788086,12.921417236328125,13.053510665893555,13.112399101257324,12.98638916015625,13.045387268066406,12.966474533081055,12.971771240234375,12.90927505493164,12.891220092773438,13.033112525939941,13.030579566955566,12.887801170349121,12.60057544708252
6.04,12.96127,0.0,12.961832046508789,12.840754508972168,12.93761157989502,13.005457878112793,12.941413879394531,13.009379386901855,13.022012710571289,12.957357406616211,12.999610900878906,12.928335189819336,13.003850936889648,12.957881927490234,12.950703620910645,13.015308380126953,12.888683319091797,13.00113296508789,13.027608871459961,12.892837524414062,13.012819290161133,13.07247257232666,12.957696914672852,13.012038230895996,12.934308052062988,12.938165664672852,12.881207466125488,12.899333953857422,12.998871803283691,12.994285583496094,12.861138343811035,12.550033569335938
6.05,12.9526,0.0,12.961832046508789,12.840754508972168,12.93761157989502,13.005457878112793,12.941413879394531,13.009379386901855,13.022012710571289,12.957357406616211,12.999610900878906,12.928335189819336,13.003850936889648,12.957881927490234,12.950703620910645,13.015308380126953,12.888683319091797,13.00113296508789,13.027608871459961,12.892837524414062,13.012819290161133,13.07247257232666,12.957696914672852,13.012038230895996,12.934308052062988,12.938165664672852,12.881207466125488,12.899333953857422,12.998871803283691,12.994285583496094,12.861138343811035,12.550033569335938
6.06,12.94567,0.0,12.961832046508789,12.840754508972168,12.93761157989502,13.005457878112793,12.941413879394531,13.009379386901855,13.022012710571289,12.957357406616211,12.999610900878906,12.928335189819336,13.003850936889648,12.957881927490234,12.950703620910645,13.015308380126953,12.888683319091797,13.00113296508789,13.027608871459961,12.892837524414062,13.012819290161133,13.07247257232666,12.957696914672852,13.012038230895996,12.934308052062988,12.938165664672852,12.881207466125488,12.899333953857422,12.998871803283691,12.994285583496094,12.861138343811035,12.550033569335938
6.07,12.93537,0.0,12.961832046508789,12.840754508972168,12.93761157989502,13.005457878112793,12.941413879394531,13.009379386901855,13.022012710571289,12.957357406616211,12.999610900878906,12.928335189819336,13.003850936889648,12.957881927490234,12.950703620910645,13.015308380126953,12.888683319091797,13.00113296508789,13.027608871459961,12.892837524414062,13.012819290161133,13.07247257232666,12.957696914672852,13.012038230895996,12.934308052062988,12.938165664672852,12.881207466125488,12.899333953857422,12.998871803283691,12.994285583496094,12.861138343811035,12.550033569335938
6.08,12.92686,0.0,12.961832046508789,12.840754508972168,12.93761157989502,13.005457878112793,12.941413879394531,13.009379386901855,13.022012710571289,12.957357406616211,12.999610900878906,12.928335189819336,13.003850936889648,12.957881927490234,12.950703620910645,13.015308380126953,12.888683319091797,13.00113296508789,13.027608871459961,12.892837524414062,13.012819290161133,13.07247257232666,12.957696914672852,13.012038230895996,12.934308052062988,12.938165664672852,12.881207466125488,12.899333953857422,12.998871803283691,12.994285583496094,12.861138343811035,12.550033569335938
6.09,12.91846,0.0,12.932827949523926,12.813600540161133,12.90200424194336,12.963180541992188,12.90615463256836,12.978553771972656,12.99416446685791,12.92757511138916,12.96816635131836,12.893067359924316,12.969470024108887,12.927898406982422,12.925741195678711,12.98471450805664,12.878470420837402,12.963767051696777,12.998564720153809,12.86420726776123,12.976424217224121,13.033258438110352,12.927935600280762,12.978049278259277,12.905402183532715,12.90620231628418,12.851164817810059,12.848459243774414,12.967057228088379,12.961014747619629,12.825455665588379,12.487516403198242
6.1,12.91182,0.0,12.932827949523926,12.813600540161133,12.90200424194336,12.963180541992188,12.90615463256836,12.978553771972656,12.99416446685791,12.92757511138916,12.96816635131836,12.893067359924316,12.969470024108887,12.927898406982422,12.925741195678711,12.98471450805664,12.878470420837402,12.963767051696777,12.998564720153809,12.86420726776123,12.976424217224121,13.033258438110352,12.927935600280762,12.978049278259277,12.905402183532715,12.90620231628418,12.851164817810059,12.848459243774414,12.967057228088379,12.961014747619629,12.825455665588379,12.487516403198242
6.11,12.90206,0.0,12.932827949523926,12.813600540161133,12.90200424194336,12.963180541992188,12.90615463256836,12.978553771972656,12.99416446685791,12.92757511138916,12.96816635131836,12.893067359924316,12.969470024108887,12.927898406982422,12.925741195678711,12.98471450805664,12.878470420837402,12.963767051696777,12.998564720153809,12.86420726776123,12.976424217224121,13.033258438110352,12.927935600280762,12.978049278259277,12.905402183532715,12.90620231628418,12.851164817810059,12.848459243774414,12.967057228088379,12.961014747619629,12.825455665588379,12.487516403198242
6.12,12.89411,0.0,12.932827949523926,12.813600540161133,12.90200424194336,12.963180541992188,12.90615463256836,12.978553771972656,12.99416446685791,12.92757511138916,12.96816635131836,12.893067359924316,12.969470024108887,12.927898406982422,12.925741195678711,12.98471450805664,12.878470420837402,12.963767051696777,12.998564720153809,12.86420726776123,12.976424217224121,13.033258438110352,12.927935600280762,12.978049278259277,12.905402183532715,12.90620231628418,12.851164817810059,12.848459243774414,12.967057228088379,12.961014747619629,12.825455665588379,12.487516403198242
6.13,12.88636,0.0,12.932827949523926,12.813600540161133,12.90200424194336,12.963180541992188,12.90615463256836,12.978553771972656,12.99416446685791,12.92757511138916,12.96816635131836,12.893067359924316,12.969470024108887,12.927898406982422,12.925741195678711,12.98471450805664,12.878470420837402,12.963767051696777,12.998564720153809,12.86420726776123,12.976424217224121,13.033258438110352,12.927935600280762,12.978049278259277,12.905402183532715,12.90620231628418,12.851164817810059,12.848459243774414,12.967057228088379,12.961014747619629,12.825455665588379,12.487516403198242
6.14,12.88029,0.0,12.896322250366211,12.787920951843262,12.874382972717285,12.923882484436035,12.868141174316406,12.949544906616211,12.967731475830078,12.900978088378906,12.930171966552734,12.865046501159668,12.941217422485352,12.901936531066895,12.890275001525879,12.957520484924316,12.867111206054688,12.9331693649292,12.97005844116211,12.836483001708984,12.945911407470703,12.997941970825195,12.89713191986084,12.946770668029785,12.880666732788086,12.878643989562988,12.821728706359863,12.740754127502441,12.939068794250488,12.933775901794434,12.779924392700195,12.426996231079102
6.15,12.87149,0.0,12.896322250366211,12.787920951843262,12.874382972717285,12.923882484436035,12.868141174316406,12.949544906616211,12.967731475830078,12.900978088378906,12.930171966552734,12.865046501159668,12.941217422485352,12.901936531066895,12.890275001525879,12.957520484924316,12.867111206054688,12.9331693649292,12.97005844116211,12.836483001708984,12.945911407470703,12.997941970825195,12.89713191986084,12.946770668029785,12.880666732788086,12.878643989562988,12.821728706359863,12.740754127502441,12.939068794250488,12.933775901794434,12.779924392700195,12.426996231079102
6.16,12.86441,0.0,12.896322250366211,12.787920951843262,12.874382972717285,12.923882484436035,12.868141174316406,12.949544906616211,12.967731475830078,12.900978088378906,12.930171966552734,12.865046501159668,12.941217422485352,12.901936531066895,12.890275001525879,12.957520484924316,12.867111206054688,12.9331693649292,12.97005844116211,12.836483001708984,12.945911407470703,12.997941970825195,12.89713191986084,12.946770668029785,12.880666732788086,12.878643989562988,12.821728706359863,12.740754127502441,12.939068794250488,12.933775901794434,12.779924392700195,12.426996231079102
6.17,12.85758,0.0,12.896322250366211,12.787920951843262,12.874382972717285,12.923882484436035,12.868141174316406,12.949544906616211,12.967731475830078,12.900978088378906,12.930171966552734,12.865046501159668,12.941217422485352,12.901936531066895,12.890275001525879,12.957520484924316,12.867111206054688,12.9331693649292,12.97005844116211,12.836483001708984,12.945911407470703,12.997941970825195,12.89713191986084,12.946770668029785,12.880666732788086,12.878643989562988,12.821728706359863,12.740754127502441,12.939068794250488,12.933775901794434,12.779924392700195,12.426996231079102
6.18,12.85101,0.0,12.896322250366211,12.787920951843262,12.874382972717285,12.923882484436035,12.868141174316406,12.949544906616211,12.967731475830078,12.900978088378906,12.930171966552734,12.865046501159668,12.941217422485352,12.901936531066895,12.890275001525879,12.957520484924316,12.867111206054688,12.9331693649292,12.97005844116211,12.836483001708984,12.945911407470703,12.997941970825195,12.89713191986084,12.946770668029785,12.880666732788086,12.878643989562988,12.821728706359863,12.740754127502441,12.939068794250488,12.933775901794434,12.779924392700195,12.426996231079102
6.19,12.84472,0.0,12.85848331451416,12.756349563598633,12.843243598937988,12.883810043334961,12.828924179077148,12.916401863098145,12.935945510864258,12.868701934814453,12.894076347351074,12.83515453338623,12.910035133361816,12.871759414672852,12.844266891479492,12.92643928527832,12.852376937866211,12.902132987976074,12.942045211791992,12.80630874633789,12.916031837463379,12.965002059936523,12.86709976196289,12.915136337280273,12.851122856140137,12.8480806350708,12.793135643005371,12.659540176391602,12.909496307373047,12.903615951538086,12.73830795288086,12.376298904418945
6.2,12.83871,0.0,12.85848331451416,12.756349563598633,12.843243598937988,12.883810043334961,12.828924179077148,12.916401863098145,12.935945510864258,12.868701934814453,12.894076347351074,12.83515453338623,12.910035133361816,12.871759414672852,12.844266891479492,12.92643928527832,12.852376937866211,12.902132987976074,12.942045211791992,12.80630874633789,12.916031837463379,12.965002059936523,12.86709976196289,12.915136337280273,12.851122856140137,12.8480806350708,12.793135643005371,12.659540176391602,12.909496307373047,12.903615951538086,12.73830795288086,12.376298904418945
6.21,12.83298,0.0,12.85848331451416,12.756349563598633,12.843243598937988,12.883810043334961,12.828924179077148,12.916401863098145,12.935945510864258,12.868701934814453,12.894076347351074,12.83515453338623,12.910035133361816,12.871759414672852,12.844266891479492,12.92643928527832,12.852376937866211,12.902132987976074,12.942045211791992,12.80630874633789,12.916031837463379,12.965002059936523,12.86709976196289,12.915136337280273,12.851122856140137,12.8480806350708,12.793135643005371,12.659540176391602,12.909496307373047,12.903615951538086,12.73830795288086,12.376298904418945
6.22,12.82753,0.0,12.85848331451416,12.756349563598633,12.843243598937988,12.883810043334961,12.828924179077148,12.916401863098145,12.935945510864258,12.868701934814453,12.894076347351074,12.83515453338623,12.910035133361816,12.871759414672852,12.844266891479492,12.92643928527832,12.852376937866211,12.902132987976074,12.942045211791992,12.80630874633789,12.916031837463379,12.965002059936523,12.86709976196289,12.915136337280273,12.851122856140137,12.8480806350708,12.793135643005371,12.659540176391602,12.909496307373047,12.903615951538086,12.73830795288086,12.376298904418945
6.23,12.82238,0.0,12.85848331451416,12.756349563598633,12.843243598937988,12.883810043334961,12.828924179077148,12.916401863098145,12.935945510864258,12.868701934814453,12.894076347351074,12.83515453338623,12.910035133361816,12.871759414672852,12.844266891479492,12.92643928527832,12.852376937866211,12.902132987976074,12.942045211791992,12.80630874633789,12.916031837463379,12.965002059936523,12.86709976196289,12.915136337280273,12.851122856140137,12.8480806350708,12.793135643005371,12.659540176391602,12.909496307373047,12.903615951538086,12.73830795288086,12.376298904418945
6.24,12.8175,0.0,12.81987476348877,12.727381706237793,12.817678451538086,12.848700523376465,12.797395706176758,12.889530181884766,12.906767845153809,12.840530395507812,12.862112998962402,12.807276725769043,12.881806373596191,12.841018676757812,12.813921928405762,12.896947860717773,12.838054656982422,12.873616218566895,12.914920806884766,12.776126861572266,12.886149406433105,12.932476043701172,12.839655876159668,12.883206367492676,12.818960189819336,12.815404891967773,12.766189575195312,12.617459297180176,12.879033088684082,12.87218952178955,12.711792945861816,12.338359832763672
6.25,12.81291,0.0,12.81987476348877,12.727381706237793,12.817678451538086,12.848700523376465,12.797395706176758,12.889530181884766,12.906767845153809,12.840530395507812,12.862112998962402,12.807276725769043,12.881806373596191,12.841018676757812,12.813921928405762,12.896947860717773,12.838054656982422,12.873616218566895,12.914920806884766,12.776126861572266,12.886149406433105,12.932476043701172,12.839655876159668,12.883206367492676,12.818960189819336,12.815404891967773,12.766189575195312,12.617459297180176,12.879033088684082,12.87218952178955,12.711792945861816,12.338359832763672
6.26,12.8086,0.0,12.81987476348877,12.727381706237793,12.817678451538086,12.848700523376465,12.797395706176758,12.889530181884766,12.906767845153809,12.840530395507812,12.862112998962402,12.807276725769043,12.881806373596191,12.841018676757812,12.813921928405762,12.896947860717773,12.838054656982422,12.873616218566895,12.914920806884766,12.776126861572266,12.886149406433105,12.932476043701172,12.839655876159668,12.883206367492676,12.818960189819336,12.815404891967773,12.766189575195312,12.617459297180176,12.879033088684082,12.87218952178955,12.711792945861816,12.338359832763672
6.27,12.80533,0.0,12.81987476348877,12.727381706237793,12.817678451538086,12.848700523376465,12.797395706176758,12.889530181884766,12.906767845153809,12.840530395507812,12.862112998962402,12.807276725769043,12.881806373596191,12.841018676757812,12.813921928405762,12.896947860717773,12.838054656982422,12.873616218566895,12.914920806884766,12.776126861572266,12.886149406433105,12.932476043701172,12.839655876159668,12.883206367492676,12.818960189819336,12.815404891967773,12.766189575195312,12.617459297180176,12.879033088684082,12.87218952178955,12.711792945861816,12.338359832763672
6.28,12.80076,0.0,12.81987476348877,12.727381706237793,12.817678451538086,12.848700523376465,12.797395706176758,12.889530181884766,12.906767845153809,12.840530395507812,12.862112998962402,12.807276725769043,12.881806373596191,12.841018676757812,12.813921928405762,12.896947860717773,12.838054656982422,12.873616218566895,12.914920806884766,12.776126861572266,12.886149406433105,12.932476043701172,12.839655876159668,12.883206367492676,12.818960189819336,12.815404891967773,12.766189575195312,12.617459297180176,12.879033088684082,12.87218952178955,12.711792945861816,12.338359832763672
6.29,12.79722,0.0,12.806146621704102,12.706976890563965,12.795937538146973,12.817763328552246,12.783329963684082,12.864062309265137,12.882186889648438,12.818055152893066,12.847942352294922,12.783677101135254,12.85822582244873,12.81900691986084,12.802129745483398,12.873298645019531,12.821657180786133,12.851438522338867,12.88963508605957,12.748616218566895,12.861294746398926,12.905755043029785,12.816672325134277,12.856088638305664,12.796441078186035,12.791034698486328,12.742080688476562,12.589061737060547,12.855475425720215,12.848716735839844,12.691166877746582,12.31078052520752
6.3,12.79392,0.0,12.806146621704102,12.706976890563965,12.795937538146973,12.817763328552246,12.783329963684082,12.864062309265137,12.882186889648438,12.818055152893066,12.847942352294922,12.783677101135254,12.85822582244873,12.81900691986084,12.802129745483398,12.873298645019531,12.821657180786133,12.851438522338867,12.88963508605957,12.748616218566895,12.861294746398926,12.905755043029785,12.816672325134277,12.856088638305664,12.796441078186035,12.791034698486328,12.742080688476562,12.589061737060547,12.855475425720215,12.848716735839844,12.691166877746582,12.31078052520752
6.31,12.79144,0.0,12.806146621704102,12.706976890563965,12.795937538146973,12.817763328552246,12.783329963684082,12.864062309265137,12.882186889648438,12.818055152893066,12.847942352294922,12.783677101135254,12.85822582244873,12.81900691986084,12.802129745483398,12.873298645019531,12.821657180786133,12.851438522338867,12.88963508605957,12.748616218566895,12.861294746398926,12.905755043029785,12.816672325134277,12.856088638305664,12.796441078186035,12.791034698486328,12.742080688476562,12.589061737060547,12.855475425720215,12.848716735839844,12.691166877746582,12.31078052520752
6.32,12.78797,0.0,12.806146621704102,12.706976890563965,12.795937538146973,12.817763328552246,12.783329963684082,12.864062309265137,12.882186889648438,12.818055152893066,12.847942352294922,12.783677101135254,12.85822582244873,12.81900691986084,12.802129745483398,12.873298645019531,12.821657180786133,12.851438522338867,12.88963508605957,12.748616218566895,12.861294746398926,12.905755043029785,12.816672325134277,12.856088638305664,12.796441078186035,12.791034698486328,12.742080688476562,12.589061737060547,12.855475425720215,12.848716735839844,12.691166877746582,12.31078052520752
6.33,12.7853,0.0,12.806146621704102,12.706976890563965,12.795937538146973,12.817763328552246,12.783329963684082,12.864062309265137,12.882186889648438,12.818055152893066,12.847942352294922,12.783677101135254,12.85822582244873,12.81900691986084,12.802129745483398,12.873298645019531,12.821657180786133,12.851438522338867,12.88963508605957,12.748616218566895,12.861294746398926,12.905755043029785,12.816672325134277,12.856088638305664,12.796441078186035,12.791034698486328,12.742080688476562,12.589061737060547,12.855475425720215,12.848716735839844,12.691166877746582,12.31078052520752
6.34,12.7828,0.0,12.773979187011719,12.688095092773438,12.776836395263672,12.79280948638916,12.751659393310547,12.843236923217773,12.860281944274902,12.797438621520996,12.819591522216797,12.762811660766602,12.839861869812012,12.798952102661133,12.770140647888184,12.85202693939209,12.803496360778809,12.83225154876709,12.864700317382812,12.723587989807129,12.838855743408203,12.883593559265137,12.792854309082031,12.833593368530273,12.777730941772461,12.769699096679688,12.715978622436523,12.561482429504395,12.835296630859375,12.829233169555664,12.660094261169434,12.286274909973145
6.35,12.7809,0.0,12.773979187011719,12.688095092773438,12.776836395263672,12.79280948638916,12.751659393310547,12.843236923217773,12.860281944274902,12.797438621520996,12.819591522216797,12.762811660766602,12.839861869812012,12.798952102661133,12.770140647888184,12.85202693939209,12.803496360778809,12.83225154876709,12.864700317382812,12.723587989807129,12.838855743408203,12.883593559265137,12.792854309082031,12.833593368530273,12.777730941772461,12.769699096679688,12.715978622436523,12.561482429504395,12.835296630859375,12.829233169555664,12.660094261169434,12.286274909973145
6.36,12.77824,0.0,12.773979187011719,12.688095092773438,12.776836395263672,12.79280948638916,12.751659393310547,12.843236923217773,12.860281944274902,12.797438621520996,12.819591522216797,12.762811660766602,12.839861869812012,12.798952102661133,12.770140647888184,12.85202693939209,12.803496360778809,12.83225154876709,12.864700317382812,12.723587989807129,12.838855743408203,12.883593559265137,12.792854309082031,12.833593368530273,12.777730941772461,12.769699096679688,12.715978622436523,12.561482429504395,12.835296630859375,12.829233169555664,12.660094261169434,12.286274909973145
6.37,12.77615,0.0,12.773979187011719,12.688095092773438,12.776836395263672,12.79280948638916,12.751659393310547,12.843236923217773,12.860281944274902,12.797438621520996,12.819591522216797,12.762811660766602,12.839861869812012,12.798952102661133,12.770140647888184,12.85202693939209,12.803496360778809,12.83225154876709,12.864700317382812,12.723587989807129,12.838855743408203,12.883593559265137,12.792854309082031,12.833593368530273,12.777730941772461,12.769699096679688,12.715978622436523,12.561482429504395,12.835296630859375,12.829233169555664,12.660094261169434,12.286274909973145
6.38,12.77416,0.0,12.773979187011719,12.688095092773438,12.776836395263672,12.79280948638916,12.751659393310547,12.843236923217773,12.860281944274902,12.797438621520996,12.819591522216797,12.762811660766602,12.839861869812012,12.798952102661133,12.770140647888184,12.85202693939209,12.803496360778809,12.83225154876709,12.864700317382812,12.723587989807129,12.838855743408203,12.883593559265137,12.792854309082031,12.833593368530273,12.777730941772461,12.769699096679688,12.715978622436523,12.561482429504395,12.835296630859375,12.829233169555664,12.660094261169434,12.286274909973145
6.39,12.77263,0.0,12.741876602172852,12.663311958312988,12.751493453979492,12.768680572509766,12.721195220947266,12.81604290008545,12.83428955078125,12.770715713500977,12.788759231567383,12.737792015075684,12.814868927001953,12.776049613952637,12.740018844604492,12.826663970947266,12.781028747558594,12.809002876281738,12.840003967285156,12.697575569152832,12.81543254852295,12.862282752990723,12.763752937316895,12.81001091003418,12.753820419311523,12.745564460754395,12.69057559967041,12.533891677856445,12.813039779663086,12.804922103881836,12.630844116210938,12.26191520690918
6.4,12.7704,0.0,12.741876602172852,12.663311958312988,12.751493453979492,12.768680572509766,12.721195220947266,12.81604290008545,12.83428955078125,12.770715713500977,12.788759231567383,12.737792015075684,12.814868927001953,12.776049613952637,12.740018844604492,12.826663970947266,12.781028747558594,12.809002876281738,12.840003967285156,12.697575569152832,12.81543254852295,12.862282752990723,12.763752937316895,12.81001091003418,12.753820419311523,12.745564460754395,12.69057559967041,12.533891677856445,12.813039779663086,12.804922103881836,12.630844116210938,12.26191520690918
6.41,12.76859,0.0,12.741876602172852,12.663311958312988,12.751493453979492,12.768680572509766,12.721195220947266,12.81604290008545,12.83428955078125,12.770715713500977,12.788759231567383,12.737792015075684,12.814868927001953,12.776049613952637,12.740018844604492,12.826663970947266,12.781028747558594,12.809002876281738,12.840003967285156,12.697575569152832,12.81543254852295,12.862282752990723,12.763752937316895,12.81001091003418,12.753820419311523,12.745564460754395,12.69057559967041,12.533891677856445,12.813039779663086,12.804922103881836,12.630844116210938,12.26191520690918
6.42,12.76679,0.0,12.741876602172852,12.663311958312988,12.751493453979492,12.768680572509766,12.721195220947266,12.81604290008545,12.83428955078125,12.770715713500977,12.788759231567383,12.737792015075684,12.814868927001953,12.776049613952637,12.740018844604492,12.826663970947266,12.781028747558594,12.809002876281738,12.840003967285156,12.697575569152832,12.81543254852295,12.862282752990723,12.763752937316895,12.81001091003418,12.753820419311523,12.745564460754395,12.69057559967041,12.533891677856445,12.813039779663086,12.804922103881836,12.630844116210938,12.26191520690918
6.43,12.765,0.0,12.741876602172852,12.663311958312988,12.751493453979492,12.768680572509766,12.721195220947266,12.81604290008545,12.83428955078125,12.770715713500977,12.788759231567383,12.737792015075684,12.814868927001953,12.776049613952637,12.740018844604492,12.826663970947266,12.781028747558594,12.809002876281738,12.840003967285156,12.697575569152832,12.81543254852295,12.862282752990723,12.763752937316895,12.81001091003418,12.753820419311523,12.745564460754395,12.69057559967041,12.533891677856445,12.813039779663086,12.804922103881836,12.630844116210938,12.26191520690918
6.44,12.76318,0.0,12.721116065979004,12.640226364135742,12.73074722290039,12.749329566955566,12.699920654296875,12.793769836425781,12.812847137451172,12.747746467590332,12.765369415283203,12.71691608428955,12.793352127075195,12.755242347717285,12.716869354248047,12.804366111755371,12.757797241210938,12.787854194641113,12.816485404968262,12.67281723022461,12.792548179626465,12.841259002685547,12.739506721496582,12.787558555603027,12.730441093444824,12.722282409667969,12.66728687286377,12.516650199890137,12.791263580322266,12.781463623046875,12.60425853729248,12.238751411437988
6.45,12.76133,0.0,12.721116065979004,12.640226364135742,12.73074722290039,12.749329566955566,12.699920654296875,12.793769836425781,12.812847137451172,12.747746467590332,12.765369415283203,12.71691608428955,12.793352127075195,12.755242347717285,12.716869354248047,12.804366111755371,12.757797241210938,12.787854194641113,12.816485404968262,12.67281723022461,12.792548179626465,12.841259002685547,12.739506721496582,12.787558555603027,12.730441093444824,12.722282409667969,12.66728687286377,12.516650199890137,12.791263580322266,12.781463623046875,12.60425853729248,12.238751411437988
6.46,12.75943,0.0,12.721116065979004,12.640226364135742,12.73074722290039,12.749329566955566,12.699920654296875,12.793769836425781,12.812847137451172,12.747746467590332,12.765369415283203,12.71691608428955,12.793352127075195,12.755242347717285,12.716869354248047,12.804366111755371,12.757797241210938,12.787854194641113,12.816485404968262,12.67281723022461,12.792548179626465,12.841259002685547,12.739506721496582,12.787558555603027,12.730441093444824,12.722282409667969,12.66728687286377,12.516650199890137,12.791263580322266,12.781463623046875,12.60425853729248,12.238751411437988
6.47,12.75745,0.0,12.721116065979004,12.640226364135742,12.73074722290039,12.749329566955566,12.699920654296875,12.793769836425781,12.812847137451172,12.747746467590332,12.765369415283203,12.71691608428955,12.793352127075195,12.755242347717285,12.716869354248047,12.804366111755371,12.757797241210938,12.787854194641113,12.816485404968262,12.67281723022461,12.792548179626465,12.841259002685547,12.739506721496582,12.787558555603027,12.730441093444824,12.722282409667969,12.66728687286377,12.516650199890137,12.791263580322266,12.781463623046875,12.60425853729248,12.238751411437988
6.48,12.7554,0.0,12.721116065979004,12.640226364135742,12.73074722290039,12.749329566955566,12.699920654296875,12.793769836425781,12.812847137451172,12.747746467590332,12.765369415283203,12.71691608428955,12.793352127075195,12.755242347717285,12.716869354248047,12.804366111755371,12.757797241210938,12.787854194641113,12.816485404968262,12.67281723022461,12.792548179626465,12.841259002685547,12.739506721496582,12.787558555603027,12.730441093444824,12.722282409667969,12.66728687286377,12.516650199890137,12.791263580322266,12.781463623046875,12.60425853729248,12.238751411437988
6.49,12.75324,0.0,12.697192192077637,12.620244026184082,12.713432312011719,12.733129501342773,12.678951263427734,12.773933410644531,12.794868469238281,12.728195190429688,12.745322227478027,12.700709342956543,12.777542114257812,12.739419937133789,12.69546890258789,12.786498069763184,12.732454299926758,12.770551681518555,12.796045303344727,12.650270462036133,12.773030281066895,12.822991371154785,12.719316482543945,12.76936149597168,12.713659286499023,12.704765319824219,12.647069931030273,12.510133743286133,12.77366828918457,12.764375686645508,12.5791597366333,12.216063499450684
6.5,12.75098,0.0,12.697192192077637,12.620244026184082,12.713432312011719,12.733129501342773,12.678951263427734,12.773933410644531,12.794868469238281,12.728195190429688,12.745322227478027,12.700709342956543,12.777542114257812,12.739419937133789,12.69546890258789,12.786498069763184,12.732454299926758,12.770551681518555,12.796045303344727,12.650270462036133,12.773030281066895,12.822991371154785,12.719316482543945,12.76936149597168,12.713659286499023,12.704765319824219,12.647069931030273,12.510133743286133,12.77366828918457,12.764375686645508,12.5791597366333,12.216063499450684
6.51,12.7486,0.0,12.697192192077637,12.620244026184082,12.713432312011719,12.733129501342773,12.678951263427734,12.773933410644531,12.794868469238281,12.728195190429688,12.745322227478027,12.700709342956543,12.777542114257812,12.739419937133789,12.69546890258789,12.786498069763184,12.732454299926758,12.770551681518555,12.796045303344727,12.650270462036133,12.773030281066895,12.822991371154785,12.719316482543945,12.76936149597168,12.713659286499023,12.704765319824219,12.647069931030273,12.510133743286133,12.77366828918457,12.764375686645508,12.5791597366333,12.216063499450684
6.52,12.7466,0.0,12.697192192077637,12.620244026184082,12.713432312011719,12.733129501342773,12.678951263427734,12.773933410644531,12.794868469238281,12.728195190429688,12.745322227478027,12.700709342956543,12.777542114257812,12.739419937133789,12.69546890258789,12.786498069763184,12.732454299926758,12.770551681518555,12.796045303344727,12.650270462036133,12.773030281066895,12.822991371154785,12.719316482543945,12.76936149597168,12.713659286499023,12.704765319824219,12.647069931030273,12.510133743286133,12.77366828918457,12.764375686645508,12.5791597366333,12.216063499450684
6.53,12.74345,0.0,12.697192192077637,12.620244026184082,12.713432312011719,12.733129501342773,12.678951263427734,12.773933410644531,12.794868469238281,12.728195190429688,12.745322227478027,12.700709342956543,12.777542114257812,12.739419937133789,12.69546890258789,12.786498069763184,12.732454299926758,12.770551681518555,12.796045303344727,12.650270462036133,12.773030281066895,12.822991371154785,12.719316482543945,12.76936149597168,12.713659286499023,12.704765319824219,12.647069931030273,12.510133743286133,12.77366828918457,12.764375686645508,12.5791597366333,12.216063499450684
6.54,12.74067,0.0,12.676568031311035,12.599081993103027,12.692878723144531,12.71556568145752,12.654315948486328,12.752649307250977,12.774664878845215,12.705178260803223,12.721352577209473,12.68079948425293,12.757831573486328,12.71895980834961,12.668282508850098,12.765535354614258,12.706088066101074,12.750283241271973,12.774632453918457,12.628544807434082,12.752806663513184,12.803984642028809,12.697278022766113,12.750930786132812,12.694786071777344,12.684488296508789,12.625372886657715,12.501814842224121,12.754579544067383,12.745637893676758,12.552433967590332,12.192435264587402
6.55,12.73774,0.0,12.676568031311035,12.599081993103027,12.692878723144531,12.71556568145752,12.654315948486328,12.752649307250977,12.774664878845215,12.705178260803223,12.721352577209473,12.68079948425293,12.757831573486328,12.71895980834961,12.668282508850098,12.765535354614258,12.706088066101074,12.750283241271973,12.774632453918457,12.628544807434082,12.752806663513184,12.803984642028809,12.697278022766113,12.750930786132812,12.694786071777344,12.684488296508789,12.625372886657715,12.501814842224121,12.754579544067383,12.745637893676758,12.552433967590332,12.192435264587402
6.56,12.73529,0.0,12.676568031311035,12.599081993103027,12.692878723144531,12.71556568145752,12.654315948486328,12.752649307250977,12.774664878845215,12.705178260803223,12.721352577209473,12.68079948425293,12.757831573486328,12.71895980834961,12.668282508850098,12.765535354614258,12.706088066101074,12.750283241271973,12.774632453918457,12.628544807434082,12.752806663513184,12.803984642028809,12.697278022766113,12.750930786132812,12.694786071777344,12.684488296508789,12.625372886657715,12.501814842224121,12.754579544067383,12.745637893676758,12.552433967590332,12.192435264587402
6.57,12.73145,0.0,12.676568031311035,12.599081993103027,12.692878723144531,12.71556568145752,12.654315948486328,12.752649307250977,12.774664878845215,12.705178260803223,12.721352577209473,12.68079948425293,12.757831573486328,12.71895980834961,12.668282508850098,12.765535354614258,12.706088066101074,12.750283241271973,12.774632453918457,12.628544807434082,12.752806663513184,12.803984642028809,12.697278022766113,12.750930786132812,12.694786071777344,12.684488296508789,12.625372886657715,12.501814842224121,12.754579544067383,12.745637893676758,12.552433967590332,12.192435264587402
6.58,12.72809,0.0,12.676568031311035,12.599081993103027,12.692878723144531,12.71556568145752,12.654315948486328,12.752649307250977,12.774664878845215,12.705178260803223,12.721352577209473,12.68079948425293,12.757831573486328,12.71895980834961,12.668282508850098,12.765535354614258,12.706088066101074,12.750283241271973,12.774632453918457,12.628544807434082,12.752806663513184,12.803984642028809,12.697278022766113,12.750930786132812,12.694786071777344,12.684488296508789,12.625372886657715,12.501814842224121,12.754579544067383,12.745637893676758,12.552433967590332,12.192435264587402
6.59,12.72459,0.0,12.65438175201416,12.581640243530273,12.677733421325684,12.702408790588379,12.633126258850098,12.7353515625,12.759689331054688,12.687654495239258,12.700545310974121,12.663657188415527,12.741389274597168,12.700005531311035,12.643750190734863,12.746623039245605,12.683649063110352,12.731074333190918,12.75346565246582,12.608025550842285,12.732836723327637,12.783650398254395,12.675198554992676,12.731375694274902,12.673759460449219,12.663003921508789,12.604920387268066,12.479516983032227,12.734519958496094,12.725051879882812,12.528639793395996,12.167222023010254
6.6,12.72168,0.0,12.65438175201416,12.581640243530273,12.677733421325684,12.702408790588379,12.633126258850098,12.7353515625,12.759689331054688,12.687654495239258,12.700545310974121,12.663657188415527,12.741389274597168,12.700005531311035,12.643750190734863,12.746623039245605,12.683649063110352,12.731074333190918,12.75346565246582,12.608025550842285,12.732836723327637,12.783650398254395,12.675198554992676,12.731375694274902,12.673759460449219,12.663003921508789,12.604920387268066,12.479516983032227,12.734519958496094,12.725051879882812,12.528639793395996,12.167222023010254
6.61,12.71717,0.0,12.65438175201416,12.581640243530273,12.677733421325684,12.702408790588379,12.633126258850098,12.7353515625,12.759689331054688,12.687654495239258,12.700545310974121,12.663657188415527,12.741389274597168,12.700005531311035,12.643750190734863,12.746623039245605,12.683649063110352,12.731074333190918,12.75346565246582,12.608025550842285,12.732836723327637,12.783650398254395,12.675198554992676,12.731375694274902,12.673759460449219,12.663003921508789,12.604920387268066,12.479516983032227,12.734519958496094,12.725051879882812,12.528639793395996,12.167222023010254
6.62,12.71328,0.0,12.65438175201416,12.581640243530273,12.677733421325684,12.702408790588379,12.633126258850098,12.7353515625,12.759689331054688,12.687654495239258,12.700545310974121,12.663657188415527,12.741389274597168,12.700005531311035,12.643750190734863,12.746623039245605,12.683649063110352,12.731074333190918,12.75346565246582,12.608025550842285,12.732836723327637,12.783650398254395,12.675198554992676,12.731375694274902,12.673759460449219,12.663003921508789,12.604920387268066,12.479516983032227,12.734519958496094,12.725051879882812,12.528639793395996,12.167222023010254
6.63,12.70926,0.0,12.65438175201416,12.581640243530273,12.677733421325684,12.702408790588379,12.633126258850098,12.7353515625,12.759689331054688,12.687654495239258,12.700545310974121,12.663657188415527,12.741389274597168,12.700005531311035,12.643750190734863,12.746623039245605,12.683649063110352,12.731074333190918,12.75346565246582,12.608025550842285,12.732836723327637,12.783650398254395,12.675198554992676,12.731375694274902,12.673759460449219,12.663003921508789,12.604920387268066,12.479516983032227,12.734519958496094,12.725051879882812,12.528639793395996,12.167222023010254
6.64,12.70597,0.0,12.640369415283203,12.566960334777832,12.66245174407959,12.686893463134766,12.615875244140625,12.717965126037598,12.744827270507812,12.671618461608887,12.683537483215332,12.64870548248291,12.725064277648926,12.686168670654297,12.628514289855957,12.731173515319824,12.663872718811035,12.715314865112305,12.735756874084473,12.590346336364746,12.716744422912598,12.765579223632812,12.657852172851562,12.715371131896973,12.660554885864258,12.648092269897461,12.588875770568848,12.433438301086426,12.719515800476074,12.710775375366211,12.509918212890625,12.139182090759277
6.65,12.70092,0.0,12.640369415283203,12.566960334777832,12.66245174407959,12.686893463134766,12.615875244140625,12.717965126037598,12.744827270507812,12.671618461608887,12.683537483215332,12.64870548248291,12.725064277648926,12.686168670654297,12.628514289855957,12.731173515319824,12.663872718811035,12.715314865112305,12.735756874084473,12.590346336364746,12.716744422912598,12.765579223632812,12.657852172851562,12.715371131896973,12.660554885864258,12.648092269897461,12.588875770568848,12.433438301086426,12.719515800476074,12.710775375366211,12.509918212890625,12.139182090759277
6.66,12.69662,0.0,12.640369415283203,12.566960334777832,12.66245174407959,12.686893463134766,12.615875244140625,12.717965126037598,12.744827270507812,12.671618461608887,12.683537483215332,12.64870548248291,12.725064277648926,12.686168670654297,12.628514289855957,12.731173515319824,12.663872718811035,12.715314865112305,12.735756874084473,12.590346336364746,12.716744422912598,12.765579223632812,12.657852172851562,12.715371131896973,12.660554885864258,12.648092269897461,12.588875770568848,12.433438301086426,12.719515800476074,12.710775375366211,12.509918212890625,12.139182090759277
6.67,12.69223,0.0,12.640369415283203,12.566960334777832,12.66245174407959,12.686893463134766,12.615875244140625,12.717965126037598,12.744827270507812,12.671618461608887,12.683537483215332,12.64870548248291,12.725064277648926,12.686168670654297,12.628514289855957,12.731173515319824,12.663872718811035,12.715314865112305,12.735756874084473,12.590346336364746,12.716744422912598,12.765579223632812,12.657852172851562,12.715371131896973,12.660554885864258,12.648092269897461,12.588875770568848,12.433438301086426,12.719515800476074,12.710775375366211,12.509918212890625,12.139182090759277
6.68,12.68779,0.0,12.640369415283203,12.566960334777832,12.66245174407959,12.686893463134766,12.615875244140625,12.717965126037598,12.744827270507812,12.671618461608887,12.683537483215332,12.64870548248291,12.725064277648926,12.686168670654297,12.628514289855957,12.731173515319824,12.663872718811035,12.715314865112305,12.735756874084473,12.590346336364746,12.716744422912598,12.765579223632812,12.657852172851562,12.715371131896973,12.660554885864258,12.648092269897461,12.588875770568848,12.433438301086426,12.719515800476074,12.710775375366211,12.509918212890625,12.139182090759277
6.69,12.68329,0.0,12.618059158325195,12.55237865447998,12.648750305175781,12.67314624786377,12.597804069519043,12.702223777770996,12.729866981506348,12.655635833740234,12.664785385131836,12.634739875793457,12.711137771606445,12.672800064086914,12.608621597290039,12.716370582580566,12.648033142089844,12.701071739196777,12.719148635864258,12.573616027832031,12.702061653137207,12.749021530151367,12.641681671142578,12.701740264892578,12.648021697998047,12.634071350097656,12.572237014770508,12.385406494140625,12.70565414428711,12.698026657104492,12.489479064941406,12.110503196716309
6.7,12.67874,0.0,12.618059158325195,12.55237865447998,12.648750305175781,12.67314624786377,12.597804069519043,12.702223777770996,12.729866981506348,12.655635833740234,12.664785385131836,12.634739875793457,12.711137771606445,12.672800064086914,12.608621597290039,12.716370582580566,12.648033142089844,12.701071739196777,12.719148635864258,12.573616027832031,12.702061653137207,12.749021530151367,12.641681671142578,12.701740264892578,12.648021697998047,12.634071350097656,12.572237014770508,12.385406494140625,12.70565414428711,12.698026657104492,12.489479064941406,12.110503196716309
6.71,12.67417,0.0,12.618059158325195,12.55237865447998,12.648750305175781,12.67314624786377,12.597804069519043,12.702223777770996,12.729866981506348,12.655635833740234,12.664785385131836,12.634739875793457,12.711137771606445,12.672800064086914,12.608621597290039,12.716370582580566,12.648033142089844,12.701071739196777,12.719148635864258,12.573616027832031,12.702061653137207,12.749021530151367,12.641681671142578,12.701740264892578,12.648021697998047,12.634071350097656,12.572237014770508,12.385406494140625,12.70565414428711,12.698026657104492,12.489479064941406,12.110503196716309
6.72,12.66958,0.0,12.618059158325195,12.55237865447998,12.648750305175781,12.67314624786377,12.597804069519043,12.702223777770996,12.729866981506348,12.655635833740234,12.664785385131836,12.634739875793457,12.711137771606445,12.672800064086914,12.608621597290039,12.716370582580566,12.648033142089844,12.701071739196777,12.719148635864258,12.573616027832031,12.702061653137207,12.749021530151367,12.641681671142578,12.701740264892578,12.648021697998047,12.634071350097656,12.572237014770508,12.385406494140625,12.70565414428711,12.698026657104492,12.489479064941406,12.110503196716309
6.73,12.66498,0.0,12.618059158325195,12.55237865447998,12.648750305175781,12.67314624786377,12.597804069519043,12.702223777770996,12.729866981506348,12.655635833740234,12.664785385131836,12.634739875793457,12.711137771606445,12.672800064086914,12.608621597290039,12.716370582580566,12.648033142089844,12.701071739196777,12.719148635864258,12.573616027832031,12.702061653137207,12.749021530151367,12.641681671142578,12.701740264892578,12.648021697998047,12.634071350097656,12.572237014770508,12.385406494140625,12.70565414428711,12.698026657104492,12.489479064941406,12.110503196716309
6.74,12.66037,0.0,12.599600791931152,12.535651206970215,12.633539199829102,12.659585952758789,12.577445030212402,12.686114311218262,12.714972496032715,12.638982772827148,12.645203590393066,12.619768142700195,12.695663452148438,12.658169746398926,12.589849472045898,12.700085639953613,12.633780479431152,12.68561840057373,12.702438354492188,12.556267738342285,12.686626434326172,12.73265266418457,12.624265670776367,12.68744945526123,12.632200241088867,12.61778450012207,12.55558967590332,12.342288970947266,12.690255165100098,12.681855201721191,12.470077514648438,12.086162567138672
6.75,12.65578,0.0,12.599600791931152,12.535651206970215,12.633539199829102,12.659585952758789,12.577445030212402,12.686114311218262,12.714972496032715,12.638982772827148,12.645203590393066,12.619768142700195,12.695663452148438,12.658169746398926,12.589849472045898,12.700085639953613,12.633780479431152,12.68561840057373,12.702438354492188,12.556267738342285,12.686626434326172,12.73265266418457,12.624265670776367,12.68744945526123,12.632200241088867,12.61778450012207,12.55558967590332,12.342288970947266,12.690255165100098,12.681855201721191,12.470077514648438,12.086162567138672
6.76,12.65121,0.0,12.599600791931152,12.535651206970215,12.633539199829102,12.659585952758789,12.577445030212402,12.686114311218262,12.714972496032715,12.638982772827148,12.645203590393066,12.619768142700195,12.695663452148438,12.658169746398926,12.589849472045898,12.700085639953613,12.633780479431152,12.68561840057373,12.702438354492188,12.556267738342285,12.686626434326172,12.73265266418457,12.624265670776367,12.68744945526123,12.632200241088867,12.61778450012207,12.55558967590332,12.342288970947266,12.690255165100098,12.681855201721191,12.470077514648438,12.086162567138672
6.77,12.64757,0.0,12.599600791931152,12.535651206970215,12.633539199829102,12.659585952758789,12.577445030212402,12.686114311218262,12.714972496032715,12.638982772827148,12.645203590393066,12.619768142700195,12.695663452148438,12.658169746398926,12.589849472045898,12.700085639953613,12.633780479431152,12.68561840057373,12.702438354492188,12.556267738342285,12.686626434326172,12.73265266418457,12.624265670776367,12.68744945526123,12.632200241088867,12.61778450012207,12.55558967590332,12.342288970947266,12.690255165100098,12.681855201721191,12.470077514648438,12.086162567138672
6.78,12.64215,0.0,12.599600791931152,12.535651206970215,12.633539199829102,12.659585952758789,12.577445030212402,12.686114311218262,12.714972496032715,12.638982772827148,12.645203590393066,12.619768142700195,12.695663452148438,12.658169746398926,12.589849472045898,12.700085639953613,12.633780479431152,12.68561840057373,12.702438354492188,12.556267738342285,12.686626434326172,12.73265266418457,12.624265670776367,12.68744945526123,12.632200241088867,12.61778450012207,12.55558967590332,12.342288970947266,12.690255165100098,12.681855201721191,12.470077514648438,12.086162567138672
6.79,12.63767,0.0,12.579059600830078,12.523364067077637,12.622849464416504,12.64609432220459,12.56298828125,12.675219535827637,12.702244758605957,12.626949310302734,12.627584457397461,12.6062650680542,12.683037757873535,12.643959045410156,12.573447227478027,12.686929702758789,12.6210298538208,12.672250747680664,12.68648624420166,12.541032791137695,12.672569274902344,12.716670036315918,12.610068321228027,12.674243927001953,12.618578910827637,12.602726936340332,12.53964900970459,12.312294960021973,12.676448822021484,12.668256759643555,12.453228950500488,12.067487716674805
6.8,12.63324,0.0,12.579059600830078,12.523364067077637,12.622849464416504,12.64609432220459,12.56298828125,12.675219535827637,12.702244758605957,12.626949310302734,12.627584457397461,12.6062650680542,12.683037757873535,12.643959045410156,12.573447227478027,12.686929702758789,12.6210298538208,12.672250747680664,12.68648624420166,12.541032791137695,12.672569274902344,12.716670036315918,12.610068321228027,12.674243927001953,12.618578910827637,12.602726936340332,12.53964900970459,12.312294960021973,12.676448822021484,12.668256759643555,12.453228950500488,12.067487716674805
6.81,12.62972,0.0,12.579059600830078,12.523364067077637,12.622849464416504,12.64609432220459,12.56298828125,12.675219535827637,12.702244758605957,12.626949310302734,12.627584457397461,12.6062650680542,12.683037757873535,12.643959045410156,12.573447227478027,12.686929702758789,12.6210298538208,12.672250747680664,12.68648624420166,12.541032791137695,12.672569274902344,12.716670036315918,12.610068321228027,12.674243927001953,12.618578910827637,12.602726936340332,12.53964900970459,12.312294960021973,12.676448822021484,12.668256759643555,12.453228950500488,12.067487716674805
6.82,12.6245,0.0,12.579059600830078,12.523364067077637,12.622849464416504,12.64609432220459,12.56298828125,12.675219535827637,12.702244758605957,12.626949310302734,12.627584457397461,12.6062650680542,12.683037757873535,12.643959045410156,12.573447227478027,12.686929702758789,12.6210298538208,12.672250747680664,12.68648624420166,12.541032791137695,12.672569274902344,12.716670036315918,12.610068321228027,12.674243927001953,12.618578910827637,12.602726936340332,12.53964900970459,12.312294960021973,12.676448822021484,12.668256759643555,12.453228950500488,12.067487716674805
6.83,12.62021,0.0,12.579059600830078,12.523364067077637,12.622849464416504,12.64609432220459,12.56298828125,12.675219535827637,12.702244758605957,12.626949310302734,12.627584457397461,12.6062650680542,12.683037757873535,12.643959045410156,12.573447227478027,12.686929702758789,12.6210298538208,12.672250747680664,12.68648624420166,12.541032791137695,12.672569274902344,12.716670036315918,12.610068321228027,12.674243927001953,12.618578910827637,12.602726936340332,12.53964900970459,12.312294960021973,12.676448822021484,12.668256759643555,12.453228950500488,12.067487716674805
6.84,12.61596,0.0,12.564229965209961,12.513849258422852,12.611124038696289,12.631040573120117,12.54902458190918,12.661337852478027,12.688868522644043,12.614477157592773,12.613832473754883,12.591962814331055,12.669636726379395,12.631542205810547,12.560907363891602,12.674702644348145,12.607125282287598,12.659526824951172,12.671903610229492,12.527669906616211,12.660017013549805,12.70290470123291,12.596064567565918,12.662052154541016,12.607317924499512,12.590511322021484,12.525273323059082,12.289167404174805,12.664324760437012,12.657218933105469,12.440630912780762,12.04934024810791
6.85,12.61258,0.0,12.564229965209961,12.513849258422852,12.611124038696289,12.631040573120117,12.54902458190918,12.661337852478027,12.688868522644043,12.614477157592773,12.613832473754883,12.591962814331055,12.669636726379395,12.631542205810547,12.560907363891602,12.674702644348145,12.607125282287598,12.659526824951172,12.671903610229492,12.527669906616211,12.660017013549805,12.70290470123291,12.596064567565918,12.662052154541016,12.607317924499512,12.590511322021484,12.525273323059082,12.289167404174805,12.664324760437012,12.657218933105469,12.440630912780762,12.04934024810791
6.86,12.60759,0.0,12.564229965209961,12.513849258422852,12.611124038696289,12.631040573120117,12.54902458190918,12.661337852478027,12.688868522644043,12.614477157592773,12.613832473754883,12.591962814331055,12.669636726379395,12.631542205810547,12.560907363891602,12.674702644348145,12.607125282287598,12.659526824951172,12.671903610229492,12.527669906616211,12.660017013549805,12.70290470123291,12.596064567565918,12.662052154541016,12.607317924499512,12.590511322021484,12.525273323059082,12.289167404174805,12.664324760437012,12.657218933105469,12.440630912780762,12.04934024810791
6.87,12.60346,0.0,12.564229965209961,12.513849258422852,12.611124038696289,12.631040573120117,12.54902458190918,12.661337852478027,12.688868522644043,12.614477157592773,12.613832473754883,12.591962814331055,12.669636726379395,12.631542205810547,12.560907363891602,12.674702644348145,12.607125282287598,12.659526824951172,12.671903610229492,12.527669906616211,12.660017013549805,12.70290470123291,12.596064567565918,12.662052154541016,12.607317924499512,12.590511322021484,12.525273323059082,12.289167404174805,12.664324760437012,12.657218933105469,12.440630912780762,12.04934024810791
6.88,12.59937,0.0,12.564229965209961,12.513849258422852,12.611124038696289,12.631040573120117,12.54902458190918,12.661337852478027,12.688868522644043,12.614477157592773,12.613832473754883,12.591962814331055,12.669636726379395,12.631542205810547,12.560907363891602,12.674702644348145,12.607125282287598,12.659526824951172,12.671903610229492,12.527669906616211,12.660017013549805,12.70290470123291,12.596064567565918,12.662052154541016,12.607317924499512,12.590511322021484,12.525273323059082,12.289167404174805,12.664324760437012,12.657218933105469,12.440630912780762,12.04934024810791
6.89,12.59612,0.0,12.547436714172363,12.498042106628418,12.593362808227539,12.612504959106445,12.529545783996582,12.641406059265137,12.669014930725098,12.595598220825195,12.595396041870117,12.571738243103027,12.64897346496582,12.612774848937988,12.541753768920898,12.65710735321045,12.591974258422852,12.640922546386719,12.654420852661133,12.512404441833496,12.643479347229004,12.68736457824707,12.577958106994629,12.6463623046875,12.588488578796387,12.572694778442383,12.50831127166748,12.255151748657227,12.646512031555176,12.639775276184082,12.422710418701172,12.030202865600586
6.9,12.59128,0.0,12.547436714172363,12.498042106628418,12.593362808227539,12.612504959106445,12.529545783996582,12.641406059265137,12.669014930725098,12.595598220825195,12.595396041870117,12.571738243103027,12.64897346496582,12.612774848937988,12.541753768920898,12.65710735321045,12.591974258422852,12.640922546386719,12.654420852661133,12.512404441833496,12.643479347229004,12.68736457824707,12.577958106994629,12.6463623046875,12.588488578796387,12.572694778442383,12.50831127166748,12.255151748657227,12.646512031555176,12.639775276184082,12.422710418701172,12.030202865600586
6.91,12.58726,0.0,12.547436714172363,12.498042106628418,12.593362808227539,12.612504959106445,12.529545783996582,12.641406059265137,12.669014930725098,12.595598220825195,12.595396041870117,12.571738243103027,12.64897346496582,12.612774848937988,12.541753768920898,12.65710735321045,12.591974258422852,12.640922546386719,12.654420852661133,12.512404441833496,12.643479347229004,12.68736457824707,12.577958106994629,12.6463623046875,12.588488578796387,12.572694778442383,12.50831127166748,12.255151748657227,12.646512031555176,12.639775276184082,12.422710418701172,12.030202865600586
6.92,12.58325,0.0,12.547436714172363,12.498042106628418,12.593362808227539,12.612504959106445,12.529545783996582,12.641406059265137,12.669014930725098,12.595598220825195,12.595396041870117,12.571738243103027,12.64897346496582,12.612774848937988,12.541753768920898,12.65710735321045,12.591974258422852,12.640922546386719,12.654420852661133,12.512404441833496,12.643479347229004,12.68736457824707,12.577958106994629,12.6463623046875,12.588488578796387,12.572694778442383,12.50831127166748,12.255151748657227,12.646512031555176,12.639775276184082,12.422710418701172,12.030202865600586
6.93,12.57925,0.0,12.547436714172363,12.498042106628418,12.593362808227539,12.612504959106445,12.529545783996582,12.641406059265137,12.669014930725098,12.595598220825195,12.595396041870117,12.571738243103027,12.64897346496582,12.612774848937988,12.541753768920898,12.65710735321045,12.591974258422852,12.640922546386719,12.654420852661133,12.512404441833496,12.643479347229004,12.68736457824707,12.577958106994629,12.6463623046875,12.588488578796387,12.572694778442383,12.50831127166748,12.255151748657227,12.646512031555176,12.639775276184082,12.422710418701172,12.030202865600586
6.94,12.57525,0.0,12.523459434509277,12.476554870605469,12.57242202758789,12.592385292053223,12.508349418640137,12.61899471282959,12.645711898803711,12.57248592376709,12.574226379394531,12.549111366271973,12.624429702758789,12.589871406555176,12.522427558898926,12.635527610778809,12.575681686401367,12.617579460144043,12.63514518737793,12.495325088500977,12.622518539428711,12.667645454406738,12.55698299407959,12.625450134277344,12.562798500061035,12.549939155578613,12.49023151397705,12.226648330688477,12.62353515625,12.61595344543457,12.405108451843262,12.01264476776123
6.95,12.57124,0.0,12.523459434509277,12.476554870605469,12.57242202758789,12.592385292053223,12.508349418640137,12.61899471282959,12.645711898803711,12.57248592376709,12.574226379394531,12.549111366271973,12.624429702758789,12.589871406555176,12.522427558898926,12.635527610778809,12.575681686401367,12.617579460144043,12.63514518737793,12.495325088500977,12.622518539428711,12.667645454406738,12.55698299407959,12.625450134277344,12.562798500061035,12.549939155578613,12.49023151397705,12.226648330688477,12.62353515625,12.61595344543457,12.405108451843262,12.01264476776123
6.96,12.56721,0.0,12.523459434509277,12.476554870605469,12.57242202758789,12.592385292053223,12.508349418640137,12.61899471282959,12.645711898803711,12.57248592376709,12.574226379394531,12.549111366271973,12.624429702758789,12.589871406555176,12.522427558898926,12.635527610778809,12.575681686401367,12.617579460144043,12.63514518737793,12.495325088500977,12.622518539428711,12.667645454406738,12.55698299407959,12.625450134277344,12.562798500061035,12.549939155578613,12.49023151397705,12.226648330688477,12.62353515625,12.61595344543457,12.405108451843262,12.01264476776123
6.97,12.56316,0.0,12.523459434509277,12.476554870605469,12.57242202758789,12.592385292053223,12.508349418640137,12.61899471282959,12.645711898803711,12.57248592376709,12.574226379394531,12.549111366271973,12.624429702758789,12.589871406555176,12.522427558898926,12.635527610778809,12.575681686401367,12.617579460144043,12.63514518737793,12.495325088500977,12.622518539428711,12.667645454406738,12.55698299407959,12.625450134277344,12.562798500061035,12.549939155578613,12.49023151397705,12.226648330688477,12.62353515625,12.61595344543457,12.405108451843262,12.01264476776123
6.98,12.55908,0.0,12.523459434509277,12.476554870605469,12.57242202758789,12.592385292053223,12.508349418640137,12.61899471282959,12.645711898803711,12.57248592376709,12.574226379394531,12.549111366271973,12.624429702758789,12.589871406555176,12.522427558898926,12.635527610778809,12.575681686401367,12.617579460144043,12.63514518737793,12.495325088500977,12.622518539428711,12.667645454406738,12.55698299407959,12.625450134277344,12.562798500061035,12.549939155578613,12.49023151397705,12.226648330688477,12.62353515625,12.61595344543457,12.405108451843262,12.01264476776123
6.99,12.55497,0.0,12.510551452636719,12.456376075744629,12.552488327026367,12.569591522216797,12.492670059204102,12.595568656921387,12.62193489074707,12.550907135009766,12.557967185974121,12.528087615966797,12.600227355957031,12.567917823791504,12.509305953979492,12.615020751953125,12.558955192565918,12.594583511352539,12.61506462097168,12.477852821350098,12.600460052490234,12.645495414733887,12.538471221923828,12.602765083312988,12.539280891418457,12.528432846069336,12.472514152526855,12.201655387878418,12.60039234161377,12.59370231628418,12.389863014221191,11.995405197143555
7.0,12.55082,0.0,12.510551452636719,12.456376075744629,12.552488327026367,12.569591522216797,12.492670059204102,12.595568656921387,12.62193489074707,12.550907135009766,12.557967185974121,12.528087615966797,12.600227355957031,12.567917823791504,12.509305953979492,12.615020751953125,12.558955192565918,12.594583511352539,12.61506462097168,12.477852821350098,12.600460052490234,12.645495414733887,12.538471221923828,12.602765083312988,12.539280891418457,12.528432846069336,12.472514152526855,12.201655387878418,12.60039234161377,12.59370231628418,12.389863014221191,11.995405197143555
7.01,12.54663,0.0,12.510551452636719,12.456376075744629,12.552488327026367,12.569591522216797,12.492670059204102,12.595568656921387,12.62193489074707,12.550907135009766,12.557967185974121,12.528087615966797,12.600227355957031,12.567917823791504,12.509305953979492,12.615020751953125,12.558955192565918,12.594583511352539,12.61506462097168,12.477852821350098,12.600460052490234,12.645495414733887,12.538471221923828,12.602765083312988,12.539280891418457,12.528432846069336,12.472514152526855,12.201655387878418,12.60039234161377,12.59370231628418,12.389863014221191,11.995405197143555
7.02,12.54324,0.0,12.510551452636719,12.456376075744629,12.552488327026367,12.569591522216797,12.492670059204102,12.595568656921387,12.62193489074707,12.550907135009766,12.557967185974121,12.528087615966797,12.600227355957031,12.567917823791504,12.509305953979492,12.615020751953125,12.558955192565918,12.594583511352539,12.61506462097168,12.477852821350098,12.600460052490234,12.645495414733887,12.538471221923828,12.602765083312988,12.539280891418457,12.528432846069336,12.472514152526855,12.201655387878418,12.60039234161377,12.59370231628418,12.389863014221191,11.995405197143555
7.03,12.53811,0.0,12.510551452636719,12.456376075744629,12.552488327026367,12.569591522216797,12.492670059204102,12.595568656921387,12.62193489074707,12.550907135009766,12.557967185974121,12.528087615966797,12.600227355957031,12.567917823791504,12.509305953979492,12.615020751953125,12.558955192565918,12.594583511352539,12.61506462097168,12.477852821350098,12.600460052490234,12.645495414733887,12.538471221923828,12.602765083312988,12.539280891418457,12.528432846069336,12.472514152526855,12.201655387878418,12.60039234161377,12.59370231628418,12.389863014221191,11.995405197143555
7.04,12.53377,0.0,12.488693237304688,12.438165664672852,12.535028457641602,12.546820640563965,12.475043296813965,12.57585620880127,12.600848197937012,12.532233238220215,12.540419578552246,12.508905410766602,12.580815315246582,12.547311782836914,12.491816520690918,12.596078872680664,12.541958808898926,12.573463439941406,12.595760345458984,12.460716247558594,12.578681945800781,12.623677253723145,12.521401405334473,12.581665992736816,12.52025318145752,12.508871078491211,12.453775405883789,12.176279067993164,12.579237937927246,12.574752807617188,12.372726440429688,11.977644920349121
7.05,12.52939,0.0,12.488693237304688,12.438165664672852,12.535028457641602,12.546820640563965,12.475043296813965,12.57585620880127,12.600848197937012,12.532233238220215,12.540419578552246,12.508905410766602,12.580815315246582,12.547311782836914,12.491816520690918,12.596078872680664,12.541958808898926,12.573463439941406,12.595760345458984,12.460716247558594,12.578681945800781,12.623677253723145,12.521401405334473,12.581665992736816,12.52025318145752,12.508871078491211,12.453775405883789,12.176279067993164,12.579237937927246,12.574752807617188,12.372726440429688,11.977644920349121
7.06,12.52583,0.0,12.488693237304688,12.438165664672852,12.535028457641602,12.546820640563965,12.475043296813965,12.57585620880127,12.600848197937012,12.532233238220215,12.540419578552246,12.508905410766602,12.580815315246582,12.547311782836914,12.491816520690918,12.596078872680664,12.541958808898926,12.573463439941406,12.595760345458984,12.460716247558594,12.578681945800781,12.623677253723145,12.521401405334473,12.581665992736816,12.52025318145752,12.508871078491211,12.453775405883789,12.176279067993164,12.579237937927246,12.574752807617188,12.372726440429688,11.977644920349121
7.07,12.52046,0.0,12.488693237304688,12.438165664672852,12.535028457641602,12.546820640563965,12.475043296813965,12.57585620880127,12.600848197937012,12.532233238220215,12.540419578552246,12.508905410766602,12.580815315246582,12.547311782836914,12.491816520690918,12.596078872680664,12.541958808898926,12.573463439941406,12.595760345458984,12.460716247558594,12.578681945800781,12.623677253723145,12.521401405334473,12.581665992736816,12.52025318145752,12.508871078491211,12.453775405883789,12.176279067993164,12.579237937927246,12.574752807617188,12.372726440429688,11.977644920349121
7.08,12.51593,0.0,12.488693237304688,12.438165664672852,12.535028457641602,12.546820640563965,12.475043296813965,12.57585620880127,12.600848197937012,12.532233238220215,12.540419578552246,12.508905410766602,12.580815315246582,12.547311782836914,12.491816520690918,12.596078872680664,12.541958808898926,12.573463439941406,12.595760345458984,12.460716247558594,12.578681945800781,12.623677253723145,12.521401405334473,12.581665992736816,12.52025318145752,12.508871078491211,12.453775405883789,12.176279067993164,12.579237937927246,12.574752807617188,12.372726440429688,11.977644920349121
7.09,12.51134,0.0,12.467698097229004,12.417091369628906,12.511120796203613,12.520008087158203,12.451845169067383,12.551539421081543,12.575910568237305,12.508471488952637,12.519478797912598,12.483139038085938,12.555804252624512,12.520544052124023,12.470943450927734,12.571640968322754,12.523027420043945,12.547538757324219,12.57359504699707,12.441136360168457,12.553770065307617,12.60041618347168,12.49913215637207,12.557280540466309,12.495890617370605,12.484048843383789,12.432073593139648,12.148777961730957,12.5551118850708,12.550398826599121,12.355381965637207,11.959721565246582
7.1,12.50764,0.0,12.467698097229004,12.417091369628906,12.511120796203613,12.520008087158203,12.451845169067383,12.551539421081543,12.575910568237305,12.508471488952637,12.519478797912598,12.483139038085938,12.555804252624512,12.520544052124023,12.470943450927734,12.571640968322754,12.523027420043945,12.547538757324219,12.57359504699707,12.441136360168457,12.553770065307617,12.60041618347168,12.49913215637207,12.557280540466309,12.495890617370605,12.484048843383789,12.432073593139648,12.148777961730957,12.5551118850708,12.550398826599121,12.355381965637207,11.959721565246582
7.11,12.50207,0.0,12.467698097229004,12.417091369628906,12.511120796203613,12.520008087158203,12.451845169067383,12.551539421081543,12.575910568237305,12.508471488952637,12.519478797912598,12.483139038085938,12.555804252624512,12.520544052124023,12.470943450927734,12.571640968322754,12.523027420043945,12.547538757324219,12.57359504699707,12.441136360168457,12.553770065307617,12.60041618347168,12.49913215637207,12.557280540466309,12.495890617370605,12.484048843383789,12.432073593139648,12.148777961730957,12.5551118850708,12.550398826599121,12.355381965637207,11.959721565246582
7.12,12.49738,0.0,12.467698097229004,12.417091369628906,12.511120796203613,12.520008087158203,12.451845169067383,12.551539421081543,12.575910568237305,12.508471488952637,12.519478797912598,12.483139038085938,12.555804252624512,12.520544052124023,12.470943450927734,12.571640968322754,12.523027420043945,12.547538757324219,12.57359504699707,12.441136360168457,12.553770065307617,12.60041618347168,12.49913215637207,12.557280540466309,12.495890617370605,12.484048843383789,12.432073593139648,12.148777961730957,12.5551118850708,12.550398826599121,12.355381965637207,11.959721565246582
7.13,12.49266,0.0,12.467698097229004,12.417091369628906,12.511120796203613,12.520008087158203,12.451845169067383,12.551539421081543,12.575910568237305,12.508471488952637,12.519478797912598,12.483139038085938,12.555804252624512,12.520544052124023,12.470943450927734,12.571640968322754,12.523027420043945,12.547538757324219,12.57359504699707,12.441136360168457,12.553770065307617,12.60041618347168,12.49913215637207,12.557280540466309,12.495890617370605,12.484048843383789,12.432073593139648,12.148777961730957,12.5551118850708,12.550398826599121,12.355381965637207,11.959721565246582
7.14,12.48888,0.0,12.447980880737305,12.39526653289795,12.48516845703125,12.492913246154785,12.429386138916016,12.525161743164062,12.55075740814209,12.483516693115234,12.49869441986084,12.456184387207031,12.528254508972168,12.493980407714844,12.449996948242188,12.545758247375488,12.50385856628418,12.52039909362793,12.549960136413574,12.41921329498291,12.527127265930176,12.575553894042969,12.474661827087402,12.5297269821167,12.468033790588379,12.457100868225098,12.40997314453125,12.12276840209961,12.529242515563965,12.522279739379883,12.336193084716797,11.942246437072754
7.15,12.4832,0.0,12.447980880737305,12.39526653289795,12.48516845703125,12.492913246154785,12.429386138916016,12.525161743164062,12.55075740814209,12.483516693115234,12.49869441986084,12.456184387207031,12.528254508972168,12.493980407714844,12.449996948242188,12.545758247375488,12.50385856628418,12.52039909362793,12.549960136413574,12.41921329498291,12.527127265930176,12.575553894042969,12.474661827087402,12.5297269821167,12.468033790588379,12.457100868225098,12.40997314453125,12.12276840209961,12.529242515563965,12.522279739379883,12.336193084716797,11.942246437072754
7.16,12.47846,0.0,12.447980880737305,12.39526653289795,12.48516845703125,12.492913246154785,12.429386138916016,12.525161743164062,12.55075740814209,12.483516693115234,12.49869441986084,12.456184387207031,12.528254508972168,12.493980407714844,12.449996948242188,12.545758247375488,12.50385856628418,12.52039909362793,12.549960136413574,12.41921329498291,12.527127265930176,12.575553894042969,12.474661827087402,12.5297269821167,12.468033790588379,12.457100868225098,12.40997314453125,12.12276840209961,12.529242515563965,12.522279739379883,12.336193084716797,11.942246437072754
7.17,12.47373,0.0,12.447980880737305,12.39526653289795,12.48516845703125,12.492913246154785,12.429386138916016,12.525161743164062,12.55075740814209,12.483516693115234,12.49869441986084,12.456184387207031,12.528254508972168,12.493980407714844,12.449996948242188,12.545758247375488,12.50385856628418,12.52039909362793,12.549960136413574,12.41921329498291,12.527127265930176,12.575553894042969,12.474661827087402,12.5297269821167,12.468033790588379,12.457100868225098,12.40997314453125,12.12276840209961,12.529242515563965,12.522279739379883,12.336193084716797,11.942246437072754
7.18,12.46902,0.0,12.447980880737305,12.39526653289795,12.48516845703125,12.492913246154785,12.429386138916016,12.525161743164062,12.55075740814209,12.483516693115234,12.49869441986084,12.456184387207031,12.528254508972168,12.493980407714844,12.449996948242188,12.545758247375488,12.50385856628418,12.52039909362793,12.549960136413574,12.41921329498291,12.527127265930176,12.575553894042969,12.474661827087402,12.5297269821167,12.468033790588379,12.457100868225098,12.40997314453125,12.12276840209961,12.529242515563965,12.522279739379883,12.336193084716797,11.942246437072754
7.19,12.46434,0.0,12.429391860961914,12.375431060791016,12.46285343170166,12.46864128112793,12.408468246459961,12.500850677490234,12.529290199279785,12.46237850189209,12.480609893798828,12.435352325439453,12.506549835205078,12.473587989807129,12.432071685791016,12.523707389831543,12.485644340515137,12.49742317199707,12.528139114379883,12.39738941192627,12.501721382141113,12.551758766174316,12.452736854553223,12.504410743713379,12.445316314697266,12.434985160827637,12.389678001403809,12.09988021850586,12.505966186523438,12.49840259552002,12.31558895111084,11.924222946166992
7.2,12.4597,0.0,12.429391860961914,12.375431060791016,12.46285343170166,12.46864128112793,12.408468246459961,12.500850677490234,12.529290199279785,12.46237850189209,12.480609893798828,12.435352325439453,12.506549835205078,12.473587989807129,12.432071685791016,12.523707389831543,12.485644340515137,12.49742317199707,12.528139114379883,12.39738941192627,12.501721382141113,12.551758766174316,12.452736854553223,12.504410743713379,12.445316314697266,12.434985160827637,12.389678001403809,12.09988021850586,12.505966186523438,12.49840259552002,12.31558895111084,11.924222946166992
7.21,12.45511,0.0,12.429391860961914,12.375431060791016,12.46285343170166,12.46864128112793,12.408468246459961,12.500850677490234,12.529290199279785,12.46237850189209,12.480609893798828,12.435352325439453,12.506549835205078,12.473587989807129,12.432071685791016,12.523707389831543,12.485644340515137,12.49742317199707,12.528139114379883,12.39738941192627,12.501721382141113,12.551758766174316,12.452736854553223,12.504410743713379,12.445316314697266,12.434985160827637,12.389678001403809,12.09988021850586,12.505966186523438,12.49840259552002,12.31558895111084,11.924222946166992
7.22,12.45059,0.0,12.429391860961914,12.375431060791016,12.46285343170166,12.46864128112793,12.408468246459961,12.500850677490234,12.529290199279785,12.46237850189209,12.480609893798828,12.435352325439453,12.506549835205078,12.473587989807129,12.432071685791016,12.523707389831543,12.485644340515137,12.49742317199707,12.528139114379883,12.39738941192627,12.501721382141113,12.551758766174316,12.452736854553223,12.504410743713379,12.445316314697266,12.434985160827637,12.389678001403809,12.09988021850586,12.505966186523438,12.49840259552002,12.31558895111084,11.924222946166992
7.23,12.44614,0.0,12.429391860961914,12.375431060791016,12.46285343170166,12.46864128112793,12.408468246459961,12.500850677490234,12.529290199279785,12.46237850189209,12.480609893798828,12.435352325439453,12.506549835205078,12.473587989807129,12.432071685791016,12.523707389831543,12.485644340515137,12.49742317199707,12.528139114379883,12.39738941192627,12.501721382141113,12.551758766174316,12.452736854553223,12.504410743713379,12.445316314697266,12.434985160827637,12.389678001403809,12.09988021850586,12.505966186523438,12.49840259552002,12.31558895111084,11.924222946166992
7.24,12.44178,0.0,12.404139518737793,12.35451602935791,12.441293716430664,12.445331573486328,12.385089874267578,12.480209350585938,12.509611129760742,12.44118881225586,12.45807933807373,12.41670036315918,12.48930835723877,12.454313278198242,12.408263206481934,12.502850532531738,12.467206954956055,12.47726821899414,12.508159637451172,12.375733375549316,12.4783353805542,12.530699729919434,12.432653427124023,12.483319282531738,12.427277565002441,12.415228843688965,12.369133949279785,12.076093673706055,12.48604679107666,12.478475570678711,12.29110050201416,11.905254364013672
7.25,12.43751,0.0,12.404139518737793,12.35451602935791,12.441293716430664,12.445331573486328,12.385089874267578,12.480209350585938,12.509611129760742,12.44118881225586,12.45807933807373,12.41670036315918,12.48930835723877,12.454313278198242,12.408263206481934,12.502850532531738,12.467206954956055,12.47726821899414,12.508159637451172,12.375733375549316,12.4783353805542,12.530699729919434,12.432653427124023,12.483319282531738,12.427277565002441,12.415228843688965,12.369133949279785,12.076093673706055,12.48604679107666,12.478475570678711,12.29110050201416,11.905254364013672
7.26,12.43336,0.0,12.404139518737793,12.35451602935791,12.441293716430664,12.445331573486328,12.385089874267578,12.480209350585938,12.509611129760742,12.44118881225586,12.45807933807373,12.41670036315918,12.48930835723877,12.454313278198242,12.408263206481934,12.502850532531738,12.467206954956055,12.47726821899414,12.508159637451172,12.375733375549316,12.4783353805542,12.530699729919434,12.432653427124023,12.483319282531738,12.427277565002441,12.415228843688965,12.369133949279785,12.076093673706055,12.48604679107666,12.478475570678711,12.29110050201416,11.905254364013672
7.27,12.43012,0.0,12.404139518737793,12.35451602935791,12.441293716430664,12.445331573486328,12.385089874267578,12.480209350585938,12.509611129760742,12.44118881225586,12.45807933807373,12.41670036315918,12.48930835723877,12.454313278198242,12.408263206481934,12.502850532531738,12.467206954956055,12.47726821899414,12.508159637451172,12.375733375549316,12.4783353805542,12.530699729919434,12.432653427124023,12.483319282531738,12.427277565002441,12.415228843688965,12.369133949279785,12.076093673706055,12.48604679107666,12.478475570678711,12.29110050201416,11.905254364013672
7.28,12.42544,0.0,12.404139518737793,12.35451602935791,12.441293716430664,12.445331573486328,12.385089874267578,12.480209350585938,12.509611129760742,12.44118881225586,12.45807933807373,12.41670036315918,12.48930835723877,12.454313278198242,12.408263206481934,12.502850532531738,12.467206954956055,12.47726821899414,12.508159637451172,12.375733375549316,12.4783353805542,12.530699729919434,12.432653427124023,12.483319282531738,12.427277565002441,12.415228843688965,12.369133949279785,12.076093673706055,12.48604679107666,12.478475570678711,12.29110050201416,11.905254364013672
7.29,12.4217,0.0,12.38297176361084,12.334870338439941,12.42143440246582,12.4255952835083,12.36523723602295,12.460921287536621,12.492786407470703,12.421414375305176,12.437666893005371,12.399862289428711,12.473541259765625,12.436375617980957,12.386638641357422,12.482333183288574,12.448310852050781,12.458344459533691,12.488789558410645,12.353902816772461,12.456560134887695,12.510284423828125,12.411609649658203,12.462723731994629,12.408263206481934,12.39494514465332,12.349262237548828,12.052149772644043,12.46696662902832,12.45771598815918,12.268815994262695,11.886085510253906
7.3,12.41812,0.0,12.38297176361084,12.334870338439941,12.42143440246582,12.4255952835083,12.36523723602295,12.460921287536621,12.492786407470703,12.421414375305176,12.437666893005371,12.399862289428711,12.473541259765625,12.436375617980957,12.386638641357422,12.482333183288574,12.448310852050781,12.458344459533691,12.488789558410645,12.353902816772461,12.456560134887695,12.510284423828125,12.411609649658203,12.462723731994629,12.408263206481934,12.39494514465332,12.349262237548828,12.052149772644043,12.46696662902832,12.45771598815918,12.268815994262695,11.886085510253906
7.31,12.41537,0.0,12.38297176361084,12.334870338439941,12.42143440246582,12.4255952835083,12.36523723602295,12.460921287536621,12.492786407470703,12.421414375305176,12.437666893005371,12.399862289428711,12.473541259765625,12.436375617980957,12.386638641357422,12.482333183288574,12.448310852050781,12.458344459533691,12.488789558410645,12.353902816772461,12.456560134887695,12.510284423828125,12.411609649658203,12.462723731994629,12.408263206481934,12.39494514465332,12.349262237548828,12.052149772644043,12.46696662902832,12.45771598815918,12.268815994262695,11.886085510253906
7.32,12.41149,0.0,12.38297176361084,12.334870338439941,12.42143440246582,12.4255952835083,12.36523723602295,12.460921287536621,12.492786407470703,12.421414375305176,12.437666893005371,12.399862289428711,12.473541259765625,12.436375617980957,12.386638641357422,12.482333183288574,12.448310852050781,12.458344459533691,12.488789558410645,12.353902816772461,12.456560134887695,12.510284423828125,12.411609649658203,12.462723731994629,12.408263206481934,12.39494514465332,12.349262237548828,12.052149772644043,12.46696662902832,12.45771598815918,12.268815994262695,11.886085510253906
7.33,12.40846,0.0,12.38297176361084,12.334870338439941,12.42143440246582,12.4255952835083,12.36523723602295,12.460921287536621,12.492786407470703,12.421414375305176,12.437666893005371,12.399862289428711,12.473541259765625,12.436375617980957,12.386638641357422,12.482333183288574,12.448310852050781,12.458344459533691,12.488789558410645,12.353902816772461,12.456560134887695,12.510284423828125,12.411609649658203,12.462723731994629,12.408263206481934,12.39494514465332,12.349262237548828,12.052149772644043,12.46696662902832,12.45771598815918,12.268815994262695,11.886085510253906
7.34,12.40565,0.0,12.370641708374023,12.32699203491211,12.411820411682129,12.410264015197754,12.352540969848633,12.453367233276367,12.486674308776855,12.41358470916748,12.425339698791504,12.390127182006836,12.466577529907227,12.425094604492188,12.371214866638184,12.470382690429688,12.4327974319458,12.44786548614502,12.472925186157227,12.335810661315918,12.441354751586914,12.49407958984375,12.398626327514648,12.448233604431152,12.399465560913086,12.38127326965332,12.332509994506836,12.032829284667969,12.455201148986816,12.446006774902344,12.251166343688965,11.867874145507812
7.35,12.40355,0.0,12.370641708374023,12.32699203491211,12.411820411682129,12.410264015197754,12.352540969848633,12.453367233276367,12.486674308776855,12.41358470916748,12.425339698791504,12.390127182006836,12.466577529907227,12.425094604492188,12.371214866638184,12.470382690429688,12.4327974319458,12.44786548614502,12.472925186157227,12.335810661315918,12.441354751586914,12.49407958984375,12.398626327514648,12.448233604431152,12.399465560913086,12.38127326965332,12.332509994506836,12.032829284667969,12.455201148986816,12.446006774902344,12.251166343688965,11.867874145507812
7.36,12.4007,0.0,12.370641708374023,12.32699203491211,12.411820411682129,12.410264015197754,12.352540969848633,12.453367233276367,12.486674308776855,12.41358470916748,12.425339698791504,12.390127182006836,12.466577529907227,12.425094604492188,12.371214866638184,12.470382690429688,12.4327974319458,12.44786548614502,12.472925186157227,12.335810661315918,12.441354751586914,12.49407958984375,12.398626327514648,12.448233604431152,12.399465560913086,12.38127326965332,12.332509994506836,12.032829284667969,12.455201148986816,12.446006774902344,12.251166343688965,11.867874145507812
7.37,12.39858,0.0,12.370641708374023,12.32699203491211,12.411820411682129,12.410264015197754,12.352540969848633,12.453367233276367,12.486674308776855,12.41358470916748,12.425339698791504,12.390127182006836,12.466577529907227,12.425094604492188,12.371214866638184,12.470382690429688,12.4327974319458,12.44786548614502,12.472925186157227,12.335810661315918,12.441354751586914,12.49407958984375,12.398626327514648,12.448233604431152,12.399465560913086,12.38127326965332,12.332509994506836,12.032829284667969,12.455201148986816,12.446006774902344,12.251166343688965,11.867874145507812
7.38,12.39673,0.0,12.370641708374023,12.32699203491211,12.411820411682129,12.410264015197754,12.352540969848633,12.453367233276367,12.486674308776855,12.41358470916748,12.425339698791504,12.390127182006836,12.466577529907227,12.425094604492188,12.371214866638184,12.470382690429688,12.4327974319458,12.44786548614502,12.472925186157227,12.335810661315918,12.441354751586914,12.49407958984375,12.398626327514648,12.448233604431152,12.399465560913086,12.38127326965332,12.332509994506836,12.032829284667969,12.455201148986816,12.446006774902344,12.251166343688965,11.867874145507812
7.39,12.39543,0.0,12.356385231018066,12.317437171936035,12.401604652404785,12.399435997009277,12.338706970214844,12.443696022033691,12.482356071472168,12.405489921569824,12.41170883178711,12.383913040161133,12.46298599243164,12.420401573181152,12.353203773498535,12.4617919921875,12.415278434753418,12.441139221191406,12.462059020996094,12.320657730102539,12.433039665222168,12.484482765197754,12.386043548583984,12.440800666809082,12.395637512207031,12.375960350036621,12.319650650024414,12.014385223388672,12.450213432312012,12.439685821533203,12.233922958374023,11.850170135498047
7.4,12.39383,0.0,12.356385231018066,12.317437171936035,12.401604652404785,12.399435997009277,12.338706970214844,12.443696022033691,12.482356071472168,12.405489921569824,12.41170883178711,12.383913040161133,12.46298599243164,12.420401573181152,12.353203773498535,12.4617919921875,12.415278434753418,12.441139221191406,12.462059020996094,12.320657730102539,12.433039665222168,12.484482765197754,12.386043548583984,12.440800666809082,12.395637512207031,12.375960350036621,12.319650650024414,12.014385223388672,12.450213432312012,12.439685821533203,12.233922958374023,11.850170135498047
7.41,12.39281,0.0,12.356385231018066,12.317437171936035,12.401604652404785,12.399435997009277,12.338706970214844,12.443696022033691,12.482356071472168,12.405489921569824,12.41170883178711,12.383913040161133,12.46298599243164,12.420401573181152,12.353203773498535,12.4617919921875,12.415278434753418,12.441139221191406,12.462059020996094,12.320657730102539,12.433039665222168,12.484482765197754,12.386043548583984,12.440800666809082,12.395637512207031,12.375960350036621,12.319650650024414,12.014385223388672,12.450213432312012,12.439685821533203,12.233922958374023,11.850170135498047
7.42,12.39209,0.0,12.356385231018066,12.317437171936035,12.401604652404785,12.399435997009277,12.338706970214844,12.443696022033691,12.482356071472168,12.405489921569824,12.41170883178711,12.383913040161133,12.46298599243164,12.420401573181152,12.353203773498535,12.4617919921875,12.415278434753418,12.441139221191406,12.462059020996094,12.320657730102539,12.433039665222168,12.484482765197754,12.386043548583984,12.440800666809082,12.395637512207031,12.375960350036621,12.319650650024414,12.014385223388672,12.450213432312012,12.439685821533203,12.233922958374023,11.850170135498047
7.43,12.39169,0.0,12.356385231018066,12.317437171936035,12.401604652404785,12.399435997009277,12.338706970214844,12.443696022033691,12.482356071472168,12.405489921569824,12.41170883178711,12.383913040161133,12.46298599243164,12.420401573181152,12.353203773498535,12.4617919921875,12.415278434753418,12.441139221191406,12.462059020996094,12.320657730102539,12.433039665222168,12.484482765197754,12.386043548583984,12.440800666809082,12.395637512207031,12.375960350036621,12.319650650024414,12.014385223388672,12.450213432312012,12.439685821533203,12.233922958374023,11.850170135498047
7.44,12.39161,0.0,12.34253215789795,12.30607795715332,12.392658233642578,12.396679878234863,12.323725700378418,12.4389009475708,12.481539726257324,12.397381782531738,12.399314880371094,12.380579948425293,12.462103843688965,12.417131423950195,12.336923599243164,12.454751014709473,12.399850845336914,12.437801361083984,12.45359992980957,12.308866500854492,12.42758560180664,12.478914260864258,12.376317024230957,12.436546325683594,12.38913631439209,12.371952056884766,12.309462547302246,11.99627685546875,12.447066307067871,12.433935165405273,12.216135025024414,11.833170890808105
7.45,12.39185,0.0,12.34253215789795,12.30607795715332,12.392658233642578,12.396679878234863,12.323725700378418,12.4389009475708,12.481539726257324,12.397381782531738,12.399314880371094,12.380579948425293,12.462103843688965,12.417131423950195,12.336923599243164,12.454751014709473,12.399850845336914,12.437801361083984,12.45359992980957,12.308866500854492,12.42758560180664,12.478914260864258,12.376317024230957,12.436546325683594,12.38913631439209,12.371952056884766,12.309462547302246,11.99627685546875,12.447066307067871,12.433935165405273,12.216135025024414,11.833170890808105
7.46,12.39244,0.0,12.34253215789795,12.30607795715332,12.392658233642578,12.396679878234863,12.323725700378418,12.4389009475708,12.481539726257324,12.397381782531738,12.399314880371094,12.380579948425293,12.462103843688965,12.417131423950195,12.336923599243164,12.454751014709473,12.399850845336914,12.437801361083984,12.45359992980957,12.308866500854492,12.42758560180664,12.478914260864258,12.376317024230957,12.436546325683594,12.38913631439209,12.371952056884766,12.309462547302246,11.99627685546875,12.447066307067871,12.433935165405273,12.216135025024414,11.833170890808105
7.47,12.39338,0.0,12.34253215789795,12.30607795715332,12.392658233642578,12.396679878234863,12.323725700378418,12.4389009475708,12.481539726257324,12.397381782531738,12.399314880371094,12.380579948425293,12.462103843688965,12.417131423950195,12.336923599243164,12.454751014709473,12.399850845336914,12.437801361083984,12.45359992980957,12.308866500854492,12.42758560180664,12.478914260864258,12.376317024230957,12.436546325683594,12.38913631439209,12.371952056884766,12.309462547302246,11.99627685546875,12.447066307067871,12.433935165405273,12.216135025024414,11.833170890808105
7.48,12.39467,0.0,12.34253215789795,12.30607795715332,12.392658233642578,12.396679878234863,12.323725700378418,12.4389009475708,12.481539726257324,12.397381782531738,12.399314880371094,12.380579948425293,12.462103843688965,12.417131423950195,12.336923599243164,12.454751014709473,12.399850845336914,12.437801361083984,12.45359992980957,12.308866500854492,12.42758560180664,12.478914260864258,12.376317024230957,12.436546325683594,12.38913631439209,12.371952056884766,12.309462547302246,11.99627685546875,12.447066307067871,12.433935165405273,12.216135025024414,11.833170890808105
7.49,12.39633,0.0,12.333993911743164,12.301610946655273,12.389121055603027,12.407994270324707,12.321172714233398,12.446808815002441,12.495887756347656,12.405444145202637,12.396227836608887,12.388814926147461,12.47436237335205,12.422592163085938,12.329496383666992,12.457701683044434,12.391219139099121,12.442631721496582,12.454375267028809,12.305983543395996,12.430201530456543,12.481461524963379,12.378400802612305,12.439072608947754,12.386011123657227,12.378899574279785,12.307196617126465,11.987166404724121,12.45307731628418,12.435526847839355,12.204924583435059,11.819343566894531
7.5,12.39835,0.0,12.333993911743164,12.301610946655273,12.389121055603027,12.407994270324707,12.321172714233398,12.446808815002441,12.495887756347656,12.405444145202637,12.396227836608887,12.388814926147461,12.47436237335205,12.422592163085938,12.329496383666992,12.457701683044434,12.391219139099121,12.442631721496582,12.454375267028809,12.305983543395996,12.430201530456543,12.481461524963379,12.378400802612305,12.439072608947754,12.386011123657227,12.378899574279785,12.307196617126465,11.987166404724121,12.45307731628418,12.435526847839355,12.204924583435059,11.819343566894531
7.51,12.40075,0.0,12.333993911743164,12.301610946655273,12.389121055603027,12.407994270324707,12.321172714233398,12.446808815002441,12.495887756347656,12.405444145202637,12.396227836608887,12.388814926147461,12.47436237335205,12.422592163085938,12.329496383666992,12.457701683044434,12.391219139099121,12.442631721496582,12.454375267028809,12.305983543395996,12.430201530456543,12.481461524963379,12.378400802612305,12.439072608947754,12.386011123657227,12.378899574279785,12.307196617126465,11.987166404724121,12.45307731628418,12.435526847839355,12.204924583435059,11.819343566894531
7.52,12.40295,0.0,12.333993911743164,12.301610946655273,12.389121055603027,12.407994270324707,12.321172714233398,12.446808815002441,12.495887756347656,12.405444145202637,12.396227836608887,12.388814926147461,12.47436237335205,12.422592163085938,12.329496383666992,12.457701683044434,12.391219139099121,12.442631721496582,12.454375267028809,12.305983543395996,12.430201530456543,12.481461524963379,12.378400802612305,12.439072608947754,12.386011123657227,12.378899574279785,12.307196617126465,11.987166404724121,12.45307731628418,12.435526847839355,12.204924583435059,11.819343566894531
7.53,12.40669,0.0,12.333993911743164,12.301610946655273,12.389121055603027,12.407994270324707,12.321172714233398,12.446808815002441,12.495887756347656,12.405444145202637,12.396227836608887,12.388814926147461,12.47436237335205,12.422592163085938,12.329496383666992,12.457701683044434,12.391219139099121,12.442631721496582,12.454375267028809,12.305983543395996,12.430201530456543,12.481461524963379,12.378400802612305,12.439072608947754,12.386011123657227,12.378899574279785,12.307196617126465,11.987166404724121,12.45307731628418,12.435526847839355,12.204924583435059,11.819343566894531
7.54,12.41024,0.0,12.330604553222656,12.315984725952148,12.395235061645508,12.431648254394531,12.32749080657959,12.461889266967773,12.52146053314209,12.42354965209961,12.402215957641602,12.401182174682617,12.495221138000488,12.4396333694458,12.333828926086426,12.472827911376953,12.392950057983398,12.46162223815918,12.46273422241211,12.316139221191406,12.444811820983887,12.497652053833008,12.388050079345703,12.450146675109863,12.388659477233887,12.396689414978027,12.318273544311523,11.990418434143066,12.46886920928955,12.451022148132324,12.204545974731445,11.80955982208252
7.55,12.41416,0.0,12.330604553222656,12.315984725952148,12.395235061645508,12.431648254394531,12.32749080657959,12.461889266967773,12.52146053314209,12.42354965209961,12.402215957641602,12.401182174682617,12.495221138000488,12.4396333694458,12.333828926086426,12.472827911376953,12.392950057983398,12.46162223815918,12.46273422241211,12.316139221191406,12.444811820983887,12.497652053833008,12.388050079345703,12.450146675109863,12.388659477233887,12.396689414978027,12.318273544311523,11.990418434143066,12.46886920928955,12.451022148132324,12.204545974731445,11.80955982208252
7.56,12.41758,0.0,12.330604553222656,12.315984725952148,12.395235061645508,12.431648254394531,12.32749080657959,12.461889266967773,12.52146053314209,12.42354965209961,12.402215957641602,12.401182174682617,12.495221138000488,12.4396333694458,12.333828926086426,12.472827911376953,12.392950057983398,12.46162223815918,12.46273422241211,12.316139221191406,12.444811820983887,12.497652053833008,12.388050079345703,12.450146675109863,12.388659477233887,12.396689414978027,12.318273544311523,11.990418434143066,12.46886920928955,12.451022148132324,12.204545974731445,11.80955982208252
7.57,12.42314,0.0,12.330604553222656,12.315984725952148,12.395235061645508,12.431648254394531,12.32749080657959,12.461889266967773,12.52146053314209,12.42354965209961,12.402215957641602,12.401182174682617,12.495221138000488,12.4396333694458,12.333828926086426,12.472827911376953,12.392950057983398,12.46162223815918,12.46273422241211,12.316139221191406,12.444811820983887,12.497652053833008,12.388050079345703,12.450146675109863,12.388659477233887,12.396689414978027,12.318273544311523,11.990418434143066,12.46886920928955,12.451022148132324,12.204545974731445,11.80955982208252
7.58,12.42819,0.0,12.330604553222656,12.315984725952148,12.395235061645508,12.431648254394531,12.32749080657959,12.461889266967773,12.52146053314209,12.42354965209961,12.402215957641602,12.401182174682617,12.495221138000488,12.4396333694458,12.333828926086426,12.472827911376953,12.392950057983398,12.46162223815918,12.46273422241211,12.316139221191406,12.444811820983887,12.497652053833008,12.388050079345703,12.450146675109863,12.388659477233887,12.396689414978027,12.318273544311523,11.990418434143066,12.46886920928955,12.451022148132324,12.204545974731445,11.80955982208252
7.59,12.43359,0.0,12.343023300170898,12.391140937805176,12.433342933654785,12.494036674499512,12.361766815185547,12.521490097045898,12.5949068069458,12.49821662902832,12.441579818725586,12.439106941223145,12.565242767333984,12.484783172607422,12.363774299621582,12.5260648727417,12.424242973327637,12.511287689208984,12.493045806884766,12.348727226257324,12.47712230682373,12.542364120483398,12.423264503479004,12.483017921447754,12.40986442565918,12.440415382385254,12.351362228393555,12.013321876525879,12.50615406036377,12.491191864013672,12.227697372436523,11.808835983276367
7.6,12.43817,0.0,12.343023300170898,12.391140937805176,12.433342933654785,12.494036674499512,12.361766815185547,12.521490097045898,12.5949068069458,12.49821662902832,12.441579818725586,12.439106941223145,12.565242767333984,12.484783172607422,12.363774299621582,12.5260648727417,12.424242973327637,12.511287689208984,12.493045806884766,12.348727226257324,12.47712230682373,12.542364120483398,12.423264503479004,12.483017921447754,12.40986442565918,12.440415382385254,12.351362228393555,12.013321876525879,12.50615406036377,12.491191864013672,12.227697372436523,11.808835983276367
7.61,12.44542,0.0,12.343023300170898,12.391140937805176,12.433342933654785,12.494036674499512,12.361766815185547,12.521490097045898,12.5949068069458,12.49821662902832,12.441579818725586,12.439106941223145,12.565242767333984,12.484783172607422,12.363774299621582,12.5260648727417,12.424242973327637,12.511287689208984,12.493045806884766,12.348727226257324,12.47712230682373,12.542364120483398,12.423264503479004,12.483017921447754,12.40986442565918,12.440415382385254,12.351362228393555,12.013321876525879,12.50615406036377,12.491191864013672,12.227697372436523,11.808835983276367
7.62,12.45182,0.0,12.343023300170898,12.391140937805176,12.433342933654785,12.494036674499512,12.361766815185547,12.521490097045898,12.5949068069458,12.49821662902832,12.441579818725586,12.439106941223145,12.565242767333984,12.484783172607422,12.363774299621582,12.5260648727417,12.424242973327637,12.511287689208984,12.493045806884766,12.348727226257324,12.47712230682373,12.542364120483398,12.423264503479004,12.483017921447754,12.40986442565918,12.440415382385254,12.351362228393555,12.013321876525879,12.50615406036377,12.491191864013672,12.227697372436523,11.808835983276367
7.63,12.45852,0.0,12.343023300170898,12.391140937805176,12.433342933654785,12.494036674499512,12.361766815185547,12.521490097045898,12.5949068069458,12.49821662902832,12.441579818725586,12.439106941223145,12.565242767333984,12.484783172607422,12.363774299621582,12.5260648727417,12.424242973327637,12.511287689208984,12.493045806884766,12.348727226257324,12.47712230682373,12.542364120483398,12.423264503479004,12.483017921447754,12.40986442565918,12.440415382385254,12.351362228393555,12.013321876525879,12.50615406036377,12.491191864013672,12.227697372436523,11.808835983276367
7.64,12.46409,0.0,12.360612869262695,12.463177680969238,12.452652931213379,12.570691108703613,12.386801719665527,12.575456619262695,12.673768997192383,12.565644264221191,12.479788780212402,12.480879783630371,12.633833885192871,12.536295890808105,12.393412590026855,12.58492660522461,12.472957611083984,12.563987731933594,12.543521881103516,12.409821510314941,12.529839515686035,12.612263679504395,12.47495174407959,12.53084945678711,12.43932056427002,12.509383201599121,12.406517028808594,12.066961288452148,12.565282821655273,12.54480266571045,12.267215728759766,11.8218355178833
7.65,12.47272,0.0,12.360612869262695,12.463177680969238,12.452652931213379,12.570691108703613,12.386801719665527,12.575456619262695,12.673768997192383,12.565644264221191,12.479788780212402,12.480879783630371,12.633833885192871,12.536295890808105,12.393412590026855,12.58492660522461,12.472957611083984,12.563987731933594,12.543521881103516,12.409821510314941,12.529839515686035,12.612263679504395,12.47495174407959,12.53084945678711,12.43932056427002,12.509383201599121,12.406517028808594,12.066961288452148,12.565282821655273,12.54480266571045,12.267215728759766,11.8218355178833
7.66,12.48017,0.0,12.360612869262695,12.463177680969238,12.452652931213379,12.570691108703613,12.386801719665527,12.575456619262695,12.673768997192383,12.565644264221191,12.479788780212402,12.480879783630371,12.633833885192871,12.536295890808105,12.393412590026855,12.58492660522461,12.472957611083984,12.563987731933594,12.543521881103516,12.409821510314941,12.529839515686035,12.612263679504395,12.47495174407959,12.53084945678711,12.43932056427002,12.509383201599121,12.406517028808594,12.066961288452148,12.565282821655273,12.54480266571045,12.267215728759766,11.8218355178833
7.67,12.48782,0.0,12.360612869262695,12.463177680969238,12.452652931213379,12.570691108703613,12.386801719665527,12.575456619262695,12.673768997192383,12.565644264221191,12.479788780212402,12.480879783630371,12.633833885192871,12.536295890808105,12.393412590026855,12.58492660522461,12.472957611083984,12.563987731933594,12.543521881103516,12.409821510314941,12.529839515686035,12.612263679504395,12.47495174407959,12.53084945678711,12.43932056427002,12.509383201599121,12.406517028808594,12.066961288452148,12.565282821655273,12.54480266571045,12.267215728759766,11.8218355178833
7.68,12.49563,0.0,12.360612869262695,12.463177680969238,12.452652931213379,12.570691108703613,12.386801719665527,12.575456619262695,12.673768997192383,12.565644264221191,12.479788780212402,12.480879783630371,12.633833885192871,12.536295890808105,12.393412590026855,12.58492660522461,12.472957611083984,12.563987731933594,12.543521881103516,12.409821510314941,12.529839515686035,12.612263679504395,12.47495174407959,12.53084945678711,12.43932056427002,12.509383201599121,12.406517028808594,12.066961288452148,12.565282821655273,12.54480266571045,12.267215728759766,11.8218355178833
7.69,12.50356,0.0,12.374833106994629,12.513151168823242,12.471297264099121,12.639046669006348,12.409270286560059,12.596562385559082,12.723834037780762,12.591676712036133,12.505020141601562,12.504938125610352,12.6602144241333,12.573979377746582,12.418901443481445,12.628643035888672,12.531705856323242,12.609442710876465,12.585318565368652,12.475618362426758,12.588626861572266,12.679978370666504,12.505188941955566,12.568717002868652,12.471857070922852,12.55728816986084,12.46806812286377,12.14518928527832,12.610920906066895,12.592767715454102,12.310731887817383,11.847758293151855
7.7,12.51159,0.0,12.374833106994629,12.513151168823242,12.471297264099121,12.639046669006348,12.409270286560059,12.596562385559082,12.723834037780762,12.591676712036133,12.505020141601562,12.504938125610352,12.6602144241333,12.573979377746582,12.418901443481445,12.628643035888672,12.531705856323242,12.609442710876465,12.585318565368652,12.475618362426758,12.588626861572266,12.679978370666504,12.505188941955566,12.568717002868652,12.471857070922852,12.55728816986084,12.46806812286377,12.14518928527832,12.610920906066895,12.592767715454102,12.310731887817383,11.847758293151855
7.71,12.51967,0.0,12.374833106994629,12.513151168823242,12.471297264099121,12.639046669006348,12.409270286560059,12.596562385559082,12.723834037780762,12.591676712036133,12.505020141601562,12.504938125610352,12.6602144241333,12.573979377746582,12.418901443481445,12.628643035888672,12.531705856323242,12.609442710876465,12.585318565368652,12.475618362426758,12.588626861572266,12.679978370666504,12.505188941955566,12.568717002868652,12.471857070922852,12.55728816986084,12.46806812286377,12.14518928527832,12.610920906066895,12.592767715454102,12.310731887817383,11.847758293151855
7.72,12.52776,0.0,12.374833106994629,12.513151168823242,12.471297264099121,12.639046669006348,12.409270286560059,12.596562385559082,12.723834037780762,12.591676712036133,12.505020141601562,12.504938125610352,12.6602144241333,12.573979377746582,12.418901443481445,12.628643035888672,12.531705856323242,12.609442710876465,12.585318565368652,12.475618362426758,12.588626861572266,12.679978370666504,12.505188941955566,12.568717002868652,12.471857070922852,12.55728816986084,12.46806812286377,12.14518928527832,12.610920906066895,12.592767715454102,12.310731887817383,11.847758293151855
7.73,12.53582,0.0,12.374833106994629,12.513151168823242,12.471297264099121,12.639046669006348,12.409270286560059,12.596562385559082,12.723834037780762,12.591676712036133,12.505020141601562,12.504938125610352,12.6602144241333,12.573979377746582,12.418901443481445,12.628643035888672,12.531705856323242,12.609442710876465,12.585318565368652,12.475618362426758,12.588626861572266,12.679978370666504,12.505188941955566,12.568717002868652,12.471857070922852,12.55728816986084,12.46806812286377,12.14518928527832,12.610920906066895,12.592767715454102,12.310731887817383,11.847758293151855
7.74,12.54381,0.0,12.406111717224121,12.562816619873047,12.50532054901123,12.6904935836792,12.441886901855469,12.607128143310547,12.752344131469727,12.613518714904785,12.537359237670898,12.531206130981445,12.668726921081543,12.603499412536621,12.44312858581543,12.667960166931152,12.596206665039062,12.644853591918945,12.61888313293457,12.533827781677246,12.64050006866455,12.731237411499023,12.526116371154785,12.600177764892578,12.520997047424316,12.589073181152344,12.522818565368652,12.233331680297852,12.641403198242188,12.630083084106445,12.360928535461426,11.884400367736816
7.75,12.55168,0.0,12.406111717224121,12.562816619873047,12.50532054901123,12.6904935836792,12.441886901855469,12.607128143310547,12.752344131469727,12.613518714904785,12.537359237670898,12.531206130981445,12.668726921081543,12.603499412536621,12.44312858581543,12.667960166931152,12.596206665039062,12.644853591918945,12.61888313293457,12.533827781677246,12.64050006866455,12.731237411499023,12.526116371154785,12.600177764892578,12.520997047424316,12.589073181152344,12.522818565368652,12.233331680297852,12.641403198242188,12.630083084106445,12.360928535461426,11.884400367736816
7.76,12.5594,0.0,12.406111717224121,12.562816619873047,12.50532054901123,12.6904935836792,12.441886901855469,12.607128143310547,12.752344131469727,12.613518714904785,12.537359237670898,12.531206130981445,12.668726921081543,12.603499412536621,12.44312858581543,12.667960166931152,12.596206665039062,12.644853591918945,12.61888313293457,12.533827781677246,12.64050006866455,12.731237411499023,12.526116371154785,12.600177764892578,12.520997047424316,12.589073181152344,12.522818565368652,12.233331680297852,12.641403198242188,12.630083084106445,12.360928535461426,11.884400367736816
7.77,12.56544,0.0,12.406111717224121,12.562816619873047,12.50532054901123,12.6904935836792,12.441886901855469,12.607128143310547,12.752344131469727,12.613518714904785,12.537359237670898,12.531206130981445,12.668726921081543,12.603499412536621,12.44312858581543,12.667960166931152,12.596206665039062,12.644853591918945,12.61888313293457,12.533827781677246,12.64050006866455,12.731237411499023,12.526116371154785,12.600177764892578,12.520997047424316,12.589073181152344,12.522818565368652,12.233331680297852,12.641403198242188,12.630083084106445,12.360928535461426,11.884400367736816
7.78,12.57419,0.0,12.406111717224121,12.562816619873047,12.50532054901123,12.6904935836792,12.441886901855469,12.607128143310547,12.752344131469727,12.613518714904785,12.537359237670898,12.531206130981445,12.668726921081543,12.603499412536621,12.44312858581543,12.667960166931152,12.596206665039062,12.644853591918945,12.61888313293457,12.533827781677246,12.64050006866455,12.731237411499023,12.526116371154785,12.600177764892578,12.520997047424316,12.589073181152344,12.522818565368652,12.233331680297852,12.641403198242188,12.630083084106445,12.360928535461426,11.884400367736816
7.79,12.58117,0.0,12.456761360168457,12.583154678344727,12.547101974487305,12.715657234191895,12.47398853302002,12.620590209960938,12.757688522338867,12.62404727935791,12.565505981445312,12.567968368530273,12.669183731079102,12.627212524414062,12.455167770385742,12.694164276123047,12.655649185180664,12.669794082641602,12.652969360351562,12.586602210998535,12.685805320739746,12.761627197265625,12.551688194274902,12.633824348449707,12.580809593200684,12.617879867553711,12.565585136413574,12.319852828979492,12.668803215026855,12.660316467285156,12.412209510803223,11.927313804626465
7.8,12.58783,0.0,12.456761360168457,12.583154678344727,12.547101974487305,12.715657234191895,12.47398853302002,12.620590209960938,12.757688522338867,12.62404727935791,12.565505981445312,12.567968368530273,12.669183731079102,12.627212524414062,12.455167770385742,12.694164276123047,12.655649185180664,12.669794082641602,12.652969360351562,12.586602210998535,12.685805320739746,12.761627197265625,12.551688194274902,12.633824348449707,12.580809593200684,12.617879867553711,12.565585136413574,12.319852828979492,12.668803215026855,12.660316467285156,12.412209510803223,11.927313804626465
7.81,12.5929,0.0,12.456761360168457,12.583154678344727,12.547101974487305,12.715657234191895,12.47398853302002,12.620590209960938,12.757688522338867,12.62404727935791,12.565505981445312,12.567968368530273,12.669183731079102,12.627212524414062,12.455167770385742,12.694164276123047,12.655649185180664,12.669794082641602,12.652969360351562,12.586602210998535,12.685805320739746,12.761627197265625,12.551688194274902,12.633824348449707,12.580809593200684,12.617879867553711,12.565585136413574,12.319852828979492,12.668803215026855,12.660316467285156,12.412209510803223,11.927313804626465
7.82,12.60001,0.0,12.456761360168457,12.583154678344727,12.547101974487305,12.715657234191895,12.47398853302002,12.620590209960938,12.757688522338867,12.62404727935791,12.565505981445312,12.567968368530273,12.669183731079102,12.627212524414062,12.455167770385742,12.694164276123047,12.655649185180664,12.669794082641602,12.652969360351562,12.586602210998535,12.685805320739746,12.761627197265625,12.551688194274902,12.633824348449707,12.580809593200684,12.617879867553711,12.565585136413574,12.319852828979492,12.668803215026855,12.660316467285156,12.412209510803223,11.927313804626465
7.83,12.60545,0.0,12.456761360168457,12.583154678344727,12.547101974487305,12.715657234191895,12.47398853302002,12.620590209960938,12.757688522338867,12.62404727935791,12.565505981445312,12.567968368530273,12.669183731079102,12.627212524414062,12.455167770385742,12.694164276123047,12.655649185180664,12.669794082641602,12.652969360351562,12.586602210998535,12.685805320739746,12.761627197265625,12.551688194274902,12.633824348449707,12.580809593200684,12.617879867553711,12.565585136413574,12.319852828979492,12.668803215026855,12.660316467285156,12.412209510803223,11.927313804626465
7.84,12.61044,0.0,12.521395683288574,12.588772773742676,12.588740348815918,12.714327812194824,12.506970405578613,12.633469581604004,12.746850967407227,12.625889778137207,12.601694107055664,12.596124649047852,12.662325859069824,12.640593528747559,12.472930908203125,12.706015586853027,12.70676040649414,12.685985565185547,12.677535057067871,12.627509117126465,12.717340469360352,12.772104263305664,12.57258129119873,12.662531852722168,12.624724388122559,12.631805419921875,12.594836235046387,12.393749237060547,12.686187744140625,12.680647850036621,12.463943481445312,11.97149658203125
7.85,12.61407,0.0,12.521395683288574,12.588772773742676,12.588740348815918,12.714327812194824,12.506970405578613,12.633469581604004,12.746850967407227,12.625889778137207,12.601694107055664,12.596124649047852,12.662325859069824,12.640593528747559,12.472930908203125,12.706015586853027,12.70676040649414,12.685985565185547,12.677535057067871,12.627509117126465,12.717340469360352,12.772104263305664,12.57258129119873,12.662531852722168,12.624724388122559,12.631805419921875,12.594836235046387,12.393749237060547,12.686187744140625,12.680647850036621,12.463943481445312,11.97149658203125
7.86,12.61889,0.0,12.521395683288574,12.588772773742676,12.588740348815918,12.714327812194824,12.506970405578613,12.633469581604004,12.746850967407227,12.625889778137207,12.601694107055664,12.596124649047852,12.662325859069824,12.640593528747559,12.472930908203125,12.706015586853027,12.70676040649414,12.685985565185547,12.677535057067871,12.627509117126465,12.717340469360352,12.772104263305664,12.57258129119873,12.662531852722168,12.624724388122559,12.631805419921875,12.594836235046387,12.393749237060547,12.686187744140625,12.680647850036621,12.463943481445312,11.97149658203125
7.87,12.62231,0.0,12.521395683288574,12.588772773742676,12.588740348815918,12.714327812194824,12.506970405578613,12.633469581604004,12.746850967407227,12.625889778137207,12.601694107055664,12.596124649047852,12.662325859069824,12.640593528747559,12.472930908203125,12.706015586853027,12.70676040649414,12.685985565185547,12.677535057067871,12.627509117126465,12.717340469360352,12.772104263305664,12.57258129119873,12.662531852722168,12.624724388122559,12.631805419921875,12.594836235046387,12.393749237060547,12.686187744140625,12.680647850036621,12.463943481445312,11.97149658203125
7.88,12.62518,0.0,12.521395683288574,12.588772773742676,12.588740348815918,12.714327812194824,12.506970405578613,12.633469581604004,12.746850967407227,12.625889778137207,12.601694107055664,12.596124649047852,12.662325859069824,12.640593528747559,12.472930908203125,12.706015586853027,12.70676040649414,12.685985565185547,12.677535057067871,12.627509117126465,12.717340469360352,12.772104263305664,12.57258129119873,12.662531852722168,12.624724388122559,12.631805419921875,12.594836235046387,12.393749237060547,12.686187744140625,12.680647850036621,12.463943481445312,11.97149658203125
7.89,12.62706,0.0,12.580384254455566,12.56094741821289,12.609366416931152,12.66655445098877,12.530325889587402,12.62036418914795,12.701078414916992,12.59556770324707,12.626483917236328,12.597885131835938,12.624547004699707,12.627845764160156,12.479957580566406,12.689231872558594,12.735102653503418,12.67756175994873,12.680255889892578,12.644232749938965,12.726188659667969,12.753472328186035,12.577410697937012,12.673310279846191,12.647992134094238,12.617292404174805,12.597511291503906,12.43830680847168,12.682639122009277,12.68221378326416,12.495503425598145,12.009984970092773
7.9,12.62919,0.0,12.580384254455566,12.56094741821289,12.609366416931152,12.66655445098877,12.530325889587402,12.62036418914795,12.701078414916992,12.59556770324707,12.626483917236328,12.597885131835938,12.624547004699707,12.627845764160156,12.479957580566406,12.689231872558594,12.735102653503418,12.67756175994873,12.680255889892578,12.644232749938965,12.726188659667969,12.753472328186035,12.577410697937012,12.673310279846191,12.647992134094238,12.617292404174805,12.597511291503906,12.43830680847168,12.682639122009277,12.68221378326416,12.495503425598145,12.009984970092773
7.91,12.63033,0.0,12.580384254455566,12.56094741821289,12.609366416931152,12.66655445098877,12.530325889587402,12.62036418914795,12.701078414916992,12.59556770324707,12.626483917236328,12.597885131835938,12.624547004699707,12.627845764160156,12.479957580566406,12.689231872558594,12.735102653503418,12.67756175994873,12.680255889892578,12.644232749938965,12.726188659667969,12.753472328186035,12.577410697937012,12.673310279846191,12.647992134094238,12.617292404174805,12.597511291503906,12.43830680847168,12.682639122009277,12.68221378326416,12.495503425598145,12.009984970092773
7.92,12.63089,0.0,12.580384254455566,12.56094741821289,12.609366416931152,12.66655445098877,12.530325889587402,12.62036418914795,12.701078414916992,12.59556770324707,12.626483917236328,12.597885131835938,12.624547004699707,12.627845764160156,12.479957580566406,12.689231872558594,12.735102653503418,12.67756175994873,12.680255889892578,12.644232749938965,12.726188659667969,12.753472328186035,12.577410697937012,12.673310279846191,12.647992134094238,12.617292404174805,12.597511291503906,12.43830680847168,12.682639122009277,12.68221378326416,12.495503425598145,12.009984970092773
7.93,12.63092,0.0,12.580384254455566,12.56094741821289,12.609366416931152,12.66655445098877,12.530325889587402,12.62036418914795,12.701078414916992,12.59556770324707,12.626483917236328,12.597885131835938,12.624547004699707,12.627845764160156,12.479957580566406,12.689231872558594,12.735102653503418,12.67756175994873,12.680255889892578,12.644232749938965,12.726188659667969,12.753472328186035,12.577410697937012,12.673310279846191,12.647992134094238,12.617292404174805,12.597511291503906,12.43830680847168,12.682639122009277,12.68221378326416,12.495503425598145,12.009984970092773
7.94,12.63029,0.0,12.62690544128418,12.514554977416992,12.62666130065918,12.58314037322998,12.555635452270508,12.593653678894043,12.641861915588379,12.55738353729248,12.642004013061523,12.588329315185547,12.577948570251465,12.607704162597656,12.482336044311523,12.655901908874512,12.735875129699707,12.655182838439941,12.664756774902344,12.625054359436035,12.713404655456543,12.708619117736816,12.563432693481445,12.666873931884766,12.663887023925781,12.581591606140137,12.568928718566895,12.43570327758789,12.661322593688965,12.664410591125488,12.50468635559082,12.036324501037598
7.95,12.62915,0.0,12.62690544128418,12.514554977416992,12.62666130065918,12.58314037322998,12.555635452270508,12.593653678894043,12.641861915588379,12.55738353729248,12.642004013061523,12.588329315185547,12.577948570251465,12.607704162597656,12.482336044311523,12.655901908874512,12.735875129699707,12.655182838439941,12.664756774902344,12.625054359436035,12.713404655456543,12.708619117736816,12.563432693481445,12.666873931884766,12.663887023925781,12.581591606140137,12.568928718566895,12.43570327758789,12.661322593688965,12.664410591125488,12.50468635559082,12.036324501037598
7.96,12.62749,0.0,12.62690544128418,12.514554977416992,12.62666130065918,12.58314037322998,12.555635452270508,12.593653678894043,12.641861915588379,12.55738353729248,12.642004013061523,12.588329315185547,12.577948570251465,12.607704162597656,12.482336044311523,12.655901908874512,12.735875129699707,12.655182838439941,12.664756774902344,12.625054359436035,12.713404655456543,12.708619117736816,12.563432693481445,12.666873931884766,12.663887023925781,12.581591606140137,12.568928718566895,12.43570327758789,12.661322593688965,12.664410591125488,12.50468635559082,12.036324501037598
7.97,12.62531,0.0,12.62690544128418,12.514554977416992,12.62666130065918,12.58314037322998,12.555635452270508,12.593653678894043,12.641861915588379,12.55738353729248,12.642004013061523,12.588329315185547,12.577948570251465,12.607704162597656,12.482336044311523,12.655901908874512,12.735875129699707,12.655182838439941,12.664756774902344,12.625054359436035,12.713404655456543,12.708619117736816,12.563432693481445,12.666873931884766,12.663887023925781,12.581591606140137,12.568928718566895,12.43570327758789,12.661322593688965,12.664410591125488,12.50468635559082,12.036324501037598
7.98,12.62265,0.0,12.62690544128418,12.514554977416992,12.62666130065918,12.58314037322998,12.555635452270508,12.593653678894043,12.641861915588379,12.55738353729248,12.642004013061523,12.588329315185547,12.577948570251465,12.607704162597656,12.482336044311523,12.655901908874512,12.735875129699707,12.655182838439941,12.664756774902344,12.625054359436035,12.713404655456543,12.708619117736816,12.563432693481445,12.666873931884766,12.663887023925781,12.581591606140137,12.568928718566895,12.43570327758789,12.661322593688965,12.664410591125488,12.50468635559082,12.036324501037598
7.99,12.61953,0.0,12.670321464538574,12.475071907043457,12.632598876953125,12.50378704071045,12.58149528503418,12.602381706237793,12.60865306854248,12.547398567199707,12.670865058898926,12.590984344482422,12.570099830627441,12.594550132751465,12.5134916305542,12.629011154174805,12.725408554077148,12.636964797973633,12.65694808959961,12.594849586486816,12.683547019958496,12.666028022766113,12.58098030090332,12.662938117980957,12.654582023620605,12.559041023254395,12.528170585632324,12.394834518432617,12.646132469177246,12.641919136047363,12.515286445617676,12.051068305969238
8.0,12.61599,0.0,12.670321464538574,12.475071907043457,12.632598876953125,12.50378704071045,12.58149528503418,12.602381706237793,12.60865306854248,12.547398567199707,12.670865058898926,12.590984344482422,12.570099830627441,12.594550132751465,12.5134916305542,12.629011154174805,12.725408554077148,12.636964797973633,12.65694808959961,12.594849586486816,12.683547019958496,12.666028022766113,12.58098030090332,12.662938117980957,12.654582023620605,12.559041023254395,12.528170585632324,12.394834518432617,12.646132469177246,12.641919136047363,12.515286445617676,12.051068305969238
8.01,12.61205,0.0,12.670321464538574,12.475071907043457,12.632598876953125,12.50378704071045,12.58149528503418,12.602381706237793,12.60865306854248,12.547398567199707,12.670865058898926,12.590984344482422,12.570099830627441,12.594550132751465,12.5134916305542,12.629011154174805,12.725408554077148,12.636964797973633,12.65694808959961,12.594849586486816,12.683547019958496,12.666028022766113,12.58098030090332,12.662938117980957,12.654582023620605,12.559041023254395,12.528170585632324,12.394834518432617,12.646132469177246,12.641919136047363,12.515286445617676,12.051068305969238
8.02,12.60776,0.0,12.670321464538574,12.475071907043457,12.632598876953125,12.50378704071045,12.58149528503418,12.602381706237793,12.60865306854248,12.547398567199707,12.670865058898926,12.590984344482422,12.570099830627441,12.594550132751465,12.5134916305542,12.629011154174805,12.725408554077148,12.636964797973633,12.65694808959961,12.594849586486816,12.683547019958496,12.666028022766113,12.58098030090332,12.662938117980957,12.654582023620605,12.559041023254395,12.528170585632324,12.394834518432617,12.646132469177246,12.641919136047363,12.515286445617676,12.051068305969238
8.03,12.60315,0.0,12.670321464538574,12.475071907043457,12.632598876953125,12.50378704071045,12.58149528503418,12.602381706237793,12.60865306854248,12.547398567199707,12.670865058898926,12.590984344482422,12.570099830627441,12.594550132751465,12.5134916305542,12.629011154174805,12.725408554077148,12.636964797973633,12.65694808959961,12.594849586486816,12.683547019958496,12.666028022766113,12.58098030090332,12.662938117980957,12.654582023620605,12.559041023254395,12.528170585632324,12.394834518432617,12.646132469177246,12.641919136047363,12.515286445617676,12.051068305969238
8.04,12.59926,0.0,12.660457611083984,12.453123092651367,12.61866569519043,12.443645477294922,12.589503288269043,12.613018989562988,12.5989990234375,12.544936180114746,12.663313865661621,12.5802583694458,12.578374862670898,12.58653736114502,12.539504051208496,12.608050346374512,12.709993362426758,12.62520980834961,12.653474807739258,12.560848236083984,12.643400192260742,12.637985229492188,12.594738960266113,12.65359115600586,12.611047744750977,12.541902542114258,12.490738868713379,12.336153030395508,12.631062507629395,12.621210098266602,12.499183654785156,12.056282043457031
8.05,12.59418,0.0,12.660457611083984,12.453123092651367,12.61866569519043,12.443645477294922,12.589503288269043,12.613018989562988,12.5989990234375,12.544936180114746,12.663313865661621,12.5802583694458,12.578374862670898,12.58653736114502,12.539504051208496,12.608050346374512,12.709993362426758,12.62520980834961,12.653474807739258,12.560848236083984,12.643400192260742,12.637985229492188,12.594738960266113,12.65359115600586,12.611047744750977,12.541902542114258,12.490738868713379,12.336153030395508,12.631062507629395,12.621210098266602,12.499183654785156,12.056282043457031
8.06,12.58889,0.0,12.660457611083984,12.453123092651367,12.61866569519043,12.443645477294922,12.589503288269043,12.613018989562988,12.5989990234375,12.544936180114746,12.663313865661621,12.5802583694458,12.578374862670898,12.58653736114502,12.539504051208496,12.608050346374512,12.709993362426758,12.62520980834961,12.653474807739258,12.560848236083984,12.643400192260742,12.637985229492188,12.594738960266113,12.65359115600586,12.611047744750977,12.541902542114258,12.490738868713379,12.336153030395508,12.631062507629395,12.621210098266602,12.499183654785156,12.056282043457031
8.07,12.58234,0.0,12.660457611083984,12.453123092651367,12.61866569519043,12.443645477294922,12.589503288269043,12.613018989562988,12.5989990234375,12.544936180114746,12.663313865661621,12.5802583694458,12.578374862670898,12.58653736114502,12.539504051208496,12.608050346374512,12.709993362426758,12.62520980834961,12.653474807739258,12.560848236083984,12.643400192260742,12.637985229492188,12.594738960266113,12.65359115600586,12.611047744750977,12.541902542114258,12.490738868713379,12.336153030395508,12.631062507629395,12.621210098266602,12.499183654785156,12.056282043457031
8.08,12.57675,0.0,12.660457611083984,12.453123092651367,12.61866569519043,12.443645477294922,12.589503288269043,12.613018989562988,12.5989990234375,12.544936180114746,12.663313865661621,12.5802583694458,12.578374862670898,12.58653736114502,12.539504051208496,12.608050346374512,12.709993362426758,12.62520980834961,12.653474807739258,12.560848236083984,12.643400192260742,12.637985229492188,12.594738960266113,12.65359115600586,12.611047744750977,12.541902542114258,12.490738868713379,12.336153030395508,12.631062507629395,12.621210098266602,12.499183654785156,12.056282043457031
8.09,12.57104,0.0,12.623566627502441,12.447640419006348,12.591866493225098,12.413003921508789,12.597881317138672,12.619604110717773,12.6115140914917,12.548117637634277,12.648468017578125,12.56460952758789,12.598034858703613,12.580155372619629,12.55940055847168,12.597807884216309,12.696057319641113,12.615653038024902,12.642723083496094,12.52940845489502,12.601126670837402,12.626304626464844,12.594402313232422,12.639822959899902,12.56075668334961,12.532029151916504,12.463179588317871,12.27647876739502,12.616096496582031,12.607208251953125,12.46289348602295,12.055368423461914
8.1,12.56535,0.0,12.623566627502441,12.447640419006348,12.591866493225098,12.413003921508789,12.597881317138672,12.619604110717773,12.6115140914917,12.548117637634277,12.648468017578125,12.56460952758789,12.598034858703613,12.580155372619629,12.55940055847168,12.597807884216309,12.696057319641113,12.615653038024902,12.642723083496094,12.52940845489502,12.601126670837402,12.626304626464844,12.594402313232422,12.639822959899902,12.56075668334961,12.532029151916504,12.463179588317871,12.27647876739502,12.616096496582031,12.607208251953125,12.46289348602295,12.055368423461914
8.11,12.55963,0.0,12.623566627502441,12.447640419006348,12.591866493225098,12.413003921508789,12.597881317138672,12.619604110717773,12.6115140914917,12.548117637634277,12.648468017578125,12.56460952758789,12.598034858703613,12.580155372619629,12.55940055847168,12.597807884216309,12.696057319641113,12.615653038024902,12.642723083496094,12.52940845489502,12.601126670837402,12.626304626464844,12.594402313232422,12.639822959899902,12.56075668334961,12.532029151916504,12.463179588317871,12.27647876739502,12.616096496582031,12.607208251953125,12.46289348602295,12.055368423461914
8.12,12.55506,0.0,12.623566627502441,12.447640419006348,12.591866493225098,12.413003921508789,12.597881317138672,12.619604110717773,12.6115140914917,12.548117637634277,12.648468017578125,12.56460952758789,12.598034858703613,12.580155372619629,12.55940055847168,12.597807884216309,12.696057319641113,12.615653038024902,12.642723083496094,12.52940845489502,12.601126670837402,12.626304626464844,12.594402313232422,12.639822959899902,12.56075668334961,12.532029151916504,12.463179588317871,12.27647876739502,12.616096496582031,12.607208251953125,12.46289348602295,12.055368423461914
8.13,12.54941,0.0,12.623566627502441,12.447640419006348,12.591866493225098,12.413003921508789,12.597881317138672,12.619604110717773,12.6115140914917,12.548117637634277,12.648468017578125,12.56460952758789,12.598034858703613,12.580155372619629,12.55940055847168,12.597807884216309,12.696057319641113,12.615653038024902,12.642723083496094,12.52940845489502,12.601126670837402,12.626304626464844,12.594402313232422,12.639822959899902,12.56075668334961,12.532029151916504,12.463179588317871,12.27647876739502,12.616096496582031,12.607208251953125,12.46289348602295,12.055368423461914
8.14,12.54383,0.0,12.571892738342285,12.440401077270508,12.561193466186523,12.406314849853516,12.593892097473145,12.612510681152344,12.62827205657959,12.542072296142578,12.627869606018066,12.543547630310059,12.606475830078125,12.569506645202637,12.55712890625,12.58914852142334,12.682207107543945,12.60079288482666,12.629348754882812,12.499870300292969,12.564881324768066,12.61997127532959,12.589240074157715,12.619999885559082,12.524521827697754,12.523107528686523,12.442427635192871,12.218143463134766,12.598206520080566,12.59366226196289,12.431989669799805,12.049826622009277
8.15,12.53729,0.0,12.571892738342285,12.440401077270508,12.561193466186523,12.406314849853516,12.593892097473145,12.612510681152344,12.62827205657959,12.542072296142578,12.627869606018066,12.543547630310059,12.606475830078125,12.569506645202637,12.55712890625,12.58914852142334,12.682207107543945,12.60079288482666,12.629348754882812,12.499870300292969,12.564881324768066,12.61997127532959,12.589240074157715,12.619999885559082,12.524521827697754,12.523107528686523,12.442427635192871,12.218143463134766,12.598206520080566,12.59366226196289,12.431989669799805,12.049826622009277
8.16,12.53198,0.0,12.571892738342285,12.440401077270508,12.561193466186523,12.406314849853516,12.593892097473145,12.612510681152344,12.62827205657959,12.542072296142578,12.627869606018066,12.543547630310059,12.606475830078125,12.569506645202637,12.55712890625,12.58914852142334,12.682207107543945,12.60079288482666,12.629348754882812,12.499870300292969,12.564881324768066,12.61997127532959,12.589240074157715,12.619999885559082,12.524521827697754,12.523107528686523,12.442427635192871,12.218143463134766,12.598206520080566,12.59366226196289,12.431989669799805,12.049826622009277
8.17,12.52682,0.0,12.571892738342285,12.440401077270508,12.561193466186523,12.406314849853516,12.593892097473145,12.612510681152344,12.62827205657959,12.542072296142578,12.627869606018066,12.543547630310059,12.606475830078125,12.569506645202637,12.55712890625,12.58914852142334,12.682207107543945,12.60079288482666,12.629348754882812,12.499870300292969,12.564881324768066,12.61997127532959,12.589240074157715,12.619999885559082,12.524521827697754,12.523107528686523,12.442427635192871,12.218143463134766,12.598206520080566,12.59366226196289,12.431989669799805,12.049826622009277
8.18,12.52182,0.0,12.571892738342285,12.440401077270508,12.561193466186523,12.406314849853516,12.593892097473145,12.612510681152344,12.62827205657959,12.542072296142578,12.627869606018066,12.543547630310059,12.606475830078125,12.569506645202637,12.55712890625,12.58914852142334,12.682207107543945,12.60079288482666,12.629348754882812,12.499870300292969,12.564881324768066,12.61997127532959,12.589240074157715,12.619999885559082,12.524521827697754,12.523107528686523,12.442427635192871,12.218143463134766,12.598206520080566,12.59366226196289,12.431989669799805,12.049826622009277
8.19,12.517,0.0,12.517932891845703,12.42310905456543,12.532936096191406,12.41637897491455,12.563315391540527,12.592155456542969,12.638659477233887,12.523469924926758,12.586082458496094,12.519116401672363,12.594795227050781,12.551228523254395,12.541036605834961,12.575066566467285,12.668359756469727,12.577447891235352,12.614152908325195,12.470181465148926,12.534601211547852,12.60840892791748,12.572608947753906,12.592244148254395,12.498261451721191,12.507035255432129,12.424783706665039,12.164441108703613,12.57335376739502,12.570805549621582,12.41204833984375,12.042034149169922
8.2,12.51236,0.0,12.517932891845703,12.42310905456543,12.532936096191406,12.41637897491455,12.563315391540527,12.592155456542969,12.638659477233887,12.523469924926758,12.586082458496094,12.519116401672363,12.594795227050781,12.551228523254395,12.541036605834961,12.575066566467285,12.668359756469727,12.577447891235352,12.614152908325195,12.470181465148926,12.534601211547852,12.60840892791748,12.572608947753906,12.592244148254395,12.498261451721191,12.507035255432129,12.424783706665039,12.164441108703613,12.57335376739502,12.570805549621582,12.41204833984375,12.042034149169922
8.21,12.50791,0.0,12.517932891845703,12.42310905456543,12.532936096191406,12.41637897491455,12.563315391540527,12.592155456542969,12.638659477233887,12.523469924926758,12.586082458496094,12.519116401672363,12.594795227050781,12.551228523254395,12.541036605834961,12.575066566467285,12.668359756469727,12.577447891235352,12.614152908325195,12.470181465148926,12.534601211547852,12.60840892791748,12.572608947753906,12.592244148254395,12.498261451721191,12.507035255432129,12.424783706665039,12.164441108703613,12.57335376739502,12.570805549621582,12.41204833984375,12.042034149169922
8.22,12.50363,0.0,12.517932891845703,12.42310905456543,12.532936096191406,12.41637897491455,12.563315391540527,12.592155456542969,12.638659477233887,12.523469924926758,12.586082458496094,12.519116401672363,12.594795227050781,12.551228523254395,12.541036605834961,12.575066566467285,12.668359756469727,12.577447891235352,12.614152908325195,12.470181465148926,12.534601211547852,12.60840892791748,12.572608947753906,12.592244148254395,12.498261451721191,12.507035255432129,12.424783706665039,12.164441108703613,12.57335376739502,12.570805549621582,12.41204833984375,12.042034149169922
8.23,12.49954,0.0,12.517932891845703,12.42310905456543,12.532936096191406,12.41637897491455,12.563315391540527,12.592155456542969,12.638659477233887,12.523469924926758,12.586082458496094,12.519116401672363,12.594795227050781,12.551228523254395,12.541036605834961,12.575066566467285,12.668359756469727,12.577447891235352,12.614152908325195,12.470181465148926,12.534601211547852,12.60840892791748,12.572608947753906,12.592244148254395,12.498261451721191,12.507035255432129,12.424783706665039,12.164441108703613,12.57335376739502,12.570805549621582,12.41204833984375,12.042034149169922
8.24,12.49563,0.0,12.459753036499023,12.404544830322266,12.514313697814941,12.434453010559082,12.526283264160156,12.571880340576172,12.64230728149414,12.504044532775879,12.537808418273926,12.498893737792969,12.572468757629395,12.531383514404297,12.517826080322266,12.560186386108398,12.658271789550781,12.554049491882324,12.592620849609375,12.443140983581543,12.511693954467773,12.590018272399902,12.545002937316895,12.562790870666504,12.48422908782959,12.489288330078125,12.409605026245117,12.11959171295166,12.548349380493164,12.547141075134277,12.382482528686523,12.033523559570312
8.25,12.49187,0.0,12.459753036499023,12.404544830322266,12.514313697814941,12.434453010559082,12.526283264160156,12.571880340576172,12.64230728149414,12.504044532775879,12.537808418273926,12.498893737792969,12.572468757629395,12.531383514404297,12.517826080322266,12.560186386108398,12.658271789550781,12.554049491882324,12.592620849609375,12.443140983581543,12.511693954467773,12.590018272399902,12.545002937316895,12.562790870666504,12.48422908782959,12.489288330078125,12.409605026245117,12.11959171295166,12.548349380493164,12.547141075134277,12.382482528686523,12.033523559570312
8.26,12.48827,0.0,12.459753036499023,12.404544830322266,12.514313697814941,12.434453010559082,12.526283264160156,12.571880340576172,12.64230728149414,12.504044532775879,12.537808418273926,12.498893737792969,12.572468757629395,12.531383514404297,12.517826080322266,12.560186386108398,12.658271789550781,12.554049491882324,12.592620849609375,12.443140983581543,12.511693954467773,12.590018272399902,12.545002937316895,12.562790870666504,12.48422908782959,12.489288330078125,12.409605026245117,12.11959171295166,12.548349380493164,12.547141075134277,12.382482528686523,12.033523559570312
8.27,12.48479,0.0,12.459753036499023,12.404544830322266,12.514313697814941,12.434453010559082,12.526283264160156,12.571880340576172,12.64230728149414,12.504044532775879,12.537808418273926,12.498893737792969,12.572468757629395,12.531383514404297,12.517826080322266,12.560186386108398,12.658271789550781,12.554049491882324,12.592620849609375,12.443140983581543,12.511693954467773,12.590018272399902,12.545002937316895,12.562790870666504,12.48422908782959,12.489288330078125,12.409605026245117,12.11959171295166,12.548349380493164,12.547141075134277,12.382482528686523,12.033523559570312
8.28,12.48144,0.0,12.459753036499023,12.404544830322266,12.514313697814941,12.434453010559082,12.526283264160156,12.571880340576172,12.64230728149414,12.504044532775879,12.537808418273926,12.498893737792969,12.572468757629395,12.531383514404297,12.517826080322266,12.560186386108398,12.658271789550781,12.554049491882324,12.592620849609375,12.443140983581543,12.511693954467773,12.590018272399902,12.545002937316895,12.562790870666504,12.48422908782959,12.489288330078125,12.409605026245117,12.11959171295166,12.548349380493164,12.547141075134277,12.382482528686523,12.033523559570312
8.29,12.47881,0.0,12.40753173828125,12.384581565856934,12.495709419250488,12.449195861816406,12.47681713104248,12.54343032836914,12.62963581085205,12.479312896728516,12.485054969787598,12.478073120117188,12.542622566223145,12.509575843811035,12.472346305847168,12.54090690612793,12.648886680603027,12.52940845489502,12.56697940826416,12.418424606323242,12.492856979370117,12.566828727722168,12.502437591552734,12.534527778625488,12.472792625427246,12.47147274017334,12.395299911499023,12.081592559814453,12.52421760559082,12.524768829345703,12.341567993164062,12.024604797363281
8.3,12.47498,0.0,12.40753173828125,12.384581565856934,12.495709419250488,12.449195861816406,12.47681713104248,12.54343032836914,12.62963581085205,12.479312896728516,12.485054969787598,12.478073120117188,12.542622566223145,12.509575843811035,12.472346305847168,12.54090690612793,12.648886680603027,12.52940845489502,12.56697940826416,12.418424606323242,12.492856979370117,12.566828727722168,12.502437591552734,12.534527778625488,12.472792625427246,12.47147274017334,12.395299911499023,12.081592559814453,12.52421760559082,12.524768829345703,12.341567993164062,12.024604797363281
8.31,12.47184,0.0,12.40753173828125,12.384581565856934,12.495709419250488,12.449195861816406,12.47681713104248,12.54343032836914,12.62963581085205,12.479312896728516,12.485054969787598,12.478073120117188,12.542622566223145,12.509575843811035,12.472346305847168,12.54090690612793,12.648886680603027,12.52940845489502,12.56697940826416,12.418424606323242,12.492856979370117,12.566828727722168,12.502437591552734,12.534527778625488,12.472792625427246,12.47147274017334,12.395299911499023,12.081592559814453,12.52421760559082,12.524768829345703,12.341567993164062,12.024604797363281
8.32,12.46872,0.0,12.40753173828125,12.384581565856934,12.495709419250488,12.449195861816406,12.47681713104248,12.54343032836914,12.62963581085205,12.479312896728516,12.485054969787598,12.478073120117188,12.542622566223145,12.509575843811035,12.472346305847168,12.54090690612793,12.648886680603027,12.52940845489502,12.56697940826416,12.418424606323242,12.492856979370117,12.566828727722168,12.502437591552734,12.534527778625488,12.472792625427246,12.47147274017334,12.395299911499023,12.081592559814453,12.52421760559082,12.524768829345703,12.341567993164062,12.024604797363281
8.33,12.4656,0.0,12.40753173828125,12.384581565856934,12.495709419250488,12.449195861816406,12.47681713104248,12.54343032836914,12.62963581085205,12.479312896728516,12.485054969787598,12.478073120117188,12.542622566223145,12.509575843811035,12.472346305847168,12.54090690612793,12.648886680603027,12.52940845489502,12.56697940826416,12.418424606323242,12.492856979370117,12.566828727722168,12.502437591552734,12.534527778625488,12.472792625427246,12.47147274017334,12.395299911499023,12.081592559814453,12.52421760559082,12.524768829345703,12.341567993164062,12.024604797363281
8.34,12.46247,0.0,12.373821258544922,12.362581253051758,12.477811813354492,12.457735061645508,12.430145263671875,12.51910400390625,12.607665061950684,12.452271461486816,12.455904006958008,12.455890655517578,12.51083755493164,12.482033729553223,12.417193412780762,12.517087936401367,12.64392375946045,12.503114700317383,12.53841781616211,12.395609855651855,12.470977783203125,12.537581443786621,12.465306282043457,12.505372047424316,12.452991485595703,12.446712493896484,12.377097129821777,12.051011085510254,12.49635124206543,12.498899459838867,12.315526962280273,12.01771068572998
8.35,12.45928,0.0,12.373821258544922,12.362581253051758,12.477811813354492,12.457735061645508,12.430145263671875,12.51910400390625,12.607665061950684,12.452271461486816,12.455904006958008,12.455890655517578,12.51083755493164,12.482033729553223,12.417193412780762,12.517087936401367,12.64392375946045,12.503114700317383,12.53841781616211,12.395609855651855,12.470977783203125,12.537581443786621,12.465306282043457,12.505372047424316,12.452991485595703,12.446712493896484,12.377097129821777,12.051011085510254,12.49635124206543,12.498899459838867,12.315526962280273,12.01771068572998
8.36,12.45603,0.0,12.373821258544922,12.362581253051758,12.477811813354492,12.457735061645508,12.430145263671875,12.51910400390625,12.607665061950684,12.452271461486816,12.455904006958008,12.455890655517578,12.51083755493164,12.482033729553223,12.417193412780762,12.517087936401367,12.64392375946045,12.503114700317383,12.53841781616211,12.395609855651855,12.470977783203125,12.537581443786621,12.465306282043457,12.505372047424316,12.452991485595703,12.446712493896484,12.377097129821777,12.051011085510254,12.49635124206543,12.498899459838867,12.315526962280273,12.01771068572998
8.37,12.45335,0.0,12.373821258544922,12.362581253051758,12.477811813354492,12.457735061645508,12.430145263671875,12.51910400390625,12.607665061950684,12.452271461486816,12.455904006958008,12.455890655517578,12.51083755493164,12.482033729553223,12.417193412780762,12.517087936401367,12.64392375946045,12.503114700317383,12.53841781616211,12.395609855651855,12.470977783203125,12.537581443786621,12.465306282043457,12.505372047424316,12.452991485595703,12.446712493896484,12.377097129821777,12.051011085510254,12.49635124206543,12.498899459838867,12.315526962280273,12.01771068572998
8.38,12.44923,0.0,12.373821258544922,12.362581253051758,12.477811813354492,12.457735061645508,12.430145263671875,12.51910400390625,12.607665061950684,12.452271461486816,12.455904006958008,12.455890655517578,12.51083755493164,12.482033729553223,12.417193412780762,12.517087936401367,12.64392375946045,12.503114700317383,12.53841781616211,12.395609855651855,12.470977783203125,12.537581443786621,12.465306282043457,12.505372047424316,12.452991485595703,12.446712493896484,12.377097129821777,12.051011085510254,12.49635124206543,12.498899459838867,12.315526962280273,12.01771068572998
8.39,12.44564,0.0,12.362661361694336,12.344746589660645,12.456806182861328,12.454431533813477,12.389398574829102,12.494587898254395,12.578686714172363,12.426379203796387,12.444343566894531,12.428976058959961,12.476766586303711,12.449113845825195,12.388545036315918,12.488334655761719,12.643646240234375,12.473203659057617,12.513106346130371,12.374578475952148,12.444131851196289,12.503621101379395,12.442590713500977,12.472671508789062,12.423952102661133,12.415657043457031,12.355613708496094,12.035863876342773,12.46471118927002,12.468308448791504,12.30566120147705,12.01432991027832
8.4,12.44192,0.0,12.362661361694336,12.344746589660645,12.456806182861328,12.454431533813477,12.389398574829102,12.494587898254395,12.578686714172363,12.426379203796387,12.444343566894531,12.428976058959961,12.476766586303711,12.449113845825195,12.388545036315918,12.488334655761719,12.643646240234375,12.473203659057617,12.513106346130371,12.374578475952148,12.444131851196289,12.503621101379395,12.442590713500977,12.472671508789062,12.423952102661133,12.415657043457031,12.355613708496094,12.035863876342773,12.46471118927002,12.468308448791504,12.30566120147705,12.01432991027832
8.41,12.43804,0.0,12.362661361694336,12.344746589660645,12.456806182861328,12.454431533813477,12.389398574829102,12.494587898254395,12.578686714172363,12.426379203796387,12.444343566894531,12.428976058959961,12.476766586303711,12.449113845825195,12.388545036315918,12.488334655761719,12.643646240234375,12.473203659057617,12.513106346130371,12.374578475952148,12.444131851196289,12.503621101379395,12.442590713500977,12.472671508789062,12.423952102661133,12.415657043457031,12.355613708496094,12.035863876342773,12.46471118927002,12.468308448791504,12.30566120147705,12.01432991027832
8.42,12.43399,0.0,12.362661361694336,12.344746589660645,12.456806182861328,12.454431533813477,12.389398574829102,12.494587898254395,12.578686714172363,12.426379203796387,12.444343566894531,12.428976058959961,12.476766586303711,12.449113845825195,12.388545036315918,12.488334655761719,12.643646240234375,12.473203659057617,12.513106346130371,12.374578475952148,12.444131851196289,12.503621101379395,12.442590713500977,12.472671508789062,12.423952102661133,12.415657043457031,12.355613708496094,12.035863876342773,12.46471118927002,12.468308448791504,12.30566120147705,12.01432991027832
8.43,12.42976,0.0,12.362661361694336,12.344746589660645,12.456806182861328,12.454431533813477,12.389398574829102,12.494587898254395,12.578686714172363,12.426379203796387,12.444343566894531,12.428976058959961,12.476766586303711,12.449113845825195,12.388545036315918,12.488334655761719,12.643646240234375,12.473203659057617,12.513106346130371,12.374578475952148,12.444131851196289,12.503621101379395,12.442590713500977,12.472671508789062,12.423952102661133,12.415657043457031,12.355613708496094,12.035863876342773,12.46471118927002,12.468308448791504,12.30566120147705,12.01432991027832
8.44,12.42536,0.0,12.338132858276367,12.333769798278809,12.433157920837402,12.43972110748291,12.36103630065918,12.468653678894043,12.5474271774292,12.40321159362793,12.425583839416504,12.401254653930664,12.444660186767578,12.420011520385742,12.36584186553955,12.460562705993652,12.64725112915039,12.445014953613281,12.486448287963867,12.355295181274414,12.416733741760254,12.47059440612793,12.418923377990723,12.44034481048584,12.39592170715332,12.387174606323242,12.333884239196777,12.033198356628418,12.43559455871582,12.440292358398438,12.289443016052246,12.016654014587402
8.45,12.42078,0.0,12.338132858276367,12.333769798278809,12.433157920837402,12.43972110748291,12.36103630065918,12.468653678894043,12.5474271774292,12.40321159362793,12.425583839416504,12.401254653930664,12.444660186767578,12.420011520385742,12.36584186553955,12.460562705993652,12.64725112915039,12.445014953613281,12.486448287963867,12.355295181274414,12.416733741760254,12.47059440612793,12.418923377990723,12.44034481048584,12.39592170715332,12.387174606323242,12.333884239196777,12.033198356628418,12.43559455871582,12.440292358398438,12.289443016052246,12.016654014587402
8.46,12.41602,0.0,12.338132858276367,12.333769798278809,12.433157920837402,12.43972110748291,12.36103630065918,12.468653678894043,12.5474271774292,12.40321159362793,12.425583839416504,12.401254653930664,12.444660186767578,12.420011520385742,12.36584186553955,12.460562705993652,12.64725112915039,12.445014953613281,12.486448287963867,12.355295181274414,12.416733741760254,12.47059440612793,12.418923377990723,12.44034481048584,12.39592170715332,12.387174606323242,12.333884239196777,12.033198356628418,12.43559455871582,12.440292358398438,12.289443016052246,12.016654014587402
8.47,12.41108,0.0,12.338132858276367,12.333769798278809,12.433157920837402,12.43972110748291,12.36103630065918,12.468653678894043,12.5474271774292,12.40321159362793,12.425583839416504,12.401254653930664,12.444660186767578,12.420011520385742,12.36584186553955,12.460562705993652,12.64725112915039,12.445014953613281,12.486448287963867,12.355295181274414,12.416733741760254,12.47059440612793,12.418923377990723,12.44034481048584,12.39592170715332,12.387174606323242,12.333884239196777,12.033198356628418,12.43559455871582,12.440292358398438,12.289443016052246,12.016654014587402
8.48,12.40598,0.0,12.338132858276367,12.333769798278809,12.433157920837402,12.43972110748291,12.36103630065918,12.468653678894043,12.5474271774292,12.40321159362793,12.425583839416504,12.401254653930664,12.444660186767578,12.420011520385742,12.36584186553955,12.460562705993652,12.64725112915039,12.445014953613281,12.486448287963867,12.355295181274414,12.416733741760254,12.47059440612793,12.418923377990723,12.44034481048584,12.39592170715332,12.387174606323242,12.333884239196777,12.033198356628418,12.43559455871582,12.440292358398438,12.289443016052246,12.016654014587402
8.49,12.40073,0.0,12.318931579589844,12.32058048248291,12.408878326416016,12.419842720031738,12.338205337524414,12.441533088684082,12.516444206237793,12.379201889038086,12.408638954162598,12.376337051391602,12.41990852355957,12.394872665405273,12.343681335449219,12.433338165283203,12.654153823852539,12.41919231414795,12.4614896774292,12.335681915283203,12.388751029968262,12.441718101501465,12.395813941955566,12.41152286529541,12.369853973388672,12.362500190734863,12.31201171875,12.054588317871094,12.409235000610352,12.415168762207031,12.269622802734375,12.022879600524902
8.5,12.39533,0.0,12.318931579589844,12.32058048248291,12.408878326416016,12.419842720031738,12.338205337524414,12.441533088684082,12.516444206237793,12.379201889038086,12.408638954162598,12.376337051391602,12.41990852355957,12.394872665405273,12.343681335449219,12.433338165283203,12.654153823852539,12.41919231414795,12.4614896774292,12.335681915283203,12.388751029968262,12.441718101501465,12.395813941955566,12.41152286529541,12.369853973388672,12.362500190734863,12.31201171875,12.054588317871094,12.409235000610352,12.415168762207031,12.269622802734375,12.022879600524902
8.51,12.3898,0.0,12.318931579589844,12.32058048248291,12.408878326416016,12.419842720031738,12.338205337524414,12.441533088684082,12.516444206237793,12.379201889038086,12.408638954162598,12.376337051391602,12.41990852355957,12.394872665405273,12.343681335449219,12.433338165283203,12.654153823852539,12.41919231414795,12.4614896774292,12.335681915283203,12.388751029968262,12.441718101501465,12.395813941955566,12.41152286529541,12.369853973388672,12.362500190734863,12.31201171875,12.054588317871094,12.409235000610352,12.415168762207031,12.269622802734375,12.022879600524902
8.52,12.38416,0.0,12.318931579589844,12.32058048248291,12.408878326416016,12.419842720031738,12.338205337524414,12.441533088684082,12.516444206237793,12.379201889038086,12.408638954162598,12.376337051391602,12.41990852355957,12.394872665405273,12.343681335449219,12.433338165283203,12.654153823852539,12.41919231414795,12.4614896774292,12.335681915283203,12.388751029968262,12.441718101501465,12.395813941955566,12.41152286529541,12.369853973388672,12.362500190734863,12.31201171875,12.054588317871094,12.409235000610352,12.415168762207031,12.269622802734375,12.022879600524902
8.53,12.37843,0.0,12.318931579589844,12.32058048248291,12.408878326416016,12.419842720031738,12.338205337524414,12.441533088684082,12.516444206237793,12.379201889038086,12.408638954162598,12.376337051391602,12.41990852355957,12.394872665405273,12.343681335449219,12.433338165283203,12.654153823852539,12.41919231414795,12.4614896774292,12.335681915283203,12.388751029968262,12.441718101501465,12.395813941955566,12.41152286529541,12.369853973388672,12.362500190734863,12.31201171875,12.054588317871094,12.409235000610352,12.415168762207031,12.269622802734375,12.022879600524902
8.54,12.37379,0.0,12.290145874023438,12.301362991333008,12.382601737976074,12.394733428955078,12.309401512145996,12.41486644744873,12.485934257507324,12.351704597473145,12.381101608276367,12.352128982543945,12.396685600280762,12.368824005126953,12.313835144042969,12.404508590698242,12.664915084838867,12.393675804138184,12.436344146728516,12.31456184387207,12.359118461608887,12.413786888122559,12.372225761413574,12.384063720703125,12.34300422668457,12.336577415466309,12.288961410522461,12.089455604553223,12.382575988769531,12.388606071472168,12.24658203125,12.025040626525879
8.55,12.36679,0.0,12.290145874023438,12.301362991333008,12.382601737976074,12.394733428955078,12.309401512145996,12.41486644744873,12.485934257507324,12.351704597473145,12.381101608276367,12.352128982543945,12.396685600280762,12.368824005126953,12.313835144042969,12.404508590698242,12.664915084838867,12.393675804138184,12.436344146728516,12.31456184387207,12.359118461608887,12.413786888122559,12.372225761413574,12.384063720703125,12.34300422668457,12.336577415466309,12.288961410522461,12.089455604553223,12.382575988769531,12.388606071472168,12.24658203125,12.025040626525879
8.56,12.36091,0.0,12.290145874023438,12.301362991333008,12.382601737976074,12.394733428955078,12.309401512145996,12.41486644744873,12.485934257507324,12.351704597473145,12.381101608276367,12.352128982543945,12.396685600280762,12.368824005126953,12.313835144042969,12.404508590698242,12.664915084838867,12.393675804138184,12.436344146728516,12.31456184387207,12.359118461608887,12.413786888122559,12.372225761413574,12.384063720703125,12.34300422668457,12.336577415466309,12.288961410522461,12.089455604553223,12.382575988769531,12.388606071472168,12.24658203125,12.025040626525879
8.57,12.35504,0.0,12.290145874023438,12.301362991333008,12.382601737976074,12.394733428955078,12.309401512145996,12.41486644744873,12.485934257507324,12.351704597473145,12.381101608276367,12.352128982543945,12.396685600280762,12.368824005126953,12.313835144042969,12.404508590698242,12.664915084838867,12.393675804138184,12.436344146728516,12.31456184387207,12.359118461608887,12.413786888122559,12.372225761413574,12.384063720703125,12.34300422668457,12.336577415466309,12.288961410522461,12.089455604553223,12.382575988769531,12.388606071472168,12.24658203125,12.025040626525879
8.58,12.34919,0.0,12.290145874023438,12.301362991333008,12.382601737976074,12.394733428955078,12.309401512145996,12.41486644744873,12.485934257507324,12.351704597473145,12.381101608276367,12.352128982543945,12.396685600280762,12.368824005126953,12.313835144042969,12.404508590698242,12.664915084838867,12.393675804138184,12.436344146728516,12.31456184387207,12.359118461608887,12.413786888122559,12.372225761413574,12.384063720703125,12.34300422668457,12.336577415466309,12.288961410522461,12.089455604553223,12.382575988769531,12.388606071472168,12.24658203125,12.025040626525879
8.59,12.34339,0.0,12.264556884765625,12.28375244140625,12.364028930664062,12.373422622680664,12.288839340209961,12.396605491638184,12.466178894042969,12.329115867614746,12.359067916870117,12.336586952209473,12.382304191589355,12.351004600524902,12.290523529052734,12.381332397460938,12.680983543395996,12.375094413757324,12.413948059082031,12.291990280151367,12.332878112792969,12.387347221374512,12.352364540100098,12.359962463378906,12.321200370788574,12.314929962158203,12.268820762634277,12.101183891296387,12.360353469848633,12.365594863891602,12.22696304321289,12.021724700927734
8.6,12.33765,0.0,12.264556884765625,12.28375244140625,12.364028930664062,12.373422622680664,12.288839340209961,12.396605491638184,12.466178894042969,12.329115867614746,12.359067916870117,12.336586952209473,12.382304191589355,12.351004600524902,12.290523529052734,12.381332397460938,12.680983543395996,12.375094413757324,12.413948059082031,12.291990280151367,12.332878112792969,12.387347221374512,12.352364540100098,12.359962463378906,12.321200370788574,12.314929962158203,12.268820762634277,12.101183891296387,12.360353469848633,12.365594863891602,12.22696304321289,12.021724700927734
8.61,12.33201,0.0,12.264556884765625,12.28375244140625,12.364028930664062,12.373422622680664,12.288839340209961,12.396605491638184,12.466178894042969,12.329115867614746,12.359067916870117,12.336586952209473,12.382304191589355,12.351004600524902,12.290523529052734,12.381332397460938,12.680983543395996,12.375094413757324,12.413948059082031,12.291990280151367,12.332878112792969,12.387347221374512,12.352364540100098,12.359962463378906,12.321200370788574,12.314929962158203,12.268820762634277,12.101183891296387,12.360353469848633,12.365594863891602,12.22696304321289,12.021724700927734
8.62,12.32757,0.0,12.264556884765625,12.28375244140625,12.364028930664062,12.373422622680664,12.288839340209961,12.396605491638184,12.466178894042969,12.329115867614746,12.359067916870117,12.336586952209473,12.382304191589355,12.351004600524902,12.290523529052734,12.381332397460938,12.680983543395996,12.375094413757324,12.413948059082031,12.291990280151367,12.332878112792969,12.387347221374512,12.352364540100098,12.359962463378906,12.321200370788574,12.314929962158203,12.268820762634277,12.101183891296387,12.360353469848633,12.365594863891602,12.22696304321289,12.021724700927734
8.63,12.32108,0.0,12.264556884765625,12.28375244140625,12.364028930664062,12.373422622680664,12.288839340209961,12.396605491638184,12.466178894042969,12.329115867614746,12.359067916870117,12.336586952209473,12.382304191589355,12.351004600524902,12.290523529052734,12.381332397460938,12.680983543395996,12.375094413757324,12.413948059082031,12.291990280151367,12.332878112792969,12.387347221374512,12.352364540100098,12.359962463378906,12.321200370788574,12.314929962158203,12.268820762634277,12.101183891296387,12.360353469848633,12.365594863891602,12.22696304321289,12.021724700927734
8.64,12.31583,0.0,12.240091323852539,12.271807670593262,12.344781875610352,12.347081184387207,12.26803970336914,12.381185531616211,12.447120666503906,12.308521270751953,12.337517738342285,12.321226119995117,12.366570472717285,12.333035469055176,12.269506454467773,12.36064624786377,12.701017379760742,12.359450340270996,12.390726089477539,12.270265579223633,12.310830116271973,12.362282752990723,12.337955474853516,12.34034538269043,12.307207107543945,12.297059059143066,12.249105453491211,12.110499382019043,12.342292785644531,12.349350929260254,12.208620071411133,12.010766983032227
8.65,12.31074,0.0,12.240091323852539,12.271807670593262,12.344781875610352,12.347081184387207,12.26803970336914,12.381185531616211,12.447120666503906,12.308521270751953,12.337517738342285,12.321226119995117,12.366570472717285,12.333035469055176,12.269506454467773,12.36064624786377,12.701017379760742,12.359450340270996,12.390726089477539,12.270265579223633,12.310830116271973,12.362282752990723,12.337955474853516,12.34034538269043,12.307207107543945,12.297059059143066,12.249105453491211,12.110499382019043,12.342292785644531,12.349350929260254,12.208620071411133,12.010766983032227
8.66,12.30583,0.0,12.240091323852539,12.271807670593262,12.344781875610352,12.347081184387207,12.26803970336914,12.381185531616211,12.447120666503906,12.308521270751953,12.337517738342285,12.321226119995117,12.366570472717285,12.333035469055176,12.269506454467773,12.36064624786377,12.701017379760742,12.359450340270996,12.390726089477539,12.270265579223633,12.310830116271973,12.362282752990723,12.337955474853516,12.34034538269043,12.307207107543945,12.297059059143066,12.249105453491211,12.110499382019043,12.342292785644531,12.349350929260254,12.208620071411133,12.010766983032227
8.67,12.30111,0.0,12.240091323852539,12.271807670593262,12.344781875610352,12.347081184387207,12.26803970336914,12.381185531616211,12.447120666503906,12.308521270751953,12.337517738342285,12.321226119995117,12.366570472717285,12.333035469055176,12.269506454467773,12.36064624786377,12.701017379760742,12.359450340270996,12.390726089477539,12.270265579223633,12.310830116271973,12.362282752990723,12.337955474853516,12.34034538269043,12.307207107543945,12.297059059143066,12.249105453491211,12.110499382019043,12.342292785644531,12.349350929260254,12.208620071411133,12.010766983032227
8.68,12.29658,0.0,12.240091323852539,12.271807670593262,12.344781875610352,12.347081184387207,12.26803970336914,12.381185531616211,12.447120666503906,12.308521270751953,12.337517738342285,12.321226119995117,12.366570472717285,12.333035469055176,12.269506454467773,12.36064624786377,12.701017379760742,12.359450340270996,12.390726089477539,12.270265579223633,12.310830116271973,12.362282752990723,12.337955474853516,12.34034538269043,12.307207107543945,12.297059059143066,12.249105453491211,12.110499382019043,12.342292785644531,12.349350929260254,12.208620071411133,12.010766983032227
8.69,12.29225,0.0,12.211832046508789,12.256525993347168,12.319597244262695,12.319504737854004,12.241296768188477,12.360260963439941,12.423934936523438,12.283655166625977,12.310552597045898,12.297754287719727,12.343684196472168,12.308873176574707,12.238225936889648,12.335541725158691,12.721785545349121,12.338798522949219,12.364497184753418,12.246700286865234,12.28917121887207,12.33741569519043,12.316705703735352,12.319067001342773,12.286393165588379,12.27450942993164,12.22680377960205,12.119906425476074,12.320663452148438,12.328099250793457,12.188693046569824,11.992515563964844
8.7,12.28893,0.0,12.211832046508789,12.256525993347168,12.319597244262695,12.319504737854004,12.241296768188477,12.360260963439941,12.423934936523438,12.283655166625977,12.310552597045898,12.297754287719727,12.343684196472168,12.308873176574707,12.238225936889648,12.335541725158691,12.721785545349121,12.338798522949219,12.364497184753418,12.246700286865234,12.28917121887207,12.33741569519043,12.316705703735352,12.319067001342773,12.286393165588379,12.27450942993164,12.22680377960205,12.119906425476074,12.320663452148438,12.328099250793457,12.188693046569824,11.992515563964844
8.71,12.28421,0.0,12.211832046508789,12.256525993347168,12.319597244262695,12.319504737854004,12.241296768188477,12.360260963439941,12.423934936523438,12.283655166625977,12.310552597045898,12.297754287719727,12.343684196472168,12.308873176574707,12.238225936889648,12.335541725158691,12.721785545349121,12.338798522949219,12.364497184753418,12.246700286865234,12.28917121887207,12.33741569519043,12.316705703735352,12.319067001342773,12.286393165588379,12.27450942993164,12.22680377960205,12.119906425476074,12.320663452148438,12.328099250793457,12.188693046569824,11.992515563964844
8.72,12.28048,0.0,12.211832046508789,12.256525993347168,12.319597244262695,12.319504737854004,12.241296768188477,12.360260963439941,12.423934936523438,12.283655166625977,12.310552597045898,12.297754287719727,12.343684196472168,12.308873176574707,12.238225936889648,12.335541725158691,12.721785545349121,12.338798522949219,12.364497184753418,12.246700286865234,12.28917121887207,12.33741569519043,12.316705703735352,12.319067001342773,12.286393165588379,12.27450942993164,12.22680377960205,12.119906425476074,12.320663452148438,12.328099250793457,12.188693046569824,11.992515563964844
8.73,12.27695,0.0,12.211832046508789,12.256525993347168,12.319597244262695,12.319504737854004,12.241296768188477,12.360260963439941,12.423934936523438,12.283655166625977,12.310552597045898,12.297754287719727,12.343684196472168,12.308873176574707,12.238225936889648,12.335541725158691,12.721785545349121,12.338798522949219,12.364497184753418,12.246700286865234,12.28917121887207,12.33741569519043,12.316705703735352,12.319067001342773,12.286393165588379,12.27450942993164,12.22680377960205,12.119906425476074,12.320663452148438,12.328099250793457,12.188693046569824,11.992515563964844
8.74,12.2736,0.0,12.18748664855957,12.23604965209961,12.2845458984375,12.287361145019531,12.211775779724121,12.331892967224121,12.390929222106934,12.253432273864746,12.281593322753906,12.26379680633545,12.306920051574707,12.273719787597656,12.21168041229248,12.30285930633545,12.742547988891602,12.308082580566406,12.332030296325684,12.219025611877441,12.261740684509277,12.308310508728027,12.290679931640625,12.289015769958496,12.252638816833496,12.241612434387207,12.202083587646484,12.09785270690918,12.289708137512207,12.295295715332031,12.170924186706543,11.969545364379883
8.75,12.27042,0.0,12.18748664855957,12.23604965209961,12.2845458984375,12.287361145019531,12.211775779724121,12.331892967224121,12.390929222106934,12.253432273864746,12.281593322753906,12.26379680633545,12.306920051574707,12.273719787597656,12.21168041229248,12.30285930633545,12.742547988891602,12.308082580566406,12.332030296325684,12.219025611877441,12.261740684509277,12.308310508728027,12.290679931640625,12.289015769958496,12.252638816833496,12.241612434387207,12.202083587646484,12.09785270690918,12.289708137512207,12.295295715332031,12.170924186706543,11.969545364379883
8.76,12.2674,0.0,12.18748664855957,12.23604965209961,12.2845458984375,12.287361145019531,12.211775779724121,12.331892967224121,12.390929222106934,12.253432273864746,12.281593322753906,12.26379680633545,12.306920051574707,12.273719787597656,12.21168041229248,12.30285930633545,12.742547988891602,12.308082580566406,12.332030296325684,12.219025611877441,12.261740684509277,12.308310508728027,12.290679931640625,12.289015769958496,12.252638816833496,12.241612434387207,12.202083587646484,12.09785270690918,12.289708137512207,12.295295715332031,12.170924186706543,11.969545364379883
8.77,12.26452,0.0,12.18748664855957,12.23604965209961,12.2845458984375,12.287361145019531,12.211775779724121,12.331892967224121,12.390929222106934,12.253432273864746,12.281593322753906,12.26379680633545,12.306920051574707,12.273719787597656,12.21168041229248,12.30285930633545,12.742547988891602,12.308082580566406,12.332030296325684,12.219025611877441,12.261740684509277,12.308310508728027,12.290679931640625,12.289015769958496,12.252638816833496,12.241612434387207,12.202083587646484,12.09785270690918,12.289708137512207,12.295295715332031,12.170924186706543,11.969545364379883
8.78,12.26176,0.0,12.18748664855957,12.23604965209961,12.2845458984375,12.287361145019531,12.211775779724121,12.331892967224121,12.390929222106934,12.253432273864746,12.281593322753906,12.26379680633545,12.306920051574707,12.273719787597656,12.21168041229248,12.30285930633545,12.742547988891602,12.308082580566406,12.332030296325684,12.219025611877441,12.261740684509277,12.308310508728027,12.290679931640625,12.289015769958496,12.252638816833496,12.241612434387207,12.202083587646484,12.09785270690918,12.289708137512207,12.295295715332031,12.170924186706543,11.969545364379883
8.79,12.25963,0.0,12.162198066711426,12.224366188049316,12.252997398376465,12.255523681640625,12.186330795288086,12.310203552246094,12.358757019042969,12.23124885559082,12.254777908325195,12.23019790649414,12.272706985473633,12.238804817199707,12.192461013793945,12.273111343383789,12.764571189880371,12.27744197845459,12.299068450927734,12.190890312194824,12.233139038085938,12.278671264648438,12.269221305847168,12.255512237548828,12.220378875732422,12.208059310913086,12.178023338317871,12.044272422790527,12.258289337158203,12.263969421386719,12.154096603393555,11.940203666687012
8.8,12.25653,0.0,12.162198066711426,12.224366188049316,12.252997398376465,12.255523681640625,12.186330795288086,12.310203552246094,12.358757019042969,12.23124885559082,12.254777908325195,12.23019790649414,12.272706985473633,12.238804817199707,12.192461013793945,12.273111343383789,12.764571189880371,12.27744197845459,12.299068450927734,12.190890312194824,12.233139038085938,12.278671264648438,12.269221305847168,12.255512237548828,12.220378875732422,12.208059310913086,12.178023338317871,12.044272422790527,12.258289337158203,12.263969421386719,12.154096603393555,11.940203666687012
8.81,12.25402,0.0,12.162198066711426,12.224366188049316,12.252997398376465,12.255523681640625,12.186330795288086,12.310203552246094,12.358757019042969,12.23124885559082,12.254777908325195,12.23019790649414,12.272706985473633,12.238804817199707,12.192461013793945,12.273111343383789,12.764571189880371,12.27744197845459,12.299068450927734,12.190890312194824,12.233139038085938,12.278671264648438,12.269221305847168,12.255512237548828,12.220378875732422,12.208059310913086,12.178023338317871,12.044272422790527,12.258289337158203,12.263969421386719,12.154096603393555,11.940203666687012
8.82,12.25153,0.0,12.162198066711426,12.224366188049316,12.252997398376465,12.255523681640625,12.186330795288086,12.310203552246094,12.358757019042969,12.23124885559082,12.254777908325195,12.23019790649414,12.272706985473633,12.238804817199707,12.192461013793945,12.273111343383789,12.764571189880371,12.27744197845459,12.299068450927734,12.190890312194824,12.233139038085938,12.278671264648438,12.269221305847168,12.255512237548828,12.220378875732422,12.208059310913086,12.178023338317871,12.044272422790527,12.258289337158203,12.263969421386719,12.154096603393555,11.940203666687012
8.83,12.24906,0.0,12.162198066711426,12.224366188049316,12.252997398376465,12.255523681640625,12.186330795288086,12.310203552246094,12.358757019042969,12.23124885559082,12.254777908325195,12.23019790649414,12.272706985473633,12.238804817199707,12.192461013793945,12.273111343383789,12.764571189880371,12.27744197845459,12.299068450927734,12.190890312194824,12.233139038085938,12.278671264648438,12.269221305847168,12.255512237548828,12.220378875732422,12.208059310913086,12.178023338317871,12.044272422790527,12.258289337158203,12.263969421386719,12.154096603393555,11.940203666687012
8.84,12.24656,0.0,12.13550090789795,12.214179039001465,12.213783264160156,12.221151351928711,12.158528327941895,12.276741981506348,12.319101333618164,12.204658508300781,12.22530460357666,12.1925687789917,12.234794616699219,12.20634651184082,12.169297218322754,12.241518020629883,12.781148910522461,12.244839668273926,12.26626968383789,12.160079002380371,12.20492172241211,12.25202465057373,12.243049621582031,12.220664978027344,12.190073013305664,12.177206993103027,12.154470443725586,11.983036994934082,12.228264808654785,12.23447036743164,12.135087966918945,11.909415245056152
8.85,12.24402,0.0,12.13550090789795,12.214179039001465,12.213783264160156,12.221151351928711,12.158528327941895,12.276741981506348,12.319101333618164,12.204658508300781,12.22530460357666,12.1925687789917,12.234794616699219,12.20634651184082,12.169297218322754,12.241518020629883,12.781148910522461,12.244839668273926,12.26626968383789,12.160079002380371,12.20492172241211,12.25202465057373,12.243049621582031,12.220664978027344,12.190073013305664,12.177206993103027,12.154470443725586,11.983036994934082,12.228264808654785,12.23447036743164,12.135087966918945,11.909415245056152
8.86,12.24142,0.0,12.13550090789795,12.214179039001465,12.213783264160156,12.221151351928711,12.158528327941895,12.276741981506348,12.319101333618164,12.204658508300781,12.22530460357666,12.1925687789917,12.234794616699219,12.20634651184082,12.169297218322754,12.241518020629883,12.781148910522461,12.244839668273926,12.26626968383789,12.160079002380371,12.20492172241211,12.25202465057373,12.243049621582031,12.220664978027344,12.190073013305664,12.177206993103027,12.154470443725586,11.983036994934082,12.228264808654785,12.23447036743164,12.135087966918945,11.909415245056152
8.87,12.23926,0.0,12.13550090789795,12.214179039001465,12.213783264160156,12.221151351928711,12.158528327941895,12.276741981506348,12.319101333618164,12.204658508300781,12.22530460357666,12.1925687789917,12.234794616699219,12.20634651184082,12.169297218322754,12.241518020629883,12.781148910522461,12.244839668273926,12.26626968383789,12.160079002380371,12.20492172241211,12.25202465057373,12.243049621582031,12.220664978027344,12.190073013305664,12.177206993103027,12.154470443725586,11.983036994934082,12.228264808654785,12.23447036743164,12.135087966918945,11.909415245056152
8.88,12.2359,0.0,12.13550090789795,12.214179039001465,12.213783264160156,12.221151351928711,12.158528327941895,12.276741981506348,12.319101333618164,12.204658508300781,12.22530460357666,12.1925687789917,12.234794616699219,12.20634651184082,12.169297218322754,12.241518020629883,12.781148910522461,12.244839668273926,12.26626968383789,12.160079002380371,12.20492172241211,12.25202465057373,12.243049621582031,12.220664978027344,12.190073013305664,12.177206993103027,12.154470443725586,11.983036994934082,12.228264808654785,12.23447036743164,12.135087966918945,11.909415245056152
8.89,12.23294,0.0,12.111873626708984,12.195755958557129,12.173331260681152,12.189489364624023,12.13072681427002,12.24124813079834,12.276422500610352,12.173731803894043,12.196426391601562,12.156477928161621,12.200440406799316,12.172249794006348,12.142269134521484,12.207361221313477,12.793716430664062,12.211265563964844,12.23372745513916,12.126806259155273,12.174239158630371,12.226311683654785,12.214310646057129,12.185602188110352,12.157252311706543,12.145092010498047,12.129304885864258,11.944972038269043,12.196860313415527,12.203303337097168,12.114287376403809,11.884907722473145
8.9,12.22981,0.0,12.111873626708984,12.195755958557129,12.173331260681152,12.189489364624023,12.13072681427002,12.24124813079834,12.276422500610352,12.173731803894043,12.196426391601562,12.156477928161621,12.200440406799316,12.172249794006348,12.142269134521484,12.207361221313477,12.793716430664062,12.211265563964844,12.23372745513916,12.126806259155273,12.174239158630371,12.226311683654785,12.214310646057129,12.185602188110352,12.157252311706543,12.145092010498047,12.129304885864258,11.944972038269043,12.196860313415527,12.203303337097168,12.114287376403809,11.884907722473145
8.91,12.2265,0.0,12.111873626708984,12.195755958557129,12.173331260681152,12.189489364624023,12.13072681427002,12.24124813079834,12.276422500610352,12.173731803894043,12.196426391601562,12.156477928161621,12.200440406799316,12.172249794006348,12.142269134521484,12.207361221313477,12.793716430664062,12.211265563964844,12.23372745513916,12.126806259155273,12.174239158630371,12.226311683654785,12.214310646057129,12.185602188110352,12.157252311706543,12.145092010498047,12.129304885864258,11.944972038269043,12.196860313415527,12.203303337097168,12.114287376403809,11.884907722473145
8.92,12.22298,0.0,12.111873626708984,12.195755958557129,12.173331260681152,12.189489364624023,12.13072681427002,12.24124813079834,12.276422500610352,12.173731803894043,12.196426391601562,12.156477928161621,12.200440406799316,12.172249794006348,12.142269134521484,12.207361221313477,12.793716430664062,12.211265563964844,12.23372745513916,12.126806259155273,12.174239158630371,12.226311683654785,12.214310646057129,12.185602188110352,12.157252311706543,12.145092010498047,12.129304885864258,11.944972038269043,12.196860313415527,12.203303337097168,12.114287376403809,11.884907722473145
8.93,12.21924,0.0,12.111873626708984,12.195755958557129,12.173331260681152,12.189489364624023,12.13072681427002,12.24124813079834,12.276422500610352,12.173731803894043,12.196426391601562,12.156477928161621,12.200440406799316,12.172249794006348,12.142269134521484,12.207361221313477,12.793716430664062,12.211265563964844,12.23372745513916,12.126806259155273,12.174239158630371,12.226311683654785,12.214310646057129,12.185602188110352,12.157252311706543,12.145092010498047,12.129304885864258,11.944972038269043,12.196860313415527,12.203303337097168,12.114287376403809,11.884907722473145
8.94,12.21526,0.0,12.087159156799316,12.17087173461914,12.13362979888916,12.161113739013672,12.10433292388916,12.205470085144043,12.234728813171387,12.139795303344727,12.168915748596191,12.123551368713379,12.168684959411621,12.138204574584961,12.115494728088379,12.171553611755371,12.802043914794922,12.177769660949707,12.201627731323242,12.09194564819336,12.141355514526367,12.198321342468262,12.185531616210938,12.149127006530762,12.122121810913086,12.111420631408691,12.104409217834473,11.914811134338379,12.164017677307129,12.169330596923828,12.092879295349121,11.867015838623047
8.95,12.21189,0.0,12.087159156799316,12.17087173461914,12.13362979888916,12.161113739013672,12.10433292388916,12.205470085144043,12.234728813171387,12.139795303344727,12.168915748596191,12.123551368713379,12.168684959411621,12.138204574584961,12.115494728088379,12.171553611755371,12.802043914794922,12.177769660949707,12.201627731323242,12.09194564819336,12.141355514526367,12.198321342468262,12.185531616210938,12.149127006530762,12.122121810913086,12.111420631408691,12.104409217834473,11.914811134338379,12.164017677307129,12.169330596923828,12.092879295349121,11.867015838623047
8.96,12.20653,0.0,12.087159156799316,12.17087173461914,12.13362979888916,12.161113739013672,12.10433292388916,12.205470085144043,12.234728813171387,12.139795303344727,12.168915748596191,12.123551368713379,12.168684959411621,12.138204574584961,12.115494728088379,12.171553611755371,12.802043914794922,12.177769660949707,12.201627731323242,12.09194564819336,12.141355514526367,12.198321342468262,12.185531616210938,12.149127006530762,12.122121810913086,12.111420631408691,12.104409217834473,11.914811134338379,12.164017677307129,12.169330596923828,12.092879295349121,11.867015838623047
8.97,12.20175,0.0,12.087159156799316,12.17087173461914,12.13362979888916,12.161113739013672,12.10433292388916,12.205470085144043,12.234728813171387,12.139795303344727,12.168915748596191,12.123551368713379,12.168684959411621,12.138204574584961,12.115494728088379,12.171553611755371,12.802043914794922,12.177769660949707,12.201627731323242,12.09194564819336,12.141355514526367,12.198321342468262,12.185531616210938,12.149127006530762,12.122121810913086,12.111420631408691,12.104409217834473,11.914811134338379,12.164017677307129,12.169330596923828,12.092879295349121,11.867015838623047
8.98,12.19669,0.0,12.087159156799316,12.17087173461914,12.13362979888916,12.161113739013672,12.10433292388916,12.205470085144043,12.234728813171387,12.139795303344727,12.168915748596191,12.123551368713379,12.168684959411621,12.138204574584961,12.115494728088379,12.171553611755371,12.802043914794922,12.177769660949707,12.201627731323242,12.09194564819336,12.141355514526367,12.198321342468262,12.185531616210938,12.149127006530762,12.122121810913086,12.111420631408691,12.104409217834473,11.914811134338379,12.164017677307129,12.169330596923828,12.092879295349121,11.867015838623047
8.99,12.19135,0.0,12.071720123291016,12.147970199584961,12.1021146774292,12.138528823852539,12.084969520568848,12.175877571105957,12.201412200927734,12.110511779785156,12.149142265319824,12.101481437683105,12.146893501281738,12.112374305725098,12.093329429626465,12.141812324523926,12.807191848754883,12.152054786682129,12.17274284362793,12.058357238769531,12.111992835998535,12.169928550720215,12.163239479064941,12.117636680603027,12.095656394958496,12.084610939025879,12.082557678222656,11.893523216247559,12.136702537536621,12.142332077026367,12.070302963256836,11.85012149810791
9.0,12.18571,0.0,12.071720123291016,12.147970199584961,12.1021146774292,12.138528823852539,12.084969520568848,12.175877571105957,12.201412200927734,12.110511779785156,12.149142265319824,12.101481437683105,12.146893501281738,12.112374305725098,12.093329429626465,12.141812324523926,12.807191848754883,12.152054786682129,12.17274284362793,12.058357238769531,12.111992835998535,12.169928550720215,12.163239479064941,12.117636680603027,12.095656394958496,12.084610939025879,12.082557678222656,11.893523216247559,12.136702537536621,12.142332077026367,12.070302963256836,11.85012149810791
9.01,12.17978,0.0,12.071720123291016,12.147970199584961,12.1021146774292,12.138528823852539,12.084969520568848,12.175877571105957,12.201412200927734,12.110511779785156,12.149142265319824,12.101481437683105,12.146893501281738,12.112374305725098,12.093329429626465,12.141812324523926,12.807191848754883,12.152054786682129,12.17274284362793,12.058357238769531,12.111992835998535,12.169928550720215,12.163239479064941,12.117636680603027,12.095656394958496,12.084610939025879,12.082557678222656,11.893523216247559,12.136702537536621,12.142332077026367,12.070302963256836,11.85012149810791
9.02,12.17357,0.0,12.071720123291016,12.147970199584961,12.1021146774292,12.138528823852539,12.084969520568848,12.175877571105957,12.201412200927734,12.110511779785156,12.149142265319824,12.101481437683105,12.146893501281738,12.112374305725098,12.093329429626465,12.141812324523926,12.807191848754883,12.152054786682129,12.17274284362793,12.058357238769531,12.111992835998535,12.169928550720215,12.163239479064941,12.117636680603027,12.095656394958496,12.084610939025879,12.082557678222656,11.893523216247559,12.136702537536621,12.142332077026367,12.070302963256836,11.85012149810791
9.03,12.16707,0.0,12.071720123291016,12.147970199584961,12.1021146774292,12.138528823852539,12.084969520568848,12.175877571105957,12.201412200927734,12.110511779785156,12.149142265319824,12.101481437683105,12.146893501281738,12.112374305725098,12.093329429626465,12.141812324523926,12.807191848754883,12.152054786682129,12.17274284362793,12.058357238769531,12.111992835998535,12.169928550720215,12.163239479064941,12.117636680603027,12.095656394958496,12.084610939025879,12.082557678222656,11.893523216247559,12.136702537536621,12.142332077026367,12.070302963256836,11.85012149810791
9.04,12.16166,0.0,12.042997360229492,12.137158393859863,12.081602096557617,12.118239402770996,12.062053680419922,12.163439750671387,12.178244590759277,12.090729713439941,12.127187728881836,12.083512306213379,12.133003234863281,12.086366653442383,12.068836212158203,12.118844032287598,12.812371253967285,12.131058692932129,12.142803192138672,12.029098510742188,12.085646629333496,12.139931678771973,12.1475830078125,12.091817855834961,12.076539993286133,12.059386253356934,12.058586120605469,11.874584197998047,12.112568855285645,12.122448921203613,12.046270370483398,11.831584930419922
9.05,12.15324,0.0,12.042997360229492,12.137158393859863,12.081602096557617,12.118239402770996,12.062053680419922,12.163439750671387,12.178244590759277,12.090729713439941,12.127187728881836,12.083512306213379,12.133003234863281,12.086366653442383,12.068836212158203,12.118844032287598,12.812371253967285,12.131058692932129,12.142803192138672,12.029098510742188,12.085646629333496,12.139931678771973,12.1475830078125,12.091817855834961,12.076539993286133,12.059386253356934,12.058586120605469,11.874584197998047,12.112568855285645,12.122448921203613,12.046270370483398,11.831584930419922
9.06,12.14593,0.0,12.042997360229492,12.137158393859863,12.081602096557617,12.118239402770996,12.062053680419922,12.163439750671387,12.178244590759277,12.090729713439941,12.127187728881836,12.083512306213379,12.133003234863281,12.086366653442383,12.068836212158203,12.118844032287598,12.812371253967285,12.131058692932129,12.142803192138672,12.029098510742188,12.085646629333496,12.139931678771973,12.1475830078125,12.091817855834961,12.076539993286133,12.059386253356934,12.058586120605469,11.874584197998047,12.112568855285645,12.122448921203613,12.046270370483398,11.831584930419922
9.07,12.13838,0.0,12.042997360229492,12.137158393859863,12.081602096557617,12.118239402770996,12.062053680419922,12.163439750671387,12.178244590759277,12.090729713439941,12.127187728881836,12.083512306213379,12.133003234863281,12.086366653442383,12.068836212158203,12.118844032287598,12.812371253967285,12.131058692932129,12.142803192138672,12.029098510742188,12.085646629333496,12.139931678771973,12.1475830078125,12.091817855834961,12.076539993286133,12.059386253356934,12.058586120605469,11.874584197998047,12.112568855285645,12.122448921203613,12.046270370483398,11.831584930419922
9.08,12.13059,0.0,12.042997360229492,12.137158393859863,12.081602096557617,12.118239402770996,12.062053680419922,12.163439750671387,12.178244590759277,12.090729713439941,12.127187728881836,12.083512306213379,12.133003234863281,12.086366653442383,12.068836212158203,12.118844032287598,12.812371253967285,12.131058692932129,12.142803192138672,12.029098510742188,12.085646629333496,12.139931678771973,12.1475830078125,12.091817855834961,12.076539993286133,12.059386253356934,12.058586120605469,11.874584197998047,12.112568855285645,12.122448921203613,12.046270370483398,11.831584930419922
9.09,12.12259,0.0,12.0117769241333,12.124041557312012,12.061481475830078,12.09411334991455,12.035052299499512,12.154372215270996,12.159384727478027,12.075765609741211,12.097420692443848,12.061112403869629,12.116156578063965,12.055705070495605,12.039803504943848,12.097559928894043,12.810892105102539,12.106236457824707,12.117430686950684,12.00186824798584,12.058951377868652,12.108675003051758,12.13082504272461,12.065210342407227,12.055742263793945,12.037209510803223,12.030671119689941,11.852725982666016,12.087133407592773,12.10641098022461,12.022906303405762,11.810504913330078
9.1,12.11438,0.0,12.0117769241333,12.124041557312012,12.061481475830078,12.09411334991455,12.035052299499512,12.154372215270996,12.159384727478027,12.075765609741211,12.097420692443848,12.061112403869629,12.116156578063965,12.055705070495605,12.039803504943848,12.097559928894043,12.810892105102539,12.106236457824707,12.117430686950684,12.00186824798584,12.058951377868652,12.108675003051758,12.13082504272461,12.065210342407227,12.055742263793945,12.037209510803223,12.030671119689941,11.852725982666016,12.087133407592773,12.10641098022461,12.022906303405762,11.810504913330078
9.11,12.106,0.0,12.0117769241333,12.124041557312012,12.061481475830078,12.09411334991455,12.035052299499512,12.154372215270996,12.159384727478027,12.075765609741211,12.097420692443848,12.061112403869629,12.116156578063965,12.055705070495605,12.039803504943848,12.097559928894043,12.810892105102539,12.106236457824707,12.117430686950684,12.00186824798584,12.058951377868652,12.108675003051758,12.13082504272461,12.065210342407227,12.055742263793945,12.037209510803223,12.030671119689941,11.852725982666016,12.087133407592773,12.10641098022461,12.022906303405762,11.810504913330078
9.12,12.09917,0.0,12.0117769241333,12.124041557312012,12.061481475830078,12.09411334991455,12.035052299499512,12.154372215270996,12.159384727478027,12.075765609741211,12.097420692443848,12.061112403869629,12.116156578063965,12.055705070495605,12.039803504943848,12.097559928894043,12.810892105102539,12.106236457824707,12.117430686950684,12.00186824798584,12.058951377868652,12.108675003051758,12.13082504272461,12.065210342407227,12.055742263793945,12.037209510803223,12.030671119689941,11.852725982666016,12.087133407592773,12.10641098022461,12.022906303405762,11.810504913330078
9.13,12.08877,0.0,12.0117769241333,12.124041557312012,12.061481475830078,12.09411334991455,12.035052299499512,12.154372215270996,12.159384727478027,12.075765609741211,12.097420692443848,12.061112403869629,12.116156578063965,12.055705070495605,12.039803504943848,12.097559928894043,12.810892105102539,12.106236457824707,12.117430686950684,12.00186824798584,12.058951377868652,12.108675003051758,12.13082504272461,12.065210342407227,12.055742263793945,12.037209510803223,12.030671119689941,11.852725982666016,12.087133407592773,12.10641098022461,12.022906303405762,11.810504913330078
9.14,12.07996,0.0,11.978796005249023,12.117780685424805,12.051328659057617,12.065154075622559,12.009649276733398,12.155169486999512,12.15087604522705,12.070560455322266,12.069258689880371,12.040580749511719,12.093905448913574,12.02946662902832,12.019003868103027,12.081475257873535,12.8112154006958,12.082975387573242,12.094213485717773,11.976788520812988,12.030027389526367,12.072976112365723,12.117132186889648,12.041308403015137,12.03639030456543,12.015291213989258,12.001970291137695,11.829155921936035,12.058220863342285,12.089797973632812,12.007668495178223,11.78818416595459
9.15,12.07105,0.0,11.978796005249023,12.117780685424805,12.051328659057617,12.065154075622559,12.009649276733398,12.155169486999512,12.15087604522705,12.070560455322266,12.069258689880371,12.040580749511719,12.093905448913574,12.02946662902832,12.019003868103027,12.081475257873535,12.8112154006958,12.082975387573242,12.094213485717773,11.976788520812988,12.030027389526367,12.072976112365723,12.117132186889648,12.041308403015137,12.03639030456543,12.015291213989258,12.001970291137695,11.829155921936035,12.058220863342285,12.089797973632812,12.007668495178223,11.78818416595459
9.16,12.06206,0.0,11.978796005249023,12.117780685424805,12.051328659057617,12.065154075622559,12.009649276733398,12.155169486999512,12.15087604522705,12.070560455322266,12.069258689880371,12.040580749511719,12.093905448913574,12.02946662902832,12.019003868103027,12.081475257873535,12.8112154006958,12.082975387573242,12.094213485717773,11.976788520812988,12.030027389526367,12.072976112365723,12.117132186889648,12.041308403015137,12.03639030456543,12.015291213989258,12.001970291137695,11.829155921936035,12.058220863342285,12.089797973632812,12.007668495178223,11.78818416595459
9.17,12.05301,0.0,11.978796005249023,12.117780685424805,12.051328659057617,12.065154075622559,12.009649276733398,12.155169486999512,12.15087604522705,12.070560455322266,12.069258689880371,12.040580749511719,12.093905448913574,12.02946662902832,12.019003868103027,12.081475257873535,12.8112154006958,12.082975387573242,12.094213485717773,11.976788520812988,12.030027389526367,12.072976112365723,12.117132186889648,12.041308403015137,12.03639030456543,12.015291213989258,12.001970291137695,11.829155921936035,12.058220863342285,12.089797973632812,12.007668495178223,11.78818416595459
9.18,12.04392,0.0,11.978796005249023,12.117780685424805,12.051328659057617,12.065154075622559,12.009649276733398,12.155169486999512,12.15087604522705,12.070560455322266,12.069258689880371,12.040580749511719,12.093905448913574,12.02946662902832,12.019003868103027,12.081475257873535,12.8112154006958,12.082975387573242,12.094213485717773,11.976788520812988,12.030027389526367,12.072976112365723,12.117132186889648,12.041308403015137,12.03639030456543,12.015291213989258,12.001970291137695,11.829155921936035,12.058220863342285,12.089797973632812,12.007668495178223,11.78818416595459
9.19,12.03481,0.0,11.942680358886719,12.110465049743652,12.032493591308594,12.029695510864258,11.97739028930664,12.147026062011719,12.13982105255127,12.062895774841309,12.036314010620117,12.01533031463623,12.061625480651855,12.010946273803711,11.996906280517578,12.065549850463867,12.80879020690918,12.059529304504395,12.073798179626465,11.952139854431152,12.002327919006348,12.040603637695312,12.101357460021973,12.024205207824707,12.019960403442383,11.997740745544434,11.976186752319336,11.800871849060059,12.033859252929688,12.073208808898926,11.99211311340332,11.76436710357666
9.2,12.02752,0.0,11.942680358886719,12.110465049743652,12.032493591308594,12.029695510864258,11.97739028930664,12.147026062011719,12.13982105255127,12.062895774841309,12.036314010620117,12.01533031463623,12.061625480651855,12.010946273803711,11.996906280517578,12.065549850463867,12.80879020690918,12.059529304504395,12.073798179626465,11.952139854431152,12.002327919006348,12.040603637695312,12.101357460021973,12.024205207824707,12.019960403442383,11.997740745544434,11.976186752319336,11.800871849060059,12.033859252929688,12.073208808898926,11.99211311340332,11.76436710357666
9.21,12.01662,0.0,11.942680358886719,12.110465049743652,12.032493591308594,12.029695510864258,11.97739028930664,12.147026062011719,12.13982105255127,12.062895774841309,12.036314010620117,12.01533031463623,12.061625480651855,12.010946273803711,11.996906280517578,12.065549850463867,12.80879020690918,12.059529304504395,12.073798179626465,11.952139854431152,12.002327919006348,12.040603637695312,12.101357460021973,12.024205207824707,12.019960403442383,11.997740745544434,11.976186752319336,11.800871849060059,12.033859252929688,12.073208808898926,11.99211311340332,11.76436710357666
9.22,12.00756,0.0,11.942680358886719,12.110465049743652,12.032493591308594,12.029695510864258,11.97739028930664,12.147026062011719,12.13982105255127,12.062895774841309,12.036314010620117,12.01533031463623,12.061625480651855,12.010946273803711,11.996906280517578,12.065549850463867,12.80879020690918,12.059529304504395,12.073798179626465,11.952139854431152,12.002327919006348,12.040603637695312,12.101357460021973,12.024205207824707,12.019960403442383,11.997740745544434,11.976186752319336,11.800871849060059,12.033859252929688,12.073208808898926,11.99211311340332,11.76436710357666
9.23,11.99856,0.0,11.942680358886719,12.110465049743652,12.032493591308594,12.029695510864258,11.97739028930664,12.147026062011719,12.13982105255127,12.062895774841309,12.036314010620117,12.01533031463623,12.061625480651855,12.010946273803711,11.996906280517578,12.065549850463867,12.80879020690918,12.059529304504395,12.073798179626465,11.952139854431152,12.002327919006348,12.040603637695312,12.101357460021973,12.024205207824707,12.019960403442383,11.997740745544434,11.976186752319336,11.800871849060059,12.033859252929688,12.073208808898926,11.99211311340332,11.76436710357666
9.24,11.98963,0.0,11.894780158996582,12.086586952209473,12.007681846618652,11.998266220092773,11.943221092224121,12.124152183532715,12.120841979980469,12.041543006896973,11.997897148132324,11.98838996887207,12.02766227722168,11.990259170532227,11.964007377624512,12.04161262512207,12.801982879638672,12.029654502868652,12.053644180297852,11.925090789794922,11.966350555419922,12.007696151733398,12.075151443481445,12.005661964416504,11.99030590057373,11.976934432983398,11.9473295211792,11.766483306884766,12.006596565246582,12.047609329223633,11.967896461486816,11.739202499389648
9.25,11.98077,0.0,11.894780158996582,12.086586952209473,12.007681846618652,11.998266220092773,11.943221092224121,12.124152183532715,12.120841979980469,12.041543006896973,11.997897148132324,11.98838996887207,12.02766227722168,11.990259170532227,11.964007377624512,12.04161262512207,12.801982879638672,12.029654502868652,12.053644180297852,11.925090789794922,11.966350555419922,12.007696151733398,12.075151443481445,12.005661964416504,11.99030590057373,11.976934432983398,11.9473295211792,11.766483306884766,12.006596565246582,12.047609329223633,11.967896461486816,11.739202499389648
9.26,11.972,0.0,11.894780158996582,12.086586952209473,12.007681846618652,11.998266220092773,11.943221092224121,12.124152183532715,12.120841979980469,12.041543006896973,11.997897148132324,11.98838996887207,12.02766227722168,11.990259170532227,11.964007377624512,12.04161262512207,12.801982879638672,12.029654502868652,12.053644180297852,11.925090789794922,11.966350555419922,12.007696151733398,12.075151443481445,12.005661964416504,11.99030590057373,11.976934432983398,11.9473295211792,11.766483306884766,12.006596565246582,12.047609329223633,11.967896461486816,11.739202499389648
9.27,11.96333,0.0,11.894780158996582,12.086586952209473,12.007681846618652,11.998266220092773,11.943221092224121,12.124152183532715,12.120841979980469,12.041543006896973,11.997897148132324,11.98838996887207,12.02766227722168,11.990259170532227,11.964007377624512,12.04161262512207,12.801982879638672,12.029654502868652,12.053644180297852,11.925090789794922,11.966350555419922,12.007696151733398,12.075151443481445,12.005661964416504,11.99030590057373,11.976934432983398,11.9473295211792,11.766483306884766,12.006596565246582,12.047609329223633,11.967896461486816,11.739202499389648
9.28,11.95476,0.0,11.894780158996582,12.086586952209473,12.007681846618652,11.998266220092773,11.943221092224121,12.124152183532715,12.120841979980469,12.041543006896973,11.997897148132324,11.98838996887207,12.02766227722168,11.990259170532227,11.964007377624512,12.04161262512207,12.801982879638672,12.029654502868652,12.053644180297852,11.925090789794922,11.966350555419922,12.007696151733398,12.075151443481445,12.005661964416504,11.99030590057373,11.976934432983398,11.9473295211792,11.766483306884766,12.006596565246582,12.047609329223633,11.967896461486816,11.739202499389648
9.29,11.94797,0.0,11.85230541229248,12.04914665222168,11.977642059326172,11.956555366516113,11.908394813537598,12.096898078918457,12.091787338256836,12.00942611694336,11.960332870483398,11.955739974975586,11.985651016235352,11.9573974609375,11.929898262023926,12.010364532470703,12.793235778808594,11.992057800292969,12.028536796569824,11.896038055419922,11.920585632324219,11.968173027038574,12.0488920211792,11.982028007507324,11.954344749450684,11.947787284851074,11.913529396057129,11.730042457580566,11.971899032592773,12.016483306884766,11.94626235961914,11.712934494018555
9.3,11.93794,0.0,11.85230541229248,12.04914665222168,11.977642059326172,11.956555366516113,11.908394813537598,12.096898078918457,12.091787338256836,12.00942611694336,11.960332870483398,11.955739974975586,11.985651016235352,11.9573974609375,11.929898262023926,12.010364532470703,12.793235778808594,11.992057800292969,12.028536796569824,11.896038055419922,11.920585632324219,11.968173027038574,12.0488920211792,11.982028007507324,11.954344749450684,11.947787284851074,11.913529396057129,11.730042457580566,11.971899032592773,12.016483306884766,11.94626235961914,11.712934494018555
9.31,11.92969,0.0,11.85230541229248,12.04914665222168,11.977642059326172,11.956555366516113,11.908394813537598,12.096898078918457,12.091787338256836,12.00942611694336,11.960332870483398,11.955739974975586,11.985651016235352,11.9573974609375,11.929898262023926,12.010364532470703,12.793235778808594,11.992057800292969,12.028536796569824,11.896038055419922,11.920585632324219,11.968173027038574,12.0488920211792,11.982028007507324,11.954344749450684,11.947787284851074,11.913529396057129,11.730042457580566,11.971899032592773,12.016483306884766,11.94626235961914,11.712934494018555
9.32,11.92155,0.0,11.85230541229248,12.04914665222168,11.977642059326172,11.956555366516113,11.908394813537598,12.096898078918457,12.091787338256836,12.00942611694336,11.960332870483398,11.955739974975586,11.985651016235352,11.9573974609375,11.929898262023926,12.010364532470703,12.793235778808594,11.992057800292969,12.028536796569824,11.896038055419922,11.920585632324219,11.968173027038574,12.0488920211792,11.982028007507324,11.954344749450684,11.947787284851074,11.913529396057129,11.730042457580566,11.971899032592773,12.016483306884766,11.94626235961914,11.712934494018555
9.33,11.9135,0.0,11.85230541229248,12.04914665222168,11.977642059326172,11.956555366516113,11.908394813537598,12.096898078918457,12.091787338256836,12.00942611694336,11.960332870483398,11.955739974975586,11.985651016235352,11.9573974609375,11.929898262023926,12.010364532470703,12.793235778808594,11.992057800292969,12.028536796569824,11.896038055419922,11.920585632324219,11.968173027038574,12.0488920211792,11.982028007507324,11.954344749450684,11.947787284851074,11.913529396057129,11.730042457580566,11.971899032592773,12.016483306884766,11.94626235961914,11.712934494018555
9.34,11.90555,0.0,11.811633110046387,12.008646011352539,11.95417308807373,11.916910171508789,11.88062572479248,12.070147514343262,12.064558982849121,11.980082511901855,11.92920970916748,11.927591323852539,11.950543403625488,11.922920227050781,11.896688461303711,11.978692054748535,12.785919189453125,11.953210830688477,11.999815940856934,11.864638328552246,11.869644165039062,11.922607421875,12.021289825439453,11.954046249389648,11.914782524108887,11.914735794067383,11.879339218139648,11.69433307647705,11.933526039123535,11.980588912963867,11.92271900177002,11.684392929077148
9.35,11.89769,0.0,11.811633110046387,12.008646011352539,11.95417308807373,11.916910171508789,11.88062572479248,12.070147514343262,12.064558982849121,11.980082511901855,11.92920970916748,11.927591323852539,11.950543403625488,11.922920227050781,11.896688461303711,11.978692054748535,12.785919189453125,11.953210830688477,11.999815940856934,11.864638328552246,11.869644165039062,11.922607421875,12.021289825439453,11.954046249389648,11.914782524108887,11.914735794067383,11.879339218139648,11.69433307647705,11.933526039123535,11.980588912963867,11.92271900177002,11.684392929077148
9.36,11.88989,0.0,11.811633110046387,12.008646011352539,11.95417308807373,11.916910171508789,11.88062572479248,12.070147514343262,12.064558982849121,11.980082511901855,11.92920970916748,11.927591323852539,11.950543403625488,11.922920227050781,11.896688461303711,11.978692054748535,12.785919189453125,11.953210830688477,11.999815940856934,11.864638328552246,11.869644165039062,11.922607421875,12.021289825439453,11.954046249389648,11.914782524108887,11.914735794067383,11.879339218139648,11.69433307647705,11.933526039123535,11.980588912963867,11.92271900177002,11.684392929077148
9.37,11.88369,0.0,11.811633110046387,12.008646011352539,11.95417308807373,11.916910171508789,11.88062572479248,12.070147514343262,12.064558982849121,11.980082511901855,11.92920970916748,11.927591323852539,11.950543403625488,11.922920227050781,11.896688461303711,11.978692054748535,12.785919189453125,11.953210830688477,11.999815940856934,11.864638328552246,11.869644165039062,11.922607421875,12.021289825439453,11.954046249389648,11.914782524108887,11.914735794067383,11.879339218139648,11.69433307647705,11.933526039123535,11.980588912963867,11.92271900177002,11.684392929077148
9.38,11.87445,0.0,11.811633110046387,12.008646011352539,11.95417308807373,11.916910171508789,11.88062572479248,12.070147514343262,12.064558982849121,11.980082511901855,11.92920970916748,11.927591323852539,11.950543403625488,11.922920227050781,11.896688461303711,11.978692054748535,12.785919189453125,11.953210830688477,11.999815940856934,11.864638328552246,11.869644165039062,11.922607421875,12.021289825439453,11.954046249389648,11.914782524108887,11.914735794067383,11.879339218139648,11.69433307647705,11.933526039123535,11.980588912963867,11.92271900177002,11.684392929077148
9.39,11.86677,0.0,11.781512260437012,11.95919418334961,11.912035942077637,11.867525100708008,11.842108726501465,12.02081298828125,12.0203857421875,11.935096740722656,11.894207000732422,11.887449264526367,11.901190757751465,11.884167671203613,11.853257179260254,11.936620712280273,12.773118019104004,11.907773971557617,11.964948654174805,11.827611923217773,11.817809104919434,11.873042106628418,11.982322692871094,11.92115592956543,11.8732271194458,11.879050254821777,11.844728469848633,11.655649185180664,11.894620895385742,11.939882278442383,11.8917236328125,11.653106689453125
9.4,11.85909,0.0,11.781512260437012,11.95919418334961,11.912035942077637,11.867525100708008,11.842108726501465,12.02081298828125,12.0203857421875,11.935096740722656,11.894207000732422,11.887449264526367,11.901190757751465,11.884167671203613,11.853257179260254,11.936620712280273,12.773118019104004,11.907773971557617,11.964948654174805,11.827611923217773,11.817809104919434,11.873042106628418,11.982322692871094,11.92115592956543,11.8732271194458,11.879050254821777,11.844728469848633,11.655649185180664,11.894620895385742,11.939882278442383,11.8917236328125,11.653106689453125
9.41,11.8514,0.0,11.781512260437012,11.95919418334961,11.912035942077637,11.867525100708008,11.842108726501465,12.02081298828125,12.0203857421875,11.935096740722656,11.894207000732422,11.887449264526367,11.901190757751465,11.884167671203613,11.853257179260254,11.936620712280273,12.773118019104004,11.907773971557617,11.964948654174805,11.827611923217773,11.817809104919434,11.873042106628418,11.982322692871094,11.92115592956543,11.8732271194458,11.879050254821777,11.844728469848633,11.655649185180664,11.894620895385742,11.939882278442383,11.8917236328125,11.653106689453125
9.42,11.84367,0.0,11.781512260437012,11.95919418334961,11.912035942077637,11.867525100708008,11.842108726501465,12.02081298828125,12.0203857421875,11.935096740722656,11.894207000732422,11.887449264526367,11.901190757751465,11.884167671203613,11.853257179260254,11.936620712280273,12.773118019104004,11.907773971557617,11.964948654174805,11.827611923217773,11.817809104919434,11.873042106628418,11.982322692871094,11.92115592956543,11.8732271194458,11.879050254821777,11.844728469848633,11.655649185180664,11.894620895385742,11.939882278442383,11.8917236328125,11.653106689453125
9.43,11.83587,0.0,11.781512260437012,11.95919418334961,11.912035942077637,11.867525100708008,11.842108726501465,12.02081298828125,12.0203857421875,11.935096740722656,11.894207000732422,11.887449264526367,11.901190757751465,11.884167671203613,11.853257179260254,11.936620712280273,12.773118019104004,11.907773971557617,11.964948654174805,11.827611923217773,11.817809104919434,11.873042106628418,11.982322692871094,11.92115592956543,11.8732271194458,11.879050254821777,11.844728469848633,11.655649185180664,11.894620895385742,11.939882278442383,11.8917236328125,11.653106689453125
9.44,11.82799,0.0,11.73824405670166,11.89365005493164,11.86151123046875,11.813383102416992,11.792387962341309,11.965941429138184,11.965788841247559,11.879622459411621,11.849081039428711,11.838407516479492,11.847040176391602,11.831206321716309,11.797383308410645,11.884221076965332,12.757153511047363,11.85234546661377,11.923858642578125,11.78426742553711,11.757542610168457,11.81714916229248,11.934768676757812,11.87871265411377,11.819823265075684,11.831863403320312,11.802327156066895,11.614189147949219,11.847434997558594,11.887686729431152,11.849549293518066,11.619370460510254
9.45,11.82159,0.0,11.73824405670166,11.89365005493164,11.86151123046875,11.813383102416992,11.792387962341309,11.965941429138184,11.965788841247559,11.879622459411621,11.849081039428711,11.838407516479492,11.847040176391602,11.831206321716309,11.797383308410645,11.884221076965332,12.757153511047363,11.85234546661377,11.923858642578125,11.78426742553711,11.757542610168457,11.81714916229248,11.934768676757812,11.87871265411377,11.819823265075684,11.831863403320312,11.802327156066895,11.614189147949219,11.847434997558594,11.887686729431152,11.849549293518066,11.619370460510254
9.46,11.81186,0.0,11.73824405670166,11.89365005493164,11.86151123046875,11.813383102416992,11.792387962341309,11.965941429138184,11.965788841247559,11.879622459411621,11.849081039428711,11.838407516479492,11.847040176391602,11.831206321716309,11.797383308410645,11.884221076965332,12.757153511047363,11.85234546661377,11.923858642578125,11.78426742553711,11.757542610168457,11.81714916229248,11.934768676757812,11.87871265411377,11.819823265075684,11.831863403320312,11.802327156066895,11.614189147949219,11.847434997558594,11.887686729431152,11.849549293518066,11.619370460510254
9.47,11.80356,0.0,11.73824405670166,11.89365005493164,11.86151123046875,11.813383102416992,11.792387962341309,11.965941429138184,11.965788841247559,11.879622459411621,11.849081039428711,11.838407516479492,11.847040176391602,11.831206321716309,11.797383308410645,11.884221076965332,12.757153511047363,11.85234546661377,11.923858642578125,11.78426742553711,11.757542610168457,11.81714916229248,11.934768676757812,11.87871265411377,11.819823265075684,11.831863403320312,11.802327156066895,11.614189147949219,11.847434997558594,11.887686729431152,11.849549293518066,11.619370460510254
9.48,11.79508,0.0,11.73824405670166,11.89365005493164,11.86151123046875,11.813383102416992,11.792387962341309,11.965941429138184,11.965788841247559,11.879622459411621,11.849081039428711,11.838407516479492,11.847040176391602,11.831206321716309,11.797383308410645,11.884221076965332,12.757153511047363,11.85234546661377,11.923858642578125,11.78426742553711,11.757542610168457,11.81714916229248,11.934768676757812,11.87871265411377,11.819823265075684,11.831863403320312,11.802327156066895,11.614189147949219,11.847434997558594,11.887686729431152,11.849549293518066,11.619370460510254
9.49,11.78638,0.0,11.699447631835938,11.824146270751953,11.803135871887207,11.75096321105957,11.738606452941895,11.90307331085205,11.901433944702148,11.818048477172852,11.803215980529785,11.779540061950684,11.784029960632324,11.767548561096191,11.730067253112793,11.824294090270996,12.73901081085205,11.788208961486816,11.872688293457031,11.733393669128418,11.6891508102417,11.752410888671875,11.882204055786133,11.822527885437012,11.755999565124512,11.773591995239258,11.752224922180176,11.571599006652832,11.790417671203613,11.82513427734375,11.803854942321777,11.582903861999512
9.5,11.77745,0.0,11.699447631835938,11.824146270751953,11.803135871887207,11.75096321105957,11.738606452941895,11.90307331085205,11.901433944702148,11.818048477172852,11.803215980529785,11.779540061950684,11.784029960632324,11.767548561096191,11.730067253112793,11.824294090270996,12.73901081085205,11.788208961486816,11.872688293457031,11.733393669128418,11.6891508102417,11.752410888671875,11.882204055786133,11.822527885437012,11.755999565124512,11.773591995239258,11.752224922180176,11.571599006652832,11.790417671203613,11.82513427734375,11.803854942321777,11.582903861999512
9.51,11.76827,0.0,11.699447631835938,11.824146270751953,11.803135871887207,11.75096321105957,11.738606452941895,11.90307331085205,11.901433944702148,11.818048477172852,11.803215980529785,11.779540061950684,11.784029960632324,11.767548561096191,11.730067253112793,11.824294090270996,12.73901081085205,11.788208961486816,11.872688293457031,11.733393669128418,11.6891508102417,11.752410888671875,11.882204055786133,11.822527885437012,11.755999565124512,11.773591995239258,11.752224922180176,11.571599006652832,11.790417671203613,11.82513427734375,11.803854942321777,11.582903861999512
9.52,11.75881,0.0,11.699447631835938,11.824146270751953,11.803135871887207,11.75096321105957,11.738606452941895,11.90307331085205,11.901433944702148,11.818048477172852,11.803215980529785,11.779540061950684,11.784029960632324,11.767548561096191,11.730067253112793,11.824294090270996,12.73901081085205,11.788208961486816,11.872688293457031,11.733393669128418,11.6891508102417,11.752410888671875,11.882204055786133,11.822527885437012,11.755999565124512,11.773591995239258,11.752224922180176,11.571599006652832,11.790417671203613,11.82513427734375,11.803854942321777,11.582903861999512
9.53,11.74904,0.0,11.699447631835938,11.824146270751953,11.803135871887207,11.75096321105957,11.738606452941895,11.90307331085205,11.901433944702148,11.818048477172852,11.803215980529785,11.779540061950684,11.784029960632324,11.767548561096191,11.730067253112793,11.824294090270996,12.73901081085205,11.788208961486816,11.872688293457031,11.733393669128418,11.6891508102417,11.752410888671875,11.882204055786133,11.822527885437012,11.755999565124512,11.773591995239258,11.752224922180176,11.571599006652832,11.790417671203613,11.82513427734375,11.803854942321777,11.582903861999512
9.54,11.741,0.0,11.64671516418457,11.760403633117676,11.749951362609863,11.689193725585938,11.686766624450684,11.84882926940918,11.843664169311523,11.763849258422852,11.761163711547852,11.725981712341309,11.729574203491211,11.711776733398438,11.683786392211914,11.769640922546387,12.720349311828613,11.729387283325195,11.822013854980469,11.678624153137207,11.622475624084473,11.687713623046875,11.837334632873535,11.762925148010254,11.699228286743164,11.71943473815918,11.704217910766602,11.525673866271973,11.73676872253418,11.767837524414062,11.760331153869629,11.543351173400879
9.55,11.72855,0.0,11.64671516418457,11.760403633117676,11.749951362609863,11.689193725585938,11.686766624450684,11.84882926940918,11.843664169311523,11.763849258422852,11.761163711547852,11.725981712341309,11.729574203491211,11.711776733398438,11.683786392211914,11.769640922546387,12.720349311828613,11.729387283325195,11.822013854980469,11.678624153137207,11.622475624084473,11.687713623046875,11.837334632873535,11.762925148010254,11.699228286743164,11.71943473815918,11.704217910766602,11.525673866271973,11.73676872253418,11.767837524414062,11.760331153869629,11.543351173400879
9.56,11.71779,0.0,11.64671516418457,11.760403633117676,11.749951362609863,11.689193725585938,11.686766624450684,11.84882926940918,11.843664169311523,11.763849258422852,11.761163711547852,11.725981712341309,11.729574203491211,11.711776733398438,11.683786392211914,11.769640922546387,12.720349311828613,11.729387283325195,11.822013854980469,11.678624153137207,11.622475624084473,11.687713623046875,11.837334632873535,11.762925148010254,11.699228286743164,11.71943473815918,11.704217910766602,11.525673866271973,11.73676872253418,11.767837524414062,11.760331153869629,11.543351173400879
9.57,11.70667,0.0,11.64671516418457,11.760403633117676,11.749951362609863,11.689193725585938,11.686766624450684,11.84882926940918,11.843664169311523,11.763849258422852,11.761163711547852,11.725981712341309,11.729574203491211,11.711776733398438,11.683786392211914,11.769640922546387,12.720349311828613,11.729387283325195,11.822013854980469,11.678624153137207,11.622475624084473,11.687713623046875,11.837334632873535,11.762925148010254,11.699228286743164,11.71943473815918,11.704217910766602,11.525673866271973,11.73676872253418,11.767837524414062,11.760331153869629,11.543351173400879
9.58,11.69518,0.0,11.64671516418457,11.760403633117676,11.749951362609863,11.689193725585938,11.686766624450684,11.84882926940918,11.843664169311523,11.763849258422852,11.761163711547852,11.725981712341309,11.729574203491211,11.711776733398438,11.683786392211914,11.769640922546387,12.720349311828613,11.729387283325195,11.822013854980469,11.678624153137207,11.622475624084473,11.687713623046875,11.837334632873535,11.762925148010254,11.699228286743164,11.71943473815918,11.704217910766602,11.525673866271973,11.73676872253418,11.767837524414062,11.760331153869629,11.543351173400879
9.59,11.68331,0.0,11.589025497436523,11.688261985778809,11.682354927062988,11.622101783752441,11.626279830932617,11.778879165649414,11.775712966918945,11.693470001220703,11.702886581420898,11.66429328918457,11.664983749389648,11.652114868164062,11.620570182800293,11.705523490905762,12.69478988647461,11.66430950164795,11.766424179077148,11.616254806518555,11.552603721618652,11.620672225952148,11.779271125793457,11.696632385253906,11.636528015136719,11.66257095336914,11.651219367980957,11.474760055541992,11.6795072555542,11.70563793182373,11.703570365905762,11.499488830566406
9.6,11.67106,0.0,11.589025497436523,11.688261985778809,11.682354927062988,11.622101783752441,11.626279830932617,11.778879165649414,11.775712966918945,11.693470001220703,11.702886581420898,11.66429328918457,11.664983749389648,11.652114868164062,11.620570182800293,11.705523490905762,12.69478988647461,11.66430950164795,11.766424179077148,11.616254806518555,11.552603721618652,11.620672225952148,11.779271125793457,11.696632385253906,11.636528015136719,11.66257095336914,11.651219367980957,11.474760055541992,11.6795072555542,11.70563793182373,11.703570365905762,11.499488830566406
9.61,11.65842,0.0,11.589025497436523,11.688261985778809,11.682354927062988,11.622101783752441,11.626279830932617,11.778879165649414,11.775712966918945,11.693470001220703,11.702886581420898,11.66429328918457,11.664983749389648,11.652114868164062,11.620570182800293,11.705523490905762,12.69478988647461,11.66430950164795,11.766424179077148,11.616254806518555,11.552603721618652,11.620672225952148,11.779271125793457,11.696632385253906,11.636528015136719,11.66257095336914,11.651219367980957,11.474760055541992,11.6795072555542,11.70563793182373,11.703570365905762,11.499488830566406
9.62,11.64802,0.0,11.589025497436523,11.688261985778809,11.682354927062988,11.622101783752441,11.626279830932617,11.778879165649414,11.775712966918945,11.693470001220703,11.702886581420898,11.66429328918457,11.664983749389648,11.652114868164062,11.620570182800293,11.705523490905762,12.69478988647461,11.66430950164795,11.766424179077148,11.616254806518555,11.552603721618652,11.620672225952148,11.779271125793457,11.696632385253906,11.636528015136719,11.66257095336914,11.651219367980957,11.474760055541992,11.6795072555542,11.70563793182373,11.703570365905762,11.499488830566406
9.63,11.63199,0.0,11.589025497436523,11.688261985778809,11.682354927062988,11.622101783752441,11.626279830932617,11.778879165649414,11.775712966918945,11.693470001220703,11.702886581420898,11.66429328918457,11.664983749389648,11.652114868164062,11.620570182800293,11.705523490905762,12.69478988647461,11.66430950164795,11.766424179077148,11.616254806518555,11.552603721618652,11.620672225952148,11.779271125793457,11.696632385253906,11.636528015136719,11.66257095336914,11.651219367980957,11.474760055541992,11.6795072555542,11.70563793182373,11.703570365905762,11.499488830566406
9.64,11.61821,0.0,11.54671573638916,11.593605041503906,11.588682174682617,11.549354553222656,11.556463241577148,11.68433952331543,11.6903657913208,11.598447799682617,11.640572547912598,11.591493606567383,11.579460144042969,11.582640647888184,11.540088653564453,11.62614917755127,12.65955924987793,11.58642578125,11.705333709716797,11.543669700622559,11.474017143249512,11.545938491821289,11.703542709350586,11.618378639221191,11.5599365234375,11.599774360656738,11.59251594543457,11.41965103149414,11.61219596862793,11.630800247192383,11.638822555541992,11.451250076293945
9.65,11.60406,0.0,11.54671573638916,11.593605041503906,11.588682174682617,11.549354553222656,11.556463241577148,11.68433952331543,11.6903657913208,11.598447799682617,11.640572547912598,11.591493606567383,11.579460144042969,11.582640647888184,11.540088653564453,11.62614917755127,12.65955924987793,11.58642578125,11.705333709716797,11.543669700622559,11.474017143249512,11.545938491821289,11.703542709350586,11.618378639221191,11.5599365234375,11.599774360656738,11.59251594543457,11.41965103149414,11.61219596862793,11.630800247192383,11.638822555541992,11.451250076293945
9.66,11.58954,0.0,11.54671573638916,11.593605041503906,11.588682174682617,11.549354553222656,11.556463241577148,11.68433952331543,11.6903657913208,11.598447799682617,11.640572547912598,11.591493606567383,11.579460144042969,11.582640647888184,11.540088653564453,11.62614917755127,12.65955924987793,11.58642578125,11.705333709716797,11.543669700622559,11.474017143249512,11.545938491821289,11.703542709350586,11.618378639221191,11.5599365234375,11.599774360656738,11.59251594543457,11.41965103149414,11.61219596862793,11.630800247192383,11.638822555541992,11.451250076293945
9.67,11.57468,0.0,11.54671573638916,11.593605041503906,11.588682174682617,11.549354553222656,11.556463241577148,11.68433952331543,11.6903657913208,11.598447799682617,11.640572547912598,11.591493606567383,11.579460144042969,11.582640647888184,11.540088653564453,11.62614917755127,12.65955924987793,11.58642578125,11.705333709716797,11.543669700622559,11.474017143249512,11.545938491821289,11.703542709350586,11.618378639221191,11.5599365234375,11.599774360656738,11.59251594543457,11.41965103149414,11.61219596862793,11.630800247192383,11.638822555541992,11.451250076293945
9.68,11.55948,0.0,11.54671573638916,11.593605041503906,11.588682174682617,11.549354553222656,11.556463241577148,11.68433952331543,11.6903657913208,11.598447799682617,11.640572547912598,11.591493606567383,11.579460144042969,11.582640647888184,11.540088653564453,11.62614917755127,12.65955924987793,11.58642578125,11.705333709716797,11.543669700622559,11.474017143249512,11.545938491821289,11.703542709350586,11.618378639221191,11.5599365234375,11.599774360656738,11.59251594543457,11.41965103149414,11.61219596862793,11.630800247192383,11.638822555541992,11.451250076293945
9.69,11.54397,0.0,11.497149467468262,11.496729850769043,11.51038932800293,11.485298156738281,11.48938274383545,11.607163429260254,11.61354923248291,11.50677490234375,11.586278915405273,11.532254219055176,11.508410453796387,11.510652542114258,11.46701717376709,11.550130844116211,12.62594223022461,11.51042652130127,11.641197204589844,11.467058181762695,11.385751724243164,11.460078239440918,11.635369300842285,11.535517692565918,11.482531547546387,11.534167289733887,11.531944274902344,11.367319107055664,11.537782669067383,11.554951667785645,11.568047523498535,11.398712158203125
9.7,11.53132,0.0,11.497149467468262,11.496729850769043,11.51038932800293,11.485298156738281,11.48938274383545,11.607163429260254,11.61354923248291,11.50677490234375,11.586278915405273,11.532254219055176,11.508410453796387,11.510652542114258,11.46701717376709,11.550130844116211,12.62594223022461,11.51042652130127,11.641197204589844,11.467058181762695,11.385751724243164,11.460078239440918,11.635369300842285,11.535517692565918,11.482531547546387,11.534167289733887,11.531944274902344,11.367319107055664,11.537782669067383,11.554951667785645,11.568047523498535,11.398712158203125
9.71,11.51206,0.0,11.497149467468262,11.496729850769043,11.51038932800293,11.485298156738281,11.48938274383545,11.607163429260254,11.61354923248291,11.50677490234375,11.586278915405273,11.532254219055176,11.508410453796387,11.510652542114258,11.46701717376709,11.550130844116211,12.62594223022461,11.51042652130127,11.641197204589844,11.467058181762695,11.385751724243164,11.460078239440918,11.635369300842285,11.535517692565918,11.482531547546387,11.534167289733887,11.531944274902344,11.367319107055664,11.537782669067383,11.554951667785645,11.568047523498535,11.398712158203125
9.72,11.49571,0.0,11.497149467468262,11.496729850769043,11.51038932800293,11.485298156738281,11.48938274383545,11.607163429260254,11.61354923248291,11.50677490234375,11.586278915405273,11.532254219055176,11.508410453796387,11.510652542114258,11.46701717376709,11.550130844116211,12.62594223022461,11.51042652130127,11.641197204589844,11.467058181762695,11.385751724243164,11.460078239440918,11.635369300842285,11.535517692565918,11.482531547546387,11.534167289733887,11.531944274902344,11.367319107055664,11.537782669067383,11.554951667785645,11.568047523498535,11.398712158203125
9.73,11.47912,0.0,11.497149467468262,11.496729850769043,11.51038932800293,11.485298156738281,11.48938274383545,11.607163429260254,11.61354923248291,11.50677490234375,11.586278915405273,11.532254219055176,11.508410453796387,11.510652542114258,11.46701717376709,11.550130844116211,12.62594223022461,11.51042652130127,11.641197204589844,11.467058181762695,11.385751724243164,11.460078239440918,11.635369300842285,11.535517692565918,11.482531547546387,11.534167289733887,11.531944274902344,11.367319107055664,11.537782669067383,11.554951667785645,11.568047523498535,11.398712158203125
9.74,11.46231,0.0,11.459163665771484,11.402608871459961,11.42370891571045,11.421402931213379,11.415339469909668,11.520662307739258,11.530008316040039,11.409439086914062,11.527388572692871,11.469893455505371,11.43067741394043,11.42856502532959,11.393255233764648,11.465581893920898,12.58836555480957,11.425474166870117,11.56810188293457,11.383874893188477,11.288419723510742,11.361491203308105,11.562423706054688,11.444194793701172,11.399748802185059,11.46154499053955,11.467289924621582,11.313443183898926,11.453662872314453,11.473457336425781,11.486119270324707,11.339399337768555
9.75,11.44532,0.0,11.459163665771484,11.402608871459961,11.42370891571045,11.421402931213379,11.415339469909668,11.520662307739258,11.530008316040039,11.409439086914062,11.527388572692871,11.469893455505371,11.43067741394043,11.42856502532959,11.393255233764648,11.465581893920898,12.58836555480957,11.425474166870117,11.56810188293457,11.383874893188477,11.288419723510742,11.361491203308105,11.562423706054688,11.444194793701172,11.399748802185059,11.46154499053955,11.467289924621582,11.313443183898926,11.453662872314453,11.473457336425781,11.486119270324707,11.339399337768555
9.76,11.42817,0.0,11.459163665771484,11.402608871459961,11.42370891571045,11.421402931213379,11.415339469909668,11.520662307739258,11.530008316040039,11.409439086914062,11.527388572692871,11.469893455505371,11.43067741394043,11.42856502532959,11.393255233764648,11.465581893920898,12.58836555480957,11.425474166870117,11.56810188293457,11.383874893188477,11.288419723510742,11.361491203308105,11.562423706054688,11.444194793701172,11.399748802185059,11.46154499053955,11.467289924621582,11.313443183898926,11.453662872314453,11.473457336425781,11.486119270324707,11.339399337768555
9.77,11.41087,0.0,11.459163665771484,11.402608871459961,11.42370891571045,11.421402931213379,11.415339469909668,11.520662307739258,11.530008316040039,11.409439086914062,11.527388572692871,11.469893455505371,11.43067741394043,11.42856502532959,11.393255233764648,11.465581893920898,12.58836555480957,11.425474166870117,11.56810188293457,11.383874893188477,11.288419723510742,11.361491203308105,11.562423706054688,11.444194793701172,11.399748802185059,11.46154499053955,11.467289924621582,11.313443183898926,11.453662872314453,11.473457336425781,11.486119270324707,11.339399337768555
9.78,11.39346,0.0,11.459163665771484,11.402608871459961,11.42370891571045,11.421402931213379,11.415339469909668,11.520662307739258,11.530008316040039,11.409439086914062,11.527388572692871,11.469893455505371,11.43067741394043,11.42856502532959,11.393255233764648,11.465581893920898,12.58836555480957,11.425474166870117,11.56810188293457,11.383874893188477,11.288419723510742,11.361491203308105,11.562423706054688,11.444194793701172,11.399748802185059,11.46154499053955,11.467289924621582,11.313443183898926,11.453662872314453,11.473457336425781,11.486119270324707,11.339399337768555
9.79,11.37946,0.0,11.405431747436523,11.32255744934082,11.329070091247559,11.344949722290039,11.334931373596191,11.440765380859375,11.43807601928711,11.312246322631836,11.458120346069336,11.395343780517578,11.342180252075195,11.335118293762207,11.305375099182129,11.376954078674316,12.549383163452148,11.334390640258789,11.483501434326172,11.297555923461914,11.19261646270752,11.25403118133545,11.487777709960938,11.349024772644043,11.320274353027344,11.380552291870117,11.395645141601562,11.258578300476074,11.36561393737793,11.393436431884766,11.399906158447266,11.274447441101074
9.8,11.3584,0.0,11.405431747436523,11.32255744934082,11.329070091247559,11.344949722290039,11.334931373596191,11.440765380859375,11.43807601928711,11.312246322631836,11.458120346069336,11.395343780517578,11.342180252075195,11.335118293762207,11.305375099182129,11.376954078674316,12.549383163452148,11.334390640258789,11.483501434326172,11.297555923461914,11.19261646270752,11.25403118133545,11.487777709960938,11.349024772644043,11.320274353027344,11.380552291870117,11.395645141601562,11.258578300476074,11.36561393737793,11.393436431884766,11.399906158447266,11.274447441101074
9.81,11.34079,0.0,11.405431747436523,11.32255744934082,11.329070091247559,11.344949722290039,11.334931373596191,11.440765380859375,11.43807601928711,11.312246322631836,11.458120346069336,11.395343780517578,11.342180252075195,11.335118293762207,11.305375099182129,11.376954078674316,12.549383163452148,11.334390640258789,11.483501434326172,11.297555923461914,11.19261646270752,11.25403118133545,11.487777709960938,11.349024772644043,11.320274353027344,11.380552291870117,11.395645141601562,11.258578300476074,11.36561393737793,11.393436431884766,11.399906158447266,11.274447441101074
9.82,11.32316,0.0,11.405431747436523,11.32255744934082,11.329070091247559,11.344949722290039,11.334931373596191,11.440765380859375,11.43807601928711,11.312246322631836,11.458120346069336,11.395343780517578,11.342180252075195,11.335118293762207,11.305375099182129,11.376954078674316,12.549383163452148,11.334390640258789,11.483501434326172,11.297555923461914,11.19261646270752,11.25403118133545,11.487777709960938,11.349024772644043,11.320274353027344,11.380552291870117,11.395645141601562,11.258578300476074,11.36561393737793,11.393436431884766,11.399906158447266,11.274447441101074
9.83,11.30552,0.0,11.405431747436523,11.32255744934082,11.329070091247559,11.344949722290039,11.334931373596191,11.440765380859375,11.43807601928711,11.312246322631836,11.458120346069336,11.395343780517578,11.342180252075195,11.335118293762207,11.305375099182129,11.376954078674316,12.549383163452148,11.334390640258789,11.483501434326172,11.297555923461914,11.19261646270752,11.25403118133545,11.487777709960938,11.349024772644043,11.320274353027344,11.380552291870117,11.395645141601562,11.258578300476074,11.36561393737793,11.393436431884766,11.399906158447266,11.274447441101074
9.84,11.28791,0.0,11.36888313293457,11.250465393066406,11.222207069396973,11.25953483581543,11.244709968566895,11.351784706115723,11.333049774169922,11.211220741271973,11.384331703186035,11.30031967163086,11.238446235656738,11.224059104919434,11.216153144836426,11.276134490966797,12.510200500488281,11.228053092956543,11.380383491516113,11.20499038696289,11.09630298614502,11.139721870422363,11.398889541625977,11.2444429397583,11.224574089050293,11.281339645385742,11.315471649169922,11.201370239257812,11.265695571899414,11.296854019165039,11.316109657287598,11.204001426696777
9.85,11.27033,0.0,11.36888313293457,11.250465393066406,11.222207069396973,11.25953483581543,11.244709968566895,11.351784706115723,11.333049774169922,11.211220741271973,11.384331703186035,11.30031967163086,11.238446235656738,11.224059104919434,11.216153144836426,11.276134490966797,12.510200500488281,11.228053092956543,11.380383491516113,11.20499038696289,11.09630298614502,11.139721870422363,11.398889541625977,11.2444429397583,11.224574089050293,11.281339645385742,11.315471649169922,11.201370239257812,11.265695571899414,11.296854019165039,11.316109657287598,11.204001426696777
9.86,11.2528,0.0,11.36888313293457,11.250465393066406,11.222207069396973,11.25953483581543,11.244709968566895,11.351784706115723,11.333049774169922,11.211220741271973,11.384331703186035,11.30031967163086,11.238446235656738,11.224059104919434,11.216153144836426,11.276134490966797,12.510200500488281,11.228053092956543,11.380383491516113,11.20499038696289,11.09630298614502,11.139721870422363,11.398889541625977,11.2444429397583,11.224574089050293,11.281339645385742,11.315471649169922,11.201370239257812,11.265695571899414,11.296854019165039,11.316109657287598,11.204001426696777
9.87,11.2388,0.0,11.36888313293457,11.250465393066406,11.222207069396973,11.25953483581543,11.244709968566895,11.351784706115723,11.333049774169922,11.211220741271973,11.384331703186035,11.30031967163086,11.238446235656738,11.224059104919434,11.216153144836426,11.276134490966797,12.510200500488281,11.228053092956543,11.380383491516113,11.20499038696289,11.09630298614502,11.139721870422363,11.398889541625977,11.2444429397583,11.224574089050293,11.281339645385742,11.315471649169922,11.201370239257812,11.265695571899414,11.296854019165039,11.316109657287598,11.204001426696777
9.88,11.21794,0.0,11.36888313293457,11.250465393066406,11.222207069396973,11.25953483581543,11.244709968566895,11.351784706115723,11.333049774169922,11.211220741271973,11.384331703186035,11.30031967163086,11.238446235656738,11.224059104919434,11.216153144836426,11.276134490966797,12.510200500488281,11.228053092956543,11.380383491516113,11.20499038696289,11.09630298614502,11.139721870422363,11.398889541625977,11.2444429397583,11.224574089050293,11.281339645385742,11.315471649169922,11.201370239257812,11.265695571899414,11.296854019165039,11.316109657287598,11.204001426696777
9.89,11.20063,0.0,11.325284004211426,11.190629959106445,11.122947692871094,11.174059867858887,11.154618263244629,11.26488971710205,11.226836204528809,11.117903709411621,11.310020446777344,11.197504043579102,11.14417552947998,11.1119384765625,11.135361671447754,11.176431655883789,12.47557544708252,11.121908187866211,11.267352104187012,11.108800888061523,11.007057189941406,11.029789924621582,11.311781883239746,11.140811920166016,11.126825332641602,11.17402458190918,11.233138084411621,11.1455078125,11.16398811340332,11.193365097045898,11.234277725219727,11.128876686096191
9.9,11.1834,0.0,11.325284004211426,11.190629959106445,11.122947692871094,11.174059867858887,11.154618263244629,11.26488971710205,11.226836204528809,11.117903709411621,11.310020446777344,11.197504043579102,11.14417552947998,11.1119384765625,11.135361671447754,11.176431655883789,12.47557544708252,11.121908187866211,11.267352104187012,11.108800888061523,11.007057189941406,11.029789924621582,11.311781883239746,11.140811920166016,11.126825332641602,11.17402458190918,11.233138084411621,11.1455078125,11.16398811340332,11.193365097045898,11.234277725219727,11.128876686096191
9.91,11.16627,0.0,11.325284004211426,11.190629959106445,11.122947692871094,11.174059867858887,11.154618263244629,11.26488971710205,11.226836204528809,11.117903709411621,11.310020446777344,11.197504043579102,11.14417552947998,11.1119384765625,11.135361671447754,11.176431655883789,12.47557544708252,11.121908187866211,11.267352104187012,11.108800888061523,11.007057189941406,11.029789924621582,11.311781883239746,11.140811920166016,11.126825332641602,11.17402458190918,11.233138084411621,11.1455078125,11.16398811340332,11.193365097045898,11.234277725219727,11.128876686096191
9.92,11.14922,0.0,11.325284004211426,11.190629959106445,11.122947692871094,11.174059867858887,11.154618263244629,11.26488971710205,11.226836204528809,11.117903709411621,11.310020446777344,11.197504043579102,11.14417552947998,11.1119384765625,11.135361671447754,11.176431655883789,12.47557544708252,11.121908187866211,11.267352104187012,11.108800888061523,11.007057189941406,11.029789924621582,11.311781883239746,11.140811920166016,11.126825332641602,11.17402458190918,11.233138084411621,11.1455078125,11.16398811340332,11.193365097045898,11.234277725219727,11.128876686096191
9.93,11.13227,0.0,11.325284004211426,11.190629959106445,11.122947692871094,11.174059867858887,11.154618263244629,11.26488971710205,11.226836204528809,11.117903709411621,11.310020446777344,11.197504043579102,11.14417552947998,11.1119384765625,11.135361671447754,11.176431655883789,12.47557544708252,11.121908187866211,11.267352104187012,11.108800888061523,11.007057189941406,11.029789924621582,11.311781883239746,11.140811920166016,11.126825332641602,11.17402458190918,11.233138084411621,11.1455078125,11.16398811340332,11.193365097045898,11.234277725219727,11.128876686096191
9.94,11.11539,0.0,11.257791519165039,11.116546630859375,10.986560821533203,11.07431697845459,11.043111801147461,11.140315055847168,11.090161323547363,11.001322746276855,11.211835861206055,11.067519187927246,11.023797035217285,10.994749069213867,11.042577743530273,11.060712814331055,12.432350158691406,11.007637023925781,11.145148277282715,11.005802154541016,10.929609298706055,10.929009437561035,11.212874412536621,11.03735637664795,11.025121688842773,11.063488006591797,11.147697448730469,11.084779739379883,11.064720153808594,11.08133316040039,11.149726867675781,11.046305656433105
9.95,11.10193,0.0,11.257791519165039,11.116546630859375,10.986560821533203,11.07431697845459,11.043111801147461,11.140315055847168,11.090161323547363,11.001322746276855,11.211835861206055,11.067519187927246,11.023797035217285,10.994749069213867,11.042577743530273,11.060712814331055,12.432350158691406,11.007637023925781,11.145148277282715,11.005802154541016,10.929609298706055,10.929009437561035,11.212874412536621,11.03735637664795,11.025121688842773,11.063488006591797,11.147697448730469,11.084779739379883,11.064720153808594,11.08133316040039,11.149726867675781,11.046305656433105
9.96,11.08186,0.0,11.257791519165039,11.116546630859375,10.986560821533203,11.07431697845459,11.043111801147461,11.140315055847168,11.090161323547363,11.001322746276855,11.211835861206055,11.067519187927246,11.023797035217285,10.994749069213867,11.042577743530273,11.060712814331055,12.432350158691406,11.007637023925781,11.145148277282715,11.005802154541016,10.929609298706055,10.929009437561035,11.212874412536621,11.03735637664795,11.025121688842773,11.063488006591797,11.147697448730469,11.084779739379883,11.064720153808594,11.08133316040039,11.149726867675781,11.046305656433105
9.97,11.06517,0.0,11.257791519165039,11.116546630859375,10.986560821533203,11.07431697845459,11.043111801147461,11.140315055847168,11.090161323547363,11.001322746276855,11.211835861206055,11.067519187927246,11.023797035217285,10.994749069213867,11.042577743530273,11.060712814331055,12.432350158691406,11.007637023925781,11.145148277282715,11.005802154541016,10.929609298706055,10.929009437561035,11.212874412536621,11.03735637664795,11.025121688842773,11.063488006591797,11.147697448730469,11.084779739379883,11.064720153808594,11.08133316040039,11.149726867675781,11.046305656433105
9.98,11.04852,0.0,11.257791519165039,11.116546630859375,10.986560821533203,11.07431697845459,11.043111801147461,11.140315055847168,11.090161323547363,11.001322746276855,11.211835861206055,11.067519187927246,11.023797035217285,10.994749069213867,11.042577743530273,11.060712814331055,12.432350158691406,11.007637023925781,11.145148277282715,11.005802154541016,10.929609298706055,10.929009437561035,11.212874412536621,11.03735637664795,11.025121688842773,11.063488006591797,11.147697448730469,11.084779739379883,11.064720153808594,11.08133316040039,11.149726867675781,11.046305656433105
9.99,11.03189,0.0,11.163920402526855,11.021713256835938,10.872608184814453,10.998867988586426,10.941744804382324,11.018135070800781,10.966552734375,10.889554023742676,11.113384246826172,10.956520080566406,10.93297290802002,10.890832901000977,10.957537651062012,10.950481414794922,12.388899803161621,10.908188819885254,11.032724380493164,10.901366233825684,10.856242179870605,10.839665412902832,11.112292289733887,10.94001293182373,10.92392349243164,10.96264934539795,11.062782287597656,11.027153015136719,10.972408294677734,10.969401359558105,11.06287956237793,10.957497596740723
10.0,11.01526,0.0,11.163920402526855,11.021713256835938,10.872608184814453,10.998867988586426,10.941744804382324,11.018135070800781,10.966552734375,10.889554023742676,11.113384246826172,10.956520080566406,10.93297290802002,10.890832901000977,10.957537651062012,10.950481414794922,12.388899803161621,10.908188819885254,11.032724380493164,10.901366233825684,10.856242179870605,10.839665412902832,11.112292289733887,10.94001293182373,10.92392349243164,10.96264934539795,11.062782287597656,11.027153015136719,10.972408294677734,10.969401359558105,11.06287956237793,10.957497596740723
10.01,10.9986,0.0,11.163920402526855,11.021713256835938,10.872608184814453,10.998867988586426,10.941744804382324,11.018135070800781,10.966552734375,10.889554023742676,11.113384246826172,10.956520080566406,10.93297290802002,10.890832901000977,10.957537651062012,10.950481414794922,12.388899803161621,10.908188819885254,11.032724380493164,10.901366233825684,10.856242179870605,10.839665412902832,11.112292289733887,10.94001293182373,10.92392349243164,10.96264934539795,11.062782287597656,11.027153015136719,10.972408294677734,10.969401359558105,11.06287956237793,10.957497596740723
10.02,10.9819,0.0,11.163920402526855,11.021713256835938,10.872608184814453,10.998867988586426,10.941744804382324,11.018135070800781,10.966552734375,10.889554023742676,11.113384246826172,10.956520080566406,10.93297290802002,10.890832901000977,10.957537651062012,10.950481414794922,12.388899803161621,10.908188819885254,11.032724380493164,10.901366233825684,10.856242179870605,10.839665412902832,11.112292289733887,10.94001293182373,10.92392349243164,10.96264934539795,11.062782287597656,11.027153015136719,10.972408294677734,10.969401359558105,11.06287956237793,10.957497596740723
10.03,10.96513,0.0,11.163920402526855,11.021713256835938,10.872608184814453,10.998867988586426,10.941744804382324,11.018135070800781,10.966552734375,10.889554023742676,11.113384246826172,10.956520080566406,10.93297290802002,10.890832901000977,10.957537651062012,10.950481414794922,12.388899803161621,10.908188819885254,11.032724380493164,10.901366233825684,10.856242179870605,10.839665412902832,11.112292289733887,10.94001293182373,10.92392349243164,10.96264934539795,11.062782287597656,11.027153015136719,10.972408294677734,10.969401359558105,11.06287956237793,10.957497596740723
10.04,10.95163,0.0,11.064067840576172,10.929121971130371,10.768802642822266,10.913457870483398,10.85673999786377,10.907275199890137,10.8468656539917,10.778810501098633,11.017355918884277,10.84631633758545,10.845765113830566,10.781458854675293,10.879569053649902,10.844747543334961,12.344280242919922,10.81414794921875,10.916099548339844,10.7959566116333,10.78239917755127,10.750218391418457,11.022150039672852,10.842297554016113,10.830268859863281,10.858373641967773,10.970126152038574,10.976151466369629,10.878682136535645,10.862107276916504,10.989946365356445,10.863158226013184
10.05,10.93128,0.0,11.064067840576172,10.929121971130371,10.768802642822266,10.913457870483398,10.85673999786377,10.907275199890137,10.8468656539917,10.778810501098633,11.017355918884277,10.84631633758545,10.845765113830566,10.781458854675293,10.879569053649902,10.844747543334961,12.344280242919922,10.81414794921875,10.916099548339844,10.7959566116333,10.78239917755127,10.750218391418457,11.022150039672852,10.842297554016113,10.830268859863281,10.858373641967773,10.970126152038574,10.976151466369629,10.878682136535645,10.862107276916504,10.989946365356445,10.863158226013184
10.06,10.91414,0.0,11.064067840576172,10.929121971130371,10.768802642822266,10.913457870483398,10.85673999786377,10.907275199890137,10.8468656539917,10.778810501098633,11.017355918884277,10.84631633758545,10.845765113830566,10.781458854675293,10.879569053649902,10.844747543334961,12.344280242919922,10.81414794921875,10.916099548339844,10.7959566116333,10.78239917755127,10.750218391418457,11.022150039672852,10.842297554016113,10.830268859863281,10.858373641967773,10.970126152038574,10.976151466369629,10.878682136535645,10.862107276916504,10.989946365356445,10.863158226013184
10.07,10.89683,0.0,11.064067840576172,10.929121971130371,10.768802642822266,10.913457870483398,10.85673999786377,10.907275199890137,10.8468656539917,10.778810501098633,11.017355918884277,10.84631633758545,10.845765113830566,10.781458854675293,10.879569053649902,10.844747543334961,12.344280242919922,10.81414794921875,10.916099548339844,10.7959566116333,10.78239917755127,10.750218391418457,11.022150039672852,10.842297554016113,10.830268859863281,10.858373641967773,10.970126152038574,10.976151466369629,10.878682136535645,10.862107276916504,10.989946365356445,10.863158226013184
10.08,10.87933,0.0,11.064067840576172,10.929121971130371,10.768802642822266,10.913457870483398,10.85673999786377,10.907275199890137,10.8468656539917,10.778810501098633,11.017355918884277,10.84631633758545,10.845765113830566,10.781458854675293,10.879569053649902,10.844747543334961,12.344280242919922,10.81414794921875,10.916099548339844,10.7959566116333,10.78239917755127,10.750218391418457,11.022150039672852,10.842297554016113,10.830268859863281,10.858373641967773,10.970126152038574,10.976151466369629,10.878682136535645,10.862107276916504,10.989946365356445,10.863158226013184
10.09,10.8616,0.0,10.965274810791016,10.842095375061035,10.688462257385254,10.832832336425781,10.787406921386719,10.818231582641602,10.7457914352417,10.689617156982422,10.93205738067627,10.745719909667969,10.776246070861816,10.675825119018555,10.817423820495605,10.751180648803711,12.299177169799805,10.727705001831055,10.802419662475586,10.692658424377441,10.711874961853027,10.663393020629883,10.939784049987793,10.744991302490234,10.741499900817871,10.75958251953125,10.87547492980957,10.932046890258789,10.787894248962402,10.763727188110352,10.926895141601562,10.760039329528809
10.1,10.84361,0.0,10.965274810791016,10.842095375061035,10.688462257385254,10.832832336425781,10.787406921386719,10.818231582641602,10.7457914352417,10.689617156982422,10.93205738067627,10.745719909667969,10.776246070861816,10.675825119018555,10.817423820495605,10.751180648803711,12.299177169799805,10.727705001831055,10.802419662475586,10.692658424377441,10.711874961853027,10.663393020629883,10.939784049987793,10.744991302490234,10.741499900817871,10.75958251953125,10.87547492980957,10.932046890258789,10.787894248962402,10.763727188110352,10.926895141601562,10.760039329528809
10.11,10.82537,0.0,10.965274810791016,10.842095375061035,10.688462257385254,10.832832336425781,10.787406921386719,10.818231582641602,10.7457914352417,10.689617156982422,10.93205738067627,10.745719909667969,10.776246070861816,10.675825119018555,10.817423820495605,10.751180648803711,12.299177169799805,10.727705001831055,10.802419662475586,10.692658424377441,10.711874961853027,10.663393020629883,10.939784049987793,10.744991302490234,10.741499900817871,10.75958251953125,10.87547492980957,10.932046890258789,10.787894248962402,10.763727188110352,10.926895141601562,10.760039329528809
10.12,10.81054,0.0,10.965274810791016,10.842095375061035,10.688462257385254,10.832832336425781,10.787406921386719,10.818231582641602,10.7457914352417,10.689617156982422,10.93205738067627,10.745719909667969,10.776246070861816,10.675825119018555,10.817423820495605,10.751180648803711,12.299177169799805,10.727705001831055,10.802419662475586,10.692658424377441,10.711874961853027,10.663393020629883,10.939784049987793,10.744991302490234,10.741499900817871,10.75958251953125,10.87547492980957,10.932046890258789,10.787894248962402,10.763727188110352,10.926895141601562,10.760039329528809
10.13,10.78797,0.0,10.965274810791016,10.842095375061035,10.688462257385254,10.832832336425781,10.787406921386719,10.818231582641602,10.7457914352417,10.689617156982422,10.93205738067627,10.745719909667969,10.776246070861816,10.675825119018555,10.817423820495605,10.751180648803711,12.299177169799805,10.727705001831055,10.802419662475586,10.692658424377441,10.711874961853027,10.663393020629883,10.939784049987793,10.744991302490234,10.741499900817871,10.75958251953125,10.87547492980957,10.932046890258789,10.787894248962402,10.763727188110352,10.926895141601562,10.760039329528809
10.14,10.76879,0.0,10.857757568359375,10.753443717956543,10.598710060119629,10.741608619689941,10.707127571105957,10.720298767089844,10.642394065856934,10.600340843200684,10.830509185791016,10.631810188293457,10.688699722290039,10.571288108825684,10.739165306091309,10.657426834106445,12.243082046508789,10.633591651916504,10.689788818359375,10.589122772216797,10.639974594116211,10.57434368133545,10.847331047058105,10.64375114440918,10.649445533752441,10.66123104095459,10.776034355163574,10.884697914123535,10.694189071655273,10.66450023651123,10.852396011352539,10.644661903381348
10.15,10.74926,0.0,10.857757568359375,10.753443717956543,10.598710060119629,10.741608619689941,10.707127571105957,10.720298767089844,10.642394065856934,10.600340843200684,10.830509185791016,10.631810188293457,10.688699722290039,10.571288108825684,10.739165306091309,10.657426834106445,12.243082046508789,10.633591651916504,10.689788818359375,10.589122772216797,10.639974594116211,10.57434368133545,10.847331047058105,10.64375114440918,10.649445533752441,10.66123104095459,10.776034355163574,10.884697914123535,10.694189071655273,10.66450023651123,10.852396011352539,10.644661903381348
10.16,10.72937,0.0,10.857757568359375,10.753443717956543,10.598710060119629,10.741608619689941,10.707127571105957,10.720298767089844,10.642394065856934,10.600340843200684,10.830509185791016,10.631810188293457,10.688699722290039,10.571288108825684,10.739165306091309,10.657426834106445,12.243082046508789,10.633591651916504,10.689788818359375,10.589122772216797,10.639974594116211,10.57434368133545,10.847331047058105,10.64375114440918,10.649445533752441,10.66123104095459,10.776034355163574,10.884697914123535,10.694189071655273,10.66450023651123,10.852396011352539,10.644661903381348
10.17,10.70912,0.0,10.857757568359375,10.753443717956543,10.598710060119629,10.741608619689941,10.707127571105957,10.720298767089844,10.642394065856934,10.600340843200684,10.830509185791016,10.631810188293457,10.688699722290039,10.571288108825684,10.739165306091309,10.657426834106445,12.243082046508789,10.633591651916504,10.689788818359375,10.589122772216797,10.639974594116211,10.57434368133545,10.847331047058105,10.64375114440918,10.649445533752441,10.66123104095459,10.776034355163574,10.884697914123535,10.694189071655273,10.66450023651123,10.852396011352539,10.644661903381348
10.18,10.68849,0.0,10.857757568359375,10.753443717956543,10.598710060119629,10.741608619689941,10.707127571105957,10.720298767089844,10.642394065856934,10.600340843200684,10.830509185791016,10.631810188293457,10.688699722290039,10.571288108825684,10.739165306091309,10.657426834106445,12.243082046508789,10.633591651916504,10.689788818359375,10.589122772216797,10.639974594116211,10.57434368133545,10.847331047058105,10.64375114440918,10.649445533752441,10.66123104095459,10.776034355163574,10.884697914123535,10.694189071655273,10.66450023651123,10.852396011352539,10.644661903381348
10.19,10.66748,0.0,10.735929489135742,10.649410247802734,10.497468948364258,10.633431434631348,10.61591911315918,10.62267780303955,10.529593467712402,10.500343322753906,10.722126007080078,10.502838134765625,10.576415061950684,10.457903861999512,10.664046287536621,10.557648658752441,12.178102493286133,10.526272773742676,10.57371711730957,10.482034683227539,10.552522659301758,10.478984832763672,10.750914573669434,10.53422737121582,10.5447359085083,10.553178787231445,10.668814659118652,10.831554412841797,10.589485168457031,10.555281639099121,10.785882949829102,10.513157844543457
10.2,10.65037,0.0,10.735929489135742,10.649410247802734,10.497468948364258,10.633431434631348,10.61591911315918,10.62267780303955,10.529593467712402,10.500343322753906,10.722126007080078,10.502838134765625,10.576415061950684,10.457903861999512,10.664046287536621,10.557648658752441,12.178102493286133,10.526272773742676,10.57371711730957,10.482034683227539,10.552522659301758,10.478984832763672,10.750914573669434,10.53422737121582,10.5447359085083,10.553178787231445,10.668814659118652,10.831554412841797,10.589485168457031,10.555281639099121,10.785882949829102,10.513157844543457
10.21,10.62433,0.0,10.735929489135742,10.649410247802734,10.497468948364258,10.633431434631348,10.61591911315918,10.62267780303955,10.529593467712402,10.500343322753906,10.722126007080078,10.502838134765625,10.576415061950684,10.457903861999512,10.664046287536621,10.557648658752441,12.178102493286133,10.526272773742676,10.57371711730957,10.482034683227539,10.552522659301758,10.478984832763672,10.750914573669434,10.53422737121582,10.5447359085083,10.553178787231445,10.668814659118652,10.831554412841797,10.589485168457031,10.555281639099121,10.785882949829102,10.513157844543457
10.22,10.60218,0.0,10.735929489135742,10.649410247802734,10.497468948364258,10.633431434631348,10.61591911315918,10.62267780303955,10.529593467712402,10.500343322753906,10.722126007080078,10.502838134765625,10.576415061950684,10.457903861999512,10.664046287536621,10.557648658752441,12.178102493286133,10.526272773742676,10.57371711730957,10.482034683227539,10.552522659301758,10.478984832763672,10.750914573669434,10.53422737121582,10.5447359085083,10.553178787231445,10.668814659118652,10.831554412841797,10.589485168457031,10.555281639099121,10.785882949829102,10.513157844543457
10.23,10.57967,0.0,10.735929489135742,10.649410247802734,10.497468948364258,10.633431434631348,10.61591911315918,10.62267780303955,10.529593467712402,10.500343322753906,10.722126007080078,10.502838134765625,10.576415061950684,10.457903861999512,10.664046287536621,10.557648658752441,12.178102493286133,10.526272773742676,10.57371711730957,10.482034683227539,10.552522659301758,10.478984832763672,10.750914573669434,10.53422737121582,10.5447359085083,10.553178787231445,10.668814659118652,10.831554412841797,10.589485168457031,10.555281639099121,10.785882949829102,10.513157844543457
10.24,10.5568,0.0,10.612561225891113,10.519448280334473,10.384892463684082,10.541911125183105,10.511889457702637,10.489556312561035,10.411341667175293,10.383150100708008,10.605616569519043,10.373970985412598,10.455862045288086,10.349165916442871,10.579119682312012,10.444156646728516,12.09416389465332,10.409089088439941,10.466007232666016,10.36772346496582,10.441795349121094,10.379290580749512,10.630220413208008,10.412684440612793,10.417486190795898,10.446270942687988,10.562114715576172,10.772687911987305,10.47749137878418,10.429368019104004,10.705340385437012,10.364789962768555
10.25,10.53359,0.0,10.612561225891113,10.519448280334473,10.384892463684082,10.541911125183105,10.511889457702637,10.489556312561035,10.411341667175293,10.383150100708008,10.605616569519043,10.373970985412598,10.455862045288086,10.349165916442871,10.579119682312012,10.444156646728516,12.09416389465332,10.409089088439941,10.466007232666016,10.36772346496582,10.441795349121094,10.379290580749512,10.630220413208008,10.412684440612793,10.417486190795898,10.446270942687988,10.562114715576172,10.772687911987305,10.47749137878418,10.429368019104004,10.705340385437012,10.364789962768555
10.26,10.51005,0.0,10.612561225891113,10.519448280334473,10.384892463684082,10.541911125183105,10.511889457702637,10.489556312561035,10.411341667175293,10.383150100708008,10.605616569519043,10.373970985412598,10.455862045288086,10.349165916442871,10.579119682312012,10.444156646728516,12.09416389465332,10.409089088439941,10.466007232666016,10.36772346496582,10.441795349121094,10.379290580749512,10.630220413208008,10.412684440612793,10.417486190795898,10.446270942687988,10.562114715576172,10.772687911987305,10.47749137878418,10.429368019104004,10.705340385437012,10.364789962768555
10.27,10.48619,0.0,10.612561225891113,10.519448280334473,10.384892463684082,10.541911125183105,10.511889457702637,10.489556312561035,10.411341667175293,10.383150100708008,10.605616569519043,10.373970985412598,10.455862045288086,10.349165916442871,10.579119682312012,10.444156646728516,12.09416389465332,10.409089088439941,10.466007232666016,10.36772346496582,10.441795349121094,10.379290580749512,10.630220413208008,10.412684440612793,10.417486190795898,10.446270942687988,10.562114715576172,10.772687911987305,10.47749137878418,10.429368019104004,10.705340385437012,10.364789962768555
10.28,10.46204,0.0,10.612561225891113,10.519448280334473,10.384892463684082,10.541911125183105,10.511889457702637,10.489556312561035,10.411341667175293,10.383150100708008,10.605616569519043,10.373970985412598,10.455862045288086,10.349165916442871,10.579119682312012,10.444156646728516,12.09416389465332,10.409089088439941,10.466007232666016,10.36772346496582,10.441795349121094,10.379290580749512,10.630220413208008,10.412684440612793,10.417486190795898,10.446270942687988,10.562114715576172,10.772687911987305,10.47749137878418,10.429368019104004,10.705340385437012,10.364789962768555
10.29,10.4425,0.0,10.499072074890137,10.383010864257812,10.260246276855469,10.44424057006836,10.401118278503418,10.348716735839844,10.285505294799805,10.251289367675781,10.489789962768555,10.253625869750977,10.323376655578613,10.23986530303955,10.502918243408203,10.326991081237793,11.997650146484375,10.28810977935791,10.35820198059082,10.24931526184082,10.305744171142578,10.266708374023438,10.511618614196777,10.282663345336914,10.29491138458252,10.339656829833984,10.454737663269043,10.709285736083984,10.359591484069824,10.304380416870117,10.608592987060547,10.207719802856445
10.3,10.41294,0.0,10.499072074890137,10.383010864257812,10.260246276855469,10.44424057006836,10.401118278503418,10.348716735839844,10.285505294799805,10.251289367675781,10.489789962768555,10.253625869750977,10.323376655578613,10.23986530303955,10.502918243408203,10.326991081237793,11.997650146484375,10.28810977935791,10.35820198059082,10.24931526184082,10.305744171142578,10.266708374023438,10.511618614196777,10.282663345336914,10.29491138458252,10.339656829833984,10.454737663269043,10.709285736083984,10.359591484069824,10.304380416870117,10.608592987060547,10.207719802856445
10.31,10.38804,0.0,10.499072074890137,10.383010864257812,10.260246276855469,10.44424057006836,10.401118278503418,10.348716735839844,10.285505294799805,10.251289367675781,10.489789962768555,10.253625869750977,10.323376655578613,10.23986530303955,10.502918243408203,10.326991081237793,11.997650146484375,10.28810977935791,10.35820198059082,10.24931526184082,10.305744171142578,10.266708374023438,10.511618614196777,10.282663345336914,10.29491138458252,10.339656829833984,10.454737663269043,10.709285736083984,10.359591484069824,10.304380416870117,10.608592987060547,10.207719802856445
10.32,10.36292,0.0,10.499072074890137,10.383010864257812,10.260246276855469,10.44424057006836,10.401118278503418,10.348716735839844,10.285505294799805,10.251289367675781,10.489789962768555,10.253625869750977,10.323376655578613,10.23986530303955,10.502918243408203,10.326991081237793,11.997650146484375,10.28810977935791,10.35820198059082,10.24931526184082,10.305744171142578,10.266708374023438,10.511618614196777,10.282663345336914,10.29491138458252,10.339656829833984,10.454737663269043,10.709285736083984,10.359591484069824,10.304380416870117,10.608592987060547,10.207719802856445
10.33,10.33763,0.0,10.499072074890137,10.383010864257812,10.260246276855469,10.44424057006836,10.401118278503418,10.348716735839844,10.285505294799805,10.251289367675781,10.489789962768555,10.253625869750977,10.323376655578613,10.23986530303955,10.502918243408203,10.326991081237793,11.997650146484375,10.28810977935791,10.35820198059082,10.24931526184082,10.305744171142578,10.266708374023438,10.511618614196777,10.282663345336914,10.29491138458252,10.339656829833984,10.454737663269043,10.709285736083984,10.359591484069824,10.304380416870117,10.608592987060547,10.207719802856445
10.34,10.31218,0.0,10.364596366882324,10.23232364654541,10.150932312011719,10.350956916809082,10.300959587097168,10.212079048156738,10.16207218170166,10.12060832977295,10.377202987670898,10.148598670959473,10.205730438232422,10.117645263671875,10.4100923538208,10.205946922302246,11.890164375305176,10.163265228271484,10.249016761779785,10.128376007080078,10.150138854980469,10.139915466308594,10.388774871826172,10.149680137634277,10.17076587677002,10.23000431060791,10.339883804321289,10.641453742980957,10.233475685119629,10.180973052978516,10.501237869262695,10.057231903076172
10.35,10.28659,0.0,10.364596366882324,10.23232364654541,10.150932312011719,10.350956916809082,10.300959587097168,10.212079048156738,10.16207218170166,10.12060832977295,10.377202987670898,10.148598670959473,10.205730438232422,10.117645263671875,10.4100923538208,10.205946922302246,11.890164375305176,10.163265228271484,10.249016761779785,10.128376007080078,10.150138854980469,10.139915466308594,10.388774871826172,10.149680137634277,10.17076587677002,10.23000431060791,10.339883804321289,10.641453742980957,10.233475685119629,10.180973052978516,10.501237869262695,10.057231903076172
10.36,10.26089,0.0,10.364596366882324,10.23232364654541,10.150932312011719,10.350956916809082,10.300959587097168,10.212079048156738,10.16207218170166,10.12060832977295,10.377202987670898,10.148598670959473,10.205730438232422,10.117645263671875,10.4100923538208,10.205946922302246,11.890164375305176,10.163265228271484,10.249016761779785,10.128376007080078,10.150138854980469,10.139915466308594,10.388774871826172,10.149680137634277,10.17076587677002,10.23000431060791,10.339883804321289,10.641453742980957,10.233475685119629,10.180973052978516,10.501237869262695,10.057231903076172
10.37,10.24025,0.0,10.364596366882324,10.23232364654541,10.150932312011719,10.350956916809082,10.300959587097168,10.212079048156738,10.16207218170166,10.12060832977295,10.377202987670898,10.148598670959473,10.205730438232422,10.117645263671875,10.4100923538208,10.205946922302246,11.890164375305176,10.163265228271484,10.249016761779785,10.128376007080078,10.150138854980469,10.139915466308594,10.388774871826172,10.149680137634277,10.17076587677002,10.23000431060791,10.339883804321289,10.641453742980957,10.233475685119629,10.180973052978516,10.501237869262695,10.057231903076172
10.38,10.20924,0.0,10.364596366882324,10.23232364654541,10.150932312011719,10.350956916809082,10.300959587097168,10.212079048156738,10.16207218170166,10.12060832977295,10.377202987670898,10.148598670959473,10.205730438232422,10.117645263671875,10.4100923538208,10.205946922302246,11.890164375305176,10.163265228271484,10.249016761779785,10.128376007080078,10.150138854980469,10.139915466308594,10.388774871826172,10.149680137634277,10.17076587677002,10.23000431060791,10.339883804321289,10.641453742980957,10.233475685119629,10.180973052978516,10.501237869262695,10.057231903076172
10.39,10.18334,0.0,10.284502983093262,10.085014343261719,10.020182609558105,10.243815422058105,10.199538230895996,10.055115699768066,10.026517868041992,9.978108406066895,10.27687931060791,10.02221393585205,10.07073974609375,9.978307723999023,10.308904647827148,10.06989860534668,11.764650344848633,10.024877548217773,10.125626564025879,10.00198745727539,9.99517822265625,9.999266624450684,10.247507095336914,10.011408805847168,10.039340019226074,10.105257034301758,10.217390060424805,10.564835548400879,10.098593711853027,10.048730850219727,10.390114784240723,9.920523643493652
10.4,10.15739,0.0,10.284502983093262,10.085014343261719,10.020182609558105,10.243815422058105,10.199538230895996,10.055115699768066,10.026517868041992,9.978108406066895,10.27687931060791,10.02221393585205,10.07073974609375,9.978307723999023,10.308904647827148,10.06989860534668,11.764650344848633,10.024877548217773,10.125626564025879,10.00198745727539,9.99517822265625,9.999266624450684,10.247507095336914,10.011408805847168,10.039340019226074,10.105257034301758,10.217390060424805,10.564835548400879,10.098593711853027,10.048730850219727,10.390114784240723,9.920523643493652
10.41,10.13142,0.0,10.284502983093262,10.085014343261719,10.020182609558105,10.243815422058105,10.199538230895996,10.055115699768066,10.026517868041992,9.978108406066895,10.27687931060791,10.02221393585205,10.07073974609375,9.978307723999023,10.308904647827148,10.06989860534668,11.764650344848633,10.024877548217773,10.125626564025879,10.00198745727539,9.99517822265625,9.999266624450684,10.247507095336914,10.011408805847168,10.039340019226074,10.105257034301758,10.217390060424805,10.564835548400879,10.098593711853027,10.048730850219727,10.390114784240723,9.920523643493652
10.42,10.10547,0.0,10.284502983093262,10.085014343261719,10.020182609558105,10.243815422058105,10.199538230895996,10.055115699768066,10.026517868041992,9.978108406066895,10.27687931060791,10.02221393585205,10.07073974609375,9.978307723999023,10.308904647827148,10.06989860534668,11.764650344848633,10.024877548217773,10.125626564025879,10.00198745727539,9.99517822265625,9.999266624450684,10.247507095336914,10.011408805847168,10.039340019226074,10.105257034301758,10.217390060424805,10.564835548400879,10.098593711853027,10.048730850219727,10.390114784240723,9.920523643493652
10.43,10.07951,0.0,10.284502983093262,10.085014343261719,10.020182609558105,10.243815422058105,10.199538230895996,10.055115699768066,10.026517868041992,9.978108406066895,10.27687931060791,10.02221393585205,10.07073974609375,9.978307723999023,10.308904647827148,10.06989860534668,11.764650344848633,10.024877548217773,10.125626564025879,10.00198745727539,9.99517822265625,9.999266624450684,10.247507095336914,10.011408805847168,10.039340019226074,10.105257034301758,10.217390060424805,10.564835548400879,10.098593711853027,10.048730850219727,10.390114784240723,9.920523643493652
10.44,10.05357,0.0,10.184284210205078,9.930973052978516,9.876825332641602,10.1185941696167,10.06601333618164,9.900069236755371,9.88146686553955,9.8351469039917,10.154682159423828,9.88219928741455,9.922313690185547,9.824071884155273,10.180877685546875,9.927730560302734,11.626243591308594,9.878897666931152,9.992874145507812,9.873007774353027,9.846109390258789,9.851724624633789,10.103240966796875,9.87175178527832,9.904213905334473,9.967031478881836,10.090149879455566,10.48281192779541,9.95878791809082,9.911307334899902,10.252479553222656,9.798259735107422
10.45,10.0328,0.0,10.184284210205078,9.930973052978516,9.876825332641602,10.1185941696167,10.06601333618164,9.900069236755371,9.88146686553955,9.8351469039917,10.154682159423828,9.88219928741455,9.922313690185547,9.824071884155273,10.180877685546875,9.927730560302734,11.626243591308594,9.878897666931152,9.992874145507812,9.873007774353027,9.846109390258789,9.851724624633789,10.103240966796875,9.87175178527832,9.904213905334473,9.967031478881836,10.090149879455566,10.48281192779541,9.95878791809082,9.911307334899902,10.252479553222656,9.798259735107422
10.46,10.00174,0.0,10.184284210205078,9.930973052978516,9.876825332641602,10.1185941696167,10.06601333618164,9.900069236755371,9.88146686553955,9.8351469039917,10.154682159423828,9.88219928741455,9.922313690185547,9.824071884155273,10.180877685546875,9.927730560302734,11.626243591308594,9.878897666931152,9.992874145507812,9.873007774353027,9.846109390258789,9.851724624633789,10.103240966796875,9.87175178527832,9.904213905334473,9.967031478881836,10.090149879455566,10.48281192779541,9.95878791809082,9.911307334899902,10.252479553222656,9.798259735107422
10.47,9.97585,0.0,10.184284210205078,9.930973052978516,9.876825332641602,10.1185941696167,10.06601333618164,9.900069236755371,9.88146686553955,9.8351469039917,10.154682159423828,9.88219928741455,9.922313690185547,9.824071884155273,10.180877685546875,9.927730560302734,11.626243591308594,9.878897666931152,9.992874145507812,9.873007774353027,9.846109390258789,9.851724624633789,10.103240966796875,9.87175178527832,9.904213905334473,9.967031478881836,10.090149879455566,10.48281192779541,9.95878791809082,9.911307334899902,10.252479553222656,9.798259735107422
10.48,9.95,0.0,10.184284210205078,9.930973052978516,9.876825332641602,10.1185941696167,10.06601333618164,9.900069236755371,9.88146686553955,9.8351469039917,10.154682159423828,9.88219928741455,9.922313690185547,9.824071884155273,10.180877685546875,9.927730560302734,11.626243591308594,9.878897666931152,9.992874145507812,9.873007774353027,9.846109390258789,9.851724624633789,10.103240966796875,9.87175178527832,9.904213905334473,9.967031478881836,10.090149879455566,10.48281192779541,9.95878791809082,9.911307334899902,10.252479553222656,9.798259735107422
10.49,9.92416,0.0,10.09898853302002,9.778847694396973,9.753583908081055,10.00691032409668,9.939173698425293,9.74708080291748,9.75207233428955,9.706851959228516,10.043763160705566,9.754476547241211,9.794838905334473,9.685420989990234,10.051630973815918,9.792121887207031,11.472945213317871,9.743978500366211,9.863340377807617,9.745996475219727,9.704874038696289,9.708685874938965,9.95361328125,9.737540245056152,9.767407417297363,9.833183288574219,9.96312141418457,10.392070770263672,9.825214385986328,9.77311897277832,10.103615760803223,9.688179969787598
10.5,9.89832,0.0,10.09898853302002,9.778847694396973,9.753583908081055,10.00691032409668,9.939173698425293,9.74708080291748,9.75207233428955,9.706851959228516,10.043763160705566,9.754476547241211,9.794838905334473,9.685420989990234,10.051630973815918,9.792121887207031,11.472945213317871,9.743978500366211,9.863340377807617,9.745996475219727,9.704874038696289,9.708685874938965,9.95361328125,9.737540245056152,9.767407417297363,9.833183288574219,9.96312141418457,10.392070770263672,9.825214385986328,9.77311897277832,10.103615760803223,9.688179969787598
10.51,9.87251,0.0,10.09898853302002,9.778847694396973,9.753583908081055,10.00691032409668,9.939173698425293,9.74708080291748,9.75207233428955,9.706851959228516,10.043763160705566,9.754476547241211,9.794838905334473,9.685420989990234,10.051630973815918,9.792121887207031,11.472945213317871,9.743978500366211,9.863340377807617,9.745996475219727,9.704874038696289,9.708685874938965,9.95361328125,9.737540245056152,9.767407417297363,9.833183288574219,9.96312141418457,10.392070770263672,9.825214385986328,9.77311897277832,10.103615760803223,9.688179969787598
10.52,9.84668,0.0,10.09898853302002,9.778847694396973,9.753583908081055,10.00691032409668,9.939173698425293,9.74708080291748,9.75207233428955,9.706851959228516,10.043763160705566,9.754476547241211,9.794838905334473,9.685420989990234,10.051630973815918,9.792121887207031,11.472945213317871,9.743978500366211,9.863340377807617,9.745996475219727,9.704874038696289,9.708685874938965,9.95361328125,9.737540245056152,9.767407417297363,9.833183288574219,9.96312141418457,10.392070770263672,9.825214385986328,9.77311897277832,10.103615760803223,9.688179969787598
10.53,9.82083,0.0,10.09898853302002,9.778847694396973,9.753583908081055,10.00691032409668,9.939173698425293,9.74708080291748,9.75207233428955,9.706851959228516,10.043763160705566,9.754476547241211,9.794838905334473,9.685420989990234,10.051630973815918,9.792121887207031,11.472945213317871,9.743978500366211,9.863340377807617,9.745996475219727,9.704874038696289,9.708685874938965,9.95361328125,9.737540245056152,9.767407417297363,9.833183288574219,9.96312141418457,10.392070770263672,9.825214385986328,9.77311897277832,10.103615760803223,9.688179969787598
10.54,9.80011,0.0,9.956689834594727,9.626667976379395,9.595282554626465,9.86438274383545,9.775705337524414,9.57925033569336,9.600818634033203,9.55518627166748,9.898072242736816,9.599089622497559,9.637917518615723,9.540393829345703,9.892205238342285,9.646794319152832,11.299066543579102,9.602649688720703,9.723662376403809,9.615822792053223,9.570058822631836,9.56993579864502,9.8008451461792,9.602934837341309,9.63349723815918,9.691641807556152,9.828099250793457,10.291199684143066,9.691839218139648,9.635088920593262,9.942822456359863,9.586028099060059
10.55,9.76903,0.0,9.956689834594727,9.626667976379395,9.595282554626465,9.86438274383545,9.775705337524414,9.57925033569336,9.600818634033203,9.55518627166748,9.898072242736816,9.599089622497559,9.637917518615723,9.540393829345703,9.892205238342285,9.646794319152832,11.299066543579102,9.602649688720703,9.723662376403809,9.615822792053223,9.570058822631836,9.56993579864502,9.8008451461792,9.602934837341309,9.63349723815918,9.691641807556152,9.828099250793457,10.291199684143066,9.691839218139648,9.635088920593262,9.942822456359863,9.586028099060059
10.56,9.74306,0.0,9.956689834594727,9.626667976379395,9.595282554626465,9.86438274383545,9.775705337524414,9.57925033569336,9.600818634033203,9.55518627166748,9.898072242736816,9.599089622497559,9.637917518615723,9.540393829345703,9.892205238342285,9.646794319152832,11.299066543579102,9.602649688720703,9.723662376403809,9.615822792053223,9.570058822631836,9.56993579864502,9.8008451461792,9.602934837341309,9.63349723815918,9.691641807556152,9.828099250793457,10.291199684143066,9.691839218139648,9.635088920593262,9.942822456359863,9.586028099060059
10.57,9.71701,0.0,9.956689834594727,9.626667976379395,9.595282554626465,9.86438274383545,9.775705337524414,9.57925033569336,9.600818634033203,9.55518627166748,9.898072242736816,9.599089622497559,9.637917518615723,9.540393829345703,9.892205238342285,9.646794319152832,11.299066543579102,9.602649688720703,9.723662376403809,9.615822792053223,9.570058822631836,9.56993579864502,9.8008451461792,9.602934837341309,9.63349723815918,9.691641807556152,9.828099250793457,10.291199684143066,9.691839218139648,9.635088920593262,9.942822456359863,9.586028099060059
10.58,9.69087,0.0,9.956689834594727,9.626667976379395,9.595282554626465,9.86438274383545,9.775705337524414,9.57925033569336,9.600818634033203,9.55518627166748,9.898072242736816,9.599089622497559,9.637917518615723,9.540393829345703,9.892205238342285,9.646794319152832,11.299066543579102,9.602649688720703,9.723662376403809,9.615822792053223,9.570058822631836,9.56993579864502,9.8008451461792,9.602934837341309,9.63349723815918,9.691641807556152,9.828099250793457,10.291199684143066,9.691839218139648,9.635088920593262,9.942822456359863,9.586028099060059
10.59,9.66463,0.0,9.802094459533691,9.476616859436035,9.493487358093262,9.732502937316895,9.642318725585938,9.457534790039062,9.478913307189941,9.435789108276367,9.769684791564941,9.470168113708496,9.517982482910156,9.400364875793457,9.767566680908203,9.517656326293945,11.119293212890625,9.473669052124023,9.58797836303711,9.490768432617188,9.432645797729492,9.435121536254883,9.667133331298828,9.47039794921875,9.498981475830078,9.549695014953613,9.689656257629395,10.188212394714355,9.557173728942871,9.50143051147461,9.803940773010254,9.491524696350098
10.6,9.63827,0.0,9.802094459533691,9.476616859436035,9.493487358093262,9.732502937316895,9.642318725585938,9.457534790039062,9.478913307189941,9.435789108276367,9.769684791564941,9.470168113708496,9.517982482910156,9.400364875793457,9.767566680908203,9.517656326293945,11.119293212890625,9.473669052124023,9.58797836303711,9.490768432617188,9.432645797729492,9.435121536254883,9.667133331298828,9.47039794921875,9.498981475830078,9.549695014953613,9.689656257629395,10.188212394714355,9.557173728942871,9.50143051147461,9.803940773010254,9.491524696350098
10.61,9.61179,0.0,9.802094459533691,9.476616859436035,9.493487358093262,9.732502937316895,9.642318725585938,9.457534790039062,9.478913307189941,9.435789108276367,9.769684791564941,9.470168113708496,9.517982482910156,9.400364875793457,9.767566680908203,9.517656326293945,11.119293212890625,9.473669052124023,9.58797836303711,9.490768432617188,9.432645797729492,9.435121536254883,9.667133331298828,9.47039794921875,9.498981475830078,9.549695014953613,9.689656257629395,10.188212394714355,9.557173728942871,9.50143051147461,9.803940773010254,9.491524696350098
10.62,9.59048,0.0,9.802094459533691,9.476616859436035,9.493487358093262,9.732502937316895,9.642318725585938,9.457534790039062,9.478913307189941,9.435789108276367,9.769684791564941,9.470168113708496,9.517982482910156,9.400364875793457,9.767566680908203,9.517656326293945,11.119293212890625,9.473669052124023,9.58797836303711,9.490768432617188,9.432645797729492,9.435121536254883,9.667133331298828,9.47039794921875,9.498981475830078,9.549695014953613,9.689656257629395,10.188212394714355,9.557173728942871,9.50143051147461,9.803940773010254,9.491524696350098
10.63,9.55839,0.0,9.802094459533691,9.476616859436035,9.493487358093262,9.732502937316895,9.642318725585938,9.457534790039062,9.478913307189941,9.435789108276367,9.769684791564941,9.470168113708496,9.517982482910156,9.400364875793457,9.767566680908203,9.517656326293945,11.119293212890625,9.473669052124023,9.58797836303711,9.490768432617188,9.432645797729492,9.435121536254883,9.667133331298828,9.47039794921875,9.498981475830078,9.549695014953613,9.689656257629395,10.188212394714355,9.557173728942871,9.50143051147461,9.803940773010254,9.491524696350098
10.64,9.53145,0.0,9.656412124633789,9.379156112670898,9.422445297241211,9.564417839050293,9.541600227355957,9.394436836242676,9.378569602966309,9.346407890319824,9.652084350585938,9.330574035644531,9.409432411193848,9.263644218444824,9.653321266174316,9.406726837158203,10.9461030960083,9.348518371582031,9.437545776367188,9.371026992797852,9.311760902404785,9.30761432647705,9.560054779052734,9.345101356506348,9.382414817810059,9.393271446228027,9.542463302612305,10.08006477355957,9.423822402954102,9.378314018249512,9.681174278259277,9.401342391967773
10.65,9.50434,0.0,9.656412124633789,9.379156112670898,9.422445297241211,9.564417839050293,9.541600227355957,9.394436836242676,9.378569602966309,9.346407890319824,9.652084350585938,9.330574035644531,9.409432411193848,9.263644218444824,9.653321266174316,9.406726837158203,10.9461030960083,9.348518371582031,9.437545776367188,9.371026992797852,9.311760902404785,9.30761432647705,9.560054779052734,9.345101356506348,9.382414817810059,9.393271446228027,9.542463302612305,10.08006477355957,9.423822402954102,9.378314018249512,9.681174278259277,9.401342391967773
10.66,9.47706,0.0,9.656412124633789,9.379156112670898,9.422445297241211,9.564417839050293,9.541600227355957,9.394436836242676,9.378569602966309,9.346407890319824,9.652084350585938,9.330574035644531,9.409432411193848,9.263644218444824,9.653321266174316,9.406726837158203,10.9461030960083,9.348518371582031,9.437545776367188,9.371026992797852,9.311760902404785,9.30761432647705,9.560054779052734,9.345101356506348,9.382414817810059,9.393271446228027,9.542463302612305,10.08006477355957,9.423822402954102,9.378314018249512,9.681174278259277,9.401342391967773
10.67,9.44959,0.0,9.656412124633789,9.379156112670898,9.422445297241211,9.564417839050293,9.541600227355957,9.394436836242676,9.378569602966309,9.346407890319824,9.652084350585938,9.330574035644531,9.409432411193848,9.263644218444824,9.653321266174316,9.406726837158203,10.9461030960083,9.348518371582031,9.437545776367188,9.371026992797852,9.311760902404785,9.30761432647705,9.560054779052734,9.345101356506348,9.382414817810059,9.393271446228027,9.542463302612305,10.08006477355957,9.423822402954102,9.378314018249512,9.681174278259277,9.401342391967773
10.68,9.42195,0.0,9.656412124633789,9.379156112670898,9.422445297241211,9.564417839050293,9.541600227355957,9.394436836242676,9.378569602966309,9.346407890319824,9.652084350585938,9.330574035644531,9.409432411193848,9.263644218444824,9.653321266174316,9.406726837158203,10.9461030960083,9.348518371582031,9.437545776367188,9.371026992797852,9.311760902404785,9.30761432647705,9.560054779052734,9.345101356506348,9.382414817810059,9.393271446228027,9.542463302612305,10.08006477355957,9.423822402954102,9.378314018249512,9.681174278259277,9.401342391967773
10.69,9.39413,0.0,9.497194290161133,9.245077133178711,9.250653266906738,9.396587371826172,9.381745338439941,9.229477882385254,9.218466758728027,9.212902069091797,9.499741554260254,9.145841598510742,9.238579750061035,9.121880531311035,9.501131057739258,9.257948875427246,10.720508575439453,9.195748329162598,9.285375595092773,9.246073722839355,9.181960105895996,9.192911148071289,9.397762298583984,9.20733642578125,9.224120140075684,9.235519409179688,9.397804260253906,9.945667266845703,9.28255844116211,9.225045204162598,9.549145698547363,9.304020881652832
10.7,9.37172,0.0,9.497194290161133,9.245077133178711,9.250653266906738,9.396587371826172,9.381745338439941,9.229477882385254,9.218466758728027,9.212902069091797,9.499741554260254,9.145841598510742,9.238579750061035,9.121880531311035,9.501131057739258,9.257948875427246,10.720508575439453,9.195748329162598,9.285375595092773,9.246073722839355,9.181960105895996,9.192911148071289,9.397762298583984,9.20733642578125,9.224120140075684,9.235519409179688,9.397804260253906,9.945667266845703,9.28255844116211,9.225045204162598,9.549145698547363,9.304020881652832
10.71,9.33796,0.0,9.497194290161133,9.245077133178711,9.250653266906738,9.396587371826172,9.381745338439941,9.229477882385254,9.218466758728027,9.212902069091797,9.499741554260254,9.145841598510742,9.238579750061035,9.121880531311035,9.501131057739258,9.257948875427246,10.720508575439453,9.195748329162598,9.285375595092773,9.246073722839355,9.181960105895996,9.192911148071289,9.397762298583984,9.20733642578125,9.224120140075684,9.235519409179688,9.397804260253906,9.945667266845703,9.28255844116211,9.225045204162598,9.549145698547363,9.304020881652832
10.72,9.30963,0.0,9.497194290161133,9.245077133178711,9.250653266906738,9.396587371826172,9.381745338439941,9.229477882385254,9.218466758728027,9.212902069091797,9.499741554260254,9.145841598510742,9.238579750061035,9.121880531311035,9.501131057739258,9.257948875427246,10.720508575439453,9.195748329162598,9.285375595092773,9.246073722839355,9.181960105895996,9.192911148071289,9.397762298583984,9.20733642578125,9.224120140075684,9.235519409179688,9.397804260253906,9.945667266845703,9.28255844116211,9.225045204162598,9.549145698547363,9.304020881652832
10.73,9.28115,0.0,9.497194290161133,9.245077133178711,9.250653266906738,9.396587371826172,9.381745338439941,9.229477882385254,9.218466758728027,9.212902069091797,9.499741554260254,9.145841598510742,9.238579750061035,9.121880531311035,9.501131057739258,9.257948875427246,10.720508575439453,9.195748329162598,9.285375595092773,9.246073722839355,9.181960105895996,9.192911148071289,9.397762298583984,9.20733642578125,9.224120140075684,9.235519409179688,9.397804260253906,9.945667266845703,9.28255844116211,9.225045204162598,9.549145698547363,9.304020881652832
10.74,9.25252,0.0,9.356012344360352,9.081583976745605,9.104355812072754,9.229037284851074,9.223755836486816,9.079071044921875,9.059331893920898,9.075945854187012,9.352555274963379,8.994447708129883,9.075074195861816,8.986136436462402,9.35816764831543,9.118629455566406,10.469700813293457,9.054383277893066,9.144429206848145,9.124763488769531,9.02292537689209,9.0740327835083,9.24526309967041,9.063094139099121,9.070408821105957,9.087044715881348,9.25070571899414,9.800236701965332,9.138381004333496,9.078556060791016,9.415586471557617,9.200139045715332
10.75,9.22377,0.0,9.356012344360352,9.081583976745605,9.104355812072754,9.229037284851074,9.223755836486816,9.079071044921875,9.059331893920898,9.075945854187012,9.352555274963379,8.994447708129883,9.075074195861816,8.986136436462402,9.35816764831543,9.118629455566406,10.469700813293457,9.054383277893066,9.144429206848145,9.124763488769531,9.02292537689209,9.0740327835083,9.24526309967041,9.063094139099121,9.070408821105957,9.087044715881348,9.25070571899414,9.800236701965332,9.138381004333496,9.078556060791016,9.415586471557617,9.200139045715332
10.76,9.19491,0.0,9.356012344360352,9.081583976745605,9.104355812072754,9.229037284851074,9.223755836486816,9.079071044921875,9.059331893920898,9.075945854187012,9.352555274963379,8.994447708129883,9.075074195861816,8.986136436462402,9.35816764831543,9.118629455566406,10.469700813293457,9.054383277893066,9.144429206848145,9.124763488769531,9.02292537689209,9.0740327835083,9.24526309967041,9.063094139099121,9.070408821105957,9.087044715881348,9.25070571899414,9.800236701965332,9.138381004333496,9.078556060791016,9.415586471557617,9.200139045715332
10.77,9.16595,0.0,9.356012344360352,9.081583976745605,9.104355812072754,9.229037284851074,9.223755836486816,9.079071044921875,9.059331893920898,9.075945854187012,9.352555274963379,8.994447708129883,9.075074195861816,8.986136436462402,9.35816764831543,9.118629455566406,10.469700813293457,9.054383277893066,9.144429206848145,9.124763488769531,9.02292537689209,9.0740327835083,9.24526309967041,9.063094139099121,9.070408821105957,9.087044715881348,9.25070571899414,9.800236701965332,9.138381004333496,9.078556060791016,9.415586471557617,9.200139045715332
10.78,9.13692,0.0,9.356012344360352,9.081583976745605,9.104355812072754,9.229037284851074,9.223755836486816,9.079071044921875,9.059331893920898,9.075945854187012,9.352555274963379,8.994447708129883,9.075074195861816,8.986136436462402,9.35816764831543,9.118629455566406,10.469700813293457,9.054383277893066,9.144429206848145,9.124763488769531,9.02292537689209,9.0740327835083,9.24526309967041,9.063094139099121,9.070408821105957,9.087044715881348,9.25070571899414,9.800236701965332,9.138381004333496,9.078556060791016,9.415586471557617,9.200139045715332
10.79,9.11363,0.0,9.180326461791992,8.920882225036621,8.997225761413574,9.068922996520996,9.080843925476074,8.944912910461426,8.920373916625977,8.943599700927734,9.2138671875,8.867447853088379,8.932098388671875,8.850852966308594,9.220232963562012,8.982601165771484,10.184805870056152,8.918872833251953,9.00698471069336,9.003898620605469,8.845349311828613,8.938828468322754,9.100579261779785,8.908726692199707,8.919200897216797,8.939352989196777,9.100737571716309,9.648736953735352,8.985430717468262,8.936293601989746,9.269282341003418,9.084911346435547
10.8,9.07871,0.0,9.180326461791992,8.920882225036621,8.997225761413574,9.068922996520996,9.080843925476074,8.944912910461426,8.920373916625977,8.943599700927734,9.2138671875,8.867447853088379,8.932098388671875,8.850852966308594,9.220232963562012,8.982601165771484,10.184805870056152,8.918872833251953,9.00698471069336,9.003898620605469,8.845349311828613,8.938828468322754,9.100579261779785,8.908726692199707,8.919200897216797,8.939352989196777,9.100737571716309,9.648736953735352,8.985430717468262,8.936293601989746,9.269282341003418,9.084911346435547
10.81,9.04958,0.0,9.180326461791992,8.920882225036621,8.997225761413574,9.068922996520996,9.080843925476074,8.944912910461426,8.920373916625977,8.943599700927734,9.2138671875,8.867447853088379,8.932098388671875,8.850852966308594,9.220232963562012,8.982601165771484,10.184805870056152,8.918872833251953,9.00698471069336,9.003898620605469,8.845349311828613,8.938828468322754,9.100579261779785,8.908726692199707,8.919200897216797,8.939352989196777,9.100737571716309,9.648736953735352,8.985430717468262,8.936293601989746,9.269282341003418,9.084911346435547
10.82,9.02045,0.0,9.180326461791992,8.920882225036621,8.997225761413574,9.068922996520996,9.080843925476074,8.944912910461426,8.920373916625977,8.943599700927734,9.2138671875,8.867447853088379,8.932098388671875,8.850852966308594,9.220232963562012,8.982601165771484,10.184805870056152,8.918872833251953,9.00698471069336,9.003898620605469,8.845349311828613,8.938828468322754,9.100579261779785,8.908726692199707,8.919200897216797,8.939352989196777,9.100737571716309,9.648736953735352,8.985430717468262,8.936293601989746,9.269282341003418,9.084911346435547
10.83,8.99137,0.0,9.180326461791992,8.920882225036621,8.997225761413574,9.068922996520996,9.080843925476074,8.944912910461426,8.920373916625977,8.943599700927734,9.2138671875,8.867447853088379,8.932098388671875,8.850852966308594,9.220232963562012,8.982601165771484,10.184805870056152,8.918872833251953,9.00698471069336,9.003898620605469,8.845349311828613,8.938828468322754,9.100579261779785,8.908726692199707,8.919200897216797,8.939352989196777,9.100737571716309,9.648736953735352,8.985430717468262,8.936293601989746,9.269282341003418,9.084911346435547
10.84,8.96233,0.0,9.025870323181152,8.770035743713379,8.85214614868164,8.892744064331055,8.916788101196289,8.789336204528809,8.767001152038574,8.792390823364258,9.062840461730957,8.718924522399902,8.76318645477295,8.707079887390137,9.066227912902832,8.831466674804688,9.844294548034668,8.7686128616333,8.859758377075195,8.879677772521973,8.671613693237305,8.789647102355957,8.947051048278809,8.7466402053833,8.765094757080078,8.782218933105469,8.948946952819824,9.483817100524902,8.823015213012695,8.78725528717041,9.128284454345703,8.948750495910645
10.85,8.93338,0.0,9.025870323181152,8.770035743713379,8.85214614868164,8.892744064331055,8.916788101196289,8.789336204528809,8.767001152038574,8.792390823364258,9.062840461730957,8.718924522399902,8.76318645477295,8.707079887390137,9.066227912902832,8.831466674804688,9.844294548034668,8.7686128616333,8.859758377075195,8.879677772521973,8.671613693237305,8.789647102355957,8.947051048278809,8.7466402053833,8.765094757080078,8.782218933105469,8.948946952819824,9.483817100524902,8.823015213012695,8.78725528717041,9.128284454345703,8.948750495910645
10.86,8.90453,0.0,9.025870323181152,8.770035743713379,8.85214614868164,8.892744064331055,8.916788101196289,8.789336204528809,8.767001152038574,8.792390823364258,9.062840461730957,8.718924522399902,8.76318645477295,8.707079887390137,9.066227912902832,8.831466674804688,9.844294548034668,8.7686128616333,8.859758377075195,8.879677772521973,8.671613693237305,8.789647102355957,8.947051048278809,8.7466402053833,8.765094757080078,8.782218933105469,8.948946952819824,9.483817100524902,8.823015213012695,8.78725528717041,9.128284454345703,8.948750495910645
10.87,8.8815,0.0,9.025870323181152,8.770035743713379,8.85214614868164,8.892744064331055,8.916788101196289,8.789336204528809,8.767001152038574,8.792390823364258,9.062840461730957,8.718924522399902,8.76318645477295,8.707079887390137,9.066227912902832,8.831466674804688,9.844294548034668,8.7686128616333,8.859758377075195,8.879677772521973,8.671613693237305,8.789647102355957,8.947051048278809,8.7466402053833,8.765094757080078,8.782218933105469,8.948946952819824,9.483817100524902,8.823015213012695,8.78725528717041,9.128284454345703,8.948750495910645
10.88,8.84721,0.0,9.025870323181152,8.770035743713379,8.85214614868164,8.892744064331055,8.916788101196289,8.789336204528809,8.767001152038574,8.792390823364258,9.062840461730957,8.718924522399902,8.76318645477295,8.707079887390137,9.066227912902832,8.831466674804688,9.844294548034668,8.7686128616333,8.859758377075195,8.879677772521973,8.671613693237305,8.789647102355957,8.947051048278809,8.7466402053833,8.765094757080078,8.782218933105469,8.948946952819824,9.483817100524902,8.823015213012695,8.78725528717041,9.128284454345703,8.948750495910645
10.89,8.81879,0.0,8.892753601074219,8.630112648010254,8.72906494140625,8.734021186828613,8.787757873535156,8.65465259552002,8.637057304382324,8.658673286437988,8.936532974243164,8.590960502624512,8.623086929321289,8.58249568939209,8.924206733703613,8.691976547241211,9.447102546691895,8.6368989944458,8.72220516204834,8.760087966918945,8.517789840698242,8.647671699523926,8.804410934448242,8.602274894714355,8.628379821777344,8.63582706451416,8.806544303894043,9.311405181884766,8.676752090454102,8.648213386535645,8.978510856628418,8.788667678833008
10.9,8.79054,0.0,8.892753601074219,8.630112648010254,8.72906494140625,8.734021186828613,8.787757873535156,8.65465259552002,8.637057304382324,8.658673286437988,8.936532974243164,8.590960502624512,8.623086929321289,8.58249568939209,8.924206733703613,8.691976547241211,9.447102546691895,8.6368989944458,8.72220516204834,8.760087966918945,8.517789840698242,8.647671699523926,8.804410934448242,8.602274894714355,8.628379821777344,8.63582706451416,8.806544303894043,9.311405181884766,8.676752090454102,8.648213386535645,8.978510856628418,8.788667678833008
10.91,8.7625,0.0,8.892753601074219,8.630112648010254,8.72906494140625,8.734021186828613,8.787757873535156,8.65465259552002,8.637057304382324,8.658673286437988,8.936532974243164,8.590960502624512,8.623086929321289,8.58249568939209,8.924206733703613,8.691976547241211,9.447102546691895,8.6368989944458,8.72220516204834,8.760087966918945,8.517789840698242,8.647671699523926,8.804410934448242,8.602274894714355,8.628379821777344,8.63582706451416,8.806544303894043,9.311405181884766,8.676752090454102,8.648213386535645,8.978510856628418,8.788667678833008
10.92,8.73466,0.0,8.892753601074219,8.630112648010254,8.72906494140625,8.734021186828613,8.787757873535156,8.65465259552002,8.637057304382324,8.658673286437988,8.936532974243164,8.590960502624512,8.623086929321289,8.58249568939209,8.924206733703613,8.691976547241211,9.447102546691895,8.6368989944458,8.72220516204834,8.760087966918945,8.517789840698242,8.647671699523926,8.804410934448242,8.602274894714355,8.628379821777344,8.63582706451416,8.806544303894043,9.311405181884766,8.676752090454102,8.648213386535645,8.978510856628418,8.788667678833008
10.93,8.70706,0.0,8.892753601074219,8.630112648010254,8.72906494140625,8.734021186828613,8.787757873535156,8.65465259552002,8.637057304382324,8.658673286437988,8.936532974243164,8.590960502624512,8.623086929321289,8.58249568939209,8.924206733703613,8.691976547241211,9.447102546691895,8.6368989944458,8.72220516204834,8.760087966918945,8.517789840698242,8.647671699523926,8.804410934448242,8.602274894714355,8.628379821777344,8.63582706451416,8.806544303894043,9.311405181884766,8.676752090454102,8.648213386535645,8.978510856628418,8.788667678833008
10.94,8.67968,0.0,8.770322799682617,8.493647575378418,8.590008735656738,8.58372974395752,8.64357852935791,8.513060569763184,8.503764152526855,8.525694847106934,8.806802749633789,8.465593338012695,8.490442276000977,8.467567443847656,8.760066032409668,8.55383014678955,8.971980094909668,8.517305374145508,8.591731071472168,8.641990661621094,8.383095741271973,8.520959854125977,8.661100387573242,8.480466842651367,8.499640464782715,8.49620532989502,8.674875259399414,9.11396312713623,8.546082496643066,8.511757850646973,8.840021133422852,8.587533950805664
10.95,8.65794,0.0,8.770322799682617,8.493647575378418,8.590008735656738,8.58372974395752,8.64357852935791,8.513060569763184,8.503764152526855,8.525694847106934,8.806802749633789,8.465593338012695,8.490442276000977,8.467567443847656,8.760066032409668,8.55383014678955,8.971980094909668,8.517305374145508,8.591731071472168,8.641990661621094,8.383095741271973,8.520959854125977,8.661100387573242,8.480466842651367,8.499640464782715,8.49620532989502,8.674875259399414,9.11396312713623,8.546082496643066,8.511757850646973,8.840021133422852,8.587533950805664
10.96,8.62568,0.0,8.770322799682617,8.493647575378418,8.590008735656738,8.58372974395752,8.64357852935791,8.513060569763184,8.503764152526855,8.525694847106934,8.806802749633789,8.465593338012695,8.490442276000977,8.467567443847656,8.760066032409668,8.55383014678955,8.971980094909668,8.517305374145508,8.591731071472168,8.641990661621094,8.383095741271973,8.520959854125977,8.661100387573242,8.480466842651367,8.499640464782715,8.49620532989502,8.674875259399414,9.11396312713623,8.546082496643066,8.511757850646973,8.840021133422852,8.587533950805664
10.97,8.59906,0.0,8.770322799682617,8.493647575378418,8.590008735656738,8.58372974395752,8.64357852935791,8.513060569763184,8.503764152526855,8.525694847106934,8.806802749633789,8.465593338012695,8.490442276000977,8.467567443847656,8.760066032409668,8.55383014678955,8.971980094909668,8.517305374145508,8.591731071472168,8.641990661621094,8.383095741271973,8.520959854125977,8.661100387573242,8.480466842651367,8.499640464782715,8.49620532989502,8.674875259399414,9.11396312713623,8.546082496643066,8.511757850646973,8.840021133422852,8.587533950805664
10.98,8.5727,0.0,8.770322799682617,8.493647575378418,8.590008735656738,8.58372974395752,8.64357852935791,8.513060569763184,8.503764152526855,8.525694847106934,8.806802749633789,8.465593338012695,8.490442276000977,8.467567443847656,8.760066032409668,8.55383014678955,8.971980094909668,8.517305374145508,8.591731071472168,8.641990661621094,8.383095741271973,8.520959854125977,8.661100387573242,8.480466842651367,8.499640464782715,8.49620532989502,8.674875259399414,9.11396312713623,8.546082496643066,8.511757850646973,8.840021133422852,8.587533950805664
10.99,8.5466,0.0,8.727550506591797,8.379738807678223,8.491104125976562,8.440752983093262,8.531328201293945,8.409603118896484,8.402636528015137,8.41440200805664,8.712703704833984,8.362911224365234,8.396796226501465,8.359506607055664,8.630095481872559,8.442761421203613,8.466232299804688,8.420132637023926,8.467296600341797,8.531686782836914,8.272002220153809,8.409131050109863,8.54318904876709,8.377620697021484,8.395190238952637,8.36840534210205,8.550830841064453,8.912555694580078,8.435297012329102,8.395161628723145,8.712225914001465,8.384422302246094
11.0,8.52074,0.0,8.727550506591797,8.379738807678223,8.491104125976562,8.440752983093262,8.531328201293945,8.409603118896484,8.402636528015137,8.41440200805664,8.712703704833984,8.362911224365234,8.396796226501465,8.359506607055664,8.630095481872559,8.442761421203613,8.466232299804688,8.420132637023926,8.467296600341797,8.531686782836914,8.272002220153809,8.409131050109863,8.54318904876709,8.377620697021484,8.395190238952637,8.36840534210205,8.550830841064453,8.912555694580078,8.435297012329102,8.395161628723145,8.712225914001465,8.384422302246094
11.01,8.49516,0.0,8.727550506591797,8.379738807678223,8.491104125976562,8.440752983093262,8.531328201293945,8.409603118896484,8.402636528015137,8.41440200805664,8.712703704833984,8.362911224365234,8.396796226501465,8.359506607055664,8.630095481872559,8.442761421203613,8.466232299804688,8.420132637023926,8.467296600341797,8.531686782836914,8.272002220153809,8.409131050109863,8.54318904876709,8.377620697021484,8.395190238952637,8.36840534210205,8.550830841064453,8.912555694580078,8.435297012329102,8.395161628723145,8.712225914001465,8.384422302246094
11.02,8.4698,0.0,8.727550506591797,8.379738807678223,8.491104125976562,8.440752983093262,8.531328201293945,8.409603118896484,8.402636528015137,8.41440200805664,8.712703704833984,8.362911224365234,8.396796226501465,8.359506607055664,8.630095481872559,8.442761421203613,8.466232299804688,8.420132637023926,8.467296600341797,8.531686782836914,8.272002220153809,8.409131050109863,8.54318904876709,8.377620697021484,8.395190238952637,8.36840534210205,8.550830841064453,8.912555694580078,8.435297012329102,8.395161628723145,8.712225914001465,8.384422302246094
11.03,8.44469,0.0,8.727550506591797,8.379738807678223,8.491104125976562,8.440752983093262,8.531328201293945,8.409603118896484,8.402636528015137,8.41440200805664,8.712703704833984,8.362911224365234,8.396796226501465,8.359506607055664,8.630095481872559,8.442761421203613,8.466232299804688,8.420132637023926,8.467296600341797,8.531686782836914,8.272002220153809,8.409131050109863,8.54318904876709,8.377620697021484,8.395190238952637,8.36840534210205,8.550830841064453,8.912555694580078,8.435297012329102,8.395161628723145,8.712225914001465,8.384422302246094
11.04,8.42474,0.0,8.573415756225586,8.256206512451172,8.346578598022461,8.294461250305176,8.335774421691895,8.273694038391113,8.276114463806152,8.279812812805176,8.555312156677246,8.23542308807373,8.277758598327637,8.23635196685791,8.472399711608887,8.321463584899902,7.995937824249268,8.313654899597168,8.343402862548828,8.42070484161377,8.17443561553955,8.307344436645508,8.42061996459961,8.266809463500977,8.282208442687988,8.242927551269531,8.433272361755371,8.697868347167969,8.328475952148438,8.277748107910156,8.540410041809082,8.259087562561035
11.05,8.39513,0.0,8.573415756225586,8.256206512451172,8.346578598022461,8.294461250305176,8.335774421691895,8.273694038391113,8.276114463806152,8.279812812805176,8.555312156677246,8.23542308807373,8.277758598327637,8.23635196685791,8.472399711608887,8.321463584899902,7.995937824249268,8.313654899597168,8.343402862548828,8.42070484161377,8.17443561553955,8.307344436645508,8.42061996459961,8.266809463500977,8.282208442687988,8.242927551269531,8.433272361755371,8.697868347167969,8.328475952148438,8.277748107910156,8.540410041809082,8.259087562561035
11.06,8.37065,0.0,8.573415756225586,8.256206512451172,8.346578598022461,8.294461250305176,8.335774421691895,8.273694038391113,8.276114463806152,8.279812812805176,8.555312156677246,8.23542308807373,8.277758598327637,8.23635196685791,8.472399711608887,8.321463584899902,7.995937824249268,8.313654899597168,8.343402862548828,8.42070484161377,8.17443561553955,8.307344436645508,8.42061996459961,8.266809463500977,8.282208442687988,8.242927551269531,8.433272361755371,8.697868347167969,8.328475952148438,8.277748107910156,8.540410041809082,8.259087562561035
11.07,8.34635,0.0,8.573415756225586,8.256206512451172,8.346578598022461,8.294461250305176,8.335774421691895,8.273694038391113,8.276114463806152,8.279812812805176,8.555312156677246,8.23542308807373,8.277758598327637,8.23635196685791,8.472399711608887,8.321463584899902,7.995937824249268,8.313654899597168,8.343402862548828,8.42070484161377,8.17443561553955,8.307344436645508,8.42061996459961,8.266809463500977,8.282208442687988,8.242927551269531,8.433272361755371,8.697868347167969,8.328475952148438,8.277748107910156,8.540410041809082,8.259087562561035
11.08,8.32223,0.0,8.573415756225586,8.256206512451172,8.346578598022461,8.294461250305176,8.335774421691895,8.273694038391113,8.276114463806152,8.279812812805176,8.555312156677246,8.23542308807373,8.277758598327637,8.23635196685791,8.472399711608887,8.321463584899902,7.995937824249268,8.313654899597168,8.343402862548828,8.42070484161377,8.17443561553955,8.307344436645508,8.42061996459961,8.266809463500977,8.282208442687988,8.242927551269531,8.433272361755371,8.697868347167969,8.328475952148438,8.277748107910156,8.540410041809082,8.259087562561035
11.09,8.29823,0.0,8.419255256652832,8.158415794372559,8.25455093383789,8.15359115600586,8.218914985656738,8.186087608337402,8.178545951843262,8.177033424377441,8.423584938049316,8.128546714782715,8.185046195983887,8.115933418273926,8.322637557983398,8.218695640563965,7.727417945861816,8.211292266845703,8.221213340759277,8.316740989685059,8.07905101776123,8.207073211669922,8.312214851379395,8.150725364685059,8.17423152923584,8.116921424865723,8.304483413696289,8.497991561889648,8.218631744384766,8.167913436889648,8.407691955566406,8.180841445922852
11.1,8.27438,0.0,8.419255256652832,8.158415794372559,8.25455093383789,8.15359115600586,8.218914985656738,8.186087608337402,8.178545951843262,8.177033424377441,8.423584938049316,8.128546714782715,8.185046195983887,8.115933418273926,8.322637557983398,8.218695640563965,7.727417945861816,8.211292266845703,8.221213340759277,8.316740989685059,8.07905101776123,8.207073211669922,8.312214851379395,8.150725364685059,8.17423152923584,8.116921424865723,8.304483413696289,8.497991561889648,8.218631744384766,8.167913436889648,8.407691955566406,8.180841445922852
11.11,8.25065,0.0,8.419255256652832,8.158415794372559,8.25455093383789,8.15359115600586,8.218914985656738,8.186087608337402,8.178545951843262,8.177033424377441,8.423584938049316,8.128546714782715,8.185046195983887,8.115933418273926,8.322637557983398,8.218695640563965,7.727417945861816,8.211292266845703,8.221213340759277,8.316740989685059,8.07905101776123,8.207073211669922,8.312214851379395,8.150725364685059,8.17423152923584,8.116921424865723,8.304483413696289,8.497991561889648,8.218631744384766,8.167913436889648,8.407691955566406,8.180841445922852
11.12,8.23171,0.0,8.419255256652832,8.158415794372559,8.25455093383789,8.15359115600586,8.218914985656738,8.186087608337402,8.178545951843262,8.177033424377441,8.423584938049316,8.128546714782715,8.185046195983887,8.115933418273926,8.322637557983398,8.218695640563965,7.727417945861816,8.211292266845703,8.221213340759277,8.316740989685059,8.07905101776123,8.207073211669922,8.312214851379395,8.150725364685059,8.17423152923584,8.116921424865723,8.304483413696289,8.497991561889648,8.218631744384766,8.167913436889648,8.407691955566406,8.180841445922852
11.13,8.20343,0.0,8.419255256652832,8.158415794372559,8.25455093383789,8.15359115600586,8.218914985656738,8.186087608337402,8.178545951843262,8.177033424377441,8.423584938049316,8.128546714782715,8.185046195983887,8.115933418273926,8.322637557983398,8.218695640563965,7.727417945861816,8.211292266845703,8.221213340759277,8.316740989685059,8.07905101776123,8.207073211669922,8.312214851379395,8.150725364685059,8.17423152923584,8.116921424865723,8.304483413696289,8.497991561889648,8.218631744384766,8.167913436889648,8.407691955566406,8.180841445922852
11.14,8.17991,0.0,8.317031860351562,8.085114479064941,8.162763595581055,8.012032508850098,8.126508712768555,8.107053756713867,8.083626747131348,8.088581085205078,8.330599784851074,8.016075134277344,8.090394020080566,8.006165504455566,8.214800834655762,8.120201110839844,7.717294692993164,8.105508804321289,8.101284980773926,8.216800689697266,7.984169006347656,8.109609603881836,8.206865310668945,8.03861141204834,8.066675186157227,7.989657402038574,8.181878089904785,8.31991958618164,8.105842590332031,8.058944702148438,8.329273223876953,8.121233940124512
11.15,8.15642,0.0,8.317031860351562,8.085114479064941,8.162763595581055,8.012032508850098,8.126508712768555,8.107053756713867,8.083626747131348,8.088581085205078,8.330599784851074,8.016075134277344,8.090394020080566,8.006165504455566,8.214800834655762,8.120201110839844,7.717294692993164,8.105508804321289,8.101284980773926,8.216800689697266,7.984169006347656,8.109609603881836,8.206865310668945,8.03861141204834,8.066675186157227,7.989657402038574,8.181878089904785,8.31991958618164,8.105842590332031,8.058944702148438,8.329273223876953,8.121233940124512
11.16,8.13295,0.0,8.317031860351562,8.085114479064941,8.162763595581055,8.012032508850098,8.126508712768555,8.107053756713867,8.083626747131348,8.088581085205078,8.330599784851074,8.016075134277344,8.090394020080566,8.006165504455566,8.214800834655762,8.120201110839844,7.717294692993164,8.105508804321289,8.101284980773926,8.216800689697266,7.984169006347656,8.109609603881836,8.206865310668945,8.03861141204834,8.066675186157227,7.989657402038574,8.181878089904785,8.31991958618164,8.105842590332031,8.058944702148438,8.329273223876953,8.121233940124512
11.17,8.10948,0.0,8.317031860351562,8.085114479064941,8.162763595581055,8.012032508850098,8.126508712768555,8.107053756713867,8.083626747131348,8.088581085205078,8.330599784851074,8.016075134277344,8.090394020080566,8.006165504455566,8.214800834655762,8.120201110839844,7.717294692993164,8.105508804321289,8.101284980773926,8.216800689697266,7.984169006347656,8.109609603881836,8.206865310668945,8.03861141204834,8.066675186157227,7.989657402038574,8.181878089904785,8.31991958618164,8.105842590332031,8.058944702148438,8.329273223876953,8.121233940124512
11.18,8.086,0.0,8.317031860351562,8.085114479064941,8.162763595581055,8.012032508850098,8.126508712768555,8.107053756713867,8.083626747131348,8.088581085205078,8.330599784851074,8.016075134277344,8.090394020080566,8.006165504455566,8.214800834655762,8.120201110839844,7.717294692993164,8.105508804321289,8.101284980773926,8.216800689697266,7.984169006347656,8.109609603881836,8.206865310668945,8.03861141204834,8.066675186157227,7.989657402038574,8.181878089904785,8.31991958618164,8.105842590332031,8.058944702148438,8.329273223876953,8.121233940124512
11.19,8.06247,0.0,8.210336685180664,8.009095191955566,8.04259204864502,7.871618270874023,8.003466606140137,8.007080078125,7.9708452224731445,7.990384578704834,8.210138320922852,7.8952507972717285,7.979238510131836,7.904577255249023,8.096626281738281,8.01688289642334,7.925485134124756,7.998330116271973,7.985289096832275,8.118273735046387,7.8851237297058105,8.018980979919434,8.099563598632812,7.931284427642822,7.957115650177002,7.866552352905273,8.070025444030762,8.158193588256836,7.995445728302002,7.948647499084473,8.228815078735352,8.069250106811523
11.2,8.04362,0.0,8.210336685180664,8.009095191955566,8.04259204864502,7.871618270874023,8.003466606140137,8.007080078125,7.9708452224731445,7.990384578704834,8.210138320922852,7.8952507972717285,7.979238510131836,7.904577255249023,8.096626281738281,8.01688289642334,7.925485134124756,7.998330116271973,7.985289096832275,8.118273735046387,7.8851237297058105,8.018980979919434,8.099563598632812,7.931284427642822,7.957115650177002,7.866552352905273,8.070025444030762,8.158193588256836,7.995445728302002,7.948647499084473,8.228815078735352,8.069250106811523
11.21,8.01532,0.0,8.210336685180664,8.009095191955566,8.04259204864502,7.871618270874023,8.003466606140137,8.007080078125,7.9708452224731445,7.990384578704834,8.210138320922852,7.8952507972717285,7.979238510131836,7.904577255249023,8.096626281738281,8.01688289642334,7.925485134124756,7.998330116271973,7.985289096832275,8.118273735046387,7.8851237297058105,8.018980979919434,8.099563598632812,7.931284427642822,7.957115650177002,7.866552352905273,8.070025444030762,8.158193588256836,7.995445728302002,7.948647499084473,8.228815078735352,8.069250106811523
11.22,7.99166,0.0,8.210336685180664,8.009095191955566,8.04259204864502,7.871618270874023,8.003466606140137,8.007080078125,7.9708452224731445,7.990384578704834,8.210138320922852,7.8952507972717285,7.979238510131836,7.904577255249023,8.096626281738281,8.01688289642334,7.925485134124756,7.998330116271973,7.985289096832275,8.118273735046387,7.8851237297058105,8.018980979919434,8.099563598632812,7.931284427642822,7.957115650177002,7.866552352905273,8.070025444030762,8.158193588256836,7.995445728302002,7.948647499084473,8.228815078735352,8.069250106811523
11.23,7.96793,0.0,8.210336685180664,8.009095191955566,8.04259204864502,7.871618270874023,8.003466606140137,8.007080078125,7.9708452224731445,7.990384578704834,8.210138320922852,7.8952507972717285,7.979238510131836,7.904577255249023,8.096626281738281,8.01688289642334,7.925485134124756,7.998330116271973,7.985289096832275,8.118273735046387,7.8851237297058105,8.018980979919434,8.099563598632812,7.931284427642822,7.957115650177002,7.866552352905273,8.070025444030762,8.158193588256836,7.995445728302002,7.948647499084473,8.228815078735352,8.069250106811523
11.24,7.94414,0.0,8.063801765441895,7.937409400939941,7.946413993835449,7.7337799072265625,7.900640487670898,7.9223127365112305,7.871893405914307,7.8982367515563965,8.099587440490723,7.788205146789551,7.879379749298096,7.806959629058838,7.986617565155029,7.921220302581787,8.269983291625977,7.9002604484558105,7.87539005279541,8.021577835083008,7.782832622528076,7.932473182678223,8.005051612854004,7.828817367553711,7.853514671325684,7.746992111206055,7.959775447845459,8.019749641418457,7.8894243240356445,7.843988418579102,8.145615577697754,8.021965980529785
11.25,7.92028,0.0,8.063801765441895,7.937409400939941,7.946413993835449,7.7337799072265625,7.900640487670898,7.9223127365112305,7.871893405914307,7.8982367515563965,8.099587440490723,7.788205146789551,7.879379749298096,7.806959629058838,7.986617565155029,7.921220302581787,8.269983291625977,7.9002604484558105,7.87539005279541,8.021577835083008,7.782832622528076,7.932473182678223,8.005051612854004,7.828817367553711,7.853514671325684,7.746992111206055,7.959775447845459,8.019749641418457,7.8894243240356445,7.843988418579102,8.145615577697754,8.021965980529785
11.26,7.89635,0.0,8.063801765441895,7.937409400939941,7.946413993835449,7.7337799072265625,7.900640487670898,7.9223127365112305,7.871893405914307,7.8982367515563965,8.099587440490723,7.788205146789551,7.879379749298096,7.806959629058838,7.986617565155029,7.921220302581787,8.269983291625977,7.9002604484558105,7.87539005279541,8.021577835083008,7.782832622528076,7.932473182678223,8.005051612854004,7.828817367553711,7.853514671325684,7.746992111206055,7.959775447845459,8.019749641418457,7.8894243240356445,7.843988418579102,8.145615577697754,8.021965980529785
11.27,7.87237,0.0,8.063801765441895,7.937409400939941,7.946413993835449,7.7337799072265625,7.900640487670898,7.9223127365112305,7.871893405914307,7.8982367515563965,8.099587440490723,7.788205146789551,7.879379749298096,7.806959629058838,7.986617565155029,7.921220302581787,8.269983291625977,7.9002604484558105,7.87539005279541,8.021577835083008,7.782832622528076,7.932473182678223,8.005051612854004,7.828817367553711,7.853514671325684,7.746992111206055,7.959775447845459,8.019749641418457,7.8894243240356445,7.843988418579102,8.145615577697754,8.021965980529785
11.28,7.84833,0.0,8.063801765441895,7.937409400939941,7.946413993835449,7.7337799072265625,7.900640487670898,7.9223127365112305,7.871893405914307,7.8982367515563965,8.099587440490723,7.788205146789551,7.879379749298096,7.806959629058838,7.986617565155029,7.921220302581787,8.269983291625977,7.9002604484558105,7.87539005279541,8.021577835083008,7.782832622528076,7.932473182678223,8.005051612854004,7.828817367553711,7.853514671325684,7.746992111206055,7.959775447845459,8.019749641418457,7.8894243240356445,7.843988418579102,8.145615577697754,8.021965980529785
11.29,7.82905,0.0,7.95590353012085,7.861950874328613,7.835396766662598,7.597745895385742,7.792159080505371,7.818124771118164,7.760343074798584,7.791993618011475,7.9963250160217285,7.676196098327637,7.768888473510742,7.705744743347168,7.899105548858643,7.817772388458252,8.605186462402344,7.800116539001465,7.761393070220947,7.92294979095459,7.67946195602417,7.845872402191162,7.906539440155029,7.7219038009643555,7.7446722984313965,7.6286301612854,7.851208209991455,7.891972064971924,7.781835079193115,7.737124919891357,8.077811241149902,7.9755706787109375
11.3,7.80014,0.0,7.95590353012085,7.861950874328613,7.835396766662598,7.597745895385742,7.792159080505371,7.818124771118164,7.760343074798584,7.791993618011475,7.9963250160217285,7.676196098327637,7.768888473510742,7.705744743347168,7.899105548858643,7.817772388458252,8.605186462402344,7.800116539001465,7.761393070220947,7.92294979095459,7.67946195602417,7.845872402191162,7.906539440155029,7.7219038009643555,7.7446722984313965,7.6286301612854,7.851208209991455,7.891972064971924,7.781835079193115,7.737124919891357,8.077811241149902,7.9755706787109375
11.31,7.77601,0.0,7.95590353012085,7.861950874328613,7.835396766662598,7.597745895385742,7.792159080505371,7.818124771118164,7.760343074798584,7.791993618011475,7.9963250160217285,7.676196098327637,7.768888473510742,7.705744743347168,7.899105548858643,7.817772388458252,8.605186462402344,7.800116539001465,7.761393070220947,7.92294979095459,7.67946195602417,7.845872402191162,7.906539440155029,7.7219038009643555,7.7446722984313965,7.6286301612854,7.851208209991455,7.891972064971924,7.781835079193115,7.737124919891357,8.077811241149902,7.9755706787109375
11.32,7.75189,0.0,7.95590353012085,7.861950874328613,7.835396766662598,7.597745895385742,7.792159080505371,7.818124771118164,7.760343074798584,7.791993618011475,7.9963250160217285,7.676196098327637,7.768888473510742,7.705744743347168,7.899105548858643,7.817772388458252,8.605186462402344,7.800116539001465,7.761393070220947,7.92294979095459,7.67946195602417,7.845872402191162,7.906539440155029,7.7219038009643555,7.7446722984313965,7.6286301612854,7.851208209991455,7.891972064971924,7.781835079193115,7.737124919891357,8.077811241149902,7.9755706787109375
11.33,7.72779,0.0,7.95590353012085,7.861950874328613,7.835396766662598,7.597745895385742,7.792159080505371,7.818124771118164,7.760343074798584,7.791993618011475,7.9963250160217285,7.676196098327637,7.768888473510742,7.705744743347168,7.899105548858643,7.817772388458252,8.605186462402344,7.800116539001465,7.761393070220947,7.92294979095459,7.67946195602417,7.845872402191162,7.906539440155029,7.7219038009643555,7.7446722984313965,7.6286301612854,7.851208209991455,7.891972064971924,7.781835079193115,7.737124919891357,8.077811241149902,7.9755706787109375
11.34,7.70373,0.0,7.843516826629639,7.8109893798828125,7.736042022705078,7.474954128265381,7.696516513824463,7.725135803222656,7.661853790283203,7.697734355926514,7.894836902618408,7.577249526977539,7.670413017272949,7.620057106018066,7.80666971206665,7.721776485443115,8.840161323547363,7.710812568664551,7.649494171142578,7.827965259552002,7.583094120025635,7.764139175415039,7.810054302215576,7.620494365692139,7.645381927490234,7.515657424926758,7.746988296508789,7.782641887664795,7.679983615875244,7.6355180740356445,8.001322746276855,7.93045711517334
11.35,7.67973,0.0,7.843516826629639,7.8109893798828125,7.736042022705078,7.474954128265381,7.696516513824463,7.725135803222656,7.661853790283203,7.697734355926514,7.894836902618408,7.577249526977539,7.670413017272949,7.620057106018066,7.80666971206665,7.721776485443115,8.840161323547363,7.710812568664551,7.649494171142578,7.827965259552002,7.583094120025635,7.764139175415039,7.810054302215576,7.620494365692139,7.645381927490234,7.515657424926758,7.746988296508789,7.782641887664795,7.679983615875244,7.6355180740356445,8.001322746276855,7.93045711517334
11.36,7.65583,0.0,7.843516826629639,7.8109893798828125,7.736042022705078,7.474954128265381,7.696516513824463,7.725135803222656,7.661853790283203,7.697734355926514,7.894836902618408,7.577249526977539,7.670413017272949,7.620057106018066,7.80666971206665,7.721776485443115,8.840161323547363,7.710812568664551,7.649494171142578,7.827965259552002,7.583094120025635,7.764139175415039,7.810054302215576,7.620494365692139,7.645381927490234,7.515657424926758,7.746988296508789,7.782641887664795,7.679983615875244,7.6355180740356445,8.001322746276855,7.93045711517334
11.37,7.63678,0.0,7.843516826629639,7.8109893798828125,7.736042022705078,7.474954128265381,7.696516513824463,7.725135803222656,7.661853790283203,7.697734355926514,7.894836902618408,7.577249526977539,7.670413017272949,7.620057106018066,7.80666971206665,7.721776485443115,8.840161323547363,7.710812568664551,7.649494171142578,7.827965259552002,7.583094120025635,7.764139175415039,7.810054302215576,7.620494365692139,7.645381927490234,7.515657424926758,7.746988296508789,7.782641887664795,7.679983615875244,7.6355180740356445,8.001322746276855,7.93045711517334
11.38,7.60841,0.0,7.843516826629639,7.8109893798828125,7.736042022705078,7.474954128265381,7.696516513824463,7.725135803222656,7.661853790283203,7.697734355926514,7.894836902618408,7.577249526977539,7.670413017272949,7.620057106018066,7.80666971206665,7.721776485443115,8.840161323547363,7.710812568664551,7.649494171142578,7.827965259552002,7.583094120025635,7.764139175415039,7.810054302215576,7.620494365692139,7.645381927490234,7.515657424926758,7.746988296508789,7.782641887664795,7.679983615875244,7.6355180740356445,8.001322746276855,7.93045711517334
11.39,7.58494,0.0,7.749599933624268,7.75005578994751,7.624303340911865,7.3690385818481445,7.5916595458984375,7.623289108276367,7.564609527587891,7.601167678833008,7.795490264892578,7.490304470062256,7.5790557861328125,7.541025638580322,7.719015121459961,7.625917911529541,8.88230037689209,7.629729747772217,7.548247814178467,7.734112739562988,7.489744186401367,7.691958904266357,7.71006441116333,7.527299880981445,7.555210590362549,7.419118881225586,7.652068614959717,7.686446189880371,7.59304666519165,7.541567802429199,7.916278839111328,7.88506555557251
11.4,7.56166,0.0,7.749599933624268,7.75005578994751,7.624303340911865,7.3690385818481445,7.5916595458984375,7.623289108276367,7.564609527587891,7.601167678833008,7.795490264892578,7.490304470062256,7.5790557861328125,7.541025638580322,7.719015121459961,7.625917911529541,8.88230037689209,7.629729747772217,7.548247814178467,7.734112739562988,7.489744186401367,7.691958904266357,7.71006441116333,7.527299880981445,7.555210590362549,7.419118881225586,7.652068614959717,7.686446189880371,7.59304666519165,7.541567802429199,7.916278839111328,7.88506555557251
11.41,7.53864,0.0,7.749599933624268,7.75005578994751,7.624303340911865,7.3690385818481445,7.5916595458984375,7.623289108276367,7.564609527587891,7.601167678833008,7.795490264892578,7.490304470062256,7.5790557861328125,7.541025638580322,7.719015121459961,7.625917911529541,8.88230037689209,7.629729747772217,7.548247814178467,7.734112739562988,7.489744186401367,7.691958904266357,7.71006441116333,7.527299880981445,7.555210590362549,7.419118881225586,7.652068614959717,7.686446189880371,7.59304666519165,7.541567802429199,7.916278839111328,7.88506555557251
11.42,7.51585,0.0,7.749599933624268,7.75005578994751,7.624303340911865,7.3690385818481445,7.5916595458984375,7.623289108276367,7.564609527587891,7.601167678833008,7.795490264892578,7.490304470062256,7.5790557861328125,7.541025638580322,7.719015121459961,7.625917911529541,8.88230037689209,7.629729747772217,7.548247814178467,7.734112739562988,7.489744186401367,7.691958904266357,7.71006441116333,7.527299880981445,7.555210590362549,7.419118881225586,7.652068614959717,7.686446189880371,7.59304666519165,7.541567802429199,7.916278839111328,7.88506555557251
11.43,7.49335,0.0,7.749599933624268,7.75005578994751,7.624303340911865,7.3690385818481445,7.5916595458984375,7.623289108276367,7.564609527587891,7.601167678833008,7.795490264892578,7.490304470062256,7.5790557861328125,7.541025638580322,7.719015121459961,7.625917911529541,8.88230037689209,7.629729747772217,7.548247814178467,7.734112739562988,7.489744186401367,7.691958904266357,7.71006441116333,7.527299880981445,7.555210590362549,7.419118881225586,7.652068614959717,7.686446189880371,7.59304666519165,7.541567802429199,7.916278839111328,7.88506555557251
11.44,7.47117,0.0,7.658749103546143,7.700003147125244,7.540735721588135,7.27050256729126,7.507333278656006,7.551548480987549,7.485877990722656,7.518899440765381,7.704133033752441,7.417443752288818,7.502493858337402,7.463304042816162,7.6235575675964355,7.543076992034912,8.7687349319458,7.554515838623047,7.452920436859131,7.646256923675537,7.401671409606934,7.616059303283691,7.624850749969482,7.437273025512695,7.475884914398193,7.327878475189209,7.558075428009033,7.602328777313232,7.510412216186523,7.457261085510254,7.827121257781982,7.838136196136475
11.45,7.45364,0.0,7.658749103546143,7.700003147125244,7.540735721588135,7.27050256729126,7.507333278656006,7.551548480987549,7.485877990722656,7.518899440765381,7.704133033752441,7.417443752288818,7.502493858337402,7.463304042816162,7.6235575675964355,7.543076992034912,8.7687349319458,7.554515838623047,7.452920436859131,7.646256923675537,7.401671409606934,7.616059303283691,7.624850749969482,7.437273025512695,7.475884914398193,7.327878475189209,7.558075428009033,7.602328777313232,7.510412216186523,7.457261085510254,7.827121257781982,7.838136196136475
11.46,7.42782,0.0,7.658749103546143,7.700003147125244,7.540735721588135,7.27050256729126,7.507333278656006,7.551548480987549,7.485877990722656,7.518899440765381,7.704133033752441,7.417443752288818,7.502493858337402,7.463304042816162,7.6235575675964355,7.543076992034912,8.7687349319458,7.554515838623047,7.452920436859131,7.646256923675537,7.401671409606934,7.616059303283691,7.624850749969482,7.437273025512695,7.475884914398193,7.327878475189209,7.558075428009033,7.602328777313232,7.510412216186523,7.457261085510254,7.827121257781982,7.838136196136475
11.47,7.40671,0.0,7.658749103546143,7.700003147125244,7.540735721588135,7.27050256729126,7.507333278656006,7.551548480987549,7.485877990722656,7.518899440765381,7.704133033752441,7.417443752288818,7.502493858337402,7.463304042816162,7.6235575675964355,7.543076992034912,8.7687349319458,7.554515838623047,7.452920436859131,7.646256923675537,7.401671409606934,7.616059303283691,7.624850749969482,7.437273025512695,7.475884914398193,7.327878475189209,7.558075428009033,7.602328777313232,7.510412216186523,7.457261085510254,7.827121257781982,7.838136196136475
11.48,7.38601,0.0,7.658749103546143,7.700003147125244,7.540735721588135,7.27050256729126,7.507333278656006,7.551548480987549,7.485877990722656,7.518899440765381,7.704133033752441,7.417443752288818,7.502493858337402,7.463304042816162,7.6235575675964355,7.543076992034912,8.7687349319458,7.554515838623047,7.452920436859131,7.646256923675537,7.401671409606934,7.616059303283691,7.624850749969482,7.437273025512695,7.475884914398193,7.327878475189209,7.558075428009033,7.602328777313232,7.510412216186523,7.457261085510254,7.827121257781982,7.838136196136475
11.49,7.36572,0.0,7.596966743469238,7.6428937911987305,7.4642157554626465,7.1881537437438965,7.427968978881836,7.478742599487305,7.416382789611816,7.447414398193359,7.632120609283447,7.353059768676758,7.4384870529174805,7.394412994384766,7.544290065765381,7.469282627105713,8.51868724822998,7.483563423156738,7.36929988861084,7.56386137008667,7.320974826812744,7.539958953857422,7.538890361785889,7.358775615692139,7.40368127822876,7.249812126159668,7.475579738616943,7.527879238128662,7.434048175811768,7.381531238555908,7.744166851043701,7.787867069244385
11.5,7.34587,0.0,7.596966743469238,7.6428937911987305,7.4642157554626465,7.1881537437438965,7.427968978881836,7.478742599487305,7.416382789611816,7.447414398193359,7.632120609283447,7.353059768676758,7.4384870529174805,7.394412994384766,7.544290065765381,7.469282627105713,8.51868724822998,7.483563423156738,7.36929988861084,7.56386137008667,7.320974826812744,7.539958953857422,7.538890361785889,7.358775615692139,7.40368127822876,7.249812126159668,7.475579738616943,7.527879238128662,7.434048175811768,7.381531238555908,7.744166851043701,7.787867069244385
11.51,7.32647,0.0,7.596966743469238,7.6428937911987305,7.4642157554626465,7.1881537437438965,7.427968978881836,7.478742599487305,7.416382789611816,7.447414398193359,7.632120609283447,7.353059768676758,7.4384870529174805,7.394412994384766,7.544290065765381,7.469282627105713,8.51868724822998,7.483563423156738,7.36929988861084,7.56386137008667,7.320974826812744,7.539958953857422,7.538890361785889,7.358775615692139,7.40368127822876,7.249812126159668,7.475579738616943,7.527879238128662,7.434048175811768,7.381531238555908,7.744166851043701,7.787867069244385
11.52,7.30753,0.0,7.596966743469238,7.6428937911987305,7.4642157554626465,7.1881537437438965,7.427968978881836,7.478742599487305,7.416382789611816,7.447414398193359,7.632120609283447,7.353059768676758,7.4384870529174805,7.394412994384766,7.544290065765381,7.469282627105713,8.51868724822998,7.483563423156738,7.36929988861084,7.56386137008667,7.320974826812744,7.539958953857422,7.538890361785889,7.358775615692139,7.40368127822876,7.249812126159668,7.475579738616943,7.527879238128662,7.434048175811768,7.381531238555908,7.744166851043701,7.787867069244385
11.53,7.28905,0.0,7.596966743469238,7.6428937911987305,7.4642157554626465,7.1881537437438965,7.427968978881836,7.478742599487305,7.416382789611816,7.447414398193359,7.632120609283447,7.353059768676758,7.4384870529174805,7.394412994384766,7.544290065765381,7.469282627105713,8.51868724822998,7.483563423156738,7.36929988861084,7.56386137008667,7.320974826812744,7.539958953857422,7.538890361785889,7.358775615692139,7.40368127822876,7.249812126159668,7.475579738616943,7.527879238128662,7.434048175811768,7.381531238555908,7.744166851043701,7.787867069244385
11.54,7.2746,0.0,7.506795883178711,7.575361251831055,7.378235340118408,7.103548526763916,7.324492454528809,7.403395175933838,7.338257312774658,7.36804723739624,7.535494327545166,7.277951717376709,7.3617167472839355,7.319995403289795,7.444302082061768,7.395898342132568,8.200763702392578,7.4082183837890625,7.287500381469727,7.4809041023254395,7.244723796844482,7.460541725158691,7.457213878631592,7.283407211303711,7.331510066986084,7.170791149139404,7.394156455993652,7.457860946655273,7.356983184814453,7.308109760284424,7.642192363739014,7.731550693511963
11.55,7.25353,0.0,7.506795883178711,7.575361251831055,7.378235340118408,7.103548526763916,7.324492454528809,7.403395175933838,7.338257312774658,7.36804723739624,7.535494327545166,7.277951717376709,7.3617167472839355,7.319995403289795,7.444302082061768,7.395898342132568,8.200763702392578,7.4082183837890625,7.287500381469727,7.4809041023254395,7.244723796844482,7.460541725158691,7.457213878631592,7.283407211303711,7.331510066986084,7.170791149139404,7.394156455993652,7.457860946655273,7.356983184814453,7.308109760284424,7.642192363739014,7.731550693511963
11.56,7.23648,0.0,7.506795883178711,7.575361251831055,7.378235340118408,7.103548526763916,7.324492454528809,7.403395175933838,7.338257312774658,7.36804723739624,7.535494327545166,7.277951717376709,7.3617167472839355,7.319995403289795,7.444302082061768,7.395898342132568,8.200763702392578,7.4082183837890625,7.287500381469727,7.4809041023254395,7.244723796844482,7.460541725158691,7.457213878631592,7.283407211303711,7.331510066986084,7.170791149139404,7.394156455993652,7.457860946655273,7.356983184814453,7.308109760284424,7.642192363739014,7.731550693511963
11.57,7.21991,0.0,7.506795883178711,7.575361251831055,7.378235340118408,7.103548526763916,7.324492454528809,7.403395175933838,7.338257312774658,7.36804723739624,7.535494327545166,7.277951717376709,7.3617167472839355,7.319995403289795,7.444302082061768,7.395898342132568,8.200763702392578,7.4082183837890625,7.287500381469727,7.4809041023254395,7.244723796844482,7.460541725158691,7.457213878631592,7.283407211303711,7.331510066986084,7.170791149139404,7.394156455993652,7.457860946655273,7.356983184814453,7.308109760284424,7.642192363739014,7.731550693511963
11.58,7.2038,0.0,7.506795883178711,7.575361251831055,7.378235340118408,7.103548526763916,7.324492454528809,7.403395175933838,7.338257312774658,7.36804723739624,7.535494327545166,7.277951717376709,7.3617167472839355,7.319995403289795,7.444302082061768,7.395898342132568,8.200763702392578,7.4082183837890625,7.287500381469727,7.4809041023254395,7.244723796844482,7.460541725158691,7.457213878631592,7.283407211303711,7.331510066986084,7.170791149139404,7.394156455993652,7.457860946655273,7.356983184814453,7.308109760284424,7.642192363739014,7.731550693511963
11.59,7.18815,0.0,7.423076629638672,7.512639045715332,7.313136100769043,7.025712966918945,7.249553680419922,7.3370280265808105,7.268741607666016,7.29690408706665,7.458513259887695,7.20540714263916,7.2920098304748535,7.247882843017578,7.362472057342529,7.326946258544922,7.883700370788574,7.332978248596191,7.209092140197754,7.400652885437012,7.169744491577148,7.3789567947387695,7.3789520263671875,7.212342739105225,7.258559703826904,7.090490818023682,7.311459064483643,7.3974409103393555,7.279447078704834,7.234957218170166,7.55784797668457,7.660086631774902
11.6,7.17294,0.0,7.423076629638672,7.512639045715332,7.313136100769043,7.025712966918945,7.249553680419922,7.3370280265808105,7.268741607666016,7.29690408706665,7.458513259887695,7.20540714263916,7.2920098304748535,7.247882843017578,7.362472057342529,7.326946258544922,7.883700370788574,7.332978248596191,7.209092140197754,7.400652885437012,7.169744491577148,7.3789567947387695,7.3789520263671875,7.212342739105225,7.258559703826904,7.090490818023682,7.311459064483643,7.3974409103393555,7.279447078704834,7.234957218170166,7.55784797668457,7.660086631774902
11.61,7.15817,0.0,7.423076629638672,7.512639045715332,7.313136100769043,7.025712966918945,7.249553680419922,7.3370280265808105,7.268741607666016,7.29690408706665,7.458513259887695,7.20540714263916,7.2920098304748535,7.247882843017578,7.362472057342529,7.326946258544922,7.883700370788574,7.332978248596191,7.209092140197754,7.400652885437012,7.169744491577148,7.3789567947387695,7.3789520263671875,7.212342739105225,7.258559703826904,7.090490818023682,7.311459064483643,7.3974409103393555,7.279447078704834,7.234957218170166,7.55784797668457,7.660086631774902
11.62,7.14664,0.0,7.423076629638672,7.512639045715332,7.313136100769043,7.025712966918945,7.249553680419922,7.3370280265808105,7.268741607666016,7.29690408706665,7.458513259887695,7.20540714263916,7.2920098304748535,7.247882843017578,7.362472057342529,7.326946258544922,7.883700370788574,7.332978248596191,7.209092140197754,7.400652885437012,7.169744491577148,7.3789567947387695,7.3789520263671875,7.212342739105225,7.258559703826904,7.090490818023682,7.311459064483643,7.3974409103393555,7.279447078704834,7.234957218170166,7.55784797668457,7.660086631774902
11.63,7.12985,0.0,7.423076629638672,7.512639045715332,7.313136100769043,7.025712966918945,7.249553680419922,7.3370280265808105,7.268741607666016,7.29690408706665,7.458513259887695,7.20540714263916,7.2920098304748535,7.247882843017578,7.362472057342529,7.326946258544922,7.883700370788574,7.332978248596191,7.209092140197754,7.400652885437012,7.169744491577148,7.3789567947387695,7.3789520263671875,7.212342739105225,7.258559703826904,7.090490818023682,7.311459064483643,7.3974409103393555,7.279447078704834,7.234957218170166,7.55784797668457,7.660086631774902
11.64,7.11628,0.0,7.349995136260986,7.44612979888916,7.230638027191162,6.942858695983887,7.166975021362305,7.256130695343018,7.188852310180664,7.22166109085083,7.376539707183838,7.121939182281494,7.210778713226318,7.171905994415283,7.282197952270508,7.2530317306518555,7.619141578674316,7.251980781555176,7.130846977233887,7.326316833496094,7.0945892333984375,7.296907901763916,7.300878524780273,7.142230033874512,7.181626796722412,7.006574630737305,7.2312703132629395,7.340022563934326,7.19836950302124,7.1586689949035645,7.48146915435791,7.5696845054626465
11.65,7.10307,0.0,7.349995136260986,7.44612979888916,7.230638027191162,6.942858695983887,7.166975021362305,7.256130695343018,7.188852310180664,7.22166109085083,7.376539707183838,7.121939182281494,7.210778713226318,7.171905994415283,7.282197952270508,7.2530317306518555,7.619141578674316,7.251980781555176,7.130846977233887,7.326316833496094,7.0945892333984375,7.296907901763916,7.300878524780273,7.142230033874512,7.181626796722412,7.006574630737305,7.2312703132629395,7.340022563934326,7.19836950302124,7.1586689949035645,7.48146915435791,7.5696845054626465
11.66,7.0902,0.0,7.349995136260986,7.44612979888916,7.230638027191162,6.942858695983887,7.166975021362305,7.256130695343018,7.188852310180664,7.22166109085083,7.376539707183838,7.121939182281494,7.210778713226318,7.171905994415283,7.282197952270508,7.2530317306518555,7.619141578674316,7.251980781555176,7.130846977233887,7.326316833496094,7.0945892333984375,7.296907901763916,7.300878524780273,7.142230033874512,7.181626796722412,7.006574630737305,7.2312703132629395,7.340022563934326,7.19836950302124,7.1586689949035645,7.48146915435791,7.5696845054626465
11.67,7.07765,0.0,7.349995136260986,7.44612979888916,7.230638027191162,6.942858695983887,7.166975021362305,7.256130695343018,7.188852310180664,7.22166109085083,7.376539707183838,7.121939182281494,7.210778713226318,7.171905994415283,7.282197952270508,7.2530317306518555,7.619141578674316,7.251980781555176,7.130846977233887,7.326316833496094,7.0945892333984375,7.296907901763916,7.300878524780273,7.142230033874512,7.181626796722412,7.006574630737305,7.2312703132629395,7.340022563934326,7.19836950302124,7.1586689949035645,7.48146915435791,7.5696845054626465
11.68,7.06541,0.0,7.349995136260986,7.44612979888916,7.230638027191162,6.942858695983887,7.166975021362305,7.256130695343018,7.188852310180664,7.22166109085083,7.376539707183838,7.121939182281494,7.210778713226318,7.171905994415283,7.282197952270508,7.2530317306518555,7.619141578674316,7.251980781555176,7.130846977233887,7.326316833496094,7.0945892333984375,7.296907901763916,7.300878524780273,7.142230033874512,7.181626796722412,7.006574630737305,7.2312703132629395,7.340022563934326,7.19836950302124,7.1586689949035645,7.48146915435791,7.5696845054626465
11.69,7.05344,0.0,7.259617805480957,7.386546611785889,7.162914752960205,6.858765125274658,7.096405506134033,7.189585208892822,7.11916971206665,7.158284664154053,7.292766571044922,7.043562889099121,7.13737154006958,7.099860668182373,7.210346698760986,7.184329986572266,7.456284523010254,7.177667140960693,7.056758880615234,7.251255989074707,7.020443439483643,7.21939754486084,7.235527992248535,7.07717227935791,7.1092000007629395,6.919823169708252,7.1546311378479,7.284477710723877,7.11863374710083,7.083920955657959,7.408825874328613,7.475926876068115
11.7,7.04404,0.0,7.259617805480957,7.386546611785889,7.162914752960205,6.858765125274658,7.096405506134033,7.189585208892822,7.11916971206665,7.158284664154053,7.292766571044922,7.043562889099121,7.13737154006958,7.099860668182373,7.210346698760986,7.184329986572266,7.456284523010254,7.177667140960693,7.056758880615234,7.251255989074707,7.020443439483643,7.21939754486084,7.235527992248535,7.07717227935791,7.1092000007629395,6.919823169708252,7.1546311378479,7.284477710723877,7.11863374710083,7.083920955657959,7.408825874328613,7.475926876068115
11.71,7.03024,0.0,7.259617805480957,7.386546611785889,7.162914752960205,6.858765125274658,7.096405506134033,7.189585208892822,7.11916971206665,7.158284664154053,7.292766571044922,7.043562889099121,7.13737154006958,7.099860668182373,7.210346698760986,7.184329986572266,7.456284523010254,7.177667140960693,7.056758880615234,7.251255989074707,7.020443439483643,7.21939754486084,7.235527992248535,7.07717227935791,7.1092000007629395,6.919823169708252,7.1546311378479,7.284477710723877,7.11863374710083,7.083920955657959,7.408825874328613,7.475926876068115
11.72,7.01899,0.0,7.259617805480957,7.386546611785889,7.162914752960205,6.858765125274658,7.096405506134033,7.189585208892822,7.11916971206665,7.158284664154053,7.292766571044922,7.043562889099121,7.13737154006958,7.099860668182373,7.210346698760986,7.184329986572266,7.456284523010254,7.177667140960693,7.056758880615234,7.251255989074707,7.020443439483643,7.21939754486084,7.235527992248535,7.07717227935791,7.1092000007629395,6.919823169708252,7.1546311378479,7.284477710723877,7.11863374710083,7.083920955657959,7.408825874328613,7.475926876068115
11.73,7.00793,0.0,7.259617805480957,7.386546611785889,7.162914752960205,6.858765125274658,7.096405506134033,7.189585208892822,7.11916971206665,7.158284664154053,7.292766571044922,7.043562889099121,7.13737154006958,7.099860668182373,7.210346698760986,7.184329986572266,7.456284523010254,7.177667140960693,7.056758880615234,7.251255989074707,7.020443439483643,7.21939754486084,7.235527992248535,7.07717227935791,7.1092000007629395,6.919823169708252,7.1546311378479,7.284477710723877,7.11863374710083,7.083920955657959,7.408825874328613,7.475926876068115
11.74,6.99706,0.0,7.1711955070495605,7.354333877563477,7.105417728424072,6.78958797454834,7.041460037231445,7.132506847381592,7.059998989105225,7.110929012298584,7.225150108337402,6.976223945617676,7.077872276306152,7.047143936157227,7.153101921081543,7.125803470611572,7.398494243621826,7.119889736175537,6.988124847412109,7.1802897453308105,6.9541544914245605,7.156588554382324,7.173280715942383,7.018543720245361,7.044091701507568,6.841850757598877,7.086480140686035,7.230682373046875,7.050232887268066,7.016571521759033,7.354989051818848,7.3900532722473145
11.75,6.98635,0.0,7.1711955070495605,7.354333877563477,7.105417728424072,6.78958797454834,7.041460037231445,7.132506847381592,7.059998989105225,7.110929012298584,7.225150108337402,6.976223945617676,7.077872276306152,7.047143936157227,7.153101921081543,7.125803470611572,7.398494243621826,7.119889736175537,6.988124847412109,7.1802897453308105,6.9541544914245605,7.156588554382324,7.173280715942383,7.018543720245361,7.044091701507568,6.841850757598877,7.086480140686035,7.230682373046875,7.050232887268066,7.016571521759033,7.354989051818848,7.3900532722473145
11.76,6.97579,0.00698,7.1711955070495605,7.354333877563477,7.105417728424072,6.78958797454834,7.041460037231445,7.132506847381592,7.059998989105225,7.110929012298584,7.225150108337402,6.976223945617676,7.077872276306152,7.047143936157227,7.153101921081543,7.125803470611572,7.398494243621826,7.119889736175537,6.988124847412109,7.1802897453308105,6.9541544914245605,7.156588554382324,7.173280715942383,7.018543720245361,7.044091701507568,6.841850757598877,7.086480140686035,7.230682373046875,7.050232887268066,7.016571521759033,7.354989051818848,7.3900532722473145
11.77,6.96537,0.02849,7.1711955070495605,7.354333877563477,7.105417728424072,6.78958797454834,7.041460037231445,7.132506847381592,7.059998989105225,7.110929012298584,7.225150108337402,6.976223945617676,7.077872276306152,7.047143936157227,7.153101921081543,7.125803470611572,7.398494243621826,7.119889736175537,6.988124847412109,7.1802897453308105,6.9541544914245605,7.156588554382324,7.173280715942383,7.018543720245361,7.044091701507568,6.841850757598877,7.086480140686035,7.230682373046875,7.050232887268066,7.016571521759033,7.354989051818848,7.3900532722473145
11.78,6.95509,0.04979,7.1711955070495605,7.354333877563477,7.105417728424072,6.78958797454834,7.041460037231445,7.132506847381592,7.059998989105225,7.110929012298584,7.225150108337402,6.976223945617676,7.077872276306152,7.047143936157227,7.153101921081543,7.125803470611572,7.398494243621826,7.119889736175537,6.988124847412109,7.1802897453308105,6.9541544914245605,7.156588554382324,7.173280715942383,7.018543720245361,7.044091701507568,6.841850757598877,7.086480140686035,7.230682373046875,7.050232887268066,7.016571521759033,7.354989051818848,7.3900532722473145
11.79,6.94694,0.06666,7.089580535888672,7.3103742599487305,7.007433891296387,6.719690799713135,6.962930202484131,7.045108318328857,6.97501277923584,7.036674976348877,7.1436614990234375,6.901291847229004,6.995969772338867,6.98814582824707,7.081936836242676,7.054646015167236,7.418918609619141,7.059295654296875,6.919669151306152,7.107982158660889,6.888539791107178,7.10302209854126,7.099826335906982,6.955077171325684,6.979754447937012,6.771354675292969,7.019657135009766,7.177077770233154,6.9886088371276855,6.951653003692627,7.288203716278076,7.318668365478516
11.8,6.93488,0.09163,7.089580535888672,7.3103742599487305,7.007433891296387,6.719690799713135,6.962930202484131,7.045108318328857,6.97501277923584,7.036674976348877,7.1436614990234375,6.901291847229004,6.995969772338867,6.98814582824707,7.081936836242676,7.054646015167236,7.418918609619141,7.059295654296875,6.919669151306152,7.107982158660889,6.888539791107178,7.10302209854126,7.099826335906982,6.955077171325684,6.979754447937012,6.771354675292969,7.019657135009766,7.177077770233154,6.9886088371276855,6.951653003692627,7.288203716278076,7.318668365478516
11.81,6.92495,0.11212,7.089580535888672,7.3103742599487305,7.007433891296387,6.719690799713135,6.962930202484131,7.045108318328857,6.97501277923584,7.036674976348877,7.1436614990234375,6.901291847229004,6.995969772338867,6.98814582824707,7.081936836242676,7.054646015167236,7.418918609619141,7.059295654296875,6.919669151306152,7.107982158660889,6.888539791107178,7.10302209854126,7.099826335906982,6.955077171325684,6.979754447937012,6.771354675292969,7.019657135009766,7.177077770233154,6.9886088371276855,6.951653003692627,7.288203716278076,7.318668365478516
11.82,6.91513,0.1323,7.089580535888672,7.3103742599487305,7.007433891296387,6.719690799713135,6.962930202484131,7.045108318328857,6.97501277923584,7.036674976348877,7.1436614990234375,6.901291847229004,6.995969772338867,6.98814582824707,7.081936836242676,7.054646015167236,7.418918609619141,7.059295654296875,6.919669151306152,7.107982158660889,6.888539791107178,7.10302209854126,7.099826335906982,6.955077171325684,6.979754447937012,6.771354675292969,7.019657135009766,7.177077770233154,6.9886088371276855,6.951653003692627,7.288203716278076,7.318668365478516
11.83,6.90543,0.15213,7.089580535888672,7.3103742599487305,7.007433891296387,6.719690799713135,6.962930202484131,7.045108318328857,6.97501277923584,7.036674976348877,7.1436614990234375,6.901291847229004,6.995969772338867,6.98814582824707,7.081936836242676,7.054646015167236,7.418918609619141,7.059295654296875,6.919669151306152,7.107982158660889,6.888539791107178,7.10302209854126,7.099826335906982,6.955077171325684,6.979754447937012,6.771354675292969,7.019657135009766,7.177077770233154,6.9886088371276855,6.951653003692627,7.288203716278076,7.318668365478516
11.84,6.89583,0.17161,7.009951591491699,7.2717390060424805,6.939083576202393,6.672563552856445,6.8983683586120605,6.970080852508545,6.904873371124268,6.972168922424316,7.078495025634766,6.851707458496094,6.9329609870910645,6.94059944152832,7.0229339599609375,6.992072105407715,7.513922691345215,7.012584686279297,6.861701965332031,7.037571430206299,6.832587242126465,7.054656028747559,7.03439998626709,6.896069049835205,6.9261088371276855,6.713811874389648,6.958723068237305,7.125710487365723,6.934380531311035,6.895565986633301,7.2262396812438965,7.26625919342041
11.85,6.88636,0.19071,7.009951591491699,7.2717390060424805,6.939083576202393,6.672563552856445,6.8983683586120605,6.970080852508545,6.904873371124268,6.972168922424316,7.078495025634766,6.851707458496094,6.9329609870910645,6.94059944152832,7.0229339599609375,6.992072105407715,7.513922691345215,7.012584686279297,6.861701965332031,7.037571430206299,6.832587242126465,7.054656028747559,7.03439998626709,6.896069049835205,6.9261088371276855,6.713811874389648,6.958723068237305,7.125710487365723,6.934380531311035,6.895565986633301,7.2262396812438965,7.26625919342041
11.86,6.87702,0.20942,7.009951591491699,7.2717390060424805,6.939083576202393,6.672563552856445,6.8983683586120605,6.970080852508545,6.904873371124268,6.972168922424316,7.078495025634766,6.851707458496094,6.9329609870910645,6.94059944152832,7.0229339599609375,6.992072105407715,7.513922691345215,7.012584686279297,6.861701965332031,7.037571430206299,6.832587242126465,7.054656028747559,7.03439998626709,6.896069049835205,6.9261088371276855,6.713811874389648,6.958723068237305,7.125710487365723,6.934380531311035,6.895565986633301,7.2262396812438965,7.26625919342041
11.87,6.86963,0.2241,7.009951591491699,7.2717390060424805,6.939083576202393,6.672563552856445,6.8983683586120605,6.970080852508545,6.904873371124268,6.972168922424316,7.078495025634766,6.851707458496094,6.9329609870910645,6.94059944152832,7.0229339599609375,6.992072105407715,7.513922691345215,7.012584686279297,6.861701965332031,7.037571430206299,6.832587242126465,7.054656028747559,7.03439998626709,6.896069049835205,6.9261088371276855,6.713811874389648,6.958723068237305,7.125710487365723,6.934380531311035,6.895565986633301,7.2262396812438965,7.26625919342041
11.88,6.85873,0.24559,7.009951591491699,7.2717390060424805,6.939083576202393,6.672563552856445,6.8983683586120605,6.970080852508545,6.904873371124268,6.972168922424316,7.078495025634766,6.851707458496094,6.9329609870910645,6.94059944152832,7.0229339599609375,6.992072105407715,7.513922691345215,7.012584686279297,6.861701965332031,7.037571430206299,6.832587242126465,7.054656028747559,7.03439998626709,6.896069049835205,6.9261088371276855,6.713811874389648,6.958723068237305,7.125710487365723,6.934380531311035,6.895565986633301,7.2262396812438965,7.26625919342041
11.89,6.8498,0.26301,6.952822208404541,7.237288951873779,6.871916770935059,6.635011672973633,6.842439651489258,6.901065826416016,6.845539569854736,6.90869140625,7.021599292755127,6.809012413024902,6.877832889556885,6.892589092254639,6.962325572967529,6.934743404388428,7.646872520446777,6.968480110168457,6.805603981018066,6.970487594604492,6.78531551361084,7.010500431060791,6.974656581878662,6.841371536254883,6.879517555236816,6.662777423858643,6.899003982543945,7.074131965637207,6.886449337005615,6.843616008758545,7.15647554397583,7.225374698638916
11.9,6.84103,0.27999,6.952822208404541,7.237288951873779,6.871916770935059,6.635011672973633,6.842439651489258,6.901065826416016,6.845539569854736,6.90869140625,7.021599292755127,6.809012413024902,6.877832889556885,6.892589092254639,6.962325572967529,6.934743404388428,7.646872520446777,6.968480110168457,6.805603981018066,6.970487594604492,6.78531551361084,7.010500431060791,6.974656581878662,6.841371536254883,6.879517555236816,6.662777423858643,6.899003982543945,7.074131965637207,6.886449337005615,6.843616008758545,7.15647554397583,7.225374698638916
11.91,6.83245,0.29648,6.952822208404541,7.237288951873779,6.871916770935059,6.635011672973633,6.842439651489258,6.901065826416016,6.845539569854736,6.90869140625,7.021599292755127,6.809012413024902,6.877832889556885,6.892589092254639,6.962325572967529,6.934743404388428,7.646872520446777,6.968480110168457,6.805603981018066,6.970487594604492,6.78531551361084,7.010500431060791,6.974656581878662,6.841371536254883,6.879517555236816,6.662777423858643,6.899003982543945,7.074131965637207,6.886449337005615,6.843616008758545,7.15647554397583,7.225374698638916
11.92,6.82404,0.31249,6.952822208404541,7.237288951873779,6.871916770935059,6.635011672973633,6.842439651489258,6.901065826416016,6.845539569854736,6.90869140625,7.021599292755127,6.809012413024902,6.877832889556885,6.892589092254639,6.962325572967529,6.934743404388428,7.646872520446777,6.968480110168457,6.805603981018066,6.970487594604492,6.78531551361084,7.010500431060791,6.974656581878662,6.841371536254883,6.879517555236816,6.662777423858643,6.899003982543945,7.074131965637207,6.886449337005615,6.843616008758545,7.15647554397583,7.225374698638916
11.93,6.81583,0.32799,6.952822208404541,7.237288951873779,6.871916770935059,6.635011672973633,6.842439651489258,6.901065826416016,6.845539569854736,6.90869140625,7.021599292755127,6.809012413024902,6.877832889556885,6.892589092254639,6.962325572967529,6.934743404388428,7.646872520446777,6.968480110168457,6.805603981018066,6.970487594604492,6.78531551361084,7.010500431060791,6.974656581878662,6.841371536254883,6.879517555236816,6.662777423858643,6.899003982543945,7.074131965637207,6.886449337005615,6.843616008758545,7.15647554397583,7.225374698638916
11.94,6.80783,0.34298,6.900715351104736,7.201638221740723,6.800337791442871,6.612059116363525,6.790665149688721,6.8373565673828125,6.79123067855835,6.8544921875,6.975327491760254,6.770593643188477,6.829527854919434,6.849686622619629,6.90562105178833,6.885399341583252,7.7805399894714355,6.927257537841797,6.759551048278809,6.91035795211792,6.7455339431762695,6.968871116638184,6.915773391723633,6.791629791259766,6.839819431304932,6.625471591949463,6.8487749099731445,7.021869659423828,6.8477463722229,6.801647663116455,7.08533239364624,7.191047191619873
11.95,6.80159,0.3546,6.900715351104736,7.201638221740723,6.800337791442871,6.612059116363525,6.790665149688721,6.8373565673828125,6.79123067855835,6.8544921875,6.975327491760254,6.770593643188477,6.829527854919434,6.849686622619629,6.90562105178833,6.885399341583252,7.7805399894714355,6.927257537841797,6.759551048278809,6.91035795211792,6.7455339431762695,6.968871116638184,6.915773391723633,6.791629791259766,6.839819431304932,6.625471591949463,6.8487749099731445,7.021869659423828,6.8477463722229,6.801647663116455,7.08533239364624,7.191047191619873
11.96,6.79251,0.37134,6.900715351104736,7.201638221740723,6.800337791442871,6.612059116363525,6.790665149688721,6.8373565673828125,6.79123067855835,6.8544921875,6.975327491760254,6.770593643188477,6.829527854919434,6.849686622619629,6.90562105178833,6.885399341583252,7.7805399894714355,6.927257537841797,6.759551048278809,6.91035795211792,6.7455339431762695,6.968871116638184,6.915773391723633,6.791629791259766,6.839819431304932,6.625471591949463,6.8487749099731445,7.021869659423828,6.8477463722229,6.801647663116455,7.08533239364624,7.191047191619873
11.97,6.7852,0.38467,6.900715351104736,7.201638221740723,6.800337791442871,6.612059116363525,6.790665149688721,6.8373565673828125,6.79123067855835,6.8544921875,6.975327491760254,6.770593643188477,6.829527854919434,6.849686622619629,6.90562105178833,6.885399341583252,7.7805399894714355,6.927257537841797,6.759551048278809,6.91035795211792,6.7455339431762695,6.968871116638184,6.915773391723633,6.791629791259766,6.839819431304932,6.625471591949463,6.8487749099731445,7.021869659423828,6.8477463722229,6.801647663116455,7.08533239364624,7.191047191619873
11.98,6.77816,0.39741,6.900715351104736,7.201638221740723,6.800337791442871,6.612059116363525,6.790665149688721,6.8373565673828125,6.79123067855835,6.8544921875,6.975327491760254,6.770593643188477,6.829527854919434,6.849686622619629,6.90562105178833,6.885399341583252,7.7805399894714355,6.927257537841797,6.759551048278809,6.91035795211792,6.7455339431762695,6.968871116638184,6.915773391723633,6.791629791259766,6.839819431304932,6.625471591949463,6.8487749099731445,7.021869659423828,6.8477463722229,6.801647663116455,7.08533239364624,7.191047191619873
11.99,6.77138,0.40954,6.869282245635986,7.149003982543945,6.739774227142334,6.603102207183838,6.742660045623779,6.780881881713867,6.748424053192139,6.808981895446777,6.934881210327148,6.746374130249023,6.790009021759033,6.813925266265869,6.851759910583496,6.844225883483887,7.876837253570557,6.8898444175720215,6.729059219360352,6.857800006866455,6.709269046783447,6.925725936889648,6.8593974113464355,6.747765064239502,6.808926582336426,6.605888843536377,6.807284832000732,6.973158359527588,6.817657470703125,6.769805431365967,7.007681846618652,7.16296911239624
12.0,6.76488,0.42104,6.869282245635986,7.149003982543945,6.739774227142334,6.603102207183838,6.742660045623779,6.780881881713867,6.748424053192139,6.808981895446777,6.934881210327148,6.746374130249023,6.790009021759033,6.813925266265869,6.851759910583496,6.844225883483887,7.876837253570557,6.8898444175720215,6.729059219360352,6.857800006866455,6.709269046783447,6.925725936889648,6.8593974113464355,6.747765064239502,6.808926582336426,6.605888843536377,6.807284832000732,6.973158359527588,6.817657470703125,6.769805431365967,7.007681846618652,7.16296911239624
12.01,6.75867,0.43189,6.869282245635986,7.149003982543945,6.739774227142334,6.603102207183838,6.742660045623779,6.780881881713867,6.748424053192139,6.808981895446777,6.934881210327148,6.746374130249023,6.790009021759033,6.813925266265869,6.851759910583496,6.844225883483887,7.876837253570557,6.8898444175720215,6.729059219360352,6.857800006866455,6.709269046783447,6.925725936889648,6.8593974113464355,6.747765064239502,6.808926582336426,6.605888843536377,6.807284832000732,6.973158359527588,6.817657470703125,6.769805431365967,7.007681846618652,7.16296911239624
12.02,6.75274,0.44207,6.869282245635986,7.149003982543945,6.739774227142334,6.603102207183838,6.742660045623779,6.780881881713867,6.748424053192139,6.808981895446777,6.934881210327148,6.746374130249023,6.790009021759033,6.813925266265869,6.851759910583496,6.844225883483887,7.876837253570557,6.8898444175720215,6.729059219360352,6.857800006866455,6.709269046783447,6.925725936889648,6.8593974113464355,6.747765064239502,6.808926582336426,6.605888843536377,6.807284832000732,6.973158359527588,6.817657470703125,6.769805431365967,7.007681846618652,7.16296911239624
12.03,6.74821,0.44973,6.869282245635986,7.149003982543945,6.739774227142334,6.603102207183838,6.742660045623779,6.780881881713867,6.748424053192139,6.808981895446777,6.934881210327148,6.746374130249023,6.790009021759033,6.813925266265869,6.851759910583496,6.844225883483887,7.876837253570557,6.8898444175720215,6.729059219360352,6.857800006866455,6.709269046783447,6.925725936889648,6.8593974113464355,6.747765064239502,6.808926582336426,6.605888843536377,6.807284832000732,6.973158359527588,6.817657470703125,6.769805431365967,7.007681846618652,7.16296911239624
12.04,6.74283,0.45865,6.833183288574219,7.065879821777344,6.682735919952393,6.598302364349365,6.687985420227051,6.724701881408691,6.708316326141357,6.760885715484619,6.8896355628967285,6.727529048919678,6.748415946960449,6.780148506164551,6.793633460998535,6.805662155151367,7.9528608322143555,6.850500583648682,6.709268093109131,6.806151866912842,6.675934791564941,6.876099586486816,6.805514335632324,6.708027362823486,6.782656669616699,6.597689628601074,6.772089958190918,6.928734302520752,6.789724826812744,6.743528842926025,6.927467346191406,7.138383865356445
12.05,6.73678,0.46838,6.833183288574219,7.065879821777344,6.682735919952393,6.598302364349365,6.687985420227051,6.724701881408691,6.708316326141357,6.760885715484619,6.8896355628967285,6.727529048919678,6.748415946960449,6.780148506164551,6.793633460998535,6.805662155151367,7.9528608322143555,6.850500583648682,6.709268093109131,6.806151866912842,6.675934791564941,6.876099586486816,6.805514335632324,6.708027362823486,6.782656669616699,6.597689628601074,6.772089958190918,6.928734302520752,6.789724826812744,6.743528842926025,6.927467346191406,7.138383865356445
12.06,6.73208,0.47566,6.833183288574219,7.065879821777344,6.682735919952393,6.598302364349365,6.687985420227051,6.724701881408691,6.708316326141357,6.760885715484619,6.8896355628967285,6.727529048919678,6.748415946960449,6.780148506164551,6.793633460998535,6.805662155151367,7.9528608322143555,6.850500583648682,6.709268093109131,6.806151866912842,6.675934791564941,6.876099586486816,6.805514335632324,6.708027362823486,6.782656669616699,6.597689628601074,6.772089958190918,6.928734302520752,6.789724826812744,6.743528842926025,6.927467346191406,7.138383865356445
12.07,6.7277,0.48217,6.833183288574219,7.065879821777344,6.682735919952393,6.598302364349365,6.687985420227051,6.724701881408691,6.708316326141357,6.760885715484619,6.8896355628967285,6.727529048919678,6.748415946960449,6.780148506164551,6.793633460998535,6.805662155151367,7.9528608322143555,6.850500583648682,6.709268093109131,6.806151866912842,6.675934791564941,6.876099586486816,6.805514335632324,6.708027362823486,6.782656669616699,6.597689628601074,6.772089958190918,6.928734302520752,6.789724826812744,6.743528842926025,6.927467346191406,7.138383865356445
12.08,6.72362,0.48789,6.833183288574219,7.065879821777344,6.682735919952393,6.598302364349365,6.687985420227051,6.724701881408691,6.708316326141357,6.760885715484619,6.8896355628967285,6.727529048919678,6.748415946960449,6.780148506164551,6.793633460998535,6.805662155151367,7.9528608322143555,6.850500583648682,6.709268093109131,6.806151866912842,6.675934791564941,6.876099586486816,6.805514335632324,6.708027362823486,6.782656669616699,6.597689628601074,6.772089958190918,6.928734302520752,6.789724826812744,6.743528842926025,6.927467346191406,7.138383865356445
12.09,6.71986,0.4928,6.802725791931152,6.967578411102295,6.638291835784912,6.597407817840576,6.634087085723877,6.670058250427246,6.673755168914795,6.7132649421691895,6.85054349899292,6.713334083557129,6.711217880249023,6.748748302459717,6.754056930541992,6.770867824554443,8.00449275970459,6.811534881591797,6.6982316970825195,6.7583231925964355,6.64981746673584,6.821009635925293,6.7574028968811035,6.674923419952393,6.761739253997803,6.599166393280029,6.743115425109863,6.893299102783203,6.764969825744629,6.722922325134277,6.856724739074707,7.114755630493164
12.1,6.7164,0.49689,6.802725791931152,6.967578411102295,6.638291835784912,6.597407817840576,6.634087085723877,6.670058250427246,6.673755168914795,6.7132649421691895,6.85054349899292,6.713334083557129,6.711217880249023,6.748748302459717,6.754056930541992,6.770867824554443,8.00449275970459,6.811534881591797,6.6982316970825195,6.7583231925964355,6.64981746673584,6.821009635925293,6.7574028968811035,6.674923419952393,6.761739253997803,6.599166393280029,6.743115425109863,6.893299102783203,6.764969825744629,6.722922325134277,6.856724739074707,7.114755630493164
12.11,6.71326,0.50015,6.802725791931152,6.967578411102295,6.638291835784912,6.597407817840576,6.634087085723877,6.670058250427246,6.673755168914795,6.7132649421691895,6.85054349899292,6.713334083557129,6.711217880249023,6.748748302459717,6.754056930541992,6.770867824554443,8.00449275970459,6.811534881591797,6.6982316970825195,6.7583231925964355,6.64981746673584,6.821009635925293,6.7574028968811035,6.674923419952393,6.761739253997803,6.599166393280029,6.743115425109863,6.893299102783203,6.764969825744629,6.722922325134277,6.856724739074707,7.114755630493164
12.12,6.71096,0.50215,6.802725791931152,6.967578411102295,6.638291835784912,6.597407817840576,6.634087085723877,6.670058250427246,6.673755168914795,6.7132649421691895,6.85054349899292,6.713334083557129,6.711217880249023,6.748748302459717,6.754056930541992,6.770867824554443,8.00449275970459,6.811534881591797,6.6982316970825195,6.7583231925964355,6.64981746673584,6.821009635925293,6.7574028968811035,6.674923419952393,6.761739253997803,6.599166393280029,6.743115425109863,6.893299102783203,6.764969825744629,6.722922325134277,6.856724739074707,7.114755630493164
12.13,6.70786,0.50413,6.802725791931152,6.967578411102295,6.638291835784912,6.597407817840576,6.634087085723877,6.670058250427246,6.673755168914795,6.7132649421691895,6.85054349899292,6.713334083557129,6.711217880249023,6.748748302459717,6.754056930541992,6.770867824554443,8.00449275970459,6.811534881591797,6.6982316970825195,6.7583231925964355,6.64981746673584,6.821009635925293,6.7574028968811035,6.674923419952393,6.761739253997803,6.599166393280029,6.743115425109863,6.893299102783203,6.764969825744629,6.722922325134277,6.856724739074707,7.114755630493164
12.14,6.7056,0.50485,6.765628814697266,6.890125751495361,6.631306171417236,6.602858543395996,6.603884696960449,6.643850326538086,6.66401481628418,6.682068824768066,6.820005416870117,6.7102508544921875,6.693480491638184,6.7299675941467285,6.729022026062012,6.748922348022461,8.028221130371094,6.782716751098633,6.695501804351807,6.7170634269714355,6.633699893951416,6.767145156860352,6.725113391876221,6.6538591384887695,6.751143932342529,6.604798316955566,6.718591213226318,6.867002487182617,6.747786521911621,6.711073398590088,6.789106369018555,7.094756126403809
12.15,6.70363,0.50471,6.765628814697266,6.890125751495361,6.631306171417236,6.602858543395996,6.603884696960449,6.643850326538086,6.66401481628418,6.682068824768066,6.820005416870117,6.7102508544921875,6.693480491638184,6.7299675941467285,6.729022026062012,6.748922348022461,8.028221130371094,6.782716751098633,6.695501804351807,6.7170634269714355,6.633699893951416,6.767145156860352,6.725113391876221,6.6538591384887695,6.751143932342529,6.604798316955566,6.718591213226318,6.867002487182617,6.747786521911621,6.711073398590088,6.789106369018555,7.094756126403809
12.16,6.70192,0.50373,6.765628814697266,6.890125751495361,6.631306171417236,6.602858543395996,6.603884696960449,6.643850326538086,6.66401481628418,6.682068824768066,6.820005416870117,6.7102508544921875,6.693480491638184,6.7299675941467285,6.729022026062012,6.748922348022461,8.028221130371094,6.782716751098633,6.695501804351807,6.7170634269714355,6.633699893951416,6.767145156860352,6.725113391876221,6.6538591384887695,6.751143932342529,6.604798316955566,6.718591213226318,6.867002487182617,6.747786521911621,6.711073398590088,6.789106369018555,7.094756126403809
12.17,6.70048,0.50191,6.765628814697266,6.890125751495361,6.631306171417236,6.602858543395996,6.603884696960449,6.643850326538086,6.66401481628418,6.682068824768066,6.820005416870117,6.7102508544921875,6.693480491638184,6.7299675941467285,6.729022026062012,6.748922348022461,8.028221130371094,6.782716751098633,6.695501804351807,6.7170634269714355,6.633699893951416,6.767145156860352,6.725113391876221,6.6538591384887695,6.751143932342529,6.604798316955566,6.718591213226318,6.867002487182617,6.747786521911621,6.711073398590088,6.789106369018555,7.094756126403809
12.18,6.69929,0.49927,6.765628814697266,6.890125751495361,6.631306171417236,6.602858543395996,6.603884696960449,6.643850326538086,6.66401481628418,6.682068824768066,6.820005416870117,6.7102508544921875,6.693480491638184,6.7299675941467285,6.729022026062012,6.748922348022461,8.028221130371094,6.782716751098633,6.695501804351807,6.7170634269714355,6.633699893951416,6.767145156860352,6.725113391876221,6.6538591384887695,6.751143932342529,6.604798316955566,6.718591213226318,6.867002487182617,6.747786521911621,6.711073398590088,6.789106369018555,7.094756126403809
12.19,6.69835,0.49581,6.742104530334473,6.85181188583374,6.623407363891602,6.613200664520264,6.589834213256836,6.6298112869262695,6.662612438201904,6.659792423248291,6.799927711486816,6.706831455230713,6.680450916290283,6.718260288238525,6.708847522735596,6.731978893280029,8.049410820007324,6.756424903869629,6.699149131774902,6.679650783538818,6.626429080963135,6.7203569412231445,6.702426433563232,6.640524387359619,6.744683265686035,6.614656448364258,6.700102806091309,6.84745454788208,6.737330436706543,6.701416492462158,6.737861156463623,7.077952861785889
12.2,6.69776,0.49247,6.742104530334473,6.85181188583374,6.623407363891602,6.613200664520264,6.589834213256836,6.6298112869262695,6.662612438201904,6.659792423248291,6.799927711486816,6.706831455230713,6.680450916290283,6.718260288238525,6.708847522735596,6.731978893280029,8.049410820007324,6.756424903869629,6.699149131774902,6.679650783538818,6.626429080963135,6.7203569412231445,6.702426433563232,6.640524387359619,6.744683265686035,6.614656448364258,6.700102806091309,6.84745454788208,6.737330436706543,6.701416492462158,6.737861156463623,7.077952861785889
12.21,6.69713,0.48655,6.742104530334473,6.85181188583374,6.623407363891602,6.613200664520264,6.589834213256836,6.6298112869262695,6.662612438201904,6.659792423248291,6.799927711486816,6.706831455230713,6.680450916290283,6.718260288238525,6.708847522735596,6.731978893280029,8.049410820007324,6.756424903869629,6.699149131774902,6.679650783538818,6.626429080963135,6.7203569412231445,6.702426433563232,6.640524387359619,6.744683265686035,6.614656448364258,6.700102806091309,6.84745454788208,6.737330436706543,6.701416492462158,6.737861156463623,7.077952861785889
12.22,6.69684,0.4808,6.742104530334473,6.85181188583374,6.623407363891602,6.613200664520264,6.589834213256836,6.6298112869262695,6.662612438201904,6.659792423248291,6.799927711486816,6.706831455230713,6.680450916290283,6.718260288238525,6.708847522735596,6.731978893280029,8.049410820007324,6.756424903869629,6.699149131774902,6.679650783538818,6.626429080963135,6.7203569412231445,6.702426433563232,6.640524387359619,6.744683265686035,6.614656448364258,6.700102806091309,6.84745454788208,6.737330436706543,6.701416492462158,6.737861156463623,7.077952861785889
12.23,6.69674,0.47433,6.742104530334473,6.85181188583374,6.623407363891602,6.613200664520264,6.589834213256836,6.6298112869262695,6.662612438201904,6.659792423248291,6.799927711486816,6.706831455230713,6.680450916290283,6.718260288238525,6.708847522735596,6.731978893280029,8.049410820007324,6.756424903869629,6.699149131774902,6.679650783538818,6.626429080963135,6.7203569412231445,6.702426433563232,6.640524387359619,6.744683265686035,6.614656448364258,6.700102806091309,6.84745454788208,6.737330436706543,6.701416492462158,6.737861156463623,7.077952861785889
12.24,6.69682,0.4672,6.736623764038086,6.832363128662109,6.603796482086182,6.615053653717041,6.581917762756348,6.613500595092773,6.651749134063721,6.631919860839844,6.788511753082275,6.698670864105225,6.665139675140381,6.7031121253967285,6.706493377685547,6.7115349769592285,8.057031631469727,6.728498458862305,6.702174186706543,6.646528720855713,6.620918273925781,6.677375793457031,6.684359550476074,6.63027286529541,6.737263202667236,6.622101783752441,6.687283992767334,6.837558746337891,6.7302398681640625,6.690671443939209,6.696406841278076,7.06189489364624
12.25,6.69706,0.45942,6.736623764038086,6.832363128662109,6.603796482086182,6.615053653717041,6.581917762756348,6.613500595092773,6.651749134063721,6.631919860839844,6.788511753082275,6.698670864105225,6.665139675140381,6.7031121253967285,6.706493377685547,6.7115349769592285,8.057031631469727,6.728498458862305,6.702174186706543,6.646528720855713,6.620918273925781,6.677375793457031,6.684359550476074,6.63027286529541,6.737263202667236,6.622101783752441,6.687283992767334,6.837558746337891,6.7302398681640625,6.690671443939209,6.696406841278076,7.06189489364624
12.26,6.69745,0.45105,6.736623764038086,6.832363128662109,6.603796482086182,6.615053653717041,6.581917762756348,6.613500595092773,6.651749134063721,6.631919860839844,6.788511753082275,6.698670864105225,6.665139675140381,6.7031121253967285,6.706493377685547,6.7115349769592285,8.057031631469727,6.728498458862305,6.702174186706543,6.646528720855713,6.620918273925781,6.677375793457031,6.684359550476074,6.63027286529541,6.737263202667236,6.622101783752441,6.687283992767334,6.837558746337891,6.7302398681640625,6.690671443939209,6.696406841278076,7.06189489364624
12.27,6.69798,0.44212,6.736623764038086,6.832363128662109,6.603796482086182,6.615053653717041,6.581917762756348,6.613500595092773,6.651749134063721,6.631919860839844,6.788511753082275,6.698670864105225,6.665139675140381,6.7031121253967285,6.706493377685547,6.7115349769592285,8.057031631469727,6.728498458862305,6.702174186706543,6.646528720855713,6.620918273925781,6.677375793457031,6.684359550476074,6.63027286529541,6.737263202667236,6.622101783752441,6.687283992767334,6.837558746337891,6.7302398681640625,6.690671443939209,6.696406841278076,7.06189489364624
12.28,6.69849,0.43461,6.736623764038086,6.832363128662109,6.603796482086182,6.615053653717041,6.581917762756348,6.613500595092773,6.651749134063721,6.631919860839844,6.788511753082275,6.698670864105225,6.665139675140381,6.7031121253967285,6.706493377685547,6.7115349769592285,8.057031631469727,6.728498458862305,6.702174186706543,6.646528720855713,6.620918273925781,6.677375793457031,6.684359550476074,6.63027286529541,6.737263202667236,6.622101783752441,6.687283992767334,6.837558746337891,6.7302398681640625,6.690671443939209,6.696406841278076,7.06189489364624
12.29,6.69922,0.4248,6.733071804046631,6.821994304656982,6.593183994293213,6.62020206451416,6.573921203613281,6.608260154724121,6.645001411437988,6.613589763641357,6.772292137145996,6.6895670890808105,6.654189109802246,6.691963195800781,6.700138092041016,6.700247287750244,8.049843788146973,6.709939002990723,6.707219123840332,6.618703842163086,6.621353626251221,6.6404314041137695,6.672382831573486,6.624595642089844,6.731220245361328,6.63084602355957,6.6805925369262695,6.835744380950928,6.724911212921143,6.684836387634277,6.649838924407959,7.048004150390625
12.3,6.70023,0.41248,6.733071804046631,6.821994304656982,6.593183994293213,6.62020206451416,6.573921203613281,6.608260154724121,6.645001411437988,6.613589763641357,6.772292137145996,6.6895670890808105,6.654189109802246,6.691963195800781,6.700138092041016,6.700247287750244,8.049843788146973,6.709939002990723,6.707219123840332,6.618703842163086,6.621353626251221,6.6404314041137695,6.672382831573486,6.624595642089844,6.731220245361328,6.63084602355957,6.6805925369262695,6.835744380950928,6.724911212921143,6.684836387634277,6.649838924407959,7.048004150390625
12.31,6.70115,0.4018,6.733071804046631,6.821994304656982,6.593183994293213,6.62020206451416,6.573921203613281,6.608260154724121,6.645001411437988,6.613589763641357,6.772292137145996,6.6895670890808105,6.654189109802246,6.691963195800781,6.700138092041016,6.700247287750244,8.049843788146973,6.709939002990723,6.707219123840332,6.618703842163086,6.621353626251221,6.6404314041137695,6.672382831573486,6.624595642089844,6.731220245361328,6.63084602355957,6.6805925369262695,6.835744380950928,6.724911212921143,6.684836387634277,6.649838924407959,7.048004150390625
12.32,6.70213,0.39082,6.733071804046631,6.821994304656982,6.593183994293213,6.62020206451416,6.573921203613281,6.608260154724121,6.645001411437988,6.613589763641357,6.772292137145996,6.6895670890808105,6.654189109802246,6.691963195800781,6.700138092041016,6.700247287750244,8.049843788146973,6.709939002990723,6.707219123840332,6.618703842163086,6.621353626251221,6.6404314041137695,6.672382831573486,6.624595642089844,6.731220245361328,6.63084602355957,6.6805925369262695,6.835744380950928,6.724911212921143,6.684836387634277,6.649838924407959,7.048004150390625
12.33,6.70316,0.37956,6.733071804046631,6.821994304656982,6.593183994293213,6.62020206451416,6.573921203613281,6.608260154724121,6.645001411437988,6.613589763641357,6.772292137145996,6.6895670890808105,6.654189109802246,6.691963195800781,6.700138092041016,6.700247287750244,8.049843788146973,6.709939002990723,6.707219123840332,6.618703842163086,6.621353626251221,6.6404314041137695,6.672382831573486,6.624595642089844,6.731220245361328,6.63084602355957,6.6805925369262695,6.835744380950928,6.724911212921143,6.684836387634277,6.649838924407959,7.048004150390625
12.34,6.70422,0.3681,6.731489658355713,6.786787509918213,6.580456256866455,6.621560096740723,6.580657005310059,6.601863861083984,6.640565395355225,6.598128318786621,6.767487049102783,6.688272953033447,6.648192405700684,6.681528568267822,6.697954177856445,6.691000938415527,8.00876522064209,6.6958394050598145,6.71527099609375,6.598990440368652,6.629536151885986,6.611632347106934,6.669076442718506,6.624790668487549,6.733555316925049,6.643364906311035,6.673067569732666,6.833880424499512,6.726400375366211,6.684841632843018,6.619271278381348,7.035498142242432
12.35,6.7053,0.35647,6.731489658355713,6.786787509918213,6.580456256866455,6.621560096740723,6.580657005310059,6.601863861083984,6.640565395355225,6.598128318786621,6.767487049102783,6.688272953033447,6.648192405700684,6.681528568267822,6.697954177856445,6.691000938415527,8.00876522064209,6.6958394050598145,6.71527099609375,6.598990440368652,6.629536151885986,6.611632347106934,6.669076442718506,6.624790668487549,6.733555316925049,6.643364906311035,6.673067569732666,6.833880424499512,6.726400375366211,6.684841632843018,6.619271278381348,7.035498142242432
12.36,6.70639,0.34474,6.731489658355713,6.786787509918213,6.580456256866455,6.621560096740723,6.580657005310059,6.601863861083984,6.640565395355225,6.598128318786621,6.767487049102783,6.688272953033447,6.648192405700684,6.681528568267822,6.697954177856445,6.691000938415527,8.00876522064209,6.6958394050598145,6.71527099609375,6.598990440368652,6.629536151885986,6.611632347106934,6.669076442718506,6.624790668487549,6.733555316925049,6.643364906311035,6.673067569732666,6.833880424499512,6.726400375366211,6.684841632843018,6.619271278381348,7.035498142242432
12.37,6.70726,0.33529,6.731489658355713,6.786787509918213,6.580456256866455,6.621560096740723,6.580657005310059,6.601863861083984,6.640565395355225,6.598128318786621,6.767487049102783,6.688272953033447,6.648192405700684,6.681528568267822,6.697954177856445,6.691000938415527,8.00876522064209,6.6958394050598145,6.71527099609375,6.598990440368652,6.629536151885986,6.611632347106934,6.669076442718506,6.624790668487549,6.733555316925049,6.643364906311035,6.673067569732666,6.833880424499512,6.726400375366211,6.684841632843018,6.619271278381348,7.035498142242432
12.38,6.70854,0.3211,6.731489658355713,6.786787509918213,6.580456256866455,6.621560096740723,6.580657005310059,6.601863861083984,6.640565395355225,6.598128318786621,6.767487049102783,6.688272953033447,6.648192405700684,6.681528568267822,6.697954177856445,6.691000938415527,8.00876522064209,6.6958394050598145,6.71527099609375,6.598990440368652,6.629536151885986,6.611632347106934,6.669076442718506,6.624790668487549,6.733555316925049,6.643364906311035,6.673067569732666,6.833880424499512,6.726400375366211,6.684841632843018,6.619271278381348,7.035498142242432
12.39,6.70958,0.30929,6.739016532897949,6.714329242706299,6.573945999145508,6.630434036254883,6.592668533325195,6.608919620513916,6.649740695953369,6.598448753356934,6.774219036102295,6.702492713928223,6.655526638031006,6.684332370758057,6.7051496505737305,6.691264629364014,7.9340739250183105,6.693065166473389,6.7267351150512695,6.589366436004639,6.645544528961182,6.594171524047852,6.6749467849731445,6.634466648101807,6.746584892272949,6.661541938781738,6.669444561004639,6.837124347686768,6.736972332000732,6.692229747772217,6.601809501647949,7.024719715118408
12.4,6.71058,0.29755,6.739016532897949,6.714329242706299,6.573945999145508,6.630434036254883,6.592668533325195,6.608919620513916,6.649740695953369,6.598448753356934,6.774219036102295,6.702492713928223,6.655526638031006,6.684332370758057,6.7051496505737305,6.691264629364014,7.9340739250183105,6.693065166473389,6.7267351150512695,6.589366436004639,6.645544528961182,6.594171524047852,6.6749467849731445,6.634466648101807,6.746584892272949,6.661541938781738,6.669444561004639,6.837124347686768,6.736972332000732,6.692229747772217,6.601809501647949,7.024719715118408
12.41,6.71153,0.28591,6.739016532897949,6.714329242706299,6.573945999145508,6.630434036254883,6.592668533325195,6.608919620513916,6.649740695953369,6.598448753356934,6.774219036102295,6.702492713928223,6.655526638031006,6.684332370758057,6.7051496505737305,6.691264629364014,7.9340739250183105,6.693065166473389,6.7267351150512695,6.589366436004639,6.645544528961182,6.594171524047852,6.6749467849731445,6.634466648101807,6.746584892272949,6.661541938781738,6.669444561004639,6.837124347686768,6.736972332000732,6.692229747772217,6.601809501647949,7.024719715118408
12.42,6.71242,0.2744,6.739016532897949,6.714329242706299,6.573945999145508,6.630434036254883,6.592668533325195,6.608919620513916,6.649740695953369,6.598448753356934,6.774219036102295,6.702492713928223,6.655526638031006,6.684332370758057,6.7051496505737305,6.691264629364014,7.9340739250183105,6.693065166473389,6.7267351150512695,6.589366436004639,6.645544528961182,6.594171524047852,6.6749467849731445,6.634466648101807,6.746584892272949,6.661541938781738,6.669444561004639,6.837124347686768,6.736972332000732,6.692229747772217,6.601809501647949,7.024719715118408
12.43,6.71325,0.26307,6.739016532897949,6.714329242706299,6.573945999145508,6.630434036254883,6.592668533325195,6.608919620513916,6.649740695953369,6.598448753356934,6.774219036102295,6.702492713928223,6.655526638031006,6.684332370758057,6.7051496505737305,6.691264629364014,7.9340739250183105,6.693065166473389,6.7267351150512695,6.589366436004639,6.645544528961182,6.594171524047852,6.6749467849731445,6.634466648101807,6.746584892272949,6.661541938781738,6.669444561004639,6.837124347686768,6.736972332000732,6.692229747772217,6.601809501647949,7.024719715118408
12.44,6.71401,0.25193,6.7438812255859375,6.620267391204834,6.579479217529297,6.635848522186279,6.609639644622803,6.618261337280273,6.660012722015381,6.59771728515625,6.780923366546631,6.708933353424072,6.660279750823975,6.685785293579102,6.713000774383545,6.693087577819824,7.828530788421631,6.694866180419922,6.734997749328613,6.582888603210449,6.6620707511901855,6.5850653648376465,6.681685924530029,6.6433186531066895,6.755233287811279,6.6728835105896,6.666366100311279,6.838683605194092,6.745369911193848,6.70010232925415,6.592657089233398,7.014554977416992
12.45,6.71456,0.24318,6.7438812255859375,6.620267391204834,6.579479217529297,6.635848522186279,6.609639644622803,6.618261337280273,6.660012722015381,6.59771728515625,6.780923366546631,6.708933353424072,6.660279750823975,6.685785293579102,6.713000774383545,6.693087577819824,7.828530788421631,6.694866180419922,6.734997749328613,6.582888603210449,6.6620707511901855,6.5850653648376465,6.681685924530029,6.6433186531066895,6.755233287811279,6.6728835105896,6.666366100311279,6.838683605194092,6.745369911193848,6.70010232925415,6.592657089233398,7.014554977416992
12.46,6.71529,0.23036,6.7438812255859375,6.620267391204834,6.579479217529297,6.635848522186279,6.609639644622803,6.618261337280273,6.660012722015381,6.59771728515625,6.780923366546631,6.708933353424072,6.660279750823975,6.685785293579102,6.713000774383545,6.693087577819824,7.828530788421631,6.694866180419922,6.734997749328613,6.582888603210449,6.6620707511901855,6.5850653648376465,6.681685924530029,6.6433186531066895,6.755233287811279,6.6728835105896,6.666366100311279,6.838683605194092,6.745369911193848,6.70010232925415,6.592657089233398,7.014554977416992
12.47,6.71581,0.21997,6.7438812255859375,6.620267391204834,6.579479217529297,6.635848522186279,6.609639644622803,6.618261337280273,6.660012722015381,6.59771728515625,6.780923366546631,6.708933353424072,6.660279750823975,6.685785293579102,6.713000774383545,6.693087577819824,7.828530788421631,6.694866180419922,6.734997749328613,6.582888603210449,6.6620707511901855,6.5850653648376465,6.681685924530029,6.6433186531066895,6.755233287811279,6.6728835105896,6.666366100311279,6.838683605194092,6.745369911193848,6.70010232925415,6.592657089233398,7.014554977416992
12.48,6.71625,0.20986,6.7438812255859375,6.620267391204834,6.579479217529297,6.635848522186279,6.609639644622803,6.618261337280273,6.660012722015381,6.59771728515625,6.780923366546631,6.708933353424072,6.660279750823975,6.685785293579102,6.713000774383545,6.693087577819824,7.828530788421631,6.694866180419922,6.734997749328613,6.582888603210449,6.6620707511901855,6.5850653648376465,6.681685924530029,6.6433186531066895,6.755233287811279,6.6728835105896,6.666366100311279,6.838683605194092,6.745369911193848,6.70010232925415,6.592657089233398,7.014554977416992
12.49,6.71661,0.20005,6.758126258850098,6.526620864868164,6.598110675811768,6.6461710929870605,6.638627529144287,6.635865688323975,6.677587985992432,6.603433132171631,6.796457767486572,6.711785793304443,6.668125152587891,6.68981409072876,6.722543239593506,6.698995113372803,7.710988998413086,6.6981401443481445,6.742668151855469,6.578632831573486,6.6777024269104,6.584941864013672,6.692091941833496,6.651372909545898,6.760241508483887,6.6790642738342285,6.66400146484375,6.83978271484375,6.751335144042969,6.70652437210083,6.598263740539551,7.004908084869385
12.5,6.71689,0.19055,6.758126258850098,6.526620864868164,6.598110675811768,6.6461710929870605,6.638627529144287,6.635865688323975,6.677587985992432,6.603433132171631,6.796457767486572,6.711785793304443,6.668125152587891,6.68981409072876,6.722543239593506,6.698995113372803,7.710988998413086,6.6981401443481445,6.742668151855469,6.578632831573486,6.6777024269104,6.584941864013672,6.692091941833496,6.651372909545898,6.760241508483887,6.6790642738342285,6.66400146484375,6.83978271484375,6.751335144042969,6.70652437210083,6.598263740539551,7.004908084869385
12.51,6.71708,0.18136,6.758126258850098,6.526620864868164,6.598110675811768,6.6461710929870605,6.638627529144287,6.635865688323975,6.677587985992432,6.603433132171631,6.796457767486572,6.711785793304443,6.668125152587891,6.68981409072876,6.722543239593506,6.698995113372803,7.710988998413086,6.6981401443481445,6.742668151855469,6.578632831573486,6.6777024269104,6.584941864013672,6.692091941833496,6.651372909545898,6.760241508483887,6.6790642738342285,6.66400146484375,6.83978271484375,6.751335144042969,6.70652437210083,6.598263740539551,7.004908084869385
12.52,6.71721,0.17249,6.758126258850098,6.526620864868164,6.598110675811768,6.6461710929870605,6.638627529144287,6.635865688323975,6.677587985992432,6.603433132171631,6.796457767486572,6.711785793304443,6.668125152587891,6.68981409072876,6.722543239593506,6.698995113372803,7.710988998413086,6.6981401443481445,6.742668151855469,6.578632831573486,6.6777024269104,6.584941864013672,6.692091941833496,6.651372909545898,6.760241508483887,6.6790642738342285,6.66400146484375,6.83978271484375,6.751335144042969,6.70652437210083,6.598263740539551,7.004908084869385
12.53,6.71726,0.16561,6.758126258850098,6.526620864868164,6.598110675811768,6.6461710929870605,6.638627529144287,6.635865688323975,6.677587985992432,6.603433132171631,6.796457767486572,6.711785793304443,6.668125152587891,6.68981409072876,6.722543239593506,6.698995113372803,7.710988998413086,6.6981401443481445,6.742668151855469,6.578632831573486,6.6777024269104,6.584941864013672,6.692091941833496,6.651372909545898,6.760241508483887,6.6790642738342285,6.66400146484375,6.83978271484375,6.751335144042969,6.70652437210083,6.598263740539551,7.004908084869385
12.54,6.71726,0.15731,6.767458915710449,6.456511974334717,6.6131205558776855,6.6598310470581055,6.65760612487793,6.658473968505859,6.693219184875488,6.614173412322998,6.81141996383667,6.715401649475098,6.678711414337158,6.697433948516846,6.739920139312744,6.707178115844727,7.576953887939453,6.7000885009765625,6.750158786773682,6.579416751861572,6.691317558288574,6.591620922088623,6.706692695617676,6.660902500152588,6.764679431915283,6.682939052581787,6.664848327636719,6.839644908905029,6.7567853927612305,6.711104393005371,6.609262466430664,6.99590539932251
12.55,6.71719,0.14777,6.767458915710449,6.456511974334717,6.6131205558776855,6.6598310470581055,6.65760612487793,6.658473968505859,6.693219184875488,6.614173412322998,6.81141996383667,6.715401649475098,6.678711414337158,6.697433948516846,6.739920139312744,6.707178115844727,7.576953887939453,6.7000885009765625,6.750158786773682,6.579416751861572,6.691317558288574,6.591620922088623,6.706692695617676,6.660902500152588,6.764679431915283,6.682939052581787,6.664848327636719,6.839644908905029,6.7567853927612305,6.711104393005371,6.609262466430664,6.99590539932251
12.56,6.71707,0.14015,6.767458915710449,6.456511974334717,6.6131205558776855,6.6598310470581055,6.65760612487793,6.658473968505859,6.693219184875488,6.614173412322998,6.81141996383667,6.715401649475098,6.678711414337158,6.697433948516846,6.739920139312744,6.707178115844727,7.576953887939453,6.7000885009765625,6.750158786773682,6.579416751861572,6.691317558288574,6.591620922088623,6.706692695617676,6.660902500152588,6.764679431915283,6.682939052581787,6.664848327636719,6.839644908905029,6.7567853927612305,6.711104393005371,6.609262466430664,6.99590539932251
12.57,6.71692,0.13284,6.767458915710449,6.456511974334717,6.6131205558776855,6.6598310470581055,6.65760612487793,6.658473968505859,6.693219184875488,6.614173412322998,6.81141996383667,6.715401649475098,6.678711414337158,6.697433948516846,6.739920139312744,6.707178115844727,7.576953887939453,6.7000885009765625,6.750158786773682,6.579416751861572,6.691317558288574,6.591620922088623,6.706692695617676,6.660902500152588,6.764679431915283,6.682939052581787,6.664848327636719,6.839644908905029,6.7567853927612305,6.711104393005371,6.609262466430664,6.99590539932251
12.58,6.71673,0.12581,6.767458915710449,6.456511974334717,6.6131205558776855,6.6598310470581055,6.65760612487793,6.658473968505859,6.693219184875488,6.614173412322998,6.81141996383667,6.715401649475098,6.678711414337158,6.697433948516846,6.739920139312744,6.707178115844727,7.576953887939453,6.7000885009765625,6.750158786773682,6.579416751861572,6.691317558288574,6.591620922088623,6.706692695617676,6.660902500152588,6.764679431915283,6.682939052581787,6.664848327636719,6.839644908905029,6.7567853927612305,6.711104393005371,6.609262466430664,6.99590539932251
12.59,6.71653,0.11906,6.766505718231201,6.412902355194092,6.613367080688477,6.671416759490967,6.673914432525635,6.668560028076172,6.688931465148926,6.617586135864258,6.816251277923584,6.712683200836182,6.678762435913086,6.7010579109191895,6.74339485168457,6.710582733154297,7.433036804199219,6.70072603225708,6.755130767822266,6.578901290893555,6.700536251068115,6.602479457855225,6.71582555770874,6.6675615310668945,6.76430082321167,6.685000419616699,6.665939807891846,6.838662624359131,6.75868034362793,6.713086128234863,6.620490074157715,6.987198352813721
12.6,6.71632,0.11258,6.766505718231201,6.412902355194092,6.613367080688477,6.671416759490967,6.673914432525635,6.668560028076172,6.688931465148926,6.617586135864258,6.816251277923584,6.712683200836182,6.678762435913086,6.7010579109191895,6.74339485168457,6.710582733154297,7.433036804199219,6.70072603225708,6.755130767822266,6.578901290893555,6.700536251068115,6.602479457855225,6.71582555770874,6.6675615310668945,6.76430082321167,6.685000419616699,6.665939807891846,6.838662624359131,6.75868034362793,6.713086128234863,6.620490074157715,6.987198352813721
12.61,6.7161,0.10636,6.766505718231201,6.412902355194092,6.613367080688477,6.671416759490967,6.673914432525635,6.668560028076172,6.688931465148926,6.617586135864258,6.816251277923584,6.712683200836182,6.678762435913086,6.7010579109191895,6.74339485168457,6.710582733154297,7.433036804199219,6.70072603225708,6.755130767822266,6.578901290893555,6.700536251068115,6.602479457855225,6.71582555770874,6.6675615310668945,6.76430082321167,6.685000419616699,6.665939807891846,6.838662624359131,6.75868034362793,6.713086128234863,6.620490074157715,6.987198352813721
12.62,6.71594,0.10154,6.766505718231201,6.412902355194092,6.613367080688477,6.671416759490967,6.673914432525635,6.668560028076172,6.688931465148926,6.617586135864258,6.816251277923584,6.712683200836182,6.678762435913086,6.7010579109191895,6.74339485168457,6.710582733154297,7.433036804199219,6.70072603225708,6.755130767822266,6.578901290893555,6.700536251068115,6.602479457855225,6.71582555770874,6.6675615310668945,6.76430082321167,6.685000419616699,6.665939807891846,6.838662624359131,6.75868034362793,6.713086128234863,6.620490074157715,6.987198352813721
12.63,6.71572,0.09461,6.766505718231201,6.412902355194092,6.613367080688477,6.671416759490967,6.673914432525635,6.668560028076172,6.688931465148926,6.617586135864258,6.816251277923584,6.712683200836182,6.678762435913086,6.7010579109191895,6.74339485168457,6.710582733154297,7.433036804199219,6.70072603225708,6.755130767822266,6.578901290893555,6.700536251068115,6.602479457855225,6.71582555770874,6.6675615310668945,6.76430082321167,6.685000419616699,6.665939807891846,6.838662624359131,6.75868034362793,6.713086128234863,6.620490074157715,6.987198352813721
12.64,6.71558,0.08907,6.768396377563477,6.368045806884766,6.622859001159668,6.6869683265686035,6.6909661293029785,6.682110786437988,6.6882171630859375,6.626291275024414,6.826467990875244,6.7194013595581055,6.683836936950684,6.707882404327393,6.756009101867676,6.716980457305908,7.291353225708008,6.706357955932617,6.7601423263549805,6.578932285308838,6.706358432769775,6.616203308105469,6.724578857421875,6.674643516540527,6.766909599304199,6.688277244567871,6.667440414428711,6.838830471038818,6.760725021362305,6.71647834777832,6.64180326461792,6.979366302490234
12.65,6.71547,0.08373,6.768396377563477,6.368045806884766,6.622859001159668,6.6869683265686035,6.6909661293029785,6.682110786437988,6.6882171630859375,6.626291275024414,6.826467990875244,6.7194013595581055,6.683836936950684,6.707882404327393,6.756009101867676,6.716980457305908,7.291353225708008,6.706357955932617,6.7601423263549805,6.578932285308838,6.706358432769775,6.616203308105469,6.724578857421875,6.674643516540527,6.766909599304199,6.688277244567871,6.667440414428711,6.838830471038818,6.760725021362305,6.71647834777832,6.64180326461792,6.979366302490234
12.66,6.71542,0.07857,6.768396377563477,6.368045806884766,6.622859001159668,6.6869683265686035,6.6909661293029785,6.682110786437988,6.6882171630859375,6.626291275024414,6.826467990875244,6.7194013595581055,6.683836936950684,6.707882404327393,6.756009101867676,6.716980457305908,7.291353225708008,6.706357955932617,6.7601423263549805,6.578932285308838,6.706358432769775,6.616203308105469,6.724578857421875,6.674643516540527,6.766909599304199,6.688277244567871,6.667440414428711,6.838830471038818,6.760725021362305,6.71647834777832,6.64180326461792,6.979366302490234
12.67,6.71542,0.07359,6.768396377563477,6.368045806884766,6.622859001159668,6.6869683265686035,6.6909661293029785,6.682110786437988,6.6882171630859375,6.626291275024414,6.826467990875244,6.7194013595581055,6.683836936950684,6.707882404327393,6.756009101867676,6.716980457305908,7.291353225708008,6.706357955932617,6.7601423263549805,6.578932285308838,6.706358432769775,6.616203308105469,6.724578857421875,6.674643516540527,6.766909599304199,6.688277244567871,6.667440414428711,6.838830471038818,6.760725021362305,6.71647834777832,6.64180326461792,6.979366302490234
12.68,6.7155,0.06876,6.768396377563477,6.368045806884766,6.622859001159668,6.6869683265686035,6.6909661293029785,6.682110786437988,6.6882171630859375,6.626291275024414,6.826467990875244,6.7194013595581055,6.683836936950684,6.707882404327393,6.756009101867676,6.716980457305908,7.291353225708008,6.706357955932617,6.7601423263549805,6.578932285308838,6.706358432769775,6.616203308105469,6.724578857421875,6.674643516540527,6.766909599304199,6.688277244567871,6.667440414428711,6.838830471038818,6.760725021362305,6.71647834777832,6.64180326461792,6.979366302490234
12.69,6.71565,0.06409,6.775065898895264,6.319499969482422,6.637429237365723,6.702338218688965,6.714239120483398,6.701181888580322,6.693198204040527,6.642170429229736,6.841559410095215,6.730246543884277,6.692718505859375,6.717026710510254,6.773231029510498,6.726621150970459,7.155478477478027,6.715620994567871,6.765493869781494,6.580620288848877,6.713784217834473,6.63179874420166,6.737267017364502,6.68367338180542,6.776116371154785,6.693093299865723,6.669388294219971,6.840112686157227,6.764913558959961,6.7242279052734375,6.6659111976623535,6.9714789390563965
12.7,6.71583,0.06045,6.775065898895264,6.319499969482422,6.637429237365723,6.702338218688965,6.714239120483398,6.701181888580322,6.693198204040527,6.642170429229736,6.841559410095215,6.730246543884277,6.692718505859375,6.717026710510254,6.773231029510498,6.726621150970459,7.155478477478027,6.715620994567871,6.765493869781494,6.580620288848877,6.713784217834473,6.63179874420166,6.737267017364502,6.68367338180542,6.776116371154785,6.693093299865723,6.669388294219971,6.840112686157227,6.764913558959961,6.7242279052734375,6.6659111976623535,6.9714789390563965
12.71,6.7162,0.05515,6.775065898895264,6.319499969482422,6.637429237365723,6.702338218688965,6.714239120483398,6.701181888580322,6.693198204040527,6.642170429229736,6.841559410095215,6.730246543884277,6.692718505859375,6.717026710510254,6.773231029510498,6.726621150970459,7.155478477478027,6.715620994567871,6.765493869781494,6.580620288848877,6.713784217834473,6.63179874420166,6.737267017364502,6.68367338180542,6.776116371154785,6.693093299865723,6.669388294219971,6.840112686157227,6.764913558959961,6.7242279052734375,6.6659111976623535,6.9714789390563965
12.72,6.7166,0.05087,6.775065898895264,6.319499969482422,6.637429237365723,6.702338218688965,6.714239120483398,6.701181888580322,6.693198204040527,6.642170429229736,6.841559410095215,6.730246543884277,6.692718505859375,6.717026710510254,6.773231029510498,6.726621150970459,7.155478477478027,6.715620994567871,6.765493869781494,6.580620288848877,6.713784217834473,6.63179874420166,6.737267017364502,6.68367338180542,6.776116371154785,6.693093299865723,6.669388294219971,6.840112686157227,6.764913558959961,6.7242279052734375,6.6659111976623535,6.9714789390563965
12.73,6.7171,0.0467,6.775065898895264,6.319499969482422,6.637429237365723,6.702338218688965,6.714239120483398,6.701181888580322,6.693198204040527,6.642170429229736,6.841559410095215,6.730246543884277,6.692718505859375,6.717026710510254,6.773231029510498,6.726621150970459,7.155478477478027,6.715620994567871,6.765493869781494,6.580620288848877,6.713784217834473,6.63179874420166,6.737267017364502,6.68367338180542,6.776116371154785,6.693093299865723,6.669388294219971,6.840112686157227,6.764913558959961,6.7242279052734375,6.6659111976623535,6.9714789390563965
12.74,6.7177,0.04265,6.771755218505859,6.2925238609313965,6.646280288696289,6.719269752502441,6.723919868469238,6.718849182128906,6.69706916809082,6.65678596496582,6.845848560333252,6.738365173339844,6.700468063354492,6.725977420806885,6.779240608215332,6.735462665557861,7.012712001800537,6.725457191467285,6.771867752075195,6.583510398864746,6.723150730133057,6.650463581085205,6.747880935668945,6.692389011383057,6.784538745880127,6.6981282234191895,6.6715312004089355,6.841207981109619,6.769984722137451,6.732375621795654,6.688601493835449,6.965023040771484
12.75,6.71839,0.03869,6.771755218505859,6.2925238609313965,6.646280288696289,6.719269752502441,6.723919868469238,6.718849182128906,6.69706916809082,6.65678596496582,6.845848560333252,6.738365173339844,6.700468063354492,6.725977420806885,6.779240608215332,6.735462665557861,7.012712001800537,6.725457191467285,6.771867752075195,6.583510398864746,6.723150730133057,6.650463581085205,6.747880935668945,6.692389011383057,6.784538745880127,6.6981282234191895,6.6715312004089355,6.841207981109619,6.769984722137451,6.732375621795654,6.688601493835449,6.965023040771484
12.76,6.71916,0.03484,6.771755218505859,6.2925238609313965,6.646280288696289,6.719269752502441,6.723919868469238,6.718849182128906,6.69706916809082,6.65678596496582,6.845848560333252,6.738365173339844,6.700468063354492,6.725977420806885,6.779240608215332,6.735462665557861,7.012712001800537,6.725457191467285,6.771867752075195,6.583510398864746,6.723150730133057,6.650463581085205,6.747880935668945,6.692389011383057,6.784538745880127,6.6981282234191895,6.6715312004089355,6.841207981109619,6.769984722137451,6.732375621795654,6.688601493835449,6.965023040771484
12.77,6.72003,0.03109,6.771755218505859,6.2925238609313965,6.646280288696289,6.719269752502441,6.723919868469238,6.718849182128906,6.69706916809082,6.65678596496582,6.845848560333252,6.738365173339844,6.700468063354492,6.725977420806885,6.779240608215332,6.735462665557861,7.012712001800537,6.725457191467285,6.771867752075195,6.583510398864746,6.723150730133057,6.650463581085205,6.747880935668945,6.692389011383057,6.784538745880127,6.6981282234191895,6.6715312004089355,6.841207981109619,6.769984722137451,6.732375621795654,6.688601493835449,6.965023040771484
12.78,6.72079,0.02815,6.771755218505859,6.2925238609313965,6.646280288696289,6.719269752502441,6.723919868469238,6.718849182128906,6.69706916809082,6.65678596496582,6.845848560333252,6.738365173339844,6.700468063354492,6.725977420806885,6.779240608215332,6.735462665557861,7.012712001800537,6.725457191467285,6.771867752075195,6.583510398864746,6.723150730133057,6.650463581085205,6.747880935668945,6.692389011383057,6.784538745880127,6.6981282234191895,6.6715312004089355,6.841207981109619,6.769984722137451,6.732375621795654,6.688601493835449,6.965023040771484
12.79,6.72181,0.02458,6.773581504821777,6.285738468170166,6.653078079223633,6.735649108886719,6.736737251281738,6.735788345336914,6.700221061706543,6.670628547668457,6.85386848449707,6.741209506988525,6.706657409667969,6.73154354095459,6.785591125488281,6.74364709854126,6.860666751861572,6.73376989364624,6.776602745056152,6.585543155670166,6.7293596267700195,6.669083118438721,6.755695343017578,6.697910308837891,6.787139892578125,6.699092864990234,6.673068046569824,6.842152118682861,6.771107196807861,6.737319469451904,6.707279682159424,6.959220886230469
12.8,6.72313,0.02043,6.773581504821777,6.285738468170166,6.653078079223633,6.735649108886719,6.736737251281738,6.735788345336914,6.700221061706543,6.670628547668457,6.85386848449707,6.741209506988525,6.706657409667969,6.73154354095459,6.785591125488281,6.74364709854126,6.860666751861572,6.73376989364624,6.776602745056152,6.585543155670166,6.7293596267700195,6.669083118438721,6.755695343017578,6.697910308837891,6.787139892578125,6.699092864990234,6.673068046569824,6.842152118682861,6.771107196807861,6.737319469451904,6.707279682159424,6.959220886230469
12.81,6.7243,0.01708,6.773581504821777,6.285738468170166,6.653078079223633,6.735649108886719,6.736737251281738,6.735788345336914,6.700221061706543,6.670628547668457,6.85386848449707,6.741209506988525,6.706657409667969,6.73154354095459,6.785591125488281,6.74364709854126,6.860666751861572,6.73376989364624,6.776602745056152,6.585543155670166,6.7293596267700195,6.669083118438721,6.755695343017578,6.697910308837891,6.787139892578125,6.699092864990234,6.673068046569824,6.842152118682861,6.771107196807861,6.737319469451904,6.707279682159424,6.959220886230469
12.82,6.72553,0.01385,6.773581504821777,6.285738468170166,6.653078079223633,6.735649108886719,6.736737251281738,6.735788345336914,6.700221061706543,6.670628547668457,6.85386848449707,6.741209506988525,6.706657409667969,6.73154354095459,6.785591125488281,6.74364709854126,6.860666751861572,6.73376989364624,6.776602745056152,6.585543155670166,6.7293596267700195,6.669083118438721,6.755695343017578,6.697910308837891,6.787139892578125,6.699092864990234,6.673068046569824,6.842152118682861,6.771107196807861,6.737319469451904,6.707279682159424,6.959220886230469
12.83,6.72681,0.01073,6.773581504821777,6.285738468170166,6.653078079223633,6.735649108886719,6.736737251281738,6.735788345336914,6.700221061706543,6.670628547668457,6.85386848449707,6.741209506988525,6.706657409667969,6.73154354095459,6.785591125488281,6.74364709854126,6.860666751861572,6.73376989364624,6.776602745056152,6.585543155670166,6.7293596267700195,6.669083118438721,6.755695343017578,6.697910308837891,6.787139892578125,6.699092864990234,6.673068046569824,6.842152118682861,6.771107196807861,6.737319469451904,6.707279682159424,6.959220886230469
12.84,6.72812,0.00772,6.767781734466553,6.273374557495117,6.641890048980713,6.73876953125,6.737895965576172,6.73208475112915,6.682117462158203,6.671950340270996,6.850116729736328,6.729429244995117,6.698289394378662,6.7235612869262695,6.782051086425781,6.742072582244873,6.684426307678223,6.733591556549072,6.775390625,6.580134868621826,6.7287068367004395,6.683873176574707,6.753969192504883,6.697340488433838,6.779874324798584,6.693404197692871,6.672265529632568,6.8402018547058105,6.764094352722168,6.735779762268066,6.718650817871094,6.950317859649658
12.85,6.72946,0.00485,6.767781734466553,6.273374557495117,6.641890048980713,6.73876953125,6.737895965576172,6.73208475112915,6.682117462158203,6.671950340270996,6.850116729736328,6.729429244995117,6.698289394378662,6.7235612869262695,6.782051086425781,6.742072582244873,6.684426307678223,6.733591556549072,6.775390625,6.580134868621826,6.7287068367004395,6.683873176574707,6.753969192504883,6.697340488433838,6.779874324798584,6.693404197692871,6.672265529632568,6.8402018547058105,6.764094352722168,6.735779762268066,6.718650817871094,6.950317859649658
12.86,6.73081,0.00211,6.767781734466553,6.273374557495117,6.641890048980713,6.73876953125,6.737895965576172,6.73208475112915,6.682117462158203,6.671950340270996,6.850116729736328,6.729429244995117,6.698289394378662,6.7235612869262695,6.782051086425781,6.742072582244873,6.684426307678223,6.733591556549072,6.775390625,6.580134868621826,6.7287068367004395,6.683873176574707,6.753969192504883,6.697340488433838,6.779874324798584,6.693404197692871,6.672265529632568,6.8402018547058105,6.764094352722168,6.735779762268066,6.718650817871094,6.950317859649658
12.87,6.73189,0.0,6.767781734466553,6.273374557495117,6.641890048980713,6.73876953125,6.737895965576172,6.73208475112915,6.682117462158203,6.671950340270996,6.850116729736328,6.729429244995117,6.698289394378662,6.7235612869262695,6.782051086425781,6.742072582244873,6.684426307678223,6.733591556549072,6.775390625,6.580134868621826,6.7287068367004395,6.683873176574707,6.753969192504883,6.697340488433838,6.779874324798584,6.693404197692871,6.672265529632568,6.8402018547058105,6.764094352722168,6.735779762268066,6.718650817871094,6.950317859649658
12.88,6.73349,0.0,6.767781734466553,6.273374557495117,6.641890048980713,6.73876953125,6.737895965576172,6.73208475112915,6.682117462158203,6.671950340270996,6.850116729736328,6.729429244995117,6.698289394378662,6.7235612869262695,6.782051086425781,6.742072582244873,6.684426307678223,6.733591556549072,6.775390625,6.580134868621826,6.7287068367004395,6.683873176574707,6.753969192504883,6.697340488433838,6.779874324798584,6.693404197692871,6.672265529632568,6.8402018547058105,6.764094352722168,6.735779762268066,6.718650817871094,6.950317859649658
12.89,6.7348,0.0,6.765662670135498,6.246160507202148,6.621619701385498,6.732707977294922,6.729979038238525,6.714119911193848,6.649567127227783,6.665968418121338,6.841386318206787,6.709236145019531,6.681756973266602,6.706069469451904,6.771650314331055,6.732795715332031,6.475032329559326,6.725581645965576,6.768375396728516,6.565633773803711,6.717067718505859,6.69071626663208,6.745127201080322,6.691246509552002,6.763357162475586,6.680682182312012,6.668127059936523,6.835339546203613,6.74782657623291,6.7244768142700195,6.723168849945068,6.9397077560424805
12.9,6.73606,0.0,6.765662670135498,6.246160507202148,6.621619701385498,6.732707977294922,6.729979038238525,6.714119911193848,6.649567127227783,6.665968418121338,6.841386318206787,6.709236145019531,6.681756973266602,6.706069469451904,6.771650314331055,6.732795715332031,6.475032329559326,6.725581645965576,6.768375396728516,6.565633773803711,6.717067718505859,6.69071626663208,6.745127201080322,6.691246509552002,6.763357162475586,6.680682182312012,6.668127059936523,6.835339546203613,6.74782657623291,6.7244768142700195,6.723168849945068,6.9397077560424805
12.91,6.73727,0.0,6.765662670135498,6.246160507202148,6.621619701385498,6.732707977294922,6.729979038238525,6.714119911193848,6.649567127227783,6.665968418121338,6.841386318206787,6.709236145019531,6.681756973266602,6.706069469451904,6.771650314331055,6.732795715332031,6.475032329559326,6.725581645965576,6.768375396728516,6.565633773803711,6.717067718505859,6.69071626663208,6.745127201080322,6.691246509552002,6.763357162475586,6.680682182312012,6.668127059936523,6.835339546203613,6.74782657623291,6.7244768142700195,6.723168849945068,6.9397077560424805
12.92,6.73842,0.0,6.765662670135498,6.246160507202148,6.621619701385498,6.732707977294922,6.729979038238525,6.714119911193848,6.649567127227783,6.665968418121338,6.841386318206787,6.709236145019531,6.681756973266602,6.706069469451904,6.771650314331055,6.732795715332031,6.475032329559326,6.725581645965576,6.768375396728516,6.565633773803711,6.717067718505859,6.69071626663208,6.745127201080322,6.691246509552002,6.763357162475586,6.680682182312012,6.668127059936523,6.835339546203613,6.74782657623291,6.7244768142700195,6.723168849945068,6.9397077560424805
12.93,6.73947,0.0,6.765662670135498,6.246160507202148,6.621619701385498,6.732707977294922,6.729979038238525,6.714119911193848,6.649567127227783,6.665968418121338,6.841386318206787,6.709236145019531,6.681756973266602,6.706069469451904,6.771650314331055,6.732795715332031,6.475032329559326,6.725581645965576,6.768375396728516,6.565633773803711,6.717067718505859,6.69071626663208,6.745127201080322,6.691246509552002,6.763357162475586,6.680682182312012,6.668127059936523,6.835339546203613,6.74782657623291,6.7244768142700195,6.723168849945068,6.9397077560424805
12.94,6.74043,0.0,6.73845100402832,6.204437255859375,6.593263149261475,6.711270809173584,6.706413269042969,6.675184726715088,6.599978446960449,6.645282745361328,6.813625812530518,6.6814751625061035,6.653219699859619,6.674219131469727,6.752834796905518,6.712195873260498,6.232906341552734,6.708705902099609,6.754291534423828,6.538843154907227,6.697242259979248,6.685523986816406,6.727194786071777,6.676974773406982,6.741177558898926,6.6628851890563965,6.657141208648682,6.8207855224609375,6.724472522735596,6.704963207244873,6.722278594970703,6.926667213439941
12.95,6.74113,0.0,6.73845100402832,6.204437255859375,6.593263149261475,6.711270809173584,6.706413269042969,6.675184726715088,6.599978446960449,6.645282745361328,6.813625812530518,6.6814751625061035,6.653219699859619,6.674219131469727,6.752834796905518,6.712195873260498,6.232906341552734,6.708705902099609,6.754291534423828,6.538843154907227,6.697242259979248,6.685523986816406,6.727194786071777,6.676974773406982,6.741177558898926,6.6628851890563965,6.657141208648682,6.8207855224609375,6.724472522735596,6.704963207244873,6.722278594970703,6.926667213439941
12.96,6.74202,0.0,6.73845100402832,6.204437255859375,6.593263149261475,6.711270809173584,6.706413269042969,6.675184726715088,6.599978446960449,6.645282745361328,6.813625812530518,6.6814751625061035,6.653219699859619,6.674219131469727,6.752834796905518,6.712195873260498,6.232906341552734,6.708705902099609,6.754291534423828,6.538843154907227,6.697242259979248,6.685523986816406,6.727194786071777,6.676974773406982,6.741177558898926,6.6628851890563965,6.657141208648682,6.8207855224609375,6.724472522735596,6.704963207244873,6.722278594970703,6.926667213439941
12.97,6.74261,0.0,6.73845100402832,6.204437255859375,6.593263149261475,6.711270809173584,6.706413269042969,6.675184726715088,6.599978446960449,6.645282745361328,6.813625812530518,6.6814751625061035,6.653219699859619,6.674219131469727,6.752834796905518,6.712195873260498,6.232906341552734,6.708705902099609,6.754291534423828,6.538843154907227,6.697242259979248,6.685523986816406,6.727194786071777,6.676974773406982,6.741177558898926,6.6628851890563965,6.657141208648682,6.8207855224609375,6.724472522735596,6.704963207244873,6.722278594970703,6.926667213439941
12.98,6.74307,0.0,6.73845100402832,6.204437255859375,6.593263149261475,6.711270809173584,6.706413269042969,6.675184726715088,6.599978446960449,6.645282745361328,6.813625812530518,6.6814751625061035,6.653219699859619,6.674219131469727,6.752834796905518,6.712195873260498,6.232906341552734,6.708705902099609,6.754291534423828,6.538843154907227,6.697242259979248,6.685523986816406,6.727194786071777,6.676974773406982,6.741177558898926,6.6628851890563965,6.657141208648682,6.8207855224609375,6.724472522735596,6.704963207244873,6.722278594970703,6.926667213439941
12.99,6.74337,0.0,6.7006516456604,6.142205715179443,6.58634614944458,6.687823295593262,6.687593460083008,6.637231349945068,6.559134006500244,6.623390197753906,6.778300762176514,6.664948463439941,6.633485794067383,6.64375638961792,6.730594158172607,6.69112491607666,5.990540504455566,6.69091272354126,6.7330827713012695,6.503844261169434,6.672800540924072,6.6682515144348145,6.704397201538086,6.660531044006348,6.718029022216797,6.642591953277588,6.640273094177246,6.794674873352051,6.69941520690918,6.680870056152344,6.719564437866211,6.9116902351379395
13.0,6.74352,0.0,6.7006516456604,6.142205715179443,6.58634614944458,6.687823295593262,6.687593460083008,6.637231349945068,6.559134006500244,6.623390197753906,6.778300762176514,6.664948463439941,6.633485794067383,6.64375638961792,6.730594158172607,6.69112491607666,5.990540504455566,6.69091272354126,6.7330827713012695,6.503844261169434,6.672800540924072,6.6682515144348145,6.704397201538086,6.660531044006348,6.718029022216797,6.642591953277588,6.640273094177246,6.794674873352051,6.69941520690918,6.680870056152344,6.719564437866211,6.9116902351379395
13.01,6.74349,0.0,6.7006516456604,6.142205715179443,6.58634614944458,6.687823295593262,6.687593460083008,6.637231349945068,6.559134006500244,6.623390197753906,6.778300762176514,6.664948463439941,6.633485794067383,6.64375638961792,6.730594158172607,6.69112491607666,5.990540504455566,6.69091272354126,6.7330827713012695,6.503844261169434,6.672800540924072,6.6682515144348145,6.704397201538086,6.660531044006348,6.718029022216797,6.642591953277588,6.640273094177246,6.794674873352051,6.69941520690918,6.680870056152344,6.719564437866211,6.9116902351379395
13.02,6.74329,0.0,6.7006516456604,6.142205715179443,6.58634614944458,6.687823295593262,6.687593460083008,6.637231349945068,6.559134006500244,6.623390197753906,6.778300762176514,6.664948463439941,6.633485794067383,6.64375638961792,6.730594158172607,6.69112491607666,5.990540504455566,6.69091272354126,6.7330827713012695,6.503844261169434,6.672800540924072,6.6682515144348145,6.704397201538086,6.660531044006348,6.718029022216797,6.642591953277588,6.640273094177246,6.794674873352051,6.69941520690918,6.680870056152344,6.719564437866211,6.9116902351379395
13.03,6.74301,0.0,6.7006516456604,6.142205715179443,6.58634614944458,6.687823295593262,6.687593460083008,6.637231349945068,6.559134006500244,6.623390197753906,6.778300762176514,6.664948463439941,6.633485794067383,6.64375638961792,6.730594158172607,6.69112491607666,5.990540504455566,6.69091272354126,6.7330827713012695,6.503844261169434,6.672800540924072,6.6682515144348145,6.704397201538086,6.660531044006348,6.718029022216797,6.642591953277588,6.640273094177246,6.794674873352051,6.69941520690918,6.680870056152344,6.719564437866211,6.9116902351379395
13.04,6.74249,0.0,6.665738582611084,6.062438011169434,6.6022629737854,6.66960334777832,6.673418045043945,6.620115280151367,6.5375752449035645,6.615365505218506,6.745835304260254,6.669502258300781,6.635103702545166,6.628027439117432,6.716704845428467,6.675018310546875,5.786956787109375,6.678526878356934,6.710775852203369,6.467422962188721,6.651119232177734,6.639100551605225,6.68643045425415,6.651481628417969,6.706551551818848,6.626919746398926,6.625060081481934,6.758162975311279,6.682408332824707,6.659287929534912,6.718222141265869,6.896351337432861
13.05,6.74163,0.0,6.665738582611084,6.062438011169434,6.6022629737854,6.66960334777832,6.673418045043945,6.620115280151367,6.5375752449035645,6.615365505218506,6.745835304260254,6.669502258300781,6.635103702545166,6.628027439117432,6.716704845428467,6.675018310546875,5.786956787109375,6.678526878356934,6.710775852203369,6.467422962188721,6.651119232177734,6.639100551605225,6.68643045425415,6.651481628417969,6.706551551818848,6.626919746398926,6.625060081481934,6.758162975311279,6.682408332824707,6.659287929534912,6.718222141265869,6.896351337432861
13.06,6.74071,0.0,6.665738582611084,6.062438011169434,6.6022629737854,6.66960334777832,6.673418045043945,6.620115280151367,6.5375752449035645,6.615365505218506,6.745835304260254,6.669502258300781,6.635103702545166,6.628027439117432,6.716704845428467,6.675018310546875,5.786956787109375,6.678526878356934,6.710775852203369,6.467422962188721,6.651119232177734,6.639100551605225,6.68643045425415,6.651481628417969,6.706551551818848,6.626919746398926,6.625060081481934,6.758162975311279,6.682408332824707,6.659287929534912,6.718222141265869,6.896351337432861
13.07,6.73961,0.0,6.665738582611084,6.062438011169434,6.6022629737854,6.66960334777832,6.673418045043945,6.620115280151367,6.5375752449035645,6.615365505218506,6.745835304260254,6.669502258300781,6.635103702545166,6.628027439117432,6.716704845428467,6.675018310546875,5.786956787109375,6.678526878356934,6.710775852203369,6.467422962188721,6.651119232177734,6.639100551605225,6.68643045425415,6.651481628417969,6.706551551818848,6.626919746398926,6.625060081481934,6.758162975311279,6.682408332824707,6.659287929534912,6.718222141265869,6.896351337432861
13.08,6.73834,0.0,6.665738582611084,6.062438011169434,6.6022629737854,6.66960334777832,6.673418045043945,6.620115280151367,6.5375752449035645,6.615365505218506,6.745835304260254,6.669502258300781,6.635103702545166,6.628027439117432,6.716704845428467,6.675018310546875,5.786956787109375,6.678526878356934,6.710775852203369,6.467422962188721,6.651119232177734,6.639100551605225,6.68643045425415,6.651481628417969,6.706551551818848,6.626919746398926,6.625060081481934,6.758162975311279,6.682408332824707,6.659287929534912,6.718222141265869,6.896351337432861
13.09,6.73689,0.0,6.625674724578857,5.990054130554199,6.642633438110352,6.663265228271484,6.657962322235107,6.640617370605469,6.546792984008789,6.622705936431885,6.716981887817383,6.676640510559082,6.649260520935059,6.635756969451904,6.707094669342041,6.667840003967285,5.6775994300842285,6.675268173217773,6.689288139343262,6.43686056137085,6.63809871673584,6.613313674926758,6.672420501708984,6.643340110778809,6.705558776855469,6.613912582397461,6.6150803565979,6.718223571777344,6.67831563949585,6.6459784507751465,6.708343982696533,6.882060527801514
13.1,6.73528,0.0,6.625674724578857,5.990054130554199,6.642633438110352,6.663265228271484,6.657962322235107,6.640617370605469,6.546792984008789,6.622705936431885,6.716981887817383,6.676640510559082,6.649260520935059,6.635756969451904,6.707094669342041,6.667840003967285,5.6775994300842285,6.675268173217773,6.689288139343262,6.43686056137085,6.63809871673584,6.613313674926758,6.672420501708984,6.643340110778809,6.705558776855469,6.613912582397461,6.6150803565979,6.718223571777344,6.67831563949585,6.6459784507751465,6.708343982696533,6.882060527801514
13.11,6.73352,0.0,6.625674724578857,5.990054130554199,6.642633438110352,6.663265228271484,6.657962322235107,6.640617370605469,6.546792984008789,6.622705936431885,6.716981887817383,6.676640510559082,6.649260520935059,6.635756969451904,6.707094669342041,6.667840003967285,5.6775994300842285,6.675268173217773,6.689288139343262,6.43686056137085,6.63809871673584,6.613313674926758,6.672420501708984,6.643340110778809,6.705558776855469,6.613912582397461,6.6150803565979,6.718223571777344,6.67831563949585,6.6459784507751465,6.708343982696533,6.882060527801514
13.12,6.732,0.0,6.625674724578857,5.990054130554199,6.642633438110352,6.663265228271484,6.657962322235107,6.640617370605469,6.546792984008789,6.622705936431885,6.716981887817383,6.676640510559082,6.649260520935059,6.635756969451904,6.707094669342041,6.667840003967285,5.6775994300842285,6.675268173217773,6.689288139343262,6.43686056137085,6.63809871673584,6.613313674926758,6.672420501708984,6.643340110778809,6.705558776855469,6.613912582397461,6.6150803565979,6.718223571777344,6.67831563949585,6.6459784507751465,6.708343982696533,6.882060527801514
13.13,6.72955,0.0,6.625674724578857,5.990054130554199,6.642633438110352,6.663265228271484,6.657962322235107,6.640617370605469,6.546792984008789,6.622705936431885,6.716981887817383,6.676640510559082,6.649260520935059,6.635756969451904,6.707094669342041,6.667840003967285,5.6775994300842285,6.675268173217773,6.689288139343262,6.43686056137085,6.63809871673584,6.613313674926758,6.672420501708984,6.643340110778809,6.705558776855469,6.613912582397461,6.6150803565979,6.718223571777344,6.67831563949585,6.6459784507751465,6.708343982696533,6.882060527801514
13.14,6.72738,0.0,6.587691783905029,5.959084510803223,6.66526460647583,6.6618332862854,6.643088340759277,6.672008514404297,6.565340518951416,6.6261210441589355,6.694666862487793,6.668202877044678,6.658858299255371,6.648517608642578,6.699888229370117,6.661097049713135,5.670612335205078,6.6670074462890625,6.668781757354736,6.410238265991211,6.630218029022217,6.598536968231201,6.657524108886719,6.629812240600586,6.702770709991455,6.6016926765441895,6.60709810256958,6.678933143615723,6.678447246551514,6.637542724609375,6.688902854919434,6.869512557983398
13.15,6.72508,0.0,6.587691783905029,5.959084510803223,6.66526460647583,6.6618332862854,6.643088340759277,6.672008514404297,6.565340518951416,6.6261210441589355,6.694666862487793,6.668202877044678,6.658858299255371,6.648517608642578,6.699888229370117,6.661097049713135,5.670612335205078,6.6670074462890625,6.668781757354736,6.410238265991211,6.630218029022217,6.598536968231201,6.657524108886719,6.629812240600586,6.702770709991455,6.6016926765441895,6.60709810256958,6.678933143615723,6.678447246551514,6.637542724609375,6.688902854919434,6.869512557983398
13.16,6.72269,0.0,6.587691783905029,5.959084510803223,6.66526460647583,6.6618332862854,6.643088340759277,6.672008514404297,6.565340518951416,6.6261210441589355,6.694666862487793,6.668202877044678,6.658858299255371,6.648517608642578,6.699888229370117,6.661097049713135,5.670612335205078,6.6670074462890625,6.668781757354736,6.410238265991211,6.630218029022217,6.598536968231201,6.657524108886719,6.629812240600586,6.702770709991455,6.6016926765441895,6.60709810256958,6.678933143615723,6.678447246551514,6.637542724609375,6.688902854919434,6.869512557983398
13.17,6.72022,0.0,6.587691783905029,5.959084510803223,6.66526460647583,6.6618332862854,6.643088340759277,6.672008514404297,6.565340518951416,6.6261210441589355,6.694666862487793,6.668202877044678,6.658858299255371,6.648517608642578,6.699888229370117,6.661097049713135,5.670612335205078,6.6670074462890625,6.668781757354736,6.410238265991211,6.630218029022217,6.598536968231201,6.657524108886719,6.629812240600586,6.702770709991455,6.6016926765441895,6.60709810256958,6.678933143615723,6.678447246551514,6.637542724609375,6.688902854919434,6.869512557983398
13.18,6.71767,0.0,6.587691783905029,5.959084510803223,6.66526460647583,6.6618332862854,6.643088340759277,6.672008514404297,6.565340518951416,6.6261210441589355,6.694666862487793,6.668202877044678,6.658858299255371,6.648517608642578,6.699888229370117,6.661097049713135,5.670612335205078,6.6670074462890625,6.668781757354736,6.410238265991211,6.630218029022217,6.598536968231201,6.657524108886719,6.629812240600586,6.702770709991455,6.6016926765441895,6.60709810256958,6.678933143615723,6.678447246551514,6.637542724609375,6.688902854919434,6.869512557983398
13.19,6.71506,0.0,6.561831951141357,5.9824628829956055,6.654592037200928,6.658174514770508,6.6291937828063965,6.695567607879639,6.577846527099609,6.622064113616943,6.678738117218018,6.652915954589844,6.6595025062561035,6.658773422241211,6.694057464599609,6.6550211906433105,5.733467102050781,6.652637958526611,6.650477886199951,6.3916425704956055,6.625943660736084,6.589092254638672,6.642560005187988,6.6140313148498535,6.699307918548584,6.592716217041016,6.60009241104126,6.644433975219727,6.677425861358643,6.631917476654053,6.659437656402588,6.858194828033447
13.2,6.71295,0.0,6.561831951141357,5.9824628829956055,6.654592037200928,6.658174514770508,6.6291937828063965,6.695567607879639,6.577846527099609,6.622064113616943,6.678738117218018,6.652915954589844,6.6595025062561035,6.658773422241211,6.694057464599609,6.6550211906433105,5.733467102050781,6.652637958526611,6.650477886199951,6.3916425704956055,6.625943660736084,6.589092254638672,6.642560005187988,6.6140313148498535,6.699307918548584,6.592716217041016,6.60009241104126,6.644433975219727,6.677425861358643,6.631917476654053,6.659437656402588,6.858194828033447
13.21,6.70974,0.0,6.561831951141357,5.9824628829956055,6.654592037200928,6.658174514770508,6.6291937828063965,6.695567607879639,6.577846527099609,6.622064113616943,6.678738117218018,6.652915954589844,6.6595025062561035,6.658773422241211,6.694057464599609,6.6550211906433105,5.733467102050781,6.652637958526611,6.650477886199951,6.3916425704956055,6.625943660736084,6.589092254638672,6.642560005187988,6.6140313148498535,6.699307918548584,6.592716217041016,6.60009241104126,6.644433975219727,6.677425861358643,6.631917476654053,6.659437656402588,6.858194828033447
13.22,6.70706,0.0,6.561831951141357,5.9824628829956055,6.654592037200928,6.658174514770508,6.6291937828063965,6.695567607879639,6.577846527099609,6.622064113616943,6.678738117218018,6.652915954589844,6.6595025062561035,6.658773422241211,6.694057464599609,6.6550211906433105,5.733467102050781,6.652637958526611,6.650477886199951,6.3916425704956055,6.625943660736084,6.589092254638672,6.642560005187988,6.6140313148498535,6.699307918548584,6.592716217041016,6.60009241104126,6.644433975219727,6.677425861358643,6.631917476654053,6.659437656402588,6.858194828033447
13.23,6.70438,0.0,6.561831951141357,5.9824628829956055,6.654592037200928,6.658174514770508,6.6291937828063965,6.695567607879639,6.577846527099609,6.622064113616943,6.678738117218018,6.652915954589844,6.6595025062561035,6.658773422241211,6.694057464599609,6.6550211906433105,5.733467102050781,6.652637958526611,6.650477886199951,6.3916425704956055,6.625943660736084,6.589092254638672,6.642560005187988,6.6140313148498535,6.699307918548584,6.592716217041016,6.60009241104126,6.644433975219727,6.677425861358643,6.631917476654053,6.659437656402588,6.858194828033447
13.24,6.70172,0.0,6.556358814239502,6.004109859466553,6.612793922424316,6.647191047668457,6.6125898361206055,6.697574615478516,6.578805446624756,6.6123046875,6.6651105880737305,6.639163494110107,6.651541709899902,6.659047603607178,6.6823201179504395,6.6478400230407715,5.810626983642578,6.634642124176025,6.6340484619140625,6.382139205932617,6.622705936431885,6.581412315368652,6.627004146575928,6.600185871124268,6.693734645843506,6.586548805236816,6.592739105224609,6.6181840896606445,6.672999382019043,6.6261162757873535,6.619101524353027,6.845747947692871
13.25,6.69909,0.0,6.556358814239502,6.004109859466553,6.612793922424316,6.647191047668457,6.6125898361206055,6.697574615478516,6.578805446624756,6.6123046875,6.6651105880737305,6.639163494110107,6.651541709899902,6.659047603607178,6.6823201179504395,6.6478400230407715,5.810626983642578,6.634642124176025,6.6340484619140625,6.382139205932617,6.622705936431885,6.581412315368652,6.627004146575928,6.600185871124268,6.693734645843506,6.586548805236816,6.592739105224609,6.6181840896606445,6.672999382019043,6.6261162757873535,6.619101524353027,6.845747947692871
13.26,6.6965,0.0,6.556358814239502,6.004109859466553,6.612793922424316,6.647191047668457,6.6125898361206055,6.697574615478516,6.578805446624756,6.6123046875,6.6651105880737305,6.639163494110107,6.651541709899902,6.659047603607178,6.6823201179504395,6.6478400230407715,5.810626983642578,6.634642124176025,6.6340484619140625,6.382139205932617,6.622705936431885,6.581412315368652,6.627004146575928,6.600185871124268,6.693734645843506,6.586548805236816,6.592739105224609,6.6181840896606445,6.672999382019043,6.6261162757873535,6.619101524353027,6.845747947692871
13.27,6.69397,0.0,6.556358814239502,6.004109859466553,6.612793922424316,6.647191047668457,6.6125898361206055,6.697574615478516,6.578805446624756,6.6123046875,6.6651105880737305,6.639163494110107,6.651541709899902,6.659047603607178,6.6823201179504395,6.6478400230407715,5.810626983642578,6.634642124176025,6.6340484619140625,6.382139205932617,6.622705936431885,6.581412315368652,6.627004146575928,6.600185871124268,6.693734645843506,6.586548805236816,6.592739105224609,6.6181840896606445,6.672999382019043,6.6261162757873535,6.619101524353027,6.845747947692871
13.28,6.69199,0.0,6.556358814239502,6.004109859466553,6.612793922424316,6.647191047668457,6.6125898361206055,6.697574615478516,6.578805446624756,6.6123046875,6.6651105880737305,6.639163494110107,6.651541709899902,6.659047603607178,6.6823201179504395,6.6478400230407715,5.810626983642578,6.634642124176025,6.6340484619140625,6.382139205932617,6.622705936431885,6.581412315368652,6.627004146575928,6.600185871124268,6.693734645843506,6.586548805236816,6.592739105224609,6.6181840896606445,6.672999382019043,6.6261162757873535,6.619101524353027,6.845747947692871
13.29,6.68958,0.0,6.568124294281006,6.00532865524292,6.56881856918335,6.629462718963623,6.598345756530762,6.678737163543701,6.569411277770996,6.6012797355651855,6.658175468444824,6.629365921020508,6.638173580169678,6.649860382080078,6.670277118682861,6.640056610107422,5.858911514282227,6.619176864624023,6.618722915649414,6.3768630027771,6.617588520050049,6.575150966644287,6.609521389007568,6.588732719421387,6.686065196990967,6.580397129058838,6.585236549377441,6.594202995300293,6.66534423828125,6.619208812713623,6.573819637298584,6.832235813140869
13.3,6.68681,0.0,6.568124294281006,6.00532865524292,6.56881856918335,6.629462718963623,6.598345756530762,6.678737163543701,6.569411277770996,6.6012797355651855,6.658175468444824,6.629365921020508,6.638173580169678,6.649860382080078,6.670277118682861,6.640056610107422,5.858911514282227,6.619176864624023,6.618722915649414,6.3768630027771,6.617588520050049,6.575150966644287,6.609521389007568,6.588732719421387,6.686065196990967,6.580397129058838,6.585236549377441,6.594202995300293,6.66534423828125,6.619208812713623,6.573819637298584,6.832235813140869
13.31,6.68459,0.0,6.568124294281006,6.00532865524292,6.56881856918335,6.629462718963623,6.598345756530762,6.678737163543701,6.569411277770996,6.6012797355651855,6.658175468444824,6.629365921020508,6.638173580169678,6.649860382080078,6.670277118682861,6.640056610107422,5.858911514282227,6.619176864624023,6.618722915649414,6.3768630027771,6.617588520050049,6.575150966644287,6.609521389007568,6.588732719421387,6.686065196990967,6.580397129058838,6.585236549377441,6.594202995300293,6.66534423828125,6.619208812713623,6.573819637298584,6.832235813140869
13.32,6.68247,0.0,6.568124294281006,6.00532865524292,6.56881856918335,6.629462718963623,6.598345756530762,6.678737163543701,6.569411277770996,6.6012797355651855,6.658175468444824,6.629365921020508,6.638173580169678,6.649860382080078,6.670277118682861,6.640056610107422,5.858911514282227,6.619176864624023,6.618722915649414,6.3768630027771,6.617588520050049,6.575150966644287,6.609521389007568,6.588732719421387,6.686065196990967,6.580397129058838,6.585236549377441,6.594202995300293,6.66534423828125,6.619208812713623,6.573819637298584,6.832235813140869
13.33,6.68045,0.0,6.568124294281006,6.00532865524292,6.56881856918335,6.629462718963623,6.598345756530762,6.678737163543701,6.569411277770996,6.6012797355651855,6.658175468444824,6.629365921020508,6.638173580169678,6.649860382080078,6.670277118682861,6.640056610107422,5.858911514282227,6.619176864624023,6.618722915649414,6.3768630027771,6.617588520050049,6.575150966644287,6.609521389007568,6.588732719421387,6.686065196990967,6.580397129058838,6.585236549377441,6.594202995300293,6.66534423828125,6.619208812713623,6.573819637298584,6.832235813140869
13.34,6.67853,0.0,6.582563400268555,5.972338676452637,6.545346260070801,6.611014366149902,6.5854620933532715,6.6505584716796875,6.556906223297119,6.5931243896484375,6.655048847198486,6.62519645690918,6.62620735168457,6.636185169219971,6.655714988708496,6.632961750030518,5.868139266967773,6.609320640563965,6.605133056640625,6.3752617835998535,6.610613822937012,6.569596767425537,6.592731952667236,6.580477237701416,6.678066730499268,6.574466705322266,6.57837438583374,6.573832988739014,6.657113552093506,6.6122589111328125,6.530257225036621,6.818347454071045
13.35,6.67671,0.0,6.582563400268555,5.972338676452637,6.545346260070801,6.611014366149902,6.5854620933532715,6.6505584716796875,6.556906223297119,6.5931243896484375,6.655048847198486,6.62519645690918,6.62620735168457,6.636185169219971,6.655714988708496,6.632961750030518,5.868139266967773,6.609320640563965,6.605133056640625,6.3752617835998535,6.610613822937012,6.569596767425537,6.592731952667236,6.580477237701416,6.678066730499268,6.574466705322266,6.57837438583374,6.573832988739014,6.657113552093506,6.6122589111328125,6.530257225036621,6.818347454071045
13.36,6.675,0.0,6.582563400268555,5.972338676452637,6.545346260070801,6.611014366149902,6.5854620933532715,6.6505584716796875,6.556906223297119,6.5931243896484375,6.655048847198486,6.62519645690918,6.62620735168457,6.636185169219971,6.655714988708496,6.632961750030518,5.868139266967773,6.609320640563965,6.605133056640625,6.3752617835998535,6.610613822937012,6.569596767425537,6.592731952667236,6.580477237701416,6.678066730499268,6.574466705322266,6.57837438583374,6.573832988739014,6.657113552093506,6.6122589111328125,6.530257225036621,6.818347454071045
13.37,6.6737,0.0,6.582563400268555,5.972338676452637,6.545346260070801,6.611014366149902,6.5854620933532715,6.6505584716796875,6.556906223297119,6.5931243896484375,6.655048847198486,6.62519645690918,6.62620735168457,6.636185169219971,6.655714988708496,6.632961750030518,5.868139266967773,6.609320640563965,6.605133056640625,6.3752617835998535,6.610613822937012,6.569596767425537,6.592731952667236,6.580477237701416,6.678066730499268,6.574466705322266,6.57837438583374,6.573832988739014,6.657113552093506,6.6122589111328125,6.530257225036621,6.818347454071045
13.38,6.67187,0.0,6.582563400268555,5.972338676452637,6.545346260070801,6.611014366149902,6.5854620933532715,6.6505584716796875,6.556906223297119,6.5931243896484375,6.655048847198486,6.62519645690918,6.62620735168457,6.636185169219971,6.655714988708496,6.632961750030518,5.868139266967773,6.609320640563965,6.605133056640625,6.3752617835998535,6.610613822937012,6.569596767425537,6.592731952667236,6.580477237701416,6.678066730499268,6.574466705322266,6.57837438583374,6.573832988739014,6.657113552093506,6.6122589111328125,6.530257225036621,6.818347454071045
13.39,6.67044,0.0,6.589986324310303,5.930678367614746,6.545553207397461,6.597654819488525,6.567134857177734,6.624326229095459,6.549438953399658,6.5896782875061035,6.65705680847168,6.626639366149902,6.620650768280029,6.624867916107178,6.644946575164795,6.627922534942627,5.850069522857666,6.60526704788208,6.595931053161621,6.37827730178833,6.6055474281311035,6.56559944152832,6.581818103790283,6.57655668258667,6.673954010009766,6.571160316467285,6.572930335998535,6.5583271980285645,6.652222633361816,6.607587814331055,6.504693508148193,6.8025431632995605
13.4,6.6691,0.0,6.589986324310303,5.930678367614746,6.545553207397461,6.597654819488525,6.567134857177734,6.624326229095459,6.549438953399658,6.5896782875061035,6.65705680847168,6.626639366149902,6.620650768280029,6.624867916107178,6.644946575164795,6.627922534942627,5.850069522857666,6.60526704788208,6.595931053161621,6.37827730178833,6.6055474281311035,6.56559944152832,6.581818103790283,6.57655668258667,6.673954010009766,6.571160316467285,6.572930335998535,6.5583271980285645,6.652222633361816,6.607587814331055,6.504693508148193,6.8025431632995605
13.41,6.66784,0.0,6.589986324310303,5.930678367614746,6.545553207397461,6.597654819488525,6.567134857177734,6.624326229095459,6.549438953399658,6.5896782875061035,6.65705680847168,6.626639366149902,6.620650768280029,6.624867916107178,6.644946575164795,6.627922534942627,5.850069522857666,6.60526704788208,6.595931053161621,6.37827730178833,6.6055474281311035,6.56559944152832,6.581818103790283,6.57655668258667,6.673954010009766,6.571160316467285,6.572930335998535,6.5583271980285645,6.652222633361816,6.607587814331055,6.504693508148193,6.8025431632995605
13.42,6.66666,0.0,6.589986324310303,5.930678367614746,6.545553207397461,6.597654819488525,6.567134857177734,6.624326229095459,6.549438953399658,6.5896782875061035,6.65705680847168,6.626639366149902,6.620650768280029,6.624867916107178,6.644946575164795,6.627922534942627,5.850069522857666,6.60526704788208,6.595931053161621,6.37827730178833,6.6055474281311035,6.56559944152832,6.581818103790283,6.57655668258667,6.673954010009766,6.571160316467285,6.572930335998535,6.5583271980285645,6.652222633361816,6.607587814331055,6.504693508148193,6.8025431632995605
13.43,6.66553,0.0,6.589986324310303,5.930678367614746,6.545553207397461,6.597654819488525,6.567134857177734,6.624326229095459,6.549438953399658,6.5896782875061035,6.65705680847168,6.626639366149902,6.620650768280029,6.624867916107178,6.644946575164795,6.627922534942627,5.850069522857666,6.60526704788208,6.595931053161621,6.37827730178833,6.6055474281311035,6.56559944152832,6.581818103790283,6.57655668258667,6.673954010009766,6.571160316467285,6.572930335998535,6.5583271980285645,6.652222633361816,6.607587814331055,6.504693508148193,6.8025431632995605
13.44,6.66446,0.0,6.584141731262207,5.90079402923584,6.5569281578063965,6.58827018737793,6.547660827636719,6.602409839630127,6.543415069580078,6.583987236022949,6.652104377746582,6.623727321624756,6.6151323318481445,6.614685535430908,6.64186429977417,6.6218132972717285,5.823983192443848,6.601983070373535,6.58825159072876,6.382168769836426,6.599819660186768,6.560496807098389,6.572184085845947,6.571705341339111,6.668528079986572,6.565554618835449,6.56714391708374,6.546022891998291,6.646829128265381,6.601879596710205,6.492825031280518,6.78379487991333
13.45,6.66364,0.0,6.584141731262207,5.90079402923584,6.5569281578063965,6.58827018737793,6.547660827636719,6.602409839630127,6.543415069580078,6.583987236022949,6.652104377746582,6.623727321624756,6.6151323318481445,6.614685535430908,6.64186429977417,6.6218132972717285,5.823983192443848,6.601983070373535,6.58825159072876,6.382168769836426,6.599819660186768,6.560496807098389,6.572184085845947,6.571705341339111,6.668528079986572,6.565554618835449,6.56714391708374,6.546022891998291,6.646829128265381,6.601879596710205,6.492825031280518,6.78379487991333
13.46,6.66246,0.0,6.584141731262207,5.90079402923584,6.5569281578063965,6.58827018737793,6.547660827636719,6.602409839630127,6.543415069580078,6.583987236022949,6.652104377746582,6.623727321624756,6.6151323318481445,6.614685535430908,6.64186429977417,6.6218132972717285,5.823983192443848,6.601983070373535,6.58825159072876,6.382168769836426,6.599819660186768,6.560496807098389,6.572184085845947,6.571705341339111,6.668528079986572,6.565554618835449,6.56714391708374,6.546022891998291,6.646829128265381,6.601879596710205,6.492825031280518,6.78379487991333
13.47,6.6615,0.0,6.584141731262207,5.90079402923584,6.5569281578063965,6.58827018737793,6.547660827636719,6.602409839630127,6.543415069580078,6.583987236022949,6.652104377746582,6.623727321624756,6.6151323318481445,6.614685535430908,6.64186429977417,6.6218132972717285,5.823983192443848,6.601983070373535,6.58825159072876,6.382168769836426,6.599819660186768,6.560496807098389,6.572184085845947,6.571705341339111,6.668528079986572,6.565554618835449,6.56714391708374,6.546022891998291,6.646829128265381,6.601879596710205,6.492825031280518,6.78379487991333
13.48,6.66056,0.0,6.584141731262207,5.90079402923584,6.5569281578063965,6.58827018737793,6.547660827636719,6.602409839630127,6.543415069580078,6.583987236022949,6.652104377746582,6.623727321624756,6.6151323318481445,6.614685535430908,6.64186429977417,6.6218132972717285,5.823983192443848,6.601983070373535,6.58825159072876,6.382168769836426,6.599819660186768,6.560496807098389,6.572184085845947,6.571705341339111,6.668528079986572,6.565554618835449,6.56714391708374,6.546022891998291,6.646829128265381,6.601879596710205,6.492825031280518,6.78379487991333
13.49,6.65962,0.0,6.565978527069092,5.89357328414917,6.562587738037109,6.583554744720459,6.537249565124512,6.587700843811035,6.53937292098999,6.577172756195068,6.650620460510254,6.616849899291992,6.610368728637695,6.607118129730225,6.648926734924316,6.6150336265563965,5.811702251434326,6.5976104736328125,6.580776691436768,6.386042594909668,6.594305515289307,6.5555572509765625,6.565628528594971,6.566293239593506,6.662150859832764,6.5586700439453125,6.561883449554443,6.5351786613464355,6.641550064086914,6.595632076263428,6.485703468322754,6.762741565704346
13.5,6.65869,0.0,6.565978527069092,5.89357328414917,6.562587738037109,6.583554744720459,6.537249565124512,6.587700843811035,6.53937292098999,6.577172756195068,6.650620460510254,6.616849899291992,6.610368728637695,6.607118129730225,6.648926734924316,6.6150336265563965,5.811702251434326,6.5976104736328125,6.580776691436768,6.386042594909668,6.594305515289307,6.5555572509765625,6.565628528594971,6.566293239593506,6.662150859832764,6.5586700439453125,6.561883449554443,6.5351786613464355,6.641550064086914,6.595632076263428,6.485703468322754,6.762741565704346
13.51,6.65774,0.0,6.565978527069092,5.89357328414917,6.562587738037109,6.583554744720459,6.537249565124512,6.587700843811035,6.53937292098999,6.577172756195068,6.650620460510254,6.616849899291992,6.610368728637695,6.607118129730225,6.648926734924316,6.6150336265563965,5.811702251434326,6.5976104736328125,6.580776691436768,6.386042594909668,6.594305515289307,6.5555572509765625,6.565628528594971,6.566293239593506,6.662150859832764,6.5586700439453125,6.561883449554443,6.5351786613464355,6.641550064086914,6.595632076263428,6.485703468322754,6.762741565704346
13.52,6.65677,0.0,6.565978527069092,5.89357328414917,6.562587738037109,6.583554744720459,6.537249565124512,6.587700843811035,6.53937292098999,6.577172756195068,6.650620460510254,6.616849899291992,6.610368728637695,6.607118129730225,6.648926734924316,6.6150336265563965,5.811702251434326,6.5976104736328125,6.580776691436768,6.386042594909668,6.594305515289307,6.5555572509765625,6.565628528594971,6.566293239593506,6.662150859832764,6.5586700439453125,6.561883449554443,6.5351786613464355,6.641550064086914,6.595632076263428,6.485703468322754,6.762741565704346
13.53,6.65598,0.0,6.565978527069092,5.89357328414917,6.562587738037109,6.583554744720459,6.537249565124512,6.587700843811035,6.53937292098999,6.577172756195068,6.650620460510254,6.616849899291992,6.610368728637695,6.607118129730225,6.648926734924316,6.6150336265563965,5.811702251434326,6.5976104736328125,6.580776691436768,6.386042594909668,6.594305515289307,6.5555572509765625,6.565628528594971,6.566293239593506,6.662150859832764,6.5586700439453125,6.561883449554443,6.5351786613464355,6.641550064086914,6.595632076263428,6.485703468322754,6.762741565704346
13.54,6.65497,0.0,6.563512802124023,5.928996562957764,6.551661014556885,6.582301139831543,6.530784606933594,6.578771591186523,6.53661584854126,6.569936275482178,6.646832466125488,6.608213424682617,6.604398250579834,6.599787712097168,6.6461381912231445,6.606853008270264,5.827094554901123,6.589925289154053,6.5727338790893555,6.388615131378174,6.587244510650635,6.5495452880859375,6.5595879554748535,6.559208869934082,6.653341293334961,6.550422668457031,6.554944038391113,6.5251593589782715,6.6356401443481445,6.587374687194824,6.47824764251709,6.7397918701171875
13.55,6.65369,0.0,6.563512802124023,5.928996562957764,6.551661014556885,6.582301139831543,6.530784606933594,6.578771591186523,6.53661584854126,6.569936275482178,6.646832466125488,6.608213424682617,6.604398250579834,6.599787712097168,6.6461381912231445,6.606853008270264,5.827094554901123,6.589925289154053,6.5727338790893555,6.388615131378174,6.587244510650635,6.5495452880859375,6.5595879554748535,6.559208869934082,6.653341293334961,6.550422668457031,6.554944038391113,6.5251593589782715,6.6356401443481445,6.587374687194824,6.47824764251709,6.7397918701171875
13.56,6.65259,0.0,6.563512802124023,5.928996562957764,6.551661014556885,6.582301139831543,6.530784606933594,6.578771591186523,6.53661584854126,6.569936275482178,6.646832466125488,6.608213424682617,6.604398250579834,6.599787712097168,6.6461381912231445,6.606853008270264,5.827094554901123,6.589925289154053,6.5727338790893555,6.388615131378174,6.587244510650635,6.5495452880859375,6.5595879554748535,6.559208869934082,6.653341293334961,6.550422668457031,6.554944038391113,6.5251593589782715,6.6356401443481445,6.587374687194824,6.47824764251709,6.7397918701171875
13.57,6.65143,0.0,6.563512802124023,5.928996562957764,6.551661014556885,6.582301139831543,6.530784606933594,6.578771591186523,6.53661584854126,6.569936275482178,6.646832466125488,6.608213424682617,6.604398250579834,6.599787712097168,6.6461381912231445,6.606853008270264,5.827094554901123,6.589925289154053,6.5727338790893555,6.388615131378174,6.587244510650635,6.5495452880859375,6.5595879554748535,6.559208869934082,6.653341293334961,6.550422668457031,6.554944038391113,6.5251593589782715,6.6356401443481445,6.587374687194824,6.47824764251709,6.7397918701171875
13.58,6.65023,0.0,6.563512802124023,5.928996562957764,6.551661014556885,6.582301139831543,6.530784606933594,6.578771591186523,6.53661584854126,6.569936275482178,6.646832466125488,6.608213424682617,6.604398250579834,6.599787712097168,6.6461381912231445,6.606853008270264,5.827094554901123,6.589925289154053,6.5727338790893555,6.388615131378174,6.587244510650635,6.5495452880859375,6.5595879554748535,6.559208869934082,6.653341293334961,6.550422668457031,6.554944038391113,6.5251593589782715,6.6356401443481445,6.587374687194824,6.47824764251709,6.7397918701171875
13.59,6.64897,0.0,6.555732250213623,5.996580123901367,6.525873184204102,6.576876163482666,6.521681785583496,6.567670822143555,6.529581546783447,6.559074878692627,6.6392388343811035,6.596274375915527,6.593003749847412,6.590167045593262,6.6379475593566895,6.595922946929932,5.867450714111328,6.578915119171143,6.563459873199463,6.388411998748779,6.577932834625244,6.541419506072998,6.551573276519775,6.5485029220581055,6.642289638519287,6.53955078125,6.547078609466553,6.5145463943481445,6.627260208129883,6.57675313949585,6.471391201019287,6.714698314666748
13.6,6.64765,0.0,6.555732250213623,5.996580123901367,6.525873184204102,6.576876163482666,6.521681785583496,6.567670822143555,6.529581546783447,6.559074878692627,6.6392388343811035,6.596274375915527,6.593003749847412,6.590167045593262,6.6379475593566895,6.595922946929932,5.867450714111328,6.578915119171143,6.563459873199463,6.388411998748779,6.577932834625244,6.541419506072998,6.551573276519775,6.5485029220581055,6.642289638519287,6.53955078125,6.547078609466553,6.5145463943481445,6.627260208129883,6.57675313949585,6.471391201019287,6.714698314666748
13.61,6.64628,0.0,6.555732250213623,5.996580123901367,6.525873184204102,6.576876163482666,6.521681785583496,6.567670822143555,6.529581546783447,6.559074878692627,6.6392388343811035,6.596274375915527,6.593003749847412,6.590167045593262,6.6379475593566895,6.595922946929932,5.867450714111328,6.578915119171143,6.563459873199463,6.388411998748779,6.577932834625244,6.541419506072998,6.551573276519775,6.5485029220581055,6.642289638519287,6.53955078125,6.547078609466553,6.5145463943481445,6.627260208129883,6.57675313949585,6.471391201019287,6.714698314666748
13.62,6.64515,0.0,6.555732250213623,5.996580123901367,6.525873184204102,6.576876163482666,6.521681785583496,6.567670822143555,6.529581546783447,6.559074878692627,6.6392388343811035,6.596274375915527,6.593003749847412,6.590167045593262,6.6379475593566895,6.595922946929932,5.867450714111328,6.578915119171143,6.563459873199463,6.388411998748779,6.577932834625244,6.541419506072998,6.551573276519775,6.5485029220581055,6.642289638519287,6.53955078125,6.547078609466553,6.5145463943481445,6.627260208129883,6.57675313949585,6.471391201019287,6.714698314666748
13.63,6.64339,0.0,6.555732250213623,5.996580123901367,6.525873184204102,6.576876163482666,6.521681785583496,6.567670822143555,6.529581546783447,6.559074878692627,6.6392388343811035,6.596274375915527,6.593003749847412,6.590167045593262,6.6379475593566895,6.595922946929932,5.867450714111328,6.578915119171143,6.563459873199463,6.388411998748779,6.577932834625244,6.541419506072998,6.551573276519775,6.5485029220581055,6.642289638519287,6.53955078125,6.547078609466553,6.5145463943481445,6.627260208129883,6.57675313949585,6.471391201019287,6.714698314666748
13.64,6.64186,0.0,6.5499372482299805,6.053650379180908,6.505883693695068,6.573470115661621,6.5169782638549805,6.56169319152832,6.525191307067871,6.555665016174316,6.63325309753418,6.592735290527344,6.5870561599731445,6.5865702629089355,6.632190704345703,6.589916229248047,5.925053596496582,6.57272481918335,6.556597709655762,6.388149261474609,6.5701775550842285,6.535040855407715,6.54587984085083,6.54103946685791,6.636701583862305,6.533911228179932,6.541036605834961,6.503209590911865,6.622029781341553,6.570948600769043,6.466116428375244,6.688233852386475
13.65,6.64029,0.0,6.5499372482299805,6.053650379180908,6.505883693695068,6.573470115661621,6.5169782638549805,6.56169319152832,6.525191307067871,6.555665016174316,6.63325309753418,6.592735290527344,6.5870561599731445,6.5865702629089355,6.632190704345703,6.589916229248047,5.925053596496582,6.57272481918335,6.556597709655762,6.388149261474609,6.5701775550842285,6.535040855407715,6.54587984085083,6.54103946685791,6.636701583862305,6.533911228179932,6.541036605834961,6.503209590911865,6.622029781341553,6.570948600769043,6.466116428375244,6.688233852386475
13.66,6.63867,0.0,6.5499372482299805,6.053650379180908,6.505883693695068,6.573470115661621,6.5169782638549805,6.56169319152832,6.525191307067871,6.555665016174316,6.63325309753418,6.592735290527344,6.5870561599731445,6.5865702629089355,6.632190704345703,6.589916229248047,5.925053596496582,6.57272481918335,6.556597709655762,6.388149261474609,6.5701775550842285,6.535040855407715,6.54587984085083,6.54103946685791,6.636701583862305,6.533911228179932,6.541036605834961,6.503209590911865,6.622029781341553,6.570948600769043,6.466116428375244,6.688233852386475
13.67,6.63702,0.0,6.5499372482299805,6.053650379180908,6.505883693695068,6.573470115661621,6.5169782638549805,6.56169319152832,6.525191307067871,6.555665016174316,6.63325309753418,6.592735290527344,6.5870561599731445,6.5865702629089355,6.632190704345703,6.589916229248047,5.925053596496582,6.57272481918335,6.556597709655762,6.388149261474609,6.5701775550842285,6.535040855407715,6.54587984085083,6.54103946685791,6.636701583862305,6.533911228179932,6.541036605834961,6.503209590911865,6.622029781341553,6.570948600769043,6.466116428375244,6.688233852386475
13.68,6.63533,0.0,6.5499372482299805,6.053650379180908,6.505883693695068,6.573470115661621,6.5169782638549805,6.56169319152832,6.525191307067871,6.555665016174316,6.63325309753418,6.592735290527344,6.5870561599731445,6.5865702629089355,6.632190704345703,6.589916229248047,5.925053596496582,6.57272481918335,6.556597709655762,6.388149261474609,6.5701775550842285,6.535040855407715,6.54587984085083,6.54103946685791,6.636701583862305,6.533911228179932,6.541036605834961,6.503209590911865,6.622029781341553,6.570948600769043,6.466116428375244,6.688233852386475
13.69,6.63362,0.0,6.543186187744141,6.069095611572266,6.496853828430176,6.570194721221924,6.5140180587768555,6.55741548538208,6.523735523223877,6.555580139160156,6.630356311798096,6.595685005187988,6.585457801818848,6.5876898765563965,6.628418922424316,6.587181091308594,5.983020782470703,6.570631980895996,6.551761150360107,6.3882246017456055,6.565739154815674,6.530450344085693,6.542180061340332,6.537415027618408,6.63575553894043,6.531688213348389,6.536264896392822,6.490045547485352,6.619729995727539,6.568199157714844,6.461479663848877,6.660608768463135
13.7,6.63223,0.0,6.543186187744141,6.069095611572266,6.496853828430176,6.570194721221924,6.5140180587768555,6.55741548538208,6.523735523223877,6.555580139160156,6.630356311798096,6.595685005187988,6.585457801818848,6.5876898765563965,6.628418922424316,6.587181091308594,5.983020782470703,6.570631980895996,6.551761150360107,6.3882246017456055,6.565739154815674,6.530450344085693,6.542180061340332,6.537415027618408,6.63575553894043,6.531688213348389,6.536264896392822,6.490045547485352,6.619729995727539,6.568199157714844,6.461479663848877,6.660608768463135
13.71,6.63012,0.0,6.543186187744141,6.069095611572266,6.496853828430176,6.570194721221924,6.5140180587768555,6.55741548538208,6.523735523223877,6.555580139160156,6.630356311798096,6.595685005187988,6.585457801818848,6.5876898765563965,6.628418922424316,6.587181091308594,5.983020782470703,6.570631980895996,6.551761150360107,6.3882246017456055,6.565739154815674,6.530450344085693,6.542180061340332,6.537415027618408,6.63575553894043,6.531688213348389,6.536264896392822,6.490045547485352,6.619729995727539,6.568199157714844,6.461479663848877,6.660608768463135
13.72,6.62835,0.0,6.543186187744141,6.069095611572266,6.496853828430176,6.570194721221924,6.5140180587768555,6.55741548538208,6.523735523223877,6.555580139160156,6.630356311798096,6.595685005187988,6.585457801818848,6.5876898765563965,6.628418922424316,6.587181091308594,5.983020782470703,6.570631980895996,6.551761150360107,6.3882246017456055,6.565739154815674,6.530450344085693,6.542180061340332,6.537415027618408,6.63575553894043,6.531688213348389,6.536264896392822,6.490045547485352,6.619729995727539,6.568199157714844,6.461479663848877,6.660608768463135
13.73,6.62658,0.0,6.543186187744141,6.069095611572266,6.496853828430176,6.570194721221924,6.5140180587768555,6.55741548538208,6.523735523223877,6.555580139160156,6.630356311798096,6.595685005187988,6.585457801818848,6.5876898765563965,6.628418922424316,6.587181091308594,5.983020782470703,6.570631980895996,6.551761150360107,6.3882246017456055,6.565739154815674,6.530450344085693,6.542180061340332,6.537415027618408,6.63575553894043,6.531688213348389,6.536264896392822,6.490045547485352,6.619729995727539,6.568199157714844,6.461479663848877,6.660608768463135
13.74,6.62481,0.0,6.539112567901611,6.061331748962402,6.497851848602295,6.5645751953125,6.511117935180664,6.551830291748047,6.520723342895508,6.553677558898926,6.627801895141602,6.598175525665283,6.585125923156738,6.589710235595703,6.623965263366699,6.58631706237793,6.023723602294922,6.570926189422607,6.5476393699646,6.387833595275879,6.563748359680176,6.527809143066406,6.538669586181641,6.5359673500061035,6.6364946365356445,6.530474662780762,6.532154560089111,6.474939346313477,6.618377208709717,6.567684650421143,6.4575886726379395,6.63143253326416
13.75,6.62305,0.0,6.539112567901611,6.061331748962402,6.497851848602295,6.5645751953125,6.511117935180664,6.551830291748047,6.520723342895508,6.553677558898926,6.627801895141602,6.598175525665283,6.585125923156738,6.589710235595703,6.623965263366699,6.58631706237793,6.023723602294922,6.570926189422607,6.5476393699646,6.387833595275879,6.563748359680176,6.527809143066406,6.538669586181641,6.5359673500061035,6.6364946365356445,6.530474662780762,6.532154560089111,6.474939346313477,6.618377208709717,6.567684650421143,6.4575886726379395,6.63143253326416
13.76,6.6213,0.0,6.539112567901611,6.061331748962402,6.497851848602295,6.5645751953125,6.511117935180664,6.551830291748047,6.520723342895508,6.553677558898926,6.627801895141602,6.598175525665283,6.585125923156738,6.589710235595703,6.623965263366699,6.58631706237793,6.023723602294922,6.570926189422607,6.5476393699646,6.387833595275879,6.563748359680176,6.527809143066406,6.538669586181641,6.5359673500061035,6.6364946365356445,6.530474662780762,6.532154560089111,6.474939346313477,6.618377208709717,6.567684650421143,6.4575886726379395,6.63143253326416
13.77,6.61957,0.0,6.539112567901611,6.061331748962402,6.497851848602295,6.5645751953125,6.511117935180664,6.551830291748047,6.520723342895508,6.553677558898926,6.627801895141602,6.598175525665283,6.585125923156738,6.589710235595703,6.623965263366699,6.58631706237793,6.023723602294922,6.570926189422607,6.5476393699646,6.387833595275879,6.563748359680176,6.527809143066406,6.538669586181641,6.5359673500061035,6.6364946365356445,6.530474662780762,6.532154560089111,6.474939346313477,6.618377208709717,6.567684650421143,6.4575886726379395,6.63143253326416
13.78,6.6182,0.0,6.539112567901611,6.061331748962402,6.497851848602295,6.5645751953125,6.511117935180664,6.551830291748047,6.520723342895508,6.553677558898926,6.627801895141602,6.598175525665283,6.585125923156738,6.589710235595703,6.623965263366699,6.58631706237793,6.023723602294922,6.570926189422607,6.5476393699646,6.387833595275879,6.563748359680176,6.527809143066406,6.538669586181641,6.5359673500061035,6.6364946365356445,6.530474662780762,6.532154560089111,6.474939346313477,6.618377208709717,6.567684650421143,6.4575886726379395,6.63143253326416
13.79,6.61652,0.0,6.531904697418213,6.059999465942383,6.49915885925293,6.556262016296387,6.504992961883545,6.540672779083252,6.512032985687256,6.5465617179870605,6.621618270874023,6.593926429748535,6.581246852874756,6.586899757385254,6.617212295532227,6.583929061889648,6.039817810058594,6.568358421325684,6.542302131652832,6.385058403015137,6.559999942779541,6.524225234985352,6.533105373382568,6.533279895782471,6.633085250854492,6.526724338531494,6.527064800262451,6.456582546234131,6.613454341888428,6.565357685089111,6.453116416931152,6.600529193878174
13.8,6.61454,0.0,6.531904697418213,6.059999465942383,6.49915885925293,6.556262016296387,6.504992961883545,6.540672779083252,6.512032985687256,6.5465617179870605,6.621618270874023,6.593926429748535,6.581246852874756,6.586899757385254,6.617212295532227,6.583929061889648,6.039817810058594,6.568358421325684,6.542302131652832,6.385058403015137,6.559999942779541,6.524225234985352,6.533105373382568,6.533279895782471,6.633085250854492,6.526724338531494,6.527064800262451,6.456582546234131,6.613454341888428,6.565357685089111,6.453116416931152,6.600529193878174
13.81,6.61294,0.0,6.531904697418213,6.059999465942383,6.49915885925293,6.556262016296387,6.504992961883545,6.540672779083252,6.512032985687256,6.5465617179870605,6.621618270874023,6.593926429748535,6.581246852874756,6.586899757385254,6.617212295532227,6.583929061889648,6.039817810058594,6.568358421325684,6.542302131652832,6.385058403015137,6.559999942779541,6.524225234985352,6.533105373382568,6.533279895782471,6.633085250854492,6.526724338531494,6.527064800262451,6.456582546234131,6.613454341888428,6.565357685089111,6.453116416931152,6.600529193878174
13.82,6.61137,0.0,6.531904697418213,6.059999465942383,6.49915885925293,6.556262016296387,6.504992961883545,6.540672779083252,6.512032985687256,6.5465617179870605,6.621618270874023,6.593926429748535,6.581246852874756,6.586899757385254,6.617212295532227,6.583929061889648,6.039817810058594,6.568358421325684,6.542302131652832,6.385058403015137,6.559999942779541,6.524225234985352,6.533105373382568,6.533279895782471,6.633085250854492,6.526724338531494,6.527064800262451,6.456582546234131,6.613454341888428,6.565357685089111,6.453116416931152,6.600529193878174
13.83,6.60986,0.0,6.531904697418213,6.059999465942383,6.49915885925293,6.556262016296387,6.504992961883545,6.540672779083252,6.512032985687256,6.5465617179870605,6.621618270874023,6.593926429748535,6.581246852874756,6.586899757385254,6.617212295532227,6.583929061889648,6.039817810058594,6.568358421325684,6.542302131652832,6.385058403015137,6.559999942779541,6.524225234985352,6.533105373382568,6.533279895782471,6.633085250854492,6.526724338531494,6.527064800262451,6.456582546234131,6.613454341888428,6.565357685089111,6.453116416931152,6.600529193878174
13.84,6.60839,0.0,6.525649547576904,6.0572733879089355,6.493588924407959,6.549952983856201,6.499020099639893,6.5273895263671875,6.503901481628418,6.5401763916015625,6.616751194000244,6.587371349334717,6.576835632324219,6.5813679695129395,6.612227916717529,6.580958366394043,6.039855003356934,6.5628557205200195,6.537663459777832,6.381859302520752,6.555976867675781,6.519867897033691,6.528446674346924,6.530121803283691,6.628170490264893,6.522785186767578,6.522098541259766,6.438094139099121,6.607229709625244,6.561545372009277,6.44864559173584,6.570841312408447
13.85,6.60697,0.0,6.525649547576904,6.0572733879089355,6.493588924407959,6.549952983856201,6.499020099639893,6.5273895263671875,6.503901481628418,6.5401763916015625,6.616751194000244,6.587371349334717,6.576835632324219,6.5813679695129395,6.612227916717529,6.580958366394043,6.039855003356934,6.5628557205200195,6.537663459777832,6.381859302520752,6.555976867675781,6.519867897033691,6.528446674346924,6.530121803283691,6.628170490264893,6.522785186767578,6.522098541259766,6.438094139099121,6.607229709625244,6.561545372009277,6.44864559173584,6.570841312408447
13.86,6.6056,0.0,6.525649547576904,6.0572733879089355,6.493588924407959,6.549952983856201,6.499020099639893,6.5273895263671875,6.503901481628418,6.5401763916015625,6.616751194000244,6.587371349334717,6.576835632324219,6.5813679695129395,6.612227916717529,6.580958366394043,6.039855003356934,6.5628557205200195,6.537663459777832,6.381859302520752,6.555976867675781,6.519867897033691,6.528446674346924,6.530121803283691,6.628170490264893,6.522785186767578,6.522098541259766,6.438094139099121,6.607229709625244,6.561545372009277,6.44864559173584,6.570841312408447
13.87,6.60455,0.0,6.525649547576904,6.0572733879089355,6.493588924407959,6.549952983856201,6.499020099639893,6.5273895263671875,6.503901481628418,6.5401763916015625,6.616751194000244,6.587371349334717,6.576835632324219,6.5813679695129395,6.612227916717529,6.580958366394043,6.039855003356934,6.5628557205200195,6.537663459777832,6.381859302520752,6.555976867675781,6.519867897033691,6.528446674346924,6.530121803283691,6.628170490264893,6.522785186767578,6.522098541259766,6.438094139099121,6.607229709625244,6.561545372009277,6.44864559173584,6.570841312408447
13.88,6.60303,0.0,6.525649547576904,6.0572733879089355,6.493588924407959,6.549952983856201,6.499020099639893,6.5273895263671875,6.503901481628418,6.5401763916015625,6.616751194000244,6.587371349334717,6.576835632324219,6.5813679695129395,6.612227916717529,6.580958366394043,6.039855003356934,6.5628557205200195,6.537663459777832,6.381859302520752,6.555976867675781,6.519867897033691,6.528446674346924,6.530121803283691,6.628170490264893,6.522785186767578,6.522098541259766,6.438094139099121,6.607229709625244,6.561545372009277,6.44864559173584,6.570841312408447
13.89,6.60183,0.0,6.520986080169678,6.039252758026123,6.475403308868408,6.541301727294922,6.491428375244141,6.509757041931152,6.494765758514404,6.5318603515625,6.611095428466797,6.577556610107422,6.56948709487915,6.57122802734375,6.606466293334961,6.574965476989746,6.032382488250732,6.55345344543457,6.5319952964782715,6.376445770263672,6.550970554351807,6.514631271362305,6.52302885055542,6.524648666381836,6.620815753936768,6.516855239868164,6.516722202301025,6.421316623687744,6.599213123321533,6.555081844329834,6.4433393478393555,6.543973922729492
13.9,6.60068,0.0,6.520986080169678,6.039252758026123,6.475403308868408,6.541301727294922,6.491428375244141,6.509757041931152,6.494765758514404,6.5318603515625,6.611095428466797,6.577556610107422,6.56948709487915,6.57122802734375,6.606466293334961,6.574965476989746,6.032382488250732,6.55345344543457,6.5319952964782715,6.376445770263672,6.550970554351807,6.514631271362305,6.52302885055542,6.524648666381836,6.620815753936768,6.516855239868164,6.516722202301025,6.421316623687744,6.599213123321533,6.555081844329834,6.4433393478393555,6.543973922729492
13.91,6.59959,0.0,6.520986080169678,6.039252758026123,6.475403308868408,6.541301727294922,6.491428375244141,6.509757041931152,6.494765758514404,6.5318603515625,6.611095428466797,6.577556610107422,6.56948709487915,6.57122802734375,6.606466293334961,6.574965476989746,6.032382488250732,6.55345344543457,6.5319952964782715,6.376445770263672,6.550970554351807,6.514631271362305,6.52302885055542,6.524648666381836,6.620815753936768,6.516855239868164,6.516722202301025,6.421316623687744,6.599213123321533,6.555081844329834,6.4433393478393555,6.543973922729492
13.92,6.59856,0.0,6.520986080169678,6.039252758026123,6.475403308868408,6.541301727294922,6.491428375244141,6.509757041931152,6.494765758514404,6.5318603515625,6.611095428466797,6.577556610107422,6.56948709487915,6.57122802734375,6.606466293334961,6.574965476989746,6.032382488250732,6.55345344543457,6.5319952964782715,6.376445770263672,6.550970554351807,6.514631271362305,6.52302885055542,6.524648666381836,6.620815753936768,6.516855239868164,6.516722202301025,6.421316623687744,6.599213123321533,6.555081844329834,6.4433393478393555,6.543973922729492
13.93,6.59758,0.0,6.520986080169678,6.039252758026123,6.475403308868408,6.541301727294922,6.491428375244141,6.509757041931152,6.494765758514404,6.5318603515625,6.611095428466797,6.577556610107422,6.56948709487915,6.57122802734375,6.606466293334961,6.574965476989746,6.032382488250732,6.55345344543457,6.5319952964782715,6.376445770263672,6.550970554351807,6.514631271362305,6.52302885055542,6.524648666381836,6.620815753936768,6.516855239868164,6.516722202301025,6.421316623687744,6.599213123321533,6.555081844329834,6.4433393478393555,6.543973922729492
13.94,6.59666,0.0,6.517624855041504,6.0284247398376465,6.451994895935059,6.5347089767456055,6.48544979095459,6.496426105499268,6.490633010864258,6.528506755828857,6.605648517608643,6.573437690734863,6.564456939697266,6.562995910644531,6.603050231933594,6.569633483886719,6.0293474197387695,6.545231342315674,6.528469085693359,6.371798038482666,6.546435832977295,6.510563850402832,6.519706726074219,6.5196332931518555,6.615410327911377,6.512968063354492,6.513145923614502,6.408398151397705,6.593211650848389,6.54902458190918,6.439149856567383,6.524208068847656
13.95,6.59596,0.0,6.517624855041504,6.0284247398376465,6.451994895935059,6.5347089767456055,6.48544979095459,6.496426105499268,6.490633010864258,6.528506755828857,6.605648517608643,6.573437690734863,6.564456939697266,6.562995910644531,6.603050231933594,6.569633483886719,6.0293474197387695,6.545231342315674,6.528469085693359,6.371798038482666,6.546435832977295,6.510563850402832,6.519706726074219,6.5196332931518555,6.615410327911377,6.512968063354492,6.513145923614502,6.408398151397705,6.593211650848389,6.54902458190918,6.439149856567383,6.524208068847656
13.96,6.59497,0.0,6.517624855041504,6.0284247398376465,6.451994895935059,6.5347089767456055,6.48544979095459,6.496426105499268,6.490633010864258,6.528506755828857,6.605648517608643,6.573437690734863,6.564456939697266,6.562995910644531,6.603050231933594,6.569633483886719,6.0293474197387695,6.545231342315674,6.528469085693359,6.371798038482666,6.546435832977295,6.510563850402832,6.519706726074219,6.5196332931518555,6.615410327911377,6.512968063354492,6.513145923614502,6.408398151397705,6.593211650848389,6.54902458190918,6.439149856567383,6.524208068847656
13.97,6.5942,0.0,6.517624855041504,6.0284247398376465,6.451994895935059,6.5347089767456055,6.48544979095459,6.496426105499268,6.490633010864258,6.528506755828857,6.605648517608643,6.573437690734863,6.564456939697266,6.562995910644531,6.603050231933594,6.569633483886719,6.0293474197387695,6.545231342315674,6.528469085693359,6.371798038482666,6.546435832977295,6.510563850402832,6.519706726074219,6.5196332931518555,6.615410327911377,6.512968063354492,6.513145923614502,6.408398151397705,6.593211650848389,6.54902458190918,6.439149856567383,6.524208068847656
13.98,6.59348,0.0,6.517624855041504,6.0284247398376465,6.451994895935059,6.5347089767456055,6.48544979095459,6.496426105499268,6.490633010864258,6.528506755828857,6.605648517608643,6.573437690734863,6.564456939697266,6.562995910644531,6.603050231933594,6.569633483886719,6.0293474197387695,6.545231342315674,6.528469085693359,6.371798038482666,6.546435832977295,6.510563850402832,6.519706726074219,6.5196332931518555,6.615410327911377,6.512968063354492,6.513145923614502,6.408398151397705,6.593211650848389,6.54902458190918,6.439149856567383,6.524208068847656
13.99,6.59281,0.0,6.51526403427124,6.035945415496826,6.440812587738037,6.531404495239258,6.485682487487793,6.493852615356445,6.492781639099121,6.532399654388428,6.605197429656982,6.57882833480835,6.565758228302002,6.564757823944092,6.604426860809326,6.5694451332092285,6.037257671356201,6.545167922973633,6.527973175048828,6.369072437286377,6.546186447143555,6.510170936584473,6.519350051879883,6.518847942352295,6.618031024932861,6.514559268951416,6.512791156768799,6.399685382843018,6.593285083770752,6.548914432525635,6.437908172607422,6.511906147003174
14.0,6.59219,0.0,6.51526403427124,6.035945415496826,6.440812587738037,6.531404495239258,6.485682487487793,6.493852615356445,6.492781639099121,6.532399654388428,6.605197429656982,6.57882833480835,6.565758228302002,6.564757823944092,6.604426860809326,6.5694451332092285,6.037257671356201,6.545167922973633,6.527973175048828,6.369072437286377,6.546186447143555,6.510170936584473,6.519350051879883,6.518847942352295,6.618031024932861,6.514559268951416,6.512791156768799,6.399685382843018,6.593285083770752,6.548914432525635,6.437908172607422,6.511906147003174
14.01,6.59161,0.0,6.51526403427124,6.035945415496826,6.440812587738037,6.531404495239258,6.485682487487793,6.493852615356445,6.492781639099121,6.532399654388428,6.605197429656982,6.57882833480835,6.565758228302002,6.564757823944092,6.604426860809326,6.5694451332092285,6.037257671356201,6.545167922973633,6.527973175048828,6.369072437286377,6.546186447143555,6.510170936584473,6.519350051879883,6.518847942352295,6.618031024932861,6.514559268951416,6.512791156768799,6.399685382843018,6.593285083770752,6.548914432525635,6.437908172607422,6.511906147003174
14.02,6.59107,0.0,6.51526403427124,6.035945415496826,6.440812587738037,6.531404495239258,6.485682487487793,6.493852615356445,6.492781639099121,6.532399654388428,6.605197429656982,6.57882833480835,6.565758228302002,6.564757823944092,6.604426860809326,6.5694451332092285,6.037257671356201,6.545167922973633,6.527973175048828,6.369072437286377,6.546186447143555,6.510170936584473,6.519350051879883,6.518847942352295,6.618031024932861,6.514559268951416,6.512791156768799,6.399685382843018,6.593285083770752,6.548914432525635,6.437908172607422,6.511906147003174
14.03,6.59067,0.0,6.51526403427124,6.035945415496826,6.440812587738037,6.531404495239258,6.485682487487793,6.493852615356445,6.492781639099121,6.532399654388428,6.605197429656982,6.57882833480835,6.565758228302002,6.564757823944092,6.604426860809326,6.5694451332092285,6.037257671356201,6.545167922973633,6.527973175048828,6.369072437286377,6.546186447143555,6.510170936584473,6.519350051879883,6.518847942352295,6.618031024932861,6.514559268951416,6.512791156768799,6.399685382843018,6.593285083770752,6.548914432525635,6.437908172607422,6.511906147003174
14.04,6.59021,0.0,6.518178462982178,6.037333965301514,6.437470436096191,6.530189037322998,6.486345291137695,6.498193264007568,6.495199680328369,6.537219047546387,6.607191562652588,6.585660934448242,6.570661544799805,6.572335720062256,6.6057538986206055,6.571600914001465,6.056680679321289,6.549001693725586,6.529816150665283,6.370199203491211,6.548308372497559,6.512037754058838,6.520992279052734,6.522521495819092,6.6226654052734375,6.517899036407471,6.51357364654541,6.397195816040039,6.5968708992004395,6.551612377166748,6.436203479766846,6.503901481628418
14.05,6.5897,0.0,6.518178462982178,6.037333965301514,6.437470436096191,6.530189037322998,6.486345291137695,6.498193264007568,6.495199680328369,6.537219047546387,6.607191562652588,6.585660934448242,6.570661544799805,6.572335720062256,6.6057538986206055,6.571600914001465,6.056680679321289,6.549001693725586,6.529816150665283,6.370199203491211,6.548308372497559,6.512037754058838,6.520992279052734,6.522521495819092,6.6226654052734375,6.517899036407471,6.51357364654541,6.397195816040039,6.5968708992004395,6.551612377166748,6.436203479766846,6.503901481628418
14.06,6.58932,0.0,6.518178462982178,6.037333965301514,6.437470436096191,6.530189037322998,6.486345291137695,6.498193264007568,6.495199680328369,6.537219047546387,6.607191562652588,6.585660934448242,6.570661544799805,6.572335720062256,6.6057538986206055,6.571600914001465,6.056680679321289,6.549001693725586,6.529816150665283,6.370199203491211,6.548308372497559,6.512037754058838,6.520992279052734,6.522521495819092,6.6226654052734375,6.517899036407471,6.51357364654541,6.397195816040039,6.5968708992004395,6.551612377166748,6.436203479766846,6.503901481628418
14.07,6.58897,0.0,6.518178462982178,6.037333965301514,6.437470436096191,6.530189037322998,6.486345291137695,6.498193264007568,6.495199680328369,6.537219047546387,6.607191562652588,6.585660934448242,6.570661544799805,6.572335720062256,6.6057538986206055,6.571600914001465,6.056680679321289,6.549001693725586,6.529816150665283,6.370199203491211,6.548308372497559,6.512037754058838,6.520992279052734,6.522521495819092,6.6226654052734375,6.517899036407471,6.51357364654541,6.397195816040039,6.5968708992004395,6.551612377166748,6.436203479766846,6.503901481628418
14.08,6.58865,0.0,6.518178462982178,6.037333965301514,6.437470436096191,6.530189037322998,6.486345291137695,6.498193264007568,6.495199680328369,6.537219047546387,6.607191562652588,6.585660934448242,6.570661544799805,6.572335720062256,6.6057538986206055,6.571600914001465,6.056680679321289,6.549001693725586,6.529816150665283,6.370199203491211,6.548308372497559,6.512037754058838,6.520992279052734,6.522521495819092,6.6226654052734375,6.517899036407471,6.51357364654541,6.397195816040039,6.5968708992004395,6.551612377166748,6.436203479766846,6.503901481628418
14.09,6.58837,0.0,6.513915061950684,6.043548107147217,6.436880111694336,6.523977756500244,6.48211145401001,6.495048999786377,6.485703468322754,6.52915096282959,6.603318214416504,6.579038143157959,6.565249919891357,6.5707597732543945,6.6013875007629395,6.569415092468262,6.075962066650391,6.54857873916626,6.526435852050781,6.368417263031006,6.546252250671387,6.5095038414001465,6.516679763793945,6.520099639892578,6.618385314941406,6.514270305633545,6.510919570922852,6.395859718322754,6.593497276306152,6.549645900726318,6.431800365447998,6.495880603790283
14.1,6.58812,0.0,6.513915061950684,6.043548107147217,6.436880111694336,6.523977756500244,6.48211145401001,6.495048999786377,6.485703468322754,6.52915096282959,6.603318214416504,6.579038143157959,6.565249919891357,6.5707597732543945,6.6013875007629395,6.569415092468262,6.075962066650391,6.54857873916626,6.526435852050781,6.368417263031006,6.546252250671387,6.5095038414001465,6.516679763793945,6.520099639892578,6.618385314941406,6.514270305633545,6.510919570922852,6.395859718322754,6.593497276306152,6.549645900726318,6.431800365447998,6.495880603790283
14.11,6.58789,0.0,6.513915061950684,6.043548107147217,6.436880111694336,6.523977756500244,6.48211145401001,6.495048999786377,6.485703468322754,6.52915096282959,6.603318214416504,6.579038143157959,6.565249919891357,6.5707597732543945,6.6013875007629395,6.569415092468262,6.075962066650391,6.54857873916626,6.526435852050781,6.368417263031006,6.546252250671387,6.5095038414001465,6.516679763793945,6.520099639892578,6.618385314941406,6.514270305633545,6.510919570922852,6.395859718322754,6.593497276306152,6.549645900726318,6.431800365447998,6.495880603790283
14.12,6.58773,0.0,6.513915061950684,6.043548107147217,6.436880111694336,6.523977756500244,6.48211145401001,6.495048999786377,6.485703468322754,6.52915096282959,6.603318214416504,6.579038143157959,6.565249919891357,6.5707597732543945,6.6013875007629395,6.569415092468262,6.075962066650391,6.54857873916626,6.526435852050781,6.368417263031006,6.546252250671387,6.5095038414001465,6.516679763793945,6.520099639892578,6.618385314941406,6.514270305633545,6.510919570922852,6.395859718322754,6.593497276306152,6.549645900726318,6.431800365447998,6.495880603790283
14.13,6.58752,0.0,6.513915061950684,6.043548107147217,6.436880111694336,6.523977756500244,6.48211145401001,6.495048999786377,6.485703468322754,6.52915096282959,6.603318214416504,6.579038143157959,6.565249919891357,6.5707597732543945,6.6013875007629395,6.569415092468262,6.075962066650391,6.54857873916626,6.526435852050781,6.368417263031006,6.546252250671387,6.5095038414001465,6.516679763793945,6.520099639892578,6.618385314941406,6.514270305633545,6.510919570922852,6.395859718322754,6.593497276306152,6.549645900726318,6.431800365447998,6.495880603790283
14.14,6.58737,0.0,6.5166778564453125,6.0554046630859375,6.434849739074707,6.524688720703125,6.4834699630737305,6.495187282562256,6.483295440673828,6.529225826263428,6.606501579284668,6.578708171844482,6.566985130310059,6.5706562995910645,6.602570056915283,6.570855617523193,6.094971179962158,6.548551559448242,6.526435852050781,6.371818542480469,6.548224449157715,6.50830078125,6.51887845993042,6.521000385284424,6.618319988250732,6.516424179077148,6.51103401184082,6.396758079528809,6.593410015106201,6.550660133361816,6.428084373474121,6.489406585693359
14.15,6.58725,0.0,6.5166778564453125,6.0554046630859375,6.434849739074707,6.524688720703125,6.4834699630737305,6.495187282562256,6.483295440673828,6.529225826263428,6.606501579284668,6.578708171844482,6.566985130310059,6.5706562995910645,6.602570056915283,6.570855617523193,6.094971179962158,6.548551559448242,6.526435852050781,6.371818542480469,6.548224449157715,6.50830078125,6.51887845993042,6.521000385284424,6.618319988250732,6.516424179077148,6.51103401184082,6.396758079528809,6.593410015106201,6.550660133361816,6.428084373474121,6.489406585693359
14.16,6.58714,0.0,6.5166778564453125,6.0554046630859375,6.434849739074707,6.524688720703125,6.4834699630737305,6.495187282562256,6.483295440673828,6.529225826263428,6.606501579284668,6.578708171844482,6.566985130310059,6.5706562995910645,6.602570056915283,6.570855617523193,6.094971179962158,6.548551559448242,6.526435852050781,6.371818542480469,6.548224449157715,6.50830078125,6.51887845993042,6.521000385284424,6.618319988250732,6.516424179077148,6.51103401184082,6.396758079528809,6.593410015106201,6.550660133361816,6.428084373474121,6.489406585693359
14.17,6.58706,0.0,6.5166778564453125,6.0554046630859375,6.434849739074707,6.524688720703125,6.4834699630737305,6.495187282562256,6.483295440673828,6.529225826263428,6.606501579284668,6.578708171844482,6.566985130310059,6.5706562995910645,6.602570056915283,6.570855617523193,6.094971179962158,6.548551559448242,6.526435852050781,6.371818542480469,6.548224449157715,6.50830078125,6.51887845993042,6.521000385284424,6.618319988250732,6.516424179077148,6.51103401184082,6.396758079528809,6.593410015106201,6.550660133361816,6.428084373474121,6.489406585693359
14.18,6.587,0.0,6.5166778564453125,6.0554046630859375,6.434849739074707,6.524688720703125,6.4834699630737305,6.495187282562256,6.483295440673828,6.529225826263428,6.606501579284668,6.578708171844482,6.566985130310059,6.5706562995910645,6.602570056915283,6.570855617523193,6.094971179962158,6.548551559448242,6.526435852050781,6.371818542480469,6.548224449157715,6.50830078125,6.51887845993042,6.521000385284424,6.618319988250732,6.516424179077148,6.51103401184082,6.396758079528809,6.593410015106201,6.550660133361816,6.428084373474121,6.489406585693359
14.19,6.58695,0.0,6.521490573883057,6.0575056076049805,6.433475017547607,6.527724742889404,6.485744476318359,6.500279426574707,6.489266872406006,6.53671932220459,6.6108269691467285,6.585224628448486,6.57327938079834,6.576866149902344,6.607183933258057,6.575773239135742,6.109182834625244,6.5532026290893555,6.530366897583008,6.379364490509033,6.556172847747803,6.512111663818359,6.524160861968994,6.526641845703125,6.625514984130859,6.5226731300354,6.515143394470215,6.400092601776123,6.599564552307129,6.556633949279785,6.426469326019287,6.484783172607422
14.2,6.58692,0.0,6.521490573883057,6.0575056076049805,6.433475017547607,6.527724742889404,6.485744476318359,6.500279426574707,6.489266872406006,6.53671932220459,6.6108269691467285,6.585224628448486,6.57327938079834,6.576866149902344,6.607183933258057,6.575773239135742,6.109182834625244,6.5532026290893555,6.530366897583008,6.379364490509033,6.556172847747803,6.512111663818359,6.524160861968994,6.526641845703125,6.625514984130859,6.5226731300354,6.515143394470215,6.400092601776123,6.599564552307129,6.556633949279785,6.426469326019287,6.484783172607422
14.21,6.5869,0.0,6.521490573883057,6.0575056076049805,6.433475017547607,6.527724742889404,6.485744476318359,6.500279426574707,6.489266872406006,6.53671932220459,6.6108269691467285,6.585224628448486,6.57327938079834,6.576866149902344,6.607183933258057,6.575773239135742,6.109182834625244,6.5532026290893555,6.530366897583008,6.379364490509033,6.556172847747803,6.512111663818359,6.524160861968994,6.526641845703125,6.625514984130859,6.5226731300354,6.515143394470215,6.400092601776123,6.599564552307129,6.556633949279785,6.426469326019287,6.484783172607422
14.22,6.58689,0.0,6.521490573883057,6.0575056076049805,6.433475017547607,6.527724742889404,6.485744476318359,6.500279426574707,6.489266872406006,6.53671932220459,6.6108269691467285,6.585224628448486,6.57327938079834,6.576866149902344,6.607183933258057,6.575773239135742,6.109182834625244,6.5532026290893555,6.530366897583008,6.379364490509033,6.556172847747803,6.512111663818359,6.524160861968994,6.526641845703125,6.625514984130859,6.5226731300354,6.515143394470215,6.400092601776123,6.599564552307129,6.556633949279785,6.426469326019287,6.484783172607422
14.23,6.5869,0.0,6.521490573883057,6.0575056076049805,6.433475017547607,6.527724742889404,6.485744476318359,6.500279426574707,6.489266872406006,6.53671932220459,6.6108269691467285,6.585224628448486,6.57327938079834,6.576866149902344,6.607183933258057,6.575773239135742,6.109182834625244,6.5532026290893555,6.530366897583008,6.379364490509033,6.556172847747803,6.512111663818359,6.524160861968994,6.526641845703125,6.625514984130859,6.5226731300354,6.515143394470215,6.400092601776123,6.599564552307129,6.556633949279785,6.426469326019287,6.484783172607422
14.24,6.58692,0.0,6.517875671386719,6.044837474822998,6.419320583343506,6.517403602600098,6.480065822601318,6.4912638664245605,6.48163366317749,6.52835750579834,6.606942653656006,6.573550224304199,6.564056396484375,6.57086181640625,6.605278015136719,6.571089267730713,6.112174034118652,6.549469947814941,6.528268337249756,6.379991054534912,6.554642677307129,6.514028072357178,6.52007532119751,6.524555683135986,6.618813991546631,6.516848087310791,6.516263961791992,6.403354644775391,6.595487594604492,6.553751468658447,6.425898551940918,6.4799933433532715
14.25,6.58694,0.0,6.517875671386719,6.044837474822998,6.419320583343506,6.517403602600098,6.480065822601318,6.4912638664245605,6.48163366317749,6.52835750579834,6.606942653656006,6.573550224304199,6.564056396484375,6.57086181640625,6.605278015136719,6.571089267730713,6.112174034118652,6.549469947814941,6.528268337249756,6.379991054534912,6.554642677307129,6.514028072357178,6.52007532119751,6.524555683135986,6.618813991546631,6.516848087310791,6.516263961791992,6.403354644775391,6.595487594604492,6.553751468658447,6.425898551940918,6.4799933433532715
14.26,6.58698,0.0,6.517875671386719,6.044837474822998,6.419320583343506,6.517403602600098,6.480065822601318,6.4912638664245605,6.48163366317749,6.52835750579834,6.606942653656006,6.573550224304199,6.564056396484375,6.57086181640625,6.605278015136719,6.571089267730713,6.112174034118652,6.549469947814941,6.528268337249756,6.379991054534912,6.554642677307129,6.514028072357178,6.52007532119751,6.524555683135986,6.618813991546631,6.516848087310791,6.516263961791992,6.403354644775391,6.595487594604492,6.553751468658447,6.425898551940918,6.4799933433532715
14.27,6.58701,0.0,6.517875671386719,6.044837474822998,6.419320583343506,6.517403602600098,6.480065822601318,6.4912638664245605,6.48163366317749,6.52835750579834,6.606942653656006,6.573550224304199,6.564056396484375,6.57086181640625,6.605278015136719,6.571089267730713,6.112174034118652,6.549469947814941,6.528268337249756,6.379991054534912,6.554642677307129,6.514028072357178,6.52007532119751,6.524555683135986,6.618813991546631,6.516848087310791,6.516263961791992,6.403354644775391,6.595487594604492,6.553751468658447,6.425898551940918,6.4799933433532715
14.28,6.58705,0.0,6.517875671386719,6.044837474822998,6.419320583343506,6.517403602600098,6.480065822601318,6.4912638664245605,6.48163366317749,6.52835750579834,6.606942653656006,6.573550224304199,6.564056396484375,6.57086181640625,6.605278015136719,6.571089267730713,6.112174034118652,6.549469947814941,6.528268337249756,6.379991054534912,6.554642677307129,6.514028072357178,6.52007532119751,6.524555683135986,6.618813991546631,6.516848087310791,6.516263961791992,6.403354644775391,6.595487594604492,6.553751468658447,6.425898551940918,6.4799933433532715
14.29,6.5871,0.0,6.513915061950684,6.04525899887085,6.408606052398682,6.507118225097656,6.477972507476807,6.478198528289795,6.468050479888916,6.517084121704102,6.604221343994141,6.555842399597168,6.550359725952148,6.558084011077881,6.604701042175293,6.564056873321533,6.114086151123047,6.540748596191406,6.524454593658447,6.3754754066467285,6.545047283172607,6.511331558227539,6.513875484466553,6.516663551330566,6.605075359344482,6.508057594299316,6.514750003814697,6.406099796295166,6.5850090980529785,6.545483112335205,6.429113388061523,6.476123332977295
14.3,6.58715,0.0,6.513915061950684,6.04525899887085,6.408606052398682,6.507118225097656,6.477972507476807,6.478198528289795,6.468050479888916,6.517084121704102,6.604221343994141,6.555842399597168,6.550359725952148,6.558084011077881,6.604701042175293,6.564056873321533,6.114086151123047,6.540748596191406,6.524454593658447,6.3754754066467285,6.545047283172607,6.511331558227539,6.513875484466553,6.516663551330566,6.605075359344482,6.508057594299316,6.514750003814697,6.406099796295166,6.5850090980529785,6.545483112335205,6.429113388061523,6.476123332977295
14.31,6.5872,0.0,6.513915061950684,6.04525899887085,6.408606052398682,6.507118225097656,6.477972507476807,6.478198528289795,6.468050479888916,6.517084121704102,6.604221343994141,6.555842399597168,6.550359725952148,6.558084011077881,6.604701042175293,6.564056873321533,6.114086151123047,6.540748596191406,6.524454593658447,6.3754754066467285,6.545047283172607,6.511331558227539,6.513875484466553,6.516663551330566,6.605075359344482,6.508057594299316,6.514750003814697,6.406099796295166,6.5850090980529785,6.545483112335205,6.429113388061523,6.476123332977295
14.32,6.58726,0.0,6.513915061950684,6.04525899887085,6.408606052398682,6.507118225097656,6.477972507476807,6.478198528289795,6.468050479888916,6.517084121704102,6.604221343994141,6.555842399597168,6.550359725952148,6.558084011077881,6.604701042175293,6.564056873321533,6.114086151123047,6.540748596191406,6.524454593658447,6.3754754066467285,6.545047283172607,6.511331558227539,6.513875484466553,6.516663551330566,6.605075359344482,6.508057594299316,6.514750003814697,6.406099796295166,6.5850090980529785,6.545483112335205,6.429113388061523,6.476123332977295
14.33,6.58731,0.0,6.513915061950684,6.04525899887085,6.408606052398682,6.507118225097656,6.477972507476807,6.478198528289795,6.468050479888916,6.517084121704102,6.604221343994141,6.555842399597168,6.550359725952148,6.558084011077881,6.604701042175293,6.564056873321533,6.114086151123047,6.540748596191406,6.524454593658447,6.3754754066467285,6.545047283172607,6.511331558227539,6.513875484466553,6.516663551330566,6.605075359344482,6.508057594299316,6.514750003814697,6.406099796295166,6.5850090980529785,6.545483112335205,6.429113388061523,6.476123332977295
14.34,6.58736,0.0,6.514750003814697,6.046243667602539,6.405980587005615,6.498335838317871,6.480164051055908,6.468523979187012,6.46030855178833,6.511704921722412,6.605489730834961,6.550692081451416,6.54438591003418,6.547631740570068,6.607028484344482,6.559342384338379,6.118529319763184,6.533315181732178,6.5232157707214355,6.371667385101318,6.538398742675781,6.5071539878845215,6.512366771697998,6.511445045471191,6.600934982299805,6.5058393478393555,6.5131964683532715,6.407571315765381,6.578643321990967,6.5406813621521,6.433123588562012,6.47315788269043
14.35,6.5874,0.0,6.514750003814697,6.046243667602539,6.405980587005615,6.498335838317871,6.480164051055908,6.468523979187012,6.46030855178833,6.511704921722412,6.605489730834961,6.550692081451416,6.54438591003418,6.547631740570068,6.607028484344482,6.559342384338379,6.118529319763184,6.533315181732178,6.5232157707214355,6.371667385101318,6.538398742675781,6.5071539878845215,6.512366771697998,6.511445045471191,6.600934982299805,6.5058393478393555,6.5131964683532715,6.407571315765381,6.578643321990967,6.5406813621521,6.433123588562012,6.47315788269043
14.36,6.58745,0.0,6.514750003814697,6.046243667602539,6.405980587005615,6.498335838317871,6.480164051055908,6.468523979187012,6.46030855178833,6.511704921722412,6.605489730834961,6.550692081451416,6.54438591003418,6.547631740570068,6.607028484344482,6.559342384338379,6.118529319763184,6.533315181732178,6.5232157707214355,6.371667385101318,6.538398742675781,6.5071539878845215,6.512366771697998,6.511445045471191,6.600934982299805,6.5058393478393555,6.5131964683532715,6.407571315765381,6.578643321990967,6.5406813621521,6.433123588562012,6.47315788269043
14.37,6.58748,0.0,6.514750003814697,6.046243667602539,6.405980587005615,6.498335838317871,6.480164051055908,6.468523979187012,6.46030855178833,6.511704921722412,6.605489730834961,6.550692081451416,6.54438591003418,6.547631740570068,6.607028484344482,6.559342384338379,6.118529319763184,6.533315181732178,6.5232157707214355,6.371667385101318,6.538398742675781,6.5071539878845215,6.512366771697998,6.511445045471191,6.600934982299805,6.5058393478393555,6.5131964683532715,6.407571315765381,6.578643321990967,6.5406813621521,6.433123588562012,6.47315788269043
14.38,6.58753,0.0,6.514750003814697,6.046243667602539,6.405980587005615,6.498335838317871,6.480164051055908,6.468523979187012,6.46030855178833,6.511704921722412,6.605489730834961,6.550692081451416,6.54438591003418,6.547631740570068,6.607028484344482,6.559342384338379,6.118529319763184,6.533315181732178,6.5232157707214355,6.371667385101318,6.538398742675781,6.5071539878845215,6.512366771697998,6.511445045471191,6.600934982299805,6.5058393478393555,6.5131964683532715,6.407571315765381,6.578643321990967,6.5406813621521,6.433123588562012,6.47315788269043
14.39,6.58757,0.0,6.514008045196533,6.042052745819092,6.411325931549072,6.495421886444092,6.4817795753479,6.466709136962891,6.461848735809326,6.513957977294922,6.606779098510742,6.559307098388672,6.547214984893799,6.545387268066406,6.608098983764648,6.559196472167969,6.123991012573242,6.532655239105225,6.5239362716674805,6.370474338531494,6.538066387176514,6.5044331550598145,6.513521671295166,6.510761737823486,6.605299472808838,6.508683204650879,6.512513637542725,6.4077301025390625,6.578054904937744,6.540827751159668,6.43473482131958,6.4710307121276855
14.4,6.5876,0.0,6.514008045196533,6.042052745819092,6.411325931549072,6.495421886444092,6.4817795753479,6.466709136962891,6.461848735809326,6.513957977294922,6.606779098510742,6.559307098388672,6.547214984893799,6.545387268066406,6.608098983764648,6.559196472167969,6.123991012573242,6.532655239105225,6.5239362716674805,6.370474338531494,6.538066387176514,6.5044331550598145,6.513521671295166,6.510761737823486,6.605299472808838,6.508683204650879,6.512513637542725,6.4077301025390625,6.578054904937744,6.540827751159668,6.43473482131958,6.4710307121276855
14.41,6.58763,0.0,6.514008045196533,6.042052745819092,6.411325931549072,6.495421886444092,6.4817795753479,6.466709136962891,6.461848735809326,6.513957977294922,6.606779098510742,6.559307098388672,6.547214984893799,6.545387268066406,6.608098983764648,6.559196472167969,6.123991012573242,6.532655239105225,6.5239362716674805,6.370474338531494,6.538066387176514,6.5044331550598145,6.513521671295166,6.510761737823486,6.605299472808838,6.508683204650879,6.512513637542725,6.4077301025390625,6.578054904937744,6.540827751159668,6.43473482131958,6.4710307121276855
14.42,6.58765,0.0,6.514008045196533,6.042052745819092,6.411325931549072,6.495421886444092,6.4817795753479,6.466709136962891,6.461848735809326,6.513957977294922,6.606779098510742,6.559307098388672,6.547214984893799,6.545387268066406,6.608098983764648,6.559196472167969,6.123991012573242,6.532655239105225,6.5239362716674805,6.370474338531494,6.538066387176514,6.5044331550598145,6.513521671295166,6.510761737823486,6.605299472808838,6.508683204650879,6.512513637542725,6.4077301025390625,6.578054904937744,6.540827751159668,6.43473482131958,6.4710307121276855
14.43,6.58767,0.0,6.514008045196533,6.042052745819092,6.411325931549072,6.495421886444092,6.4817795753479,6.466709136962891,6.461848735809326,6.513957977294922,6.606779098510742,6.559307098388672,6.547214984893799,6.545387268066406,6.608098983764648,6.559196472167969,6.123991012573242,6.532655239105225,6.5239362716674805,6.370474338531494,6.538066387176514,6.5044331550598145,6.513521671295166,6.510761737823486,6.605299472808838,6.508683204650879,6.512513637542725,6.4077301025390625,6.578054904937744,6.540827751159668,6.43473482131958,6.4710307121276855
14.44,6.58769,0.0,6.51351261138916,6.04380464553833,6.417330265045166,6.493999481201172,6.478519439697266,6.469254493713379,6.4648661613464355,6.5164947509765625,6.603818893432617,6.568775177001953,6.552567005157471,6.548765182495117,6.60720157623291,6.560723781585693,6.127255439758301,6.536489009857178,6.524001121520996,6.370198726654053,6.540526866912842,6.503697395324707,6.513064384460449,6.513099193572998,6.610819339752197,6.511622428894043,6.511903762817383,6.407267093658447,6.5800461769104,6.5438666343688965,6.435362339019775,6.469540596008301
14.45,6.5877,0.0,6.51351261138916,6.04380464553833,6.417330265045166,6.493999481201172,6.478519439697266,6.469254493713379,6.4648661613464355,6.5164947509765625,6.603818893432617,6.568775177001953,6.552567005157471,6.548765182495117,6.60720157623291,6.560723781585693,6.127255439758301,6.536489009857178,6.524001121520996,6.370198726654053,6.540526866912842,6.503697395324707,6.513064384460449,6.513099193572998,6.610819339752197,6.511622428894043,6.511903762817383,6.407267093658447,6.5800461769104,6.5438666343688965,6.435362339019775,6.469540596008301
14.46,6.58772,0.0,6.51351261138916,6.04380464553833,6.417330265045166,6.493999481201172,6.478519439697266,6.469254493713379,6.4648661613464355,6.5164947509765625,6.603818893432617,6.568775177001953,6.552567005157471,6.548765182495117,6.60720157623291,6.560723781585693,6.127255439758301,6.536489009857178,6.524001121520996,6.370198726654053,6.540526866912842,6.503697395324707,6.513064384460449,6.513099193572998,6.610819339752197,6.511622428894043,6.511903762817383,6.407267093658447,6.5800461769104,6.5438666343688965,6.435362339019775,6.469540596008301
14.47,6.58773,0.0,6.51351261138916,6.04380464553833,6.417330265045166,6.493999481201172,6.478519439697266,6.469254493713379,6.4648661613464355,6.5164947509765625,6.603818893432617,6.568775177001953,6.552567005157471,6.548765182495117,6.60720157623291,6.560723781585693,6.127255439758301,6.536489009857178,6.524001121520996,6.370198726654053,6.540526866912842,6.503697395324707,6.513064384460449,6.513099193572998,6.610819339752197,6.511622428894043,6.511903762817383,6.407267093658447,6.5800461769104,6.5438666343688965,6.435362339019775,6.469540596008301
14.48,6.58773,0.0,6.51351261138916,6.04380464553833,6.417330265045166,6.493999481201172,6.478519439697266,6.469254493713379,6.4648661613464355,6.5164947509765625,6.603818893432617,6.568775177001953,6.552567005157471,6.548765182495117,6.60720157623291,6.560723781585693,6.127255439758301,6.536489009857178,6.524001121520996,6.370198726654053,6.540526866912842,6.503697395324707,6.513064384460449,6.513099193572998,6.610819339752197,6.511622428894043,6.511903762817383,6.407267093658447,6.5800461769104,6.5438666343688965,6.435362339019775,6.469540596008301
14.49,6.58774,0.0,6.516436576843262,6.051625728607178,6.420448303222656,6.495645046234131,6.4803361892700195,6.471302509307861,6.465866565704346,6.515527725219727,6.604669094085693,6.569551944732666,6.5550336837768555,6.551713943481445,6.608321666717529,6.561568260192871,6.12770938873291,6.5398335456848145,6.5230817794799805,6.367763042449951,6.5412068367004395,6.503320693969727,6.511446475982666,6.513794898986816,6.6105780601501465,6.510939598083496,6.510651111602783,6.406105041503906,6.579647541046143,6.544476509094238,6.439627647399902,6.4685959815979
14.5,6.58775,0.0,6.516436576843262,6.051625728607178,6.420448303222656,6.495645046234131,6.4803361892700195,6.471302509307861,6.465866565704346,6.515527725219727,6.604669094085693,6.569551944732666,6.5550336837768555,6.551713943481445,6.608321666717529,6.561568260192871,6.12770938873291,6.5398335456848145,6.5230817794799805,6.367763042449951,6.5412068367004395,6.503320693969727,6.511446475982666,6.513794898986816,6.6105780601501465,6.510939598083496,6.510651111602783,6.406105041503906,6.579647541046143,6.544476509094238,6.439627647399902,6.4685959815979
14.51,6.58775,0.0,6.516436576843262,6.051625728607178,6.420448303222656,6.495645046234131,6.4803361892700195,6.471302509307861,6.465866565704346,6.515527725219727,6.604669094085693,6.569551944732666,6.5550336837768555,6.551713943481445,6.608321666717529,6.561568260192871,6.12770938873291,6.5398335456848145,6.5230817794799805,6.367763042449951,6.5412068367004395,6.503320693969727,6.511446475982666,6.513794898986816,6.6105780601501465,6.510939598083496,6.510651111602783,6.406105041503906,6.579647541046143,6.544476509094238,6.439627647399902,6.4685959815979
14.52,6.58775,0.0,6.516436576843262,6.051625728607178,6.420448303222656,6.495645046234131,6.4803361892700195,6.471302509307861,6.465866565704346,6.515527725219727,6.604669094085693,6.569551944732666,6.5550336837768555,6.551713943481445,6.608321666717529,6.561568260192871,6.12770938873291,6.5398335456848145,6.5230817794799805,6.367763042449951,6.5412068367004395,6.503320693969727,6.511446475982666,6.513794898986816,6.6105780601501465,6.510939598083496,6.510651111602783,6.406105041503906,6.579647541046143,6.544476509094238,6.439627647399902,6.4685959815979
14.53,6.58775,0.0,6.516436576843262,6.051625728607178,6.420448303222656,6.495645046234131,6.4803361892700195,6.471302509307861,6.465866565704346,6.515527725219727,6.604669094085693,6.569551944732666,6.5550336837768555,6.551713943481445,6.608321666717529,6.561568260192871,6.12770938873291,6.5398335456848145,6.5230817794799805,6.367763042449951,6.5412068367004395,6.503320693969727,6.511446475982666,6.513794898986816,6.6105780601501465,6.510939598083496,6.510651111602783,6.406105041503906,6.579647541046143,6.544476509094238,6.439627647399902,6.4685959815979
14.54,6.58775,0.0,6.523825168609619,6.049588680267334,6.418040752410889,6.498384952545166,6.483190536499023,6.474228382110596,6.466222763061523,6.514707088470459,6.606115341186523,6.567121982574463,6.556150436401367,6.555092811584473,6.607704162597656,6.562317371368408,6.127725124359131,6.541192054748535,6.524682521820068,6.366086483001709,6.541522026062012,6.503707408905029,6.51267671585083,6.51441764831543,6.6096296310424805,6.510373115539551,6.510356903076172,6.404733657836914,6.579468250274658,6.544407844543457,6.441982746124268,6.468168258666992
14.55,6.58775,0.0,6.523825168609619,6.049588680267334,6.418040752410889,6.498384952545166,6.483190536499023,6.474228382110596,6.466222763061523,6.514707088470459,6.606115341186523,6.567121982574463,6.556150436401367,6.555092811584473,6.607704162597656,6.562317371368408,6.127725124359131,6.541192054748535,6.524682521820068,6.366086483001709,6.541522026062012,6.503707408905029,6.51267671585083,6.51441764831543,6.6096296310424805,6.510373115539551,6.510356903076172,6.404733657836914,6.579468250274658,6.544407844543457,6.441982746124268,6.468168258666992
14.56,6.58775,0.0,6.523825168609619,6.049588680267334,6.418040752410889,6.498384952545166,6.483190536499023,6.474228382110596,6.466222763061523,6.514707088470459,6.606115341186523,6.567121982574463,6.556150436401367,6.555092811584473,6.607704162597656,6.562317371368408,6.127725124359131,6.541192054748535,6.524682521820068,6.366086483001709,6.541522026062012,6.503707408905029,6.51267671585083,6.51441764831543,6.6096296310424805,6.510373115539551,6.510356903076172,6.404733657836914,6.579468250274658,6.544407844543457,6.441982746124268,6.468168258666992
14.57,6.58775,0.0,6.523825168609619,6.049588680267334,6.418040752410889,6.498384952545166,6.483190536499023,6.474228382110596,6.466222763061523,6.514707088470459,6.606115341186523,6.567121982574463,6.556150436401367,6.555092811584473,6.607704162597656,6.562317371368408,6.127725124359131,6.541192054748535,6.524682521820068,6.366086483001709,6.541522026062012,6.503707408905029,6.51267671585083,6.51441764831543,6.6096296310424805,6.510373115539551,6.510356903076172,6.404733657836914,6.579468250274658,6.544407844543457,6.441982746124268,6.468168258666992
14.58,6.58775,0.0,6.523825168609619,6.049588680267334,6.418040752410889,6.498384952545166,6.483190536499023,6.474228382110596,6.466222763061523,6.514707088470459,6.606115341186523,6.567121982574463,6.556150436401367,6.555092811584473,6.607704162597656,6.562317371368408,6.127725124359131,6.541192054748535,6.524682521820068,6.366086483001709,6.541522026062012,6.503707408905029,6.51267671585083,6.51441764831543,6.6096296310424805,6.510373115539551,6.510356903076172,6.404733657836914,6.579468250274658,6.544407844543457,6.441982746124268,6.468168258666992
14.59,6.58775,0.0,6.51544713973999,6.043500900268555,6.411900520324707,6.504891872406006,6.480279922485352,6.480072498321533,6.469611167907715,6.5186614990234375,6.603739261627197,6.568298816680908,6.559746742248535,6.558696269989014,6.605377674102783,6.56464147567749,6.130641460418701,6.541294574737549,6.526074409484863,6.367826461791992,6.5427632331848145,6.503566265106201,6.51464319229126,6.516372203826904,6.610410213470459,6.512349605560303,6.510746479034424,6.404356479644775,6.581480979919434,6.545173168182373,6.437637805938721,6.468501567840576
14.6,6.58775,0.0,6.51544713973999,6.043500900268555,6.411900520324707,6.504891872406006,6.480279922485352,6.480072498321533,6.469611167907715,6.5186614990234375,6.603739261627197,6.568298816680908,6.559746742248535,6.558696269989014,6.605377674102783,6.56464147567749,6.130641460418701,6.541294574737549,6.526074409484863,6.367826461791992,6.5427632331848145,6.503566265106201,6.51464319229126,6.516372203826904,6.610410213470459,6.512349605560303,6.510746479034424,6.404356479644775,6.581480979919434,6.545173168182373,6.437637805938721,6.468501567840576
14.61,6.58775,0.0,6.51544713973999,6.043500900268555,6.411900520324707,6.504891872406006,6.480279922485352,6.480072498321533,6.469611167907715,6.5186614990234375,6.603739261627197,6.568298816680908,6.559746742248535,6.558696269989014,6.605377674102783,6.56464147567749,6.130641460418701,6.541294574737549,6.526074409484863,6.367826461791992,6.5427632331848145,6.503566265106201,6.51464319229126,6.516372203826904,6.610410213470459,6.512349605560303,6.510746479034424,6.404356479644775,6.581480979919434,6.545173168182373,6.437637805938721,6.468501567840576
