,Model,RMSE,MAE,MaxAE,PwT_1_abs,PwT_2_abs,PwT_1_rel,PwT_2_rel
0,model_LSTM_lon_32.pt,0.452307458533262,0.23400317049608346,6.581973959350588,92.79271265117323,94.79987119839522,79.99889658463663,80.42329538853623
1,model_LSTM_lon_33.pt,0.6864665991486997,0.4177145069577051,7.674308614501953,66.41971575942367,80.41316849900394,76.29134397593417,77.27324173669761
2,model_LSTM_lon_34.pt,0.5949387155025279,0.35424943338364373,7.363298345947268,72.97007771011319,83.45212817915497,77.09708311341338,78.1537188516826
3,model_LSTM_lon_35.pt,0.7611541458193973,0.4090527693933112,8.084634710693358,79.03779003562026,84.23729578817553,79.03588747423561,79.66142779234059
4,model_LSTM_lon_36.pt,2.5630352051745113,1.5821675592840811,20.112683226013182,53.85399585114161,62.666607667265104,64.98276971569567,73.1764851951031
