time,veh_u,veh_v,model_RNN_lon_153.pt,model_RNN_lon_154.pt,model_RNN_lon_155.pt,model_RNN_lon_156.pt,model_RNN_lon_157.pt,model_RNN_lon_158.pt,model_RNN_lon_159.pt,model_RNN_lon_160.pt,model_RNN_lon_161.pt,model_RNN_lon_162.pt,model_RNN_lon_163.pt,model_RNN_lon_164.pt,model_RNN_lon_165.pt,model_RNN_lon_166.pt,model_RNN_lon_167.pt,model_RNN_lon_168.pt,model_RNN_lon_169.pt,model_RNN_lon_170.pt,model_RNN_lon_171.pt,model_RNN_lon_172.pt,model_RNN_lon_173.pt,model_RNN_lon_174.pt,model_RNN_lon_175.pt,model_RNN_lon_176.pt,model_RNN_lon_177.pt,model_RNN_lon_178.pt,model_RNN_lon_179.pt,model_RNN_lon_180.pt,model_RNN_lon_181.pt,model_RNN_lon_182.pt,model_RNN_lon_183.pt,model_RNN_lon_184.pt
0.0,0.0,0.0047,0.01908808946609497,0.025960475206375122,0.028511881828308105,0.09129515290260315,-0.12448403239250183,0.0425412654876709,0.09498009085655212,0.08266211301088333,0.032901864498853683,0.03263281658291817,0.03915571793913841,0.04184683784842491,0.03353547304868698,0.04660879075527191,0.06364083290100098,0.009606244042515755,0.023049920797348022,0.006107985973358154,0.0370309054851532,0.05440092086791992,0.0475810170173645,0.01978011429309845,0.024626940488815308,0.07626833021640778,0.03343638405203819,0.06411491334438324,0.033516012132167816,0.06438259780406952,0.0328165665268898,0.046976927667856216,0.09951864182949066,0.029823459684848785
0.01,0.0,0.00433,0.01908808946609497,0.025960475206375122,0.028511881828308105,0.09129515290260315,-0.12448403239250183,0.0425412654876709,0.09498009085655212,0.08266211301088333,0.032901864498853683,0.03263281658291817,0.03915571793913841,0.04184683784842491,0.03353547304868698,0.04660879075527191,0.06364083290100098,0.009606244042515755,0.023049920797348022,0.006107985973358154,0.0370309054851532,0.05440092086791992,0.0475810170173645,0.01978011429309845,0.024626940488815308,0.07626833021640778,0.03343638405203819,0.06411491334438324,0.033516012132167816,0.06438259780406952,0.0328165665268898,0.046976927667856216,0.09951864182949066,0.029823459684848785
0.02,0.0,0.00397,0.01908808946609497,0.025960475206375122,0.028511881828308105,0.09129515290260315,-0.12448403239250183,0.0425412654876709,0.09498009085655212,0.08266211301088333,0.032901864498853683,0.03263281658291817,0.03915571793913841,0.04184683784842491,0.03353547304868698,0.04660879075527191,0.06364083290100098,0.009606244042515755,0.023049920797348022,0.006107985973358154,0.0370309054851532,0.05440092086791992,0.0475810170173645,0.01978011429309845,0.024626940488815308,0.07626833021640778,0.03343638405203819,0.06411491334438324,0.033516012132167816,0.06438259780406952,0.0328165665268898,0.046976927667856216,0.09951864182949066,0.029823459684848785
0.03,0.0,0.00362,0.01908808946609497,0.025960475206375122,0.028511881828308105,0.09129515290260315,-0.12448403239250183,0.0425412654876709,0.09498009085655212,0.08266211301088333,0.032901864498853683,0.03263281658291817,0.03915571793913841,0.04184683784842491,0.03353547304868698,0.04660879075527191,0.06364083290100098,0.009606244042515755,0.023049920797348022,0.006107985973358154,0.0370309054851532,0.05440092086791992,0.0475810170173645,0.01978011429309845,0.024626940488815308,0.07626833021640778,0.03343638405203819,0.06411491334438324,0.033516012132167816,0.06438259780406952,0.0328165665268898,0.046976927667856216,0.09951864182949066,0.029823459684848785
0.04,0.0,0.00327,0.01908808946609497,0.025960475206375122,0.028511881828308105,0.09129515290260315,-0.12448403239250183,0.0425412654876709,0.09498009085655212,0.08266211301088333,0.032901864498853683,0.03263281658291817,0.03915571793913841,0.04184683784842491,0.03353547304868698,0.04660879075527191,0.06364083290100098,0.009606244042515755,0.023049920797348022,0.006107985973358154,0.0370309054851532,0.05440092086791992,0.0475810170173645,0.01978011429309845,0.024626940488815308,0.07626833021640778,0.03343638405203819,0.06411491334438324,0.033516012132167816,0.06438259780406952,0.0328165665268898,0.046976927667856216,0.09951864182949066,0.029823459684848785
0.05,0.0,0.00294,0.01908808946609497,0.025960475206375122,0.028511881828308105,0.09129515290260315,-0.12448403239250183,0.0425412654876709,0.09498009085655212,0.08266211301088333,0.032901864498853683,0.03263281658291817,0.03915571793913841,0.04184683784842491,0.03353547304868698,0.04660879075527191,0.06364083290100098,0.009606244042515755,0.023049920797348022,0.006107985973358154,0.0370309054851532,0.05440092086791992,0.0475810170173645,0.01978011429309845,0.024626940488815308,0.07626833021640778,0.03343638405203819,0.06411491334438324,0.033516012132167816,0.06438259780406952,0.0328165665268898,0.046976927667856216,0.09951864182949066,0.029823459684848785
0.06,0.0,0.00263,0.01908808946609497,0.025960475206375122,0.028511881828308105,0.09129515290260315,-0.12448403239250183,0.0425412654876709,0.09498009085655212,0.08266211301088333,0.032901864498853683,0.03263281658291817,0.03915571793913841,0.04184683784842491,0.03353547304868698,0.04660879075527191,0.06364083290100098,0.009606244042515755,0.023049920797348022,0.006107985973358154,0.0370309054851532,0.05440092086791992,0.0475810170173645,0.01978011429309845,0.024626940488815308,0.07626833021640778,0.03343638405203819,0.06411491334438324,0.033516012132167816,0.06438259780406952,0.0328165665268898,0.046976927667856216,0.09951864182949066,0.029823459684848785
0.07,0.0,0.00233,0.01908808946609497,0.025960475206375122,0.028511881828308105,0.09129515290260315,-0.12448403239250183,0.0425412654876709,0.09498009085655212,0.08266211301088333,0.032901864498853683,0.03263281658291817,0.03915571793913841,0.04184683784842491,0.03353547304868698,0.04660879075527191,0.06364083290100098,0.009606244042515755,0.023049920797348022,0.006107985973358154,0.0370309054851532,0.05440092086791992,0.0475810170173645,0.01978011429309845,0.024626940488815308,0.07626833021640778,0.03343638405203819,0.06411491334438324,0.033516012132167816,0.06438259780406952,0.0328165665268898,0.046976927667856216,0.09951864182949066,0.029823459684848785
0.08,0.0,0.00204,0.01908808946609497,0.025960475206375122,0.028511881828308105,0.09129515290260315,-0.12448403239250183,0.0425412654876709,0.09498009085655212,0.08266211301088333,0.032901864498853683,0.03263281658291817,0.03915571793913841,0.04184683784842491,0.03353547304868698,0.04660879075527191,0.06364083290100098,0.009606244042515755,0.023049920797348022,0.006107985973358154,0.0370309054851532,0.05440092086791992,0.0475810170173645,0.01978011429309845,0.024626940488815308,0.07626833021640778,0.03343638405203819,0.06411491334438324,0.033516012132167816,0.06438259780406952,0.0328165665268898,0.046976927667856216,0.09951864182949066,0.029823459684848785
0.09,0.0,0.00178,0.01908808946609497,0.025960475206375122,0.028511881828308105,0.09129515290260315,-0.12448403239250183,0.0425412654876709,0.09498009085655212,0.08266211301088333,0.032901864498853683,0.03263281658291817,0.03915571793913841,0.04184683784842491,0.03353547304868698,0.04660879075527191,0.06364083290100098,0.009606244042515755,0.023049920797348022,0.006107985973358154,0.0370309054851532,0.05440092086791992,0.0475810170173645,0.01978011429309845,0.024626940488815308,0.07626833021640778,0.03343638405203819,0.06411491334438324,0.033516012132167816,0.06438259780406952,0.0328165665268898,0.046976927667856216,0.09951864182949066,0.029823459684848785
0.1,0.0,0.00153,0.01908808946609497,0.025960475206375122,0.028511881828308105,0.09129515290260315,-0.12448403239250183,0.0425412654876709,0.09498009085655212,0.08266211301088333,0.032901864498853683,0.03263281658291817,0.03915571793913841,0.04184683784842491,0.03353547304868698,0.04660879075527191,0.06364083290100098,0.009606244042515755,0.023049920797348022,0.006107985973358154,0.0370309054851532,0.05440092086791992,0.0475810170173645,0.01978011429309845,0.024626940488815308,0.07626833021640778,0.03343638405203819,0.06411491334438324,0.033516012132167816,0.06438259780406952,0.0328165665268898,0.046976927667856216,0.09951864182949066,0.029823459684848785
0.11,0.0,0.00131,0.01908808946609497,0.025960475206375122,0.028511881828308105,0.09129515290260315,-0.12448403239250183,0.0425412654876709,0.09498009085655212,0.08266211301088333,0.032901864498853683,0.03263281658291817,0.03915571793913841,0.04184683784842491,0.03353547304868698,0.04660879075527191,0.06364083290100098,0.009606244042515755,0.023049920797348022,0.006107985973358154,0.0370309054851532,0.05440092086791992,0.0475810170173645,0.01978011429309845,0.024626940488815308,0.07626833021640778,0.03343638405203819,0.06411491334438324,0.033516012132167816,0.06438259780406952,0.0328165665268898,0.046976927667856216,0.09951864182949066,0.029823459684848785
0.12,0.0,0.00111,0.01908808946609497,0.025960475206375122,0.028511881828308105,0.09129515290260315,-0.12448403239250183,0.0425412654876709,0.09498009085655212,0.08266211301088333,0.032901864498853683,0.03263281658291817,0.03915571793913841,0.04184683784842491,0.03353547304868698,0.04660879075527191,0.06364083290100098,0.009606244042515755,0.023049920797348022,0.006107985973358154,0.0370309054851532,0.05440092086791992,0.0475810170173645,0.01978011429309845,0.024626940488815308,0.07626833021640778,0.03343638405203819,0.06411491334438324,0.033516012132167816,0.06438259780406952,0.0328165665268898,0.046976927667856216,0.09951864182949066,0.029823459684848785
0.13,0.0,0.0,0.01908808946609497,0.025960475206375122,0.028511881828308105,0.09129515290260315,-0.12448403239250183,0.0425412654876709,0.09498009085655212,0.08266211301088333,0.032901864498853683,0.03263281658291817,0.03915571793913841,0.04184683784842491,0.03353547304868698,0.04660879075527191,0.06364083290100098,0.009606244042515755,0.023049920797348022,0.006107985973358154,0.0370309054851532,0.05440092086791992,0.0475810170173645,0.01978011429309845,0.024626940488815308,0.07626833021640778,0.03343638405203819,0.06411491334438324,0.033516012132167816,0.06438259780406952,0.0328165665268898,0.046976927667856216,0.09951864182949066,0.029823459684848785
0.14,0.0,0.0,0.01908808946609497,0.025960475206375122,0.028511881828308105,0.09129515290260315,-0.12448403239250183,0.0425412654876709,0.09498009085655212,0.08266211301088333,0.032901864498853683,0.03263281658291817,0.03915571793913841,0.04184683784842491,0.03353547304868698,0.04660879075527191,0.06364083290100098,0.009606244042515755,0.023049920797348022,0.006107985973358154,0.0370309054851532,0.05440092086791992,0.0475810170173645,0.01978011429309845,0.024626940488815308,0.07626833021640778,0.03343638405203819,0.06411491334438324,0.033516012132167816,0.06438259780406952,0.0328165665268898,0.046976927667856216,0.09951864182949066,0.029823459684848785
0.15,0.0,0.0,0.01908808946609497,0.025960475206375122,0.028511881828308105,0.09129515290260315,-0.12448403239250183,0.0425412654876709,0.09498009085655212,0.08266211301088333,0.032901864498853683,0.03263281658291817,0.03915571793913841,0.04184683784842491,0.03353547304868698,0.04660879075527191,0.06364083290100098,0.009606244042515755,0.023049920797348022,0.006107985973358154,0.0370309054851532,0.05440092086791992,0.0475810170173645,0.01978011429309845,0.024626940488815308,0.07626833021640778,0.03343638405203819,0.06411491334438324,0.033516012132167816,0.06438259780406952,0.0328165665268898,0.046976927667856216,0.09951864182949066,0.029823459684848785
0.16,0.0,0.0,0.01908808946609497,0.025960475206375122,0.028511881828308105,0.09129515290260315,-0.12448403239250183,0.0425412654876709,0.09498009085655212,0.08266211301088333,0.032901864498853683,0.03263281658291817,0.03915571793913841,0.04184683784842491,0.03353547304868698,0.04660879075527191,0.06364083290100098,0.009606244042515755,0.023049920797348022,0.006107985973358154,0.0370309054851532,0.05440092086791992,0.0475810170173645,0.01978011429309845,0.024626940488815308,0.07626833021640778,0.03343638405203819,0.06411491334438324,0.033516012132167816,0.06438259780406952,0.0328165665268898,0.046976927667856216,0.09951864182949066,0.029823459684848785
0.17,0.0,0.0,0.01908808946609497,0.025960475206375122,0.028511881828308105,0.09129515290260315,-0.12448403239250183,0.0425412654876709,0.09498009085655212,0.08266211301088333,0.032901864498853683,0.03263281658291817,0.03915571793913841,0.04184683784842491,0.03353547304868698,0.04660879075527191,0.06364083290100098,0.009606244042515755,0.023049920797348022,0.006107985973358154,0.0370309054851532,0.05440092086791992,0.0475810170173645,0.01978011429309845,0.024626940488815308,0.07626833021640778,0.03343638405203819,0.06411491334438324,0.033516012132167816,0.06438259780406952,0.0328165665268898,0.046976927667856216,0.09951864182949066,0.029823459684848785
0.18,0.0,0.0,0.01908808946609497,0.025960475206375122,0.028511881828308105,0.09129515290260315,-0.12448403239250183,0.0425412654876709,0.09498009085655212,0.08266211301088333,0.032901864498853683,0.03263281658291817,0.03915571793913841,0.04184683784842491,0.03353547304868698,0.04660879075527191,0.06364083290100098,0.009606244042515755,0.023049920797348022,0.006107985973358154,0.0370309054851532,0.05440092086791992,0.0475810170173645,0.01978011429309845,0.024626940488815308,0.07626833021640778,0.03343638405203819,0.06411491334438324,0.033516012132167816,0.06438259780406952,0.0328165665268898,0.046976927667856216,0.09951864182949066,0.029823459684848785
0.19,0.0,0.0,0.01908808946609497,0.025960475206375122,0.028511881828308105,0.09129515290260315,-0.12448403239250183,0.0425412654876709,0.09498009085655212,0.08266211301088333,0.032901864498853683,0.03263281658291817,0.03915571793913841,0.04184683784842491,0.03353547304868698,0.04660879075527191,0.06364083290100098,0.009606244042515755,0.023049920797348022,0.006107985973358154,0.0370309054851532,0.05440092086791992,0.0475810170173645,0.01978011429309845,0.024626940488815308,0.07626833021640778,0.03343638405203819,0.06411491334438324,0.033516012132167816,0.06438259780406952,0.0328165665268898,0.046976927667856216,0.09951864182949066,0.029823459684848785
0.2,0.0,0.0,0.01908808946609497,0.025960475206375122,0.028511881828308105,0.09129515290260315,-0.12448403239250183,0.0425412654876709,0.09498009085655212,0.08266211301088333,0.032901864498853683,0.03263281658291817,0.03915571793913841,0.04184683784842491,0.03353547304868698,0.04660879075527191,0.06364083290100098,0.009606244042515755,0.023049920797348022,0.006107985973358154,0.0370309054851532,0.05440092086791992,0.0475810170173645,0.01978011429309845,0.024626940488815308,0.07626833021640778,0.03343638405203819,0.06411491334438324,0.033516012132167816,0.06438259780406952,0.0328165665268898,0.046976927667856216,0.09951864182949066,0.029823459684848785
0.21,0.0,0.0,0.01908808946609497,0.025960475206375122,0.028511881828308105,0.09129515290260315,-0.12448403239250183,0.0425412654876709,0.09498009085655212,0.08266211301088333,0.032901864498853683,0.03263281658291817,0.03915571793913841,0.04184683784842491,0.03353547304868698,0.04660879075527191,0.06364083290100098,0.009606244042515755,0.023049920797348022,0.006107985973358154,0.0370309054851532,0.05440092086791992,0.0475810170173645,0.01978011429309845,0.024626940488815308,0.07626833021640778,0.03343638405203819,0.06411491334438324,0.033516012132167816,0.06438259780406952,0.0328165665268898,0.046976927667856216,0.09951864182949066,0.029823459684848785
0.22,0.0,0.0,0.01908808946609497,0.025960475206375122,0.028511881828308105,0.09129515290260315,-0.12448403239250183,0.0425412654876709,0.09498009085655212,0.08266211301088333,0.032901864498853683,0.03263281658291817,0.03915571793913841,0.04184683784842491,0.03353547304868698,0.04660879075527191,0.06364083290100098,0.009606244042515755,0.023049920797348022,0.006107985973358154,0.0370309054851532,0.05440092086791992,0.0475810170173645,0.01978011429309845,0.024626940488815308,0.07626833021640778,0.03343638405203819,0.06411491334438324,0.033516012132167816,0.06438259780406952,0.0328165665268898,0.046976927667856216,0.09951864182949066,0.029823459684848785
0.23,0.0,0.0,0.01908808946609497,0.025960475206375122,0.028511881828308105,0.09129515290260315,-0.12448403239250183,0.0425412654876709,0.09498009085655212,0.08266211301088333,0.032901864498853683,0.03263281658291817,0.03915571793913841,0.04184683784842491,0.03353547304868698,0.04660879075527191,0.06364083290100098,0.009606244042515755,0.023049920797348022,0.006107985973358154,0.0370309054851532,0.05440092086791992,0.0475810170173645,0.01978011429309845,0.024626940488815308,0.07626833021640778,0.03343638405203819,0.06411491334438324,0.033516012132167816,0.06438259780406952,0.0328165665268898,0.046976927667856216,0.09951864182949066,0.029823459684848785
0.24,0.0,0.0,0.01908808946609497,0.025960475206375122,0.028511881828308105,0.09129515290260315,-0.12448403239250183,0.0425412654876709,0.09498009085655212,0.08266211301088333,0.032901864498853683,0.03263281658291817,0.03915571793913841,0.04184683784842491,0.03353547304868698,0.04660879075527191,0.06364083290100098,0.009606244042515755,0.023049920797348022,0.006107985973358154,0.0370309054851532,0.05440092086791992,0.0475810170173645,0.01978011429309845,0.024626940488815308,0.07626833021640778,0.03343638405203819,0.06411491334438324,0.033516012132167816,0.06438259780406952,0.0328165665268898,0.046976927667856216,0.09951864182949066,0.029823459684848785
0.25,0.0,0.0,0.01908808946609497,0.025960475206375122,0.028511881828308105,0.09129515290260315,-0.12448403239250183,0.0425412654876709,0.09498009085655212,0.08266211301088333,0.032901864498853683,0.03263281658291817,0.03915571793913841,0.04184683784842491,0.03353547304868698,0.04660879075527191,0.06364083290100098,0.009606244042515755,0.023049920797348022,0.006107985973358154,0.0370309054851532,0.05440092086791992,0.0475810170173645,0.01978011429309845,0.024626940488815308,0.07626833021640778,0.03343638405203819,0.06411491334438324,0.033516012132167816,0.06438259780406952,0.0328165665268898,0.046976927667856216,0.09951864182949066,0.029823459684848785
0.26,0.0,0.0,0.01908808946609497,0.025960475206375122,0.028511881828308105,0.09129515290260315,-0.12448403239250183,0.0425412654876709,0.09498009085655212,0.08266211301088333,0.032901864498853683,0.03263281658291817,0.03915571793913841,0.04184683784842491,0.03353547304868698,0.04660879075527191,0.06364083290100098,0.009606244042515755,0.023049920797348022,0.006107985973358154,0.0370309054851532,0.05440092086791992,0.0475810170173645,0.01978011429309845,0.024626940488815308,0.07626833021640778,0.03343638405203819,0.06411491334438324,0.033516012132167816,0.06438259780406952,0.0328165665268898,0.046976927667856216,0.09951864182949066,0.029823459684848785
0.27,0.0,0.0,0.01908808946609497,0.025960475206375122,0.028511881828308105,0.09129515290260315,-0.12448403239250183,0.0425412654876709,0.09498009085655212,0.08266211301088333,0.032901864498853683,0.03263281658291817,0.03915571793913841,0.04184683784842491,0.03353547304868698,0.04660879075527191,0.06364083290100098,0.009606244042515755,0.023049920797348022,0.006107985973358154,0.0370309054851532,0.05440092086791992,0.0475810170173645,0.01978011429309845,0.024626940488815308,0.07626833021640778,0.03343638405203819,0.06411491334438324,0.033516012132167816,0.06438259780406952,0.0328165665268898,0.046976927667856216,0.09951864182949066,0.029823459684848785
0.28,0.0,0.0,0.01908808946609497,0.025960475206375122,0.028511881828308105,0.09129515290260315,-0.12448403239250183,0.0425412654876709,0.09498009085655212,0.08266211301088333,0.032901864498853683,0.03263281658291817,0.03915571793913841,0.04184683784842491,0.03353547304868698,0.04660879075527191,0.06364083290100098,0.009606244042515755,0.023049920797348022,0.006107985973358154,0.0370309054851532,0.05440092086791992,0.0475810170173645,0.01978011429309845,0.024626940488815308,0.07626833021640778,0.03343638405203819,0.06411491334438324,0.033516012132167816,0.06438259780406952,0.0328165665268898,0.046976927667856216,0.09951864182949066,0.029823459684848785
0.29,0.0,0.0,0.01908808946609497,0.025960475206375122,0.028511881828308105,0.09129515290260315,-0.12448403239250183,0.0425412654876709,0.09498009085655212,0.08266211301088333,0.032901864498853683,0.03263281658291817,0.03915571793913841,0.04184683784842491,0.03353547304868698,0.04660879075527191,0.06364083290100098,0.009606244042515755,0.023049920797348022,0.006107985973358154,0.0370309054851532,0.05440092086791992,0.0475810170173645,0.01978011429309845,0.024626940488815308,0.07626833021640778,0.03343638405203819,0.06411491334438324,0.033516012132167816,0.06438259780406952,0.0328165665268898,0.046976927667856216,0.09951864182949066,0.029823459684848785
0.3,0.0,0.00103,0.01908808946609497,0.025960475206375122,0.028511881828308105,0.09129515290260315,-0.12448403239250183,0.0425412654876709,0.09498009085655212,0.08266211301088333,0.032901864498853683,0.03263281658291817,0.03915571793913841,0.04184683784842491,0.03353547304868698,0.04660879075527191,0.06364083290100098,0.009606244042515755,0.023049920797348022,0.006107985973358154,0.0370309054851532,0.05440092086791992,0.0475810170173645,0.01978011429309845,0.024626940488815308,0.07626833021640778,0.03343638405203819,0.06411491334438324,0.033516012132167816,0.06438259780406952,0.0328165665268898,0.046976927667856216,0.09951864182949066,0.029823459684848785
0.31,0.0,0.00117,0.01908808946609497,0.025960475206375122,0.028511881828308105,0.09129515290260315,-0.12448403239250183,0.0425412654876709,0.09498009085655212,0.08266211301088333,0.032901864498853683,0.03263281658291817,0.03915571793913841,0.04184683784842491,0.03353547304868698,0.04660879075527191,0.06364083290100098,0.009606244042515755,0.023049920797348022,0.006107985973358154,0.0370309054851532,0.05440092086791992,0.0475810170173645,0.01978011429309845,0.024626940488815308,0.07626833021640778,0.03343638405203819,0.06411491334438324,0.033516012132167816,0.06438259780406952,0.0328165665268898,0.046976927667856216,0.09951864182949066,0.029823459684848785
0.32,0.0,0.0013,0.01908808946609497,0.025960475206375122,0.028511881828308105,0.09129515290260315,-0.12448403239250183,0.0425412654876709,0.09498009085655212,0.08266211301088333,0.032901864498853683,0.03263281658291817,0.03915571793913841,0.04184683784842491,0.03353547304868698,0.04660879075527191,0.06364083290100098,0.009606244042515755,0.023049920797348022,0.006107985973358154,0.0370309054851532,0.05440092086791992,0.0475810170173645,0.01978011429309845,0.024626940488815308,0.07626833021640778,0.03343638405203819,0.06411491334438324,0.033516012132167816,0.06438259780406952,0.0328165665268898,0.046976927667856216,0.09951864182949066,0.029823459684848785
0.33,0.0,0.00144,0.01908808946609497,0.025960475206375122,0.028511881828308105,0.09129515290260315,-0.12448403239250183,0.0425412654876709,0.09498009085655212,0.08266211301088333,0.032901864498853683,0.03263281658291817,0.03915571793913841,0.04184683784842491,0.03353547304868698,0.04660879075527191,0.06364083290100098,0.009606244042515755,0.023049920797348022,0.006107985973358154,0.0370309054851532,0.05440092086791992,0.0475810170173645,0.01978011429309845,0.024626940488815308,0.07626833021640778,0.03343638405203819,0.06411491334438324,0.033516012132167816,0.06438259780406952,0.0328165665268898,0.046976927667856216,0.09951864182949066,0.029823459684848785
0.34,0.0,0.00158,0.01908808946609497,0.025960475206375122,0.028511881828308105,0.09129515290260315,-0.12448403239250183,0.0425412654876709,0.09498009085655212,0.08266211301088333,0.032901864498853683,0.03263281658291817,0.03915571793913841,0.04184683784842491,0.03353547304868698,0.04660879075527191,0.06364083290100098,0.009606244042515755,0.023049920797348022,0.006107985973358154,0.0370309054851532,0.05440092086791992,0.0475810170173645,0.01978011429309845,0.024626940488815308,0.07626833021640778,0.03343638405203819,0.06411491334438324,0.033516012132167816,0.06438259780406952,0.0328165665268898,0.046976927667856216,0.09951864182949066,0.029823459684848785
0.35,0.0,0.00169,0.01908808946609497,0.025960475206375122,0.028511881828308105,0.09129515290260315,-0.12448403239250183,0.0425412654876709,0.09498009085655212,0.08266211301088333,0.032901864498853683,0.03263281658291817,0.03915571793913841,0.04184683784842491,0.03353547304868698,0.04660879075527191,0.06364083290100098,0.009606244042515755,0.023049920797348022,0.006107985973358154,0.0370309054851532,0.05440092086791992,0.0475810170173645,0.01978011429309845,0.024626940488815308,0.07626833021640778,0.03343638405203819,0.06411491334438324,0.033516012132167816,0.06438259780406952,0.0328165665268898,0.046976927667856216,0.09951864182949066,0.029823459684848785
0.36,0.0,0.00184,0.01908808946609497,0.025960475206375122,0.028511881828308105,0.09129515290260315,-0.12448403239250183,0.0425412654876709,0.09498009085655212,0.08266211301088333,0.032901864498853683,0.03263281658291817,0.03915571793913841,0.04184683784842491,0.03353547304868698,0.04660879075527191,0.06364083290100098,0.009606244042515755,0.023049920797348022,0.006107985973358154,0.0370309054851532,0.05440092086791992,0.0475810170173645,0.01978011429309845,0.024626940488815308,0.07626833021640778,0.03343638405203819,0.06411491334438324,0.033516012132167816,0.06438259780406952,0.0328165665268898,0.046976927667856216,0.09951864182949066,0.029823459684848785
0.37,0.0,0.00196,0.01908808946609497,0.025960475206375122,0.028511881828308105,0.09129515290260315,-0.12448403239250183,0.0425412654876709,0.09498009085655212,0.08266211301088333,0.032901864498853683,0.03263281658291817,0.03915571793913841,0.04184683784842491,0.03353547304868698,0.04660879075527191,0.06364083290100098,0.009606244042515755,0.023049920797348022,0.006107985973358154,0.0370309054851532,0.05440092086791992,0.0475810170173645,0.01978011429309845,0.024626940488815308,0.07626833021640778,0.03343638405203819,0.06411491334438324,0.033516012132167816,0.06438259780406952,0.0328165665268898,0.046976927667856216,0.09951864182949066,0.029823459684848785
0.38,0.0,0.00207,0.01908808946609497,0.025960475206375122,0.028511881828308105,0.09129515290260315,-0.12448403239250183,0.0425412654876709,0.09498009085655212,0.08266211301088333,0.032901864498853683,0.03263281658291817,0.03915571793913841,0.04184683784842491,0.03353547304868698,0.04660879075527191,0.06364083290100098,0.009606244042515755,0.023049920797348022,0.006107985973358154,0.0370309054851532,0.05440092086791992,0.0475810170173645,0.01978011429309845,0.024626940488815308,0.07626833021640778,0.03343638405203819,0.06411491334438324,0.033516012132167816,0.06438259780406952,0.0328165665268898,0.046976927667856216,0.09951864182949066,0.029823459684848785
0.39,0.0,0.00217,0.01908808946609497,0.025960475206375122,0.028511881828308105,0.09129515290260315,-0.12448403239250183,0.0425412654876709,0.09498009085655212,0.08266211301088333,0.032901864498853683,0.03263281658291817,0.03915571793913841,0.04184683784842491,0.03353547304868698,0.04660879075527191,0.06364083290100098,0.009606244042515755,0.023049920797348022,0.006107985973358154,0.0370309054851532,0.05440092086791992,0.0475810170173645,0.01978011429309845,0.024626940488815308,0.07626833021640778,0.03343638405203819,0.06411491334438324,0.033516012132167816,0.06438259780406952,0.0328165665268898,0.046976927667856216,0.09951864182949066,0.029823459684848785
0.4,0.0,0.00224,0.01908808946609497,0.025960475206375122,0.028511881828308105,0.09129515290260315,-0.12448403239250183,0.0425412654876709,0.09498009085655212,0.08266211301088333,0.032901864498853683,0.03263281658291817,0.03915571793913841,0.04184683784842491,0.03353547304868698,0.04660879075527191,0.06364083290100098,0.009606244042515755,0.023049920797348022,0.006107985973358154,0.0370309054851532,0.05440092086791992,0.0475810170173645,0.01978011429309845,0.024626940488815308,0.07626833021640778,0.03343638405203819,0.06411491334438324,0.033516012132167816,0.06438259780406952,0.0328165665268898,0.046976927667856216,0.09951864182949066,0.029823459684848785
0.41,0.0,0.00229,0.01908808946609497,0.025960475206375122,0.028511881828308105,0.09129515290260315,-0.12448403239250183,0.0425412654876709,0.09498009085655212,0.08266211301088333,0.032901864498853683,0.03263281658291817,0.03915571793913841,0.04184683784842491,0.03353547304868698,0.04660879075527191,0.06364083290100098,0.009606244042515755,0.023049920797348022,0.006107985973358154,0.0370309054851532,0.05440092086791992,0.0475810170173645,0.01978011429309845,0.024626940488815308,0.07626833021640778,0.03343638405203819,0.06411491334438324,0.033516012132167816,0.06438259780406952,0.0328165665268898,0.046976927667856216,0.09951864182949066,0.029823459684848785
0.42,0.0,0.00234,0.01908808946609497,0.025960475206375122,0.028511881828308105,0.09129515290260315,-0.12448403239250183,0.0425412654876709,0.09498009085655212,0.08266211301088333,0.032901864498853683,0.03263281658291817,0.03915571793913841,0.04184683784842491,0.03353547304868698,0.04660879075527191,0.06364083290100098,0.009606244042515755,0.023049920797348022,0.006107985973358154,0.0370309054851532,0.05440092086791992,0.0475810170173645,0.01978011429309845,0.024626940488815308,0.07626833021640778,0.03343638405203819,0.06411491334438324,0.033516012132167816,0.06438259780406952,0.0328165665268898,0.046976927667856216,0.09951864182949066,0.029823459684848785
0.43,0.0,0.00235,0.01908808946609497,0.025960475206375122,0.028511881828308105,0.09129515290260315,-0.12448403239250183,0.0425412654876709,0.09498009085655212,0.08266211301088333,0.032901864498853683,0.03263281658291817,0.03915571793913841,0.04184683784842491,0.03353547304868698,0.04660879075527191,0.06364083290100098,0.009606244042515755,0.023049920797348022,0.006107985973358154,0.0370309054851532,0.05440092086791992,0.0475810170173645,0.01978011429309845,0.024626940488815308,0.07626833021640778,0.03343638405203819,0.06411491334438324,0.033516012132167816,0.06438259780406952,0.0328165665268898,0.046976927667856216,0.09951864182949066,0.029823459684848785
0.44,0.0,0.00234,0.01908808946609497,0.025960475206375122,0.028511881828308105,0.09129515290260315,-0.12448403239250183,0.0425412654876709,0.09498009085655212,0.08266211301088333,0.032901864498853683,0.03263281658291817,0.03915571793913841,0.04184683784842491,0.03353547304868698,0.04660879075527191,0.06364083290100098,0.009606244042515755,0.023049920797348022,0.006107985973358154,0.0370309054851532,0.05440092086791992,0.0475810170173645,0.01978011429309845,0.024626940488815308,0.07626833021640778,0.03343638405203819,0.06411491334438324,0.033516012132167816,0.06438259780406952,0.0328165665268898,0.046976927667856216,0.09951864182949066,0.029823459684848785
0.45,0.0,0.0023,0.01908808946609497,0.025960475206375122,0.028511881828308105,0.09129515290260315,-0.12448403239250183,0.0425412654876709,0.09498009085655212,0.08266211301088333,0.032901864498853683,0.03263281658291817,0.03915571793913841,0.04184683784842491,0.03353547304868698,0.04660879075527191,0.06364083290100098,0.009606244042515755,0.023049920797348022,0.006107985973358154,0.0370309054851532,0.05440092086791992,0.0475810170173645,0.01978011429309845,0.024626940488815308,0.07626833021640778,0.03343638405203819,0.06411491334438324,0.033516012132167816,0.06438259780406952,0.0328165665268898,0.046976927667856216,0.09951864182949066,0.029823459684848785
0.46,0.0,0.00222,0.01908808946609497,0.025960475206375122,0.028511881828308105,0.09129515290260315,-0.12448403239250183,0.0425412654876709,0.09498009085655212,0.08266211301088333,0.032901864498853683,0.03263281658291817,0.03915571793913841,0.04184683784842491,0.03353547304868698,0.04660879075527191,0.06364083290100098,0.009606244042515755,0.023049920797348022,0.006107985973358154,0.0370309054851532,0.05440092086791992,0.0475810170173645,0.01978011429309845,0.024626940488815308,0.07626833021640778,0.03343638405203819,0.06411491334438324,0.033516012132167816,0.06438259780406952,0.0328165665268898,0.046976927667856216,0.09951864182949066,0.029823459684848785
0.47,0.0,0.00214,0.01908808946609497,0.025960475206375122,0.028511881828308105,0.09129515290260315,-0.12448403239250183,0.0425412654876709,0.09498009085655212,0.08266211301088333,0.032901864498853683,0.03263281658291817,0.03915571793913841,0.04184683784842491,0.03353547304868698,0.04660879075527191,0.06364083290100098,0.009606244042515755,0.023049920797348022,0.006107985973358154,0.0370309054851532,0.05440092086791992,0.0475810170173645,0.01978011429309845,0.024626940488815308,0.07626833021640778,0.03343638405203819,0.06411491334438324,0.033516012132167816,0.06438259780406952,0.0328165665268898,0.046976927667856216,0.09951864182949066,0.029823459684848785
0.48,0.0,0.00197,0.01908808946609497,0.025960475206375122,0.028511881828308105,0.09129515290260315,-0.12448403239250183,0.0425412654876709,0.09498009085655212,0.08266211301088333,0.032901864498853683,0.03263281658291817,0.03915571793913841,0.04184683784842491,0.03353547304868698,0.04660879075527191,0.06364083290100098,0.009606244042515755,0.023049920797348022,0.006107985973358154,0.0370309054851532,0.05440092086791992,0.0475810170173645,0.01978011429309845,0.024626940488815308,0.07626833021640778,0.03343638405203819,0.06411491334438324,0.033516012132167816,0.06438259780406952,0.0328165665268898,0.046976927667856216,0.09951864182949066,0.029823459684848785
0.49,0.0,0.00179,0.01908808946609497,0.025960475206375122,0.028511881828308105,0.09129515290260315,-0.12448403239250183,0.0425412654876709,0.09498009085655212,0.08266211301088333,0.032901864498853683,0.03263281658291817,0.03915571793913841,0.04184683784842491,0.03353547304868698,0.04660879075527191,0.06364083290100098,0.009606244042515755,0.023049920797348022,0.006107985973358154,0.0370309054851532,0.05440092086791992,0.0475810170173645,0.01978011429309845,0.024626940488815308,0.07626833021640778,0.03343638405203819,0.06411491334438324,0.033516012132167816,0.06438259780406952,0.0328165665268898,0.046976927667856216,0.09951864182949066,0.029823459684848785
0.5,0.0,0.00157,0.01908808946609497,0.025960475206375122,0.028511881828308105,0.09129515290260315,-0.12448403239250183,0.0425412654876709,0.09498009085655212,0.08266211301088333,0.032901864498853683,0.03263281658291817,0.03915571793913841,0.04184683784842491,0.03353547304868698,0.04660879075527191,0.06364083290100098,0.009606244042515755,0.023049920797348022,0.006107985973358154,0.0370309054851532,0.05440092086791992,0.0475810170173645,0.01978011429309845,0.024626940488815308,0.07626833021640778,0.03343638405203819,0.06411491334438324,0.033516012132167816,0.06438259780406952,0.0328165665268898,0.046976927667856216,0.09951864182949066,0.029823459684848785
0.51,0.0,0.00132,0.01908808946609497,0.025960475206375122,0.028511881828308105,0.09129515290260315,-0.12448403239250183,0.0425412654876709,0.09498009085655212,0.08266211301088333,0.032901864498853683,0.03263281658291817,0.03915571793913841,0.04184683784842491,0.03353547304868698,0.04660879075527191,0.06364083290100098,0.009606244042515755,0.023049920797348022,0.006107985973358154,0.0370309054851532,0.05440092086791992,0.0475810170173645,0.01978011429309845,0.024626940488815308,0.07626833021640778,0.03343638405203819,0.06411491334438324,0.033516012132167816,0.06438259780406952,0.0328165665268898,0.046976927667856216,0.09951864182949066,0.029823459684848785
0.52,0.0,0.00103,0.01908808946609497,0.025960475206375122,0.028511881828308105,0.09129515290260315,-0.12448403239250183,0.0425412654876709,0.09498009085655212,0.08266211301088333,0.032901864498853683,0.03263281658291817,0.03915571793913841,0.04184683784842491,0.03353547304868698,0.04660879075527191,0.06364083290100098,0.009606244042515755,0.023049920797348022,0.006107985973358154,0.0370309054851532,0.05440092086791992,0.0475810170173645,0.01978011429309845,0.024626940488815308,0.07626833021640778,0.03343638405203819,0.06411491334438324,0.033516012132167816,0.06438259780406952,0.0328165665268898,0.046976927667856216,0.09951864182949066,0.029823459684848785
0.53,0.0,0.0,0.01908808946609497,0.025960475206375122,0.028511881828308105,0.09129515290260315,-0.12448403239250183,0.0425412654876709,0.09498009085655212,0.08266211301088333,0.032901864498853683,0.03263281658291817,0.03915571793913841,0.04184683784842491,0.03353547304868698,0.04660879075527191,0.06364083290100098,0.009606244042515755,0.023049920797348022,0.006107985973358154,0.0370309054851532,0.05440092086791992,0.0475810170173645,0.01978011429309845,0.024626940488815308,0.07626833021640778,0.03343638405203819,0.06411491334438324,0.033516012132167816,0.06438259780406952,0.0328165665268898,0.046976927667856216,0.09951864182949066,0.029823459684848785
0.54,0.0,0.0,0.01910489797592163,0.025960475206375122,0.028511881828308105,0.09129515290260315,-0.13935965299606323,0.0425412654876709,0.09498009085655212,0.08266211301088333,0.03280506655573845,0.03263281658291817,0.03915571793913841,0.04184683784842491,0.03371357172727585,0.04660879075527191,0.06364083290100098,0.009606244042515755,0.023515790700912476,0.006107985973358154,0.0370309054851532,0.05440092086791992,0.0475044846534729,0.01978011429309845,0.024626940488815308,0.07626833021640778,0.03201737627387047,0.06411491334438324,0.033516012132167816,0.06438259780406952,0.03221028298139572,0.046976927667856216,0.09951864182949066,0.029823459684848785
0.55,0.0,0.0,0.01910489797592163,0.025960475206375122,0.028511881828308105,0.09129515290260315,-0.13935965299606323,0.0425412654876709,0.09498009085655212,0.08266211301088333,0.03280506655573845,0.03263281658291817,0.03915571793913841,0.04184683784842491,0.03371357172727585,0.04660879075527191,0.06364083290100098,0.009606244042515755,0.023515790700912476,0.006107985973358154,0.0370309054851532,0.05440092086791992,0.0475044846534729,0.01978011429309845,0.024626940488815308,0.07626833021640778,0.03201737627387047,0.06411491334438324,0.033516012132167816,0.06438259780406952,0.03221028298139572,0.046976927667856216,0.09951864182949066,0.029823459684848785
0.56,0.0,0.0,0.01910489797592163,0.025960475206375122,0.028511881828308105,0.09129515290260315,-0.13935965299606323,0.0425412654876709,0.09498009085655212,0.08266211301088333,0.03280506655573845,0.03263281658291817,0.03915571793913841,0.04184683784842491,0.03371357172727585,0.04660879075527191,0.06364083290100098,0.009606244042515755,0.023515790700912476,0.006107985973358154,0.0370309054851532,0.05440092086791992,0.0475044846534729,0.01978011429309845,0.024626940488815308,0.07626833021640778,0.03201737627387047,0.06411491334438324,0.033516012132167816,0.06438259780406952,0.03221028298139572,0.046976927667856216,0.09951864182949066,0.029823459684848785
0.57,0.0,0.0,0.01910489797592163,0.025960475206375122,0.028511881828308105,0.09129515290260315,-0.13935965299606323,0.0425412654876709,0.09498009085655212,0.08266211301088333,0.03280506655573845,0.03263281658291817,0.03915571793913841,0.04184683784842491,0.03371357172727585,0.04660879075527191,0.06364083290100098,0.009606244042515755,0.023515790700912476,0.006107985973358154,0.0370309054851532,0.05440092086791992,0.0475044846534729,0.01978011429309845,0.024626940488815308,0.07626833021640778,0.03201737627387047,0.06411491334438324,0.033516012132167816,0.06438259780406952,0.03221028298139572,0.046976927667856216,0.09951864182949066,0.029823459684848785
0.58,0.0,0.0,0.01910489797592163,0.025960475206375122,0.028511881828308105,0.09129515290260315,-0.13935965299606323,0.0425412654876709,0.09498009085655212,0.08266211301088333,0.03280506655573845,0.03263281658291817,0.03915571793913841,0.04184683784842491,0.03371357172727585,0.04660879075527191,0.06364083290100098,0.009606244042515755,0.023515790700912476,0.006107985973358154,0.0370309054851532,0.05440092086791992,0.0475044846534729,0.01978011429309845,0.024626940488815308,0.07626833021640778,0.03201737627387047,0.06411491334438324,0.033516012132167816,0.06438259780406952,0.03221028298139572,0.046976927667856216,0.09951864182949066,0.029823459684848785
0.59,0.0,0.0,0.018582820892333984,0.025960475206375122,0.028511881828308105,0.09129515290260315,-0.15457290410995483,0.0425412654876709,0.09498009085655212,0.08266211301088333,0.031257402151823044,0.03263281658291817,0.03915571793913841,0.04184683784842491,0.03282991796731949,0.04660879075527191,0.06364083290100098,0.009606244042515755,0.022213399410247803,0.006107985973358154,0.0370309054851532,0.05440092086791992,0.04704064130783081,0.01978011429309845,0.024626940488815308,0.07626833021640778,0.03296354040503502,0.06411491334438324,0.033516012132167816,0.06438259780406952,0.03245522826910019,0.046976927667856216,0.09951864182949066,0.029823459684848785
0.6,0.0,0.0,0.018582820892333984,0.025960475206375122,0.028511881828308105,0.09129515290260315,-0.15457290410995483,0.0425412654876709,0.09498009085655212,0.08266211301088333,0.031257402151823044,0.03263281658291817,0.03915571793913841,0.04184683784842491,0.03282991796731949,0.04660879075527191,0.06364083290100098,0.009606244042515755,0.022213399410247803,0.006107985973358154,0.0370309054851532,0.05440092086791992,0.04704064130783081,0.01978011429309845,0.024626940488815308,0.07626833021640778,0.03296354040503502,0.06411491334438324,0.033516012132167816,0.06438259780406952,0.03245522826910019,0.046976927667856216,0.09951864182949066,0.029823459684848785
0.61,0.0,0.0,0.018582820892333984,0.025960475206375122,0.028511881828308105,0.09129515290260315,-0.15457290410995483,0.0425412654876709,0.09498009085655212,0.08266211301088333,0.031257402151823044,0.03263281658291817,0.03915571793913841,0.04184683784842491,0.03282991796731949,0.04660879075527191,0.06364083290100098,0.009606244042515755,0.022213399410247803,0.006107985973358154,0.0370309054851532,0.05440092086791992,0.04704064130783081,0.01978011429309845,0.024626940488815308,0.07626833021640778,0.03296354040503502,0.06411491334438324,0.033516012132167816,0.06438259780406952,0.03245522826910019,0.046976927667856216,0.09951864182949066,0.029823459684848785
0.62,0.0,0.0,0.018582820892333984,0.025960475206375122,0.028511881828308105,0.09129515290260315,-0.15457290410995483,0.0425412654876709,0.09498009085655212,0.08266211301088333,0.031257402151823044,0.03263281658291817,0.03915571793913841,0.04184683784842491,0.03282991796731949,0.04660879075527191,0.06364083290100098,0.009606244042515755,0.022213399410247803,0.006107985973358154,0.0370309054851532,0.05440092086791992,0.04704064130783081,0.01978011429309845,0.024626940488815308,0.07626833021640778,0.03296354040503502,0.06411491334438324,0.033516012132167816,0.06438259780406952,0.03245522826910019,0.046976927667856216,0.09951864182949066,0.029823459684848785
0.63,0.0,0.0,0.018582820892333984,0.025960475206375122,0.028511881828308105,0.09129515290260315,-0.15457290410995483,0.0425412654876709,0.09498009085655212,0.08266211301088333,0.031257402151823044,0.03263281658291817,0.03915571793913841,0.04184683784842491,0.03282991796731949,0.04660879075527191,0.06364083290100098,0.009606244042515755,0.022213399410247803,0.006107985973358154,0.0370309054851532,0.05440092086791992,0.04704064130783081,0.01978011429309845,0.024626940488815308,0.07626833021640778,0.03296354040503502,0.06411491334438324,0.033516012132167816,0.06438259780406952,0.03245522826910019,0.046976927667856216,0.09951864182949066,0.029823459684848785
0.64,0.0,0.0,0.019744575023651123,0.025960475206375122,0.028511881828308105,0.09129515290260315,-0.14046096801757812,0.0425412654876709,0.09498009085655212,0.08266211301088333,0.03196115419268608,0.03263281658291817,0.03915571793913841,0.04184683784842491,0.03278849273920059,0.04660879075527191,0.06364083290100098,0.009606244042515755,0.024541079998016357,0.006107985973358154,0.0370309054851532,0.05440092086791992,0.04629957675933838,0.01978011429309845,0.024626940488815308,0.07626833021640778,0.033502187579870224,0.06411491334438324,0.033516012132167816,0.06438259780406952,0.03130807727575302,0.046976927667856216,0.09951864182949066,0.029823459684848785
0.65,0.0,0.0,0.019744575023651123,0.025960475206375122,0.028511881828308105,0.09129515290260315,-0.14046096801757812,0.0425412654876709,0.09498009085655212,0.08266211301088333,0.03196115419268608,0.03263281658291817,0.03915571793913841,0.04184683784842491,0.03278849273920059,0.04660879075527191,0.06364083290100098,0.009606244042515755,0.024541079998016357,0.006107985973358154,0.0370309054851532,0.05440092086791992,0.04629957675933838,0.01978011429309845,0.024626940488815308,0.07626833021640778,0.033502187579870224,0.06411491334438324,0.033516012132167816,0.06438259780406952,0.03130807727575302,0.046976927667856216,0.09951864182949066,0.029823459684848785
0.66,0.0,0.0,0.019744575023651123,0.025960475206375122,0.028511881828308105,0.09129515290260315,-0.14046096801757812,0.0425412654876709,0.09498009085655212,0.08266211301088333,0.03196115419268608,0.03263281658291817,0.03915571793913841,0.04184683784842491,0.03278849273920059,0.04660879075527191,0.06364083290100098,0.009606244042515755,0.024541079998016357,0.006107985973358154,0.0370309054851532,0.05440092086791992,0.04629957675933838,0.01978011429309845,0.024626940488815308,0.07626833021640778,0.033502187579870224,0.06411491334438324,0.033516012132167816,0.06438259780406952,0.03130807727575302,0.046976927667856216,0.09951864182949066,0.029823459684848785
0.67,0.0,0.0,0.019744575023651123,0.025960475206375122,0.028511881828308105,0.09129515290260315,-0.14046096801757812,0.0425412654876709,0.09498009085655212,0.08266211301088333,0.03196115419268608,0.03263281658291817,0.03915571793913841,0.04184683784842491,0.03278849273920059,0.04660879075527191,0.06364083290100098,0.009606244042515755,0.024541079998016357,0.006107985973358154,0.0370309054851532,0.05440092086791992,0.04629957675933838,0.01978011429309845,0.024626940488815308,0.07626833021640778,0.033502187579870224,0.06411491334438324,0.033516012132167816,0.06438259780406952,0.03130807727575302,0.046976927667856216,0.09951864182949066,0.029823459684848785
0.68,0.0,0.0,0.019744575023651123,0.025960475206375122,0.028511881828308105,0.09129515290260315,-0.14046096801757812,0.0425412654876709,0.09498009085655212,0.08266211301088333,0.03196115419268608,0.03263281658291817,0.03915571793913841,0.04184683784842491,0.03278849273920059,0.04660879075527191,0.06364083290100098,0.009606244042515755,0.024541079998016357,0.006107985973358154,0.0370309054851532,0.05440092086791992,0.04629957675933838,0.01978011429309845,0.024626940488815308,0.07626833021640778,0.033502187579870224,0.06411491334438324,0.033516012132167816,0.06438259780406952,0.03130807727575302,0.046976927667856216,0.09951864182949066,0.029823459684848785
0.69,0.0,0.0,0.017010927200317383,0.025960475206375122,0.028511881828308105,0.09129515290260315,-0.1262519657611847,0.0425412654876709,0.09498009085655212,0.08266211301088333,0.031013887375593185,0.03263281658291817,0.03915571793913841,0.04184683784842491,0.03224378079175949,0.04660879075527191,0.06364083290100098,0.009606244042515755,0.024117261171340942,0.006107985973358154,0.0370309054851532,0.05440092086791992,0.04889225959777832,0.01978011429309845,0.024626940488815308,0.07626833021640778,0.0349251888692379,0.06411491334438324,0.033516012132167816,0.06438259780406952,0.03217057138681412,0.046976927667856216,0.09951864182949066,0.029823459684848785
0.7,0.0,0.0,0.017010927200317383,0.025960475206375122,0.028511881828308105,0.09129515290260315,-0.1262519657611847,0.0425412654876709,0.09498009085655212,0.08266211301088333,0.031013887375593185,0.03263281658291817,0.03915571793913841,0.04184683784842491,0.03224378079175949,0.04660879075527191,0.06364083290100098,0.009606244042515755,0.024117261171340942,0.006107985973358154,0.0370309054851532,0.05440092086791992,0.04889225959777832,0.01978011429309845,0.024626940488815308,0.07626833021640778,0.0349251888692379,0.06411491334438324,0.033516012132167816,0.06438259780406952,0.03217057138681412,0.046976927667856216,0.09951864182949066,0.029823459684848785
0.71,0.0,0.0,0.017010927200317383,0.025960475206375122,0.028511881828308105,0.09129515290260315,-0.1262519657611847,0.0425412654876709,0.09498009085655212,0.08266211301088333,0.031013887375593185,0.03263281658291817,0.03915571793913841,0.04184683784842491,0.03224378079175949,0.04660879075527191,0.06364083290100098,0.009606244042515755,0.024117261171340942,0.006107985973358154,0.0370309054851532,0.05440092086791992,0.04889225959777832,0.01978011429309845,0.024626940488815308,0.07626833021640778,0.0349251888692379,0.06411491334438324,0.033516012132167816,0.06438259780406952,0.03217057138681412,0.046976927667856216,0.09951864182949066,0.029823459684848785
0.72,0.0,0.0,0.017010927200317383,0.025960475206375122,0.028511881828308105,0.09129515290260315,-0.1262519657611847,0.0425412654876709,0.09498009085655212,0.08266211301088333,0.031013887375593185,0.03263281658291817,0.03915571793913841,0.04184683784842491,0.03224378079175949,0.04660879075527191,0.06364083290100098,0.009606244042515755,0.024117261171340942,0.006107985973358154,0.0370309054851532,0.05440092086791992,0.04889225959777832,0.01978011429309845,0.024626940488815308,0.07626833021640778,0.0349251888692379,0.06411491334438324,0.033516012132167816,0.06438259780406952,0.03217057138681412,0.046976927667856216,0.09951864182949066,0.029823459684848785
0.73,0.0,0.0,0.017010927200317383,0.025960475206375122,0.028511881828308105,0.09129515290260315,-0.1262519657611847,0.0425412654876709,0.09498009085655212,0.08266211301088333,0.031013887375593185,0.03263281658291817,0.03915571793913841,0.04184683784842491,0.03224378079175949,0.04660879075527191,0.06364083290100098,0.009606244042515755,0.024117261171340942,0.006107985973358154,0.0370309054851532,0.05440092086791992,0.04889225959777832,0.01978011429309845,0.024626940488815308,0.07626833021640778,0.0349251888692379,0.06411491334438324,0.033516012132167816,0.06438259780406952,0.03217057138681412,0.046976927667856216,0.09951864182949066,0.029823459684848785
0.74,0.0,0.0,0.019227921962738037,0.025960475206375122,0.028511881828308105,0.09129515290260315,-0.12340547144412994,0.0425412654876709,0.09498009085655212,0.08266211301088333,0.03126431629061699,0.03263281658291817,0.03915571793913841,0.04184683784842491,0.032202981412410736,0.04660879075527191,0.06364083290100098,0.009606244042515755,0.022901058197021484,0.006107985973358154,0.0370309054851532,0.05440092086791992,0.04581582546234131,0.01978011429309845,0.024626940488815308,0.07626833021640778,0.031557347625494,0.06411491334438324,0.033516012132167816,0.06438259780406952,0.031147383153438568,0.046976927667856216,0.09951864182949066,0.029823459684848785
0.75,0.0,0.0,0.019227921962738037,0.025960475206375122,0.028511881828308105,0.09129515290260315,-0.12340547144412994,0.0425412654876709,0.09498009085655212,0.08266211301088333,0.03126431629061699,0.03263281658291817,0.03915571793913841,0.04184683784842491,0.032202981412410736,0.04660879075527191,0.06364083290100098,0.009606244042515755,0.022901058197021484,0.006107985973358154,0.0370309054851532,0.05440092086791992,0.04581582546234131,0.01978011429309845,0.024626940488815308,0.07626833021640778,0.031557347625494,0.06411491334438324,0.033516012132167816,0.06438259780406952,0.031147383153438568,0.046976927667856216,0.09951864182949066,0.029823459684848785
0.76,0.0,0.0,0.019227921962738037,0.025960475206375122,0.028511881828308105,0.09129515290260315,-0.12340547144412994,0.0425412654876709,0.09498009085655212,0.08266211301088333,0.03126431629061699,0.03263281658291817,0.03915571793913841,0.04184683784842491,0.032202981412410736,0.04660879075527191,0.06364083290100098,0.009606244042515755,0.022901058197021484,0.006107985973358154,0.0370309054851532,0.05440092086791992,0.04581582546234131,0.01978011429309845,0.024626940488815308,0.07626833021640778,0.031557347625494,0.06411491334438324,0.033516012132167816,0.06438259780406952,0.031147383153438568,0.046976927667856216,0.09951864182949066,0.029823459684848785
0.77,0.0,0.0,0.019227921962738037,0.025960475206375122,0.028511881828308105,0.09129515290260315,-0.12340547144412994,0.0425412654876709,0.09498009085655212,0.08266211301088333,0.03126431629061699,0.03263281658291817,0.03915571793913841,0.04184683784842491,0.032202981412410736,0.04660879075527191,0.06364083290100098,0.009606244042515755,0.022901058197021484,0.006107985973358154,0.0370309054851532,0.05440092086791992,0.04581582546234131,0.01978011429309845,0.024626940488815308,0.07626833021640778,0.031557347625494,0.06411491334438324,0.033516012132167816,0.06438259780406952,0.031147383153438568,0.046976927667856216,0.09951864182949066,0.029823459684848785
0.78,0.0,0.0,0.019227921962738037,0.025960475206375122,0.028511881828308105,0.09129515290260315,-0.12340547144412994,0.0425412654876709,0.09498009085655212,0.08266211301088333,0.03126431629061699,0.03263281658291817,0.03915571793913841,0.04184683784842491,0.032202981412410736,0.04660879075527191,0.06364083290100098,0.009606244042515755,0.022901058197021484,0.006107985973358154,0.0370309054851532,0.05440092086791992,0.04581582546234131,0.01978011429309845,0.024626940488815308,0.07626833021640778,0.031557347625494,0.06411491334438324,0.033516012132167816,0.06438259780406952,0.031147383153438568,0.046976927667856216,0.09951864182949066,0.029823459684848785
0.79,0.0,0.0,0.01731550693511963,0.025960475206375122,0.028511881828308105,0.09129515290260315,-0.1213688850402832,0.0425412654876709,0.09498009085655212,0.08266211301088333,0.03177021071314812,0.03263281658291817,0.03915571793913841,0.04184683784842491,0.03241030126810074,0.04660879075527191,0.06364083290100098,0.009606244042515755,0.023546040058135986,0.006107985973358154,0.0370309054851532,0.05440092086791992,0.04695171117782593,0.01978011429309845,0.024626940488815308,0.07626833021640778,0.03255101665854454,0.06411491334438324,0.033516012132167816,0.06438259780406952,0.03153494745492935,0.046976927667856216,0.09951864182949066,0.029823459684848785
0.8,0.0,0.0,0.01731550693511963,0.025960475206375122,0.028511881828308105,0.09129515290260315,-0.1213688850402832,0.0425412654876709,0.09498009085655212,0.08266211301088333,0.03177021071314812,0.03263281658291817,0.03915571793913841,0.04184683784842491,0.03241030126810074,0.04660879075527191,0.06364083290100098,0.009606244042515755,0.023546040058135986,0.006107985973358154,0.0370309054851532,0.05440092086791992,0.04695171117782593,0.01978011429309845,0.024626940488815308,0.07626833021640778,0.03255101665854454,0.06411491334438324,0.033516012132167816,0.06438259780406952,0.03153494745492935,0.046976927667856216,0.09951864182949066,0.029823459684848785
0.81,0.0,0.0,0.01731550693511963,0.025960475206375122,0.028511881828308105,0.09129515290260315,-0.1213688850402832,0.0425412654876709,0.09498009085655212,0.08266211301088333,0.03177021071314812,0.03263281658291817,0.03915571793913841,0.04184683784842491,0.03241030126810074,0.04660879075527191,0.06364083290100098,0.009606244042515755,0.023546040058135986,0.006107985973358154,0.0370309054851532,0.05440092086791992,0.04695171117782593,0.01978011429309845,0.024626940488815308,0.07626833021640778,0.03255101665854454,0.06411491334438324,0.033516012132167816,0.06438259780406952,0.03153494745492935,0.046976927667856216,0.09951864182949066,0.029823459684848785
0.82,0.0,0.0,0.01731550693511963,0.025960475206375122,0.028511881828308105,0.09129515290260315,-0.1213688850402832,0.0425412654876709,0.09498009085655212,0.08266211301088333,0.03177021071314812,0.03263281658291817,0.03915571793913841,0.04184683784842491,0.03241030126810074,0.04660879075527191,0.06364083290100098,0.009606244042515755,0.023546040058135986,0.006107985973358154,0.0370309054851532,0.05440092086791992,0.04695171117782593,0.01978011429309845,0.024626940488815308,0.07626833021640778,0.03255101665854454,0.06411491334438324,0.033516012132167816,0.06438259780406952,0.03153494745492935,0.046976927667856216,0.09951864182949066,0.029823459684848785
0.83,0.0,0.0,0.01731550693511963,0.025960475206375122,0.028511881828308105,0.09129515290260315,-0.1213688850402832,0.0425412654876709,0.09498009085655212,0.08266211301088333,0.03177021071314812,0.03263281658291817,0.03915571793913841,0.04184683784842491,0.03241030126810074,0.04660879075527191,0.06364083290100098,0.009606244042515755,0.023546040058135986,0.006107985973358154,0.0370309054851532,0.05440092086791992,0.04695171117782593,0.01978011429309845,0.024626940488815308,0.07626833021640778,0.03255101665854454,0.06411491334438324,0.033516012132167816,0.06438259780406952,0.03153494745492935,0.046976927667856216,0.09951864182949066,0.029823459684848785
0.84,0.0,0.0,0.016699016094207764,0.025960475206375122,0.028511881828308105,0.09129515290260315,-0.12560561299324036,0.0425412654876709,0.09498009085655212,0.08266211301088333,0.03131509944796562,0.03263281658291817,0.03915571793913841,0.04184683784842491,0.0327889546751976,0.04660879075527191,0.06364083290100098,0.009606244042515755,0.023981064558029175,0.006107985973358154,0.0370309054851532,0.05440092086791992,0.04777878522872925,0.01978011429309845,0.024626940488815308,0.07626833021640778,0.033168938010931015,0.06411491334438324,0.033516012132167816,0.06438259780406952,0.032314516603946686,0.046976927667856216,0.09951864182949066,0.029823459684848785
0.85,0.0,0.0,0.016699016094207764,0.025960475206375122,0.028511881828308105,0.09129515290260315,-0.12560561299324036,0.0425412654876709,0.09498009085655212,0.08266211301088333,0.03131509944796562,0.03263281658291817,0.03915571793913841,0.04184683784842491,0.0327889546751976,0.04660879075527191,0.06364083290100098,0.009606244042515755,0.023981064558029175,0.006107985973358154,0.0370309054851532,0.05440092086791992,0.04777878522872925,0.01978011429309845,0.024626940488815308,0.07626833021640778,0.033168938010931015,0.06411491334438324,0.033516012132167816,0.06438259780406952,0.032314516603946686,0.046976927667856216,0.09951864182949066,0.029823459684848785
0.86,0.0,0.0,0.016699016094207764,0.025960475206375122,0.028511881828308105,0.09129515290260315,-0.12560561299324036,0.0425412654876709,0.09498009085655212,0.08266211301088333,0.03131509944796562,0.03263281658291817,0.03915571793913841,0.04184683784842491,0.0327889546751976,0.04660879075527191,0.06364083290100098,0.009606244042515755,0.023981064558029175,0.006107985973358154,0.0370309054851532,0.05440092086791992,0.04777878522872925,0.01978011429309845,0.024626940488815308,0.07626833021640778,0.033168938010931015,0.06411491334438324,0.033516012132167816,0.06438259780406952,0.032314516603946686,0.046976927667856216,0.09951864182949066,0.029823459684848785
0.87,0.0,0.0,0.016699016094207764,0.025960475206375122,0.028511881828308105,0.09129515290260315,-0.12560561299324036,0.0425412654876709,0.09498009085655212,0.08266211301088333,0.03131509944796562,0.03263281658291817,0.03915571793913841,0.04184683784842491,0.0327889546751976,0.04660879075527191,0.06364083290100098,0.009606244042515755,0.023981064558029175,0.006107985973358154,0.0370309054851532,0.05440092086791992,0.04777878522872925,0.01978011429309845,0.024626940488815308,0.07626833021640778,0.033168938010931015,0.06411491334438324,0.033516012132167816,0.06438259780406952,0.032314516603946686,0.046976927667856216,0.09951864182949066,0.029823459684848785
0.88,0.0,0.0,0.016699016094207764,0.025960475206375122,0.028511881828308105,0.09129515290260315,-0.12560561299324036,0.0425412654876709,0.09498009085655212,0.08266211301088333,0.03131509944796562,0.03263281658291817,0.03915571793913841,0.04184683784842491,0.0327889546751976,0.04660879075527191,0.06364083290100098,0.009606244042515755,0.023981064558029175,0.006107985973358154,0.0370309054851532,0.05440092086791992,0.04777878522872925,0.01978011429309845,0.024626940488815308,0.07626833021640778,0.033168938010931015,0.06411491334438324,0.033516012132167816,0.06438259780406952,0.032314516603946686,0.046976927667856216,0.09951864182949066,0.029823459684848785
0.89,0.0,0.0,0.015764296054840088,0.025960475206375122,0.028511881828308105,0.09129515290260315,-0.1325637400150299,0.0425412654876709,0.09498009085655212,0.08266211301088333,0.030902814120054245,0.03263281658291817,0.03915571793913841,0.04184683784842491,0.032304547727108,0.04660879075527191,0.06364083290100098,0.009606244042515755,0.0233021080493927,0.006107985973358154,0.0370309054851532,0.05440092086791992,0.04639029502868652,0.01978011429309845,0.024626940488815308,0.07626833021640778,0.031676795333623886,0.06411491334438324,0.033516012132167816,0.06438259780406952,0.03134927898645401,0.046976927667856216,0.09951864182949066,0.029823459684848785
0.9,0.0,0.0,0.015764296054840088,0.025960475206375122,0.028511881828308105,0.09129515290260315,-0.1325637400150299,0.0425412654876709,0.09498009085655212,0.08266211301088333,0.030902814120054245,0.03263281658291817,0.03915571793913841,0.04184683784842491,0.032304547727108,0.04660879075527191,0.06364083290100098,0.009606244042515755,0.0233021080493927,0.006107985973358154,0.0370309054851532,0.05440092086791992,0.04639029502868652,0.01978011429309845,0.024626940488815308,0.07626833021640778,0.031676795333623886,0.06411491334438324,0.033516012132167816,0.06438259780406952,0.03134927898645401,0.046976927667856216,0.09951864182949066,0.029823459684848785
0.91,0.0,0.0,0.015764296054840088,0.025960475206375122,0.028511881828308105,0.09129515290260315,-0.1325637400150299,0.0425412654876709,0.09498009085655212,0.08266211301088333,0.030902814120054245,0.03263281658291817,0.03915571793913841,0.04184683784842491,0.032304547727108,0.04660879075527191,0.06364083290100098,0.009606244042515755,0.0233021080493927,0.006107985973358154,0.0370309054851532,0.05440092086791992,0.04639029502868652,0.01978011429309845,0.024626940488815308,0.07626833021640778,0.031676795333623886,0.06411491334438324,0.033516012132167816,0.06438259780406952,0.03134927898645401,0.046976927667856216,0.09951864182949066,0.029823459684848785
0.92,0.0,0.0,0.015764296054840088,0.025960475206375122,0.028511881828308105,0.09129515290260315,-0.1325637400150299,0.0425412654876709,0.09498009085655212,0.08266211301088333,0.030902814120054245,0.03263281658291817,0.03915571793913841,0.04184683784842491,0.032304547727108,0.04660879075527191,0.06364083290100098,0.009606244042515755,0.0233021080493927,0.006107985973358154,0.0370309054851532,0.05440092086791992,0.04639029502868652,0.01978011429309845,0.024626940488815308,0.07626833021640778,0.031676795333623886,0.06411491334438324,0.033516012132167816,0.06438259780406952,0.03134927898645401,0.046976927667856216,0.09951864182949066,0.029823459684848785
0.93,0.0,0.0,0.015764296054840088,0.025960475206375122,0.028511881828308105,0.09129515290260315,-0.1325637400150299,0.0425412654876709,0.09498009085655212,0.08266211301088333,0.030902814120054245,0.03263281658291817,0.03915571793913841,0.04184683784842491,0.032304547727108,0.04660879075527191,0.06364083290100098,0.009606244042515755,0.0233021080493927,0.006107985973358154,0.0370309054851532,0.05440092086791992,0.04639029502868652,0.01978011429309845,0.024626940488815308,0.07626833021640778,0.031676795333623886,0.06411491334438324,0.033516012132167816,0.06438259780406952,0.03134927898645401,0.046976927667856216,0.09951864182949066,0.029823459684848785
0.94,0.0,0.0,0.016710758209228516,0.025960475206375122,0.028511881828308105,0.09129515290260315,-0.12561318278312683,0.0425412654876709,0.09498009085655212,0.08266211301088333,0.031648796051740646,0.03263281658291817,0.03915571793913841,0.04184683784842491,0.031985290348529816,0.04660879075527191,0.06364083290100098,0.009606244042515755,0.023736029863357544,0.006107985973358154,0.0370309054851532,0.05440092086791992,0.046010494232177734,0.01978011429309845,0.024626940488815308,0.07626833021640778,0.03160974010825157,0.06411491334438324,0.033516012132167816,0.06438259780406952,0.031058676540851593,0.046976927667856216,0.09951864182949066,0.029823459684848785
0.95,0.0,0.0,0.016710758209228516,0.025960475206375122,0.028511881828308105,0.09129515290260315,-0.12561318278312683,0.0425412654876709,0.09498009085655212,0.08266211301088333,0.031648796051740646,0.03263281658291817,0.03915571793913841,0.04184683784842491,0.031985290348529816,0.04660879075527191,0.06364083290100098,0.009606244042515755,0.023736029863357544,0.006107985973358154,0.0370309054851532,0.05440092086791992,0.046010494232177734,0.01978011429309845,0.024626940488815308,0.07626833021640778,0.03160974010825157,0.06411491334438324,0.033516012132167816,0.06438259780406952,0.031058676540851593,0.046976927667856216,0.09951864182949066,0.029823459684848785
0.96,0.0,0.0,0.016710758209228516,0.025960475206375122,0.028511881828308105,0.09129515290260315,-0.12561318278312683,0.0425412654876709,0.09498009085655212,0.08266211301088333,0.031648796051740646,0.03263281658291817,0.03915571793913841,0.04184683784842491,0.031985290348529816,0.04660879075527191,0.06364083290100098,0.009606244042515755,0.023736029863357544,0.006107985973358154,0.0370309054851532,0.05440092086791992,0.046010494232177734,0.01978011429309845,0.024626940488815308,0.07626833021640778,0.03160974010825157,0.06411491334438324,0.033516012132167816,0.06438259780406952,0.031058676540851593,0.046976927667856216,0.09951864182949066,0.029823459684848785
0.97,0.0,0.0,0.016710758209228516,0.025960475206375122,0.028511881828308105,0.09129515290260315,-0.12561318278312683,0.0425412654876709,0.09498009085655212,0.08266211301088333,0.031648796051740646,0.03263281658291817,0.03915571793913841,0.04184683784842491,0.031985290348529816,0.04660879075527191,0.06364083290100098,0.009606244042515755,0.023736029863357544,0.006107985973358154,0.0370309054851532,0.05440092086791992,0.046010494232177734,0.01978011429309845,0.024626940488815308,0.07626833021640778,0.03160974010825157,0.06411491334438324,0.033516012132167816,0.06438259780406952,0.031058676540851593,0.046976927667856216,0.09951864182949066,0.029823459684848785
0.98,0.0,0.0,0.016710758209228516,0.025960475206375122,0.028511881828308105,0.09129515290260315,-0.12561318278312683,0.0425412654876709,0.09498009085655212,0.08266211301088333,0.031648796051740646,0.03263281658291817,0.03915571793913841,0.04184683784842491,0.031985290348529816,0.04660879075527191,0.06364083290100098,0.009606244042515755,0.023736029863357544,0.006107985973358154,0.0370309054851532,0.05440092086791992,0.046010494232177734,0.01978011429309845,0.024626940488815308,0.07626833021640778,0.03160974010825157,0.06411491334438324,0.033516012132167816,0.06438259780406952,0.031058676540851593,0.046976927667856216,0.09951864182949066,0.029823459684848785
0.99,0.0,0.00109,0.016179680824279785,0.025960475206375122,0.028511881828308105,0.09129515290260315,-0.11783871054649353,0.0425412654876709,0.09498009085655212,0.08266211301088333,0.03233538195490837,0.03263281658291817,0.03915571793913841,0.04184683784842491,0.03278938680887222,0.04660879075527191,0.06364083290100098,0.009606244042515755,0.02586039900779724,0.006107985973358154,0.0370309054851532,0.05440092086791992,0.0482252836227417,0.01978011429309845,0.024626940488815308,0.07626833021640778,0.03601488098502159,0.06411491334438324,0.033516012132167816,0.06438259780406952,0.03292473405599594,0.046976927667856216,0.09951864182949066,0.029823459684848785
1.0,0.0,0.00208,0.016179680824279785,0.025960475206375122,0.028511881828308105,0.09129515290260315,-0.11783871054649353,0.0425412654876709,0.09498009085655212,0.08266211301088333,0.03233538195490837,0.03263281658291817,0.03915571793913841,0.04184683784842491,0.03278938680887222,0.04660879075527191,0.06364083290100098,0.009606244042515755,0.02586039900779724,0.006107985973358154,0.0370309054851532,0.05440092086791992,0.0482252836227417,0.01978011429309845,0.024626940488815308,0.07626833021640778,0.03601488098502159,0.06411491334438324,0.033516012132167816,0.06438259780406952,0.03292473405599594,0.046976927667856216,0.09951864182949066,0.029823459684848785
1.01,0.0,0.00304,0.016179680824279785,0.025960475206375122,0.028511881828308105,0.09129515290260315,-0.11783871054649353,0.0425412654876709,0.09498009085655212,0.08266211301088333,0.03233538195490837,0.03263281658291817,0.03915571793913841,0.04184683784842491,0.03278938680887222,0.04660879075527191,0.06364083290100098,0.009606244042515755,0.02586039900779724,0.006107985973358154,0.0370309054851532,0.05440092086791992,0.0482252836227417,0.01978011429309845,0.024626940488815308,0.07626833021640778,0.03601488098502159,0.06411491334438324,0.033516012132167816,0.06438259780406952,0.03292473405599594,0.046976927667856216,0.09951864182949066,0.029823459684848785
1.02,0.0,0.00397,0.016179680824279785,0.025960475206375122,0.028511881828308105,0.09129515290260315,-0.11783871054649353,0.0425412654876709,0.09498009085655212,0.08266211301088333,0.03233538195490837,0.03263281658291817,0.03915571793913841,0.04184683784842491,0.03278938680887222,0.04660879075527191,0.06364083290100098,0.009606244042515755,0.02586039900779724,0.006107985973358154,0.0370309054851532,0.05440092086791992,0.0482252836227417,0.01978011429309845,0.024626940488815308,0.07626833021640778,0.03601488098502159,0.06411491334438324,0.033516012132167816,0.06438259780406952,0.03292473405599594,0.046976927667856216,0.09951864182949066,0.029823459684848785
1.03,0.0,0.00487,0.016179680824279785,0.025960475206375122,0.028511881828308105,0.09129515290260315,-0.11783871054649353,0.0425412654876709,0.09498009085655212,0.08266211301088333,0.03233538195490837,0.03263281658291817,0.03915571793913841,0.04184683784842491,0.03278938680887222,0.04660879075527191,0.06364083290100098,0.009606244042515755,0.02586039900779724,0.006107985973358154,0.0370309054851532,0.05440092086791992,0.0482252836227417,0.01978011429309845,0.024626940488815308,0.07626833021640778,0.03601488098502159,0.06411491334438324,0.033516012132167816,0.06438259780406952,0.03292473405599594,0.046976927667856216,0.09951864182949066,0.029823459684848785
1.04,0.0,0.00571,0.01806586980819702,0.026968449354171753,0.028511881828308105,0.09129515290260315,-0.10758882761001587,0.042422473430633545,0.09498009085655212,0.08266211301088333,0.03180564567446709,0.03275253251194954,0.03915571793913841,0.04184683784842491,0.032555051147937775,0.04627062380313873,0.06364083290100098,0.009606244042515755,0.025147229433059692,0.006707817316055298,0.0370309054851532,0.05440092086791992,0.04633873701095581,0.018722251057624817,0.024626940488815308,0.07626833021640778,0.03310593590140343,0.06334899365901947,0.033516012132167816,0.06438259780406952,0.030659236013889313,0.04089755937457085,0.09951864182949066,0.029823459684848785
1.05,0.0,0.00651,0.01806586980819702,0.026968449354171753,0.028511881828308105,0.09129515290260315,-0.10758882761001587,0.042422473430633545,0.09498009085655212,0.08266211301088333,0.03180564567446709,0.03275253251194954,0.03915571793913841,0.04184683784842491,0.032555051147937775,0.04627062380313873,0.06364083290100098,0.009606244042515755,0.025147229433059692,0.006707817316055298,0.0370309054851532,0.05440092086791992,0.04633873701095581,0.018722251057624817,0.024626940488815308,0.07626833021640778,0.03310593590140343,0.06334899365901947,0.033516012132167816,0.06438259780406952,0.030659236013889313,0.04089755937457085,0.09951864182949066,0.029823459684848785
1.06,0.0,0.00724,0.01806586980819702,0.026968449354171753,0.028511881828308105,0.09129515290260315,-0.10758882761001587,0.042422473430633545,0.09498009085655212,0.08266211301088333,0.03180564567446709,0.03275253251194954,0.03915571793913841,0.04184683784842491,0.032555051147937775,0.04627062380313873,0.06364083290100098,0.009606244042515755,0.025147229433059692,0.006707817316055298,0.0370309054851532,0.05440092086791992,0.04633873701095581,0.018722251057624817,0.024626940488815308,0.07626833021640778,0.03310593590140343,0.06334899365901947,0.033516012132167816,0.06438259780406952,0.030659236013889313,0.04089755937457085,0.09951864182949066,0.029823459684848785
1.07,0.0,0.00791,0.01806586980819702,0.026968449354171753,0.028511881828308105,0.09129515290260315,-0.10758882761001587,0.042422473430633545,0.09498009085655212,0.08266211301088333,0.03180564567446709,0.03275253251194954,0.03915571793913841,0.04184683784842491,0.032555051147937775,0.04627062380313873,0.06364083290100098,0.009606244042515755,0.025147229433059692,0.006707817316055298,0.0370309054851532,0.05440092086791992,0.04633873701095581,0.018722251057624817,0.024626940488815308,0.07626833021640778,0.03310593590140343,0.06334899365901947,0.033516012132167816,0.06438259780406952,0.030659236013889313,0.04089755937457085,0.09951864182949066,0.029823459684848785
1.08,0.0,0.00851,0.01806586980819702,0.026968449354171753,0.028511881828308105,0.09129515290260315,-0.10758882761001587,0.042422473430633545,0.09498009085655212,0.08266211301088333,0.03180564567446709,0.03275253251194954,0.03915571793913841,0.04184683784842491,0.032555051147937775,0.04627062380313873,0.06364083290100098,0.009606244042515755,0.025147229433059692,0.006707817316055298,0.0370309054851532,0.05440092086791992,0.04633873701095581,0.018722251057624817,0.024626940488815308,0.07626833021640778,0.03310593590140343,0.06334899365901947,0.033516012132167816,0.06438259780406952,0.030659236013889313,0.04089755937457085,0.09951864182949066,0.029823459684848785
1.09,0.0,0.00903,0.017671644687652588,0.02171364426612854,0.028511881828308105,0.09129515290260315,-0.11593568325042725,0.04113459587097168,0.09498009085655212,0.08266211301088333,0.030705880373716354,0.030111301690340042,0.03915571793913841,0.04184683784842491,0.03239241987466812,0.04428154230117798,0.06364083290100098,0.009606244042515755,0.02244466543197632,0.005341589450836182,0.0370309054851532,0.05440092086791992,0.04610496759414673,0.019727960228919983,0.024626940488815308,0.07626833021640778,0.030443038791418076,0.05997655913233757,0.033516012132167816,0.06438259780406952,0.03086993843317032,0.04475032165646553,0.09951864182949066,0.029823459684848785
1.1,0.0,0.00948,0.017671644687652588,0.02171364426612854,0.028511881828308105,0.09129515290260315,-0.11593568325042725,0.04113459587097168,0.09498009085655212,0.08266211301088333,0.030705880373716354,0.030111301690340042,0.03915571793913841,0.04184683784842491,0.03239241987466812,0.04428154230117798,0.06364083290100098,0.009606244042515755,0.02244466543197632,0.005341589450836182,0.0370309054851532,0.05440092086791992,0.04610496759414673,0.019727960228919983,0.024626940488815308,0.07626833021640778,0.030443038791418076,0.05997655913233757,0.033516012132167816,0.06438259780406952,0.03086993843317032,0.04475032165646553,0.09951864182949066,0.029823459684848785
1.11,0.0,0.00985,0.017671644687652588,0.02171364426612854,0.028511881828308105,0.09129515290260315,-0.11593568325042725,0.04113459587097168,0.09498009085655212,0.08266211301088333,0.030705880373716354,0.030111301690340042,0.03915571793913841,0.04184683784842491,0.03239241987466812,0.04428154230117798,0.06364083290100098,0.009606244042515755,0.02244466543197632,0.005341589450836182,0.0370309054851532,0.05440092086791992,0.04610496759414673,0.019727960228919983,0.024626940488815308,0.07626833021640778,0.030443038791418076,0.05997655913233757,0.033516012132167816,0.06438259780406952,0.03086993843317032,0.04475032165646553,0.09951864182949066,0.029823459684848785
1.12,0.0,0.01015,0.017671644687652588,0.02171364426612854,0.028511881828308105,0.09129515290260315,-0.11593568325042725,0.04113459587097168,0.09498009085655212,0.08266211301088333,0.030705880373716354,0.030111301690340042,0.03915571793913841,0.04184683784842491,0.03239241987466812,0.04428154230117798,0.06364083290100098,0.009606244042515755,0.02244466543197632,0.005341589450836182,0.0370309054851532,0.05440092086791992,0.04610496759414673,0.019727960228919983,0.024626940488815308,0.07626833021640778,0.030443038791418076,0.05997655913233757,0.033516012132167816,0.06438259780406952,0.03086993843317032,0.04475032165646553,0.09951864182949066,0.029823459684848785
1.13,0.0,0.01032,0.017671644687652588,0.02171364426612854,0.028511881828308105,0.09129515290260315,-0.11593568325042725,0.04113459587097168,0.09498009085655212,0.08266211301088333,0.030705880373716354,0.030111301690340042,0.03915571793913841,0.04184683784842491,0.03239241987466812,0.04428154230117798,0.06364083290100098,0.009606244042515755,0.02244466543197632,0.005341589450836182,0.0370309054851532,0.05440092086791992,0.04610496759414673,0.019727960228919983,0.024626940488815308,0.07626833021640778,0.030443038791418076,0.05997655913233757,0.033516012132167816,0.06438259780406952,0.03086993843317032,0.04475032165646553,0.09951864182949066,0.029823459684848785
1.14,0.0,0.01047,0.013752222061157227,0.021041661500930786,0.028511881828308105,0.09129515290260315,-0.1245550811290741,0.03928428888320923,0.09498009085655212,0.08266211301088333,0.02956358715891838,0.02820383384823799,0.03915571793913841,0.04184683784842491,0.03194724768400192,0.04429955780506134,0.06364083290100098,0.009606244042515755,0.021277397871017456,0.003757774829864502,0.0370309054851532,0.05440092086791992,0.04409325122833252,0.015681400895118713,0.024626940488815308,0.07626833021640778,0.030378784984350204,0.05923769995570183,0.033516012132167816,0.06438259780406952,0.029947303235530853,0.044045817106962204,0.09951864182949066,0.029823459684848785
1.15,0.0,0.01054,0.013752222061157227,0.021041661500930786,0.028511881828308105,0.09129515290260315,-0.1245550811290741,0.03928428888320923,0.09498009085655212,0.08266211301088333,0.02956358715891838,0.02820383384823799,0.03915571793913841,0.04184683784842491,0.03194724768400192,0.04429955780506134,0.06364083290100098,0.009606244042515755,0.021277397871017456,0.003757774829864502,0.0370309054851532,0.05440092086791992,0.04409325122833252,0.015681400895118713,0.024626940488815308,0.07626833021640778,0.030378784984350204,0.05923769995570183,0.033516012132167816,0.06438259780406952,0.029947303235530853,0.044045817106962204,0.09951864182949066,0.029823459684848785
1.16,0.0,0.01053,0.013752222061157227,0.021041661500930786,0.028511881828308105,0.09129515290260315,-0.1245550811290741,0.03928428888320923,0.09498009085655212,0.08266211301088333,0.02956358715891838,0.02820383384823799,0.03915571793913841,0.04184683784842491,0.03194724768400192,0.04429955780506134,0.06364083290100098,0.009606244042515755,0.021277397871017456,0.003757774829864502,0.0370309054851532,0.05440092086791992,0.04409325122833252,0.015681400895118713,0.024626940488815308,0.07626833021640778,0.030378784984350204,0.05923769995570183,0.033516012132167816,0.06438259780406952,0.029947303235530853,0.044045817106962204,0.09951864182949066,0.029823459684848785
1.17,0.0,0.01044,0.013752222061157227,0.021041661500930786,0.028511881828308105,0.09129515290260315,-0.1245550811290741,0.03928428888320923,0.09498009085655212,0.08266211301088333,0.02956358715891838,0.02820383384823799,0.03915571793913841,0.04184683784842491,0.03194724768400192,0.04429955780506134,0.06364083290100098,0.009606244042515755,0.021277397871017456,0.003757774829864502,0.0370309054851532,0.05440092086791992,0.04409325122833252,0.015681400895118713,0.024626940488815308,0.07626833021640778,0.030378784984350204,0.05923769995570183,0.033516012132167816,0.06438259780406952,0.029947303235530853,0.044045817106962204,0.09951864182949066,0.029823459684848785
1.18,0.0,0.01028,0.013752222061157227,0.021041661500930786,0.028511881828308105,0.09129515290260315,-0.1245550811290741,0.03928428888320923,0.09498009085655212,0.08266211301088333,0.02956358715891838,0.02820383384823799,0.03915571793913841,0.04184683784842491,0.03194724768400192,0.04429955780506134,0.06364083290100098,0.009606244042515755,0.021277397871017456,0.003757774829864502,0.0370309054851532,0.05440092086791992,0.04409325122833252,0.015681400895118713,0.024626940488815308,0.07626833021640778,0.030378784984350204,0.05923769995570183,0.033516012132167816,0.06438259780406952,0.029947303235530853,0.044045817106962204,0.09951864182949066,0.029823459684848785
1.19,0.0,0.01006,0.013875067234039307,0.021416068077087402,0.028511881828308105,0.09129515290260315,-0.14538320899009705,0.03881072998046875,0.09498009085655212,0.08266211301088333,0.030207645148038864,0.0285792239010334,0.03915571793913841,0.04184683784842491,0.03105568140745163,0.044005706906318665,0.06364083290100098,0.009606244042515755,0.021723300218582153,0.003467470407485962,0.0370309054851532,0.05440092086791992,0.041698336601257324,0.014566197991371155,0.024626940488815308,0.07626833021640778,0.027752306312322617,0.05666420981287956,0.033516012132167816,0.06438259780406952,0.027424849569797516,0.036296453326940536,0.09951864182949066,0.029823459684848785
1.2,0.0,0.00977,0.013875067234039307,0.021416068077087402,0.028511881828308105,0.09129515290260315,-0.14538320899009705,0.03881072998046875,0.09498009085655212,0.08266211301088333,0.030207645148038864,0.0285792239010334,0.03915571793913841,0.04184683784842491,0.03105568140745163,0.044005706906318665,0.06364083290100098,0.009606244042515755,0.021723300218582153,0.003467470407485962,0.0370309054851532,0.05440092086791992,0.041698336601257324,0.014566197991371155,0.024626940488815308,0.07626833021640778,0.027752306312322617,0.05666420981287956,0.033516012132167816,0.06438259780406952,0.027424849569797516,0.036296453326940536,0.09951864182949066,0.029823459684848785
1.21,0.0,0.00944,0.013875067234039307,0.021416068077087402,0.028511881828308105,0.09129515290260315,-0.14538320899009705,0.03881072998046875,0.09498009085655212,0.08266211301088333,0.030207645148038864,0.0285792239010334,0.03915571793913841,0.04184683784842491,0.03105568140745163,0.044005706906318665,0.06364083290100098,0.009606244042515755,0.021723300218582153,0.003467470407485962,0.0370309054851532,0.05440092086791992,0.041698336601257324,0.014566197991371155,0.024626940488815308,0.07626833021640778,0.027752306312322617,0.05666420981287956,0.033516012132167816,0.06438259780406952,0.027424849569797516,0.036296453326940536,0.09951864182949066,0.029823459684848785
1.22,0.0,0.00906,0.013875067234039307,0.021416068077087402,0.028511881828308105,0.09129515290260315,-0.14538320899009705,0.03881072998046875,0.09498009085655212,0.08266211301088333,0.030207645148038864,0.0285792239010334,0.03915571793913841,0.04184683784842491,0.03105568140745163,0.044005706906318665,0.06364083290100098,0.009606244042515755,0.021723300218582153,0.003467470407485962,0.0370309054851532,0.05440092086791992,0.041698336601257324,0.014566197991371155,0.024626940488815308,0.07626833021640778,0.027752306312322617,0.05666420981287956,0.033516012132167816,0.06438259780406952,0.027424849569797516,0.036296453326940536,0.09951864182949066,0.029823459684848785
1.23,0.0,0.00863,0.013875067234039307,0.021416068077087402,0.028511881828308105,0.09129515290260315,-0.14538320899009705,0.03881072998046875,0.09498009085655212,0.08266211301088333,0.030207645148038864,0.0285792239010334,0.03915571793913841,0.04184683784842491,0.03105568140745163,0.044005706906318665,0.06364083290100098,0.009606244042515755,0.021723300218582153,0.003467470407485962,0.0370309054851532,0.05440092086791992,0.041698336601257324,0.014566197991371155,0.024626940488815308,0.07626833021640778,0.027752306312322617,0.05666420981287956,0.033516012132167816,0.06438259780406952,0.027424849569797516,0.036296453326940536,0.09951864182949066,0.029823459684848785
1.24,0.0,0.00817,0.0160599946975708,0.02434009313583374,0.028511881828308105,0.09129515290260315,-0.12676459550857544,0.041820406913757324,0.09498009085655212,0.08266211301088333,0.031714897602796555,0.03133450821042061,0.03915571793913841,0.04184683784842491,0.03167954832315445,0.045320138335227966,0.06364083290100098,0.009606244042515755,0.02503347396850586,0.005157440900802612,0.0370309054851532,0.05440092086791992,0.046357929706573486,0.01733507215976715,0.024626940488815308,0.07626833021640778,0.0332733653485775,0.061901312321424484,0.033516012132167816,0.06438259780406952,0.030011720955371857,0.0455547533929348,0.09951864182949066,0.029823459684848785
1.25,0.0,0.00769,0.0160599946975708,0.02434009313583374,0.028511881828308105,0.09129515290260315,-0.12676459550857544,0.041820406913757324,0.09498009085655212,0.08266211301088333,0.031714897602796555,0.03133450821042061,0.03915571793913841,0.04184683784842491,0.03167954832315445,0.045320138335227966,0.06364083290100098,0.009606244042515755,0.02503347396850586,0.005157440900802612,0.0370309054851532,0.05440092086791992,0.046357929706573486,0.01733507215976715,0.024626940488815308,0.07626833021640778,0.0332733653485775,0.061901312321424484,0.033516012132167816,0.06438259780406952,0.030011720955371857,0.0455547533929348,0.09951864182949066,0.029823459684848785
1.26,0.0,0.00718,0.0160599946975708,0.02434009313583374,0.028511881828308105,0.09129515290260315,-0.12676459550857544,0.041820406913757324,0.09498009085655212,0.08266211301088333,0.031714897602796555,0.03133450821042061,0.03915571793913841,0.04184683784842491,0.03167954832315445,0.045320138335227966,0.06364083290100098,0.009606244042515755,0.02503347396850586,0.005157440900802612,0.0370309054851532,0.05440092086791992,0.046357929706573486,0.01733507215976715,0.024626940488815308,0.07626833021640778,0.0332733653485775,0.061901312321424484,0.033516012132167816,0.06438259780406952,0.030011720955371857,0.0455547533929348,0.09951864182949066,0.029823459684848785
1.27,0.0,0.00665,0.0160599946975708,0.02434009313583374,0.028511881828308105,0.09129515290260315,-0.12676459550857544,0.041820406913757324,0.09498009085655212,0.08266211301088333,0.031714897602796555,0.03133450821042061,0.03915571793913841,0.04184683784842491,0.03167954832315445,0.045320138335227966,0.06364083290100098,0.009606244042515755,0.02503347396850586,0.005157440900802612,0.0370309054851532,0.05440092086791992,0.046357929706573486,0.01733507215976715,0.024626940488815308,0.07626833021640778,0.0332733653485775,0.061901312321424484,0.033516012132167816,0.06438259780406952,0.030011720955371857,0.0455547533929348,0.09951864182949066,0.029823459684848785
1.28,0.0,0.00612,0.0160599946975708,0.02434009313583374,0.028511881828308105,0.09129515290260315,-0.12676459550857544,0.041820406913757324,0.09498009085655212,0.08266211301088333,0.031714897602796555,0.03133450821042061,0.03915571793913841,0.04184683784842491,0.03167954832315445,0.045320138335227966,0.06364083290100098,0.009606244042515755,0.02503347396850586,0.005157440900802612,0.0370309054851532,0.05440092086791992,0.046357929706573486,0.01733507215976715,0.024626940488815308,0.07626833021640778,0.0332733653485775,0.061901312321424484,0.033516012132167816,0.06438259780406952,0.030011720955371857,0.0455547533929348,0.09951864182949066,0.029823459684848785
1.29,0.0,0.00558,0.014948785305023193,0.024157553911209106,0.028511881828308105,0.09129515290260315,-0.11449265480041504,0.04239934682846069,0.09498009085655212,0.08266211301088333,0.030984383076429367,0.031114954501390457,0.03915571793913841,0.04184683784842491,0.03154756873846054,0.04455137252807617,0.06364083290100098,0.009606244042515755,0.02468341588973999,0.005881816148757935,0.0370309054851532,0.05440092086791992,0.046096742153167725,0.018176749348640442,0.024626940488815308,0.07626833021640778,0.033043112605810165,0.06301532685756683,0.033516012132167816,0.06438259780406952,0.029987893998622894,0.0416247732937336,0.09951864182949066,0.029823459684848785
1.3,0.0,0.00504,0.014948785305023193,0.024157553911209106,0.028511881828308105,0.09129515290260315,-0.11449265480041504,0.04239934682846069,0.09498009085655212,0.08266211301088333,0.030984383076429367,0.031114954501390457,0.03915571793913841,0.04184683784842491,0.03154756873846054,0.04455137252807617,0.06364083290100098,0.009606244042515755,0.02468341588973999,0.005881816148757935,0.0370309054851532,0.05440092086791992,0.046096742153167725,0.018176749348640442,0.024626940488815308,0.07626833021640778,0.033043112605810165,0.06301532685756683,0.033516012132167816,0.06438259780406952,0.029987893998622894,0.0416247732937336,0.09951864182949066,0.029823459684848785
1.31,0.0,0.00452,0.014948785305023193,0.024157553911209106,0.028511881828308105,0.09129515290260315,-0.11449265480041504,0.04239934682846069,0.09498009085655212,0.08266211301088333,0.030984383076429367,0.031114954501390457,0.03915571793913841,0.04184683784842491,0.03154756873846054,0.04455137252807617,0.06364083290100098,0.009606244042515755,0.02468341588973999,0.005881816148757935,0.0370309054851532,0.05440092086791992,0.046096742153167725,0.018176749348640442,0.024626940488815308,0.07626833021640778,0.033043112605810165,0.06301532685756683,0.033516012132167816,0.06438259780406952,0.029987893998622894,0.0416247732937336,0.09951864182949066,0.029823459684848785
1.32,0.0,0.00401,0.014948785305023193,0.024157553911209106,0.028511881828308105,0.09129515290260315,-0.11449265480041504,0.04239934682846069,0.09498009085655212,0.08266211301088333,0.030984383076429367,0.031114954501390457,0.03915571793913841,0.04184683784842491,0.03154756873846054,0.04455137252807617,0.06364083290100098,0.009606244042515755,0.02468341588973999,0.005881816148757935,0.0370309054851532,0.05440092086791992,0.046096742153167725,0.018176749348640442,0.024626940488815308,0.07626833021640778,0.033043112605810165,0.06301532685756683,0.033516012132167816,0.06438259780406952,0.029987893998622894,0.0416247732937336,0.09951864182949066,0.029823459684848785
1.33,0.0,0.00351,0.014948785305023193,0.024157553911209106,0.028511881828308105,0.09129515290260315,-0.11449265480041504,0.04239934682846069,0.09498009085655212,0.08266211301088333,0.030984383076429367,0.031114954501390457,0.03915571793913841,0.04184683784842491,0.03154756873846054,0.04455137252807617,0.06364083290100098,0.009606244042515755,0.02468341588973999,0.005881816148757935,0.0370309054851532,0.05440092086791992,0.046096742153167725,0.018176749348640442,0.024626940488815308,0.07626833021640778,0.033043112605810165,0.06301532685756683,0.033516012132167816,0.06438259780406952,0.029987893998622894,0.0416247732937336,0.09951864182949066,0.029823459684848785
1.34,0.0,0.00304,0.01586437225341797,0.02184504270553589,0.028511881828308105,0.09129515290260315,-0.11488679051399231,0.041480958461761475,0.09498009085655212,0.08266211301088333,0.030304234474897385,0.02853928878903389,0.03915571793913841,0.04184683784842491,0.03167853504419327,0.04424703121185303,0.06364083290100098,0.009606244042515755,0.02233263850212097,0.005111277103424072,0.0370309054851532,0.05440092086791992,0.04446452856063843,0.017201915383338928,0.024626940488815308,0.07626833021640778,0.030253197997808456,0.05972258374094963,0.033516012132167816,0.06438259780406952,0.02917475253343582,0.04276011511683464,0.09951864182949066,0.029823459684848785
1.35,0.0,0.00259,0.01586437225341797,0.02184504270553589,0.028511881828308105,0.09129515290260315,-0.11488679051399231,0.041480958461761475,0.09498009085655212,0.08266211301088333,0.030304234474897385,0.02853928878903389,0.03915571793913841,0.04184683784842491,0.03167853504419327,0.04424703121185303,0.06364083290100098,0.009606244042515755,0.02233263850212097,0.005111277103424072,0.0370309054851532,0.05440092086791992,0.04446452856063843,0.017201915383338928,0.024626940488815308,0.07626833021640778,0.030253197997808456,0.05972258374094963,0.033516012132167816,0.06438259780406952,0.02917475253343582,0.04276011511683464,0.09951864182949066,0.029823459684848785
1.36,0.0,0.00217,0.01586437225341797,0.02184504270553589,0.028511881828308105,0.09129515290260315,-0.11488679051399231,0.041480958461761475,0.09498009085655212,0.08266211301088333,0.030304234474897385,0.02853928878903389,0.03915571793913841,0.04184683784842491,0.03167853504419327,0.04424703121185303,0.06364083290100098,0.009606244042515755,0.02233263850212097,0.005111277103424072,0.0370309054851532,0.05440092086791992,0.04446452856063843,0.017201915383338928,0.024626940488815308,0.07626833021640778,0.030253197997808456,0.05972258374094963,0.033516012132167816,0.06438259780406952,0.02917475253343582,0.04276011511683464,0.09951864182949066,0.029823459684848785
1.37,0.0,0.00179,0.01586437225341797,0.02184504270553589,0.028511881828308105,0.09129515290260315,-0.11488679051399231,0.041480958461761475,0.09498009085655212,0.08266211301088333,0.030304234474897385,0.02853928878903389,0.03915571793913841,0.04184683784842491,0.03167853504419327,0.04424703121185303,0.06364083290100098,0.009606244042515755,0.02233263850212097,0.005111277103424072,0.0370309054851532,0.05440092086791992,0.04446452856063843,0.017201915383338928,0.024626940488815308,0.07626833021640778,0.030253197997808456,0.05972258374094963,0.033516012132167816,0.06438259780406952,0.02917475253343582,0.04276011511683464,0.09951864182949066,0.029823459684848785
1.38,0.0,0.0015,0.01586437225341797,0.02184504270553589,0.028511881828308105,0.09129515290260315,-0.11488679051399231,0.041480958461761475,0.09498009085655212,0.08266211301088333,0.030304234474897385,0.02853928878903389,0.03915571793913841,0.04184683784842491,0.03167853504419327,0.04424703121185303,0.06364083290100098,0.009606244042515755,0.02233263850212097,0.005111277103424072,0.0370309054851532,0.05440092086791992,0.04446452856063843,0.017201915383338928,0.024626940488815308,0.07626833021640778,0.030253197997808456,0.05972258374094963,0.033516012132167816,0.06438259780406952,0.02917475253343582,0.04276011511683464,0.09951864182949066,0.029823459684848785
1.39,0.0,0.00117,0.013969063758850098,0.022436082363128662,0.028511881828308105,0.09129515290260315,-0.11650988459587097,0.040832698345184326,0.09498009085655212,0.08266211301088333,0.030627470463514328,0.028243351727724075,0.03915571793913841,0.04184683784842491,0.0319395586848259,0.044413939118385315,0.06364083290100098,0.009606244042515755,0.02251330018043518,0.004742741584777832,0.0370309054851532,0.05440092086791992,0.044458866119384766,0.016960754990577698,0.024626940488815308,0.07626833021640778,0.030222978442907333,0.058566849678754807,0.033516012132167816,0.06438259780406952,0.029226116836071014,0.043442923575639725,0.09951864182949066,0.029823459684848785
1.4,0.0,0.0,0.013969063758850098,0.022436082363128662,0.028511881828308105,0.09129515290260315,-0.11650988459587097,0.040832698345184326,0.09498009085655212,0.08266211301088333,0.030627470463514328,0.028243351727724075,0.03915571793913841,0.04184683784842491,0.0319395586848259,0.044413939118385315,0.06364083290100098,0.009606244042515755,0.02251330018043518,0.004742741584777832,0.0370309054851532,0.05440092086791992,0.044458866119384766,0.016960754990577698,0.024626940488815308,0.07626833021640778,0.030222978442907333,0.058566849678754807,0.033516012132167816,0.06438259780406952,0.029226116836071014,0.043442923575639725,0.09951864182949066,0.029823459684848785
1.41,0.0,0.0,0.013969063758850098,0.022436082363128662,0.028511881828308105,0.09129515290260315,-0.11650988459587097,0.040832698345184326,0.09498009085655212,0.08266211301088333,0.030627470463514328,0.028243351727724075,0.03915571793913841,0.04184683784842491,0.0319395586848259,0.044413939118385315,0.06364083290100098,0.009606244042515755,0.02251330018043518,0.004742741584777832,0.0370309054851532,0.05440092086791992,0.044458866119384766,0.016960754990577698,0.024626940488815308,0.07626833021640778,0.030222978442907333,0.058566849678754807,0.033516012132167816,0.06438259780406952,0.029226116836071014,0.043442923575639725,0.09951864182949066,0.029823459684848785
1.42,0.0,0.0,0.013969063758850098,0.022436082363128662,0.028511881828308105,0.09129515290260315,-0.11650988459587097,0.040832698345184326,0.09498009085655212,0.08266211301088333,0.030627470463514328,0.028243351727724075,0.03915571793913841,0.04184683784842491,0.0319395586848259,0.044413939118385315,0.06364083290100098,0.009606244042515755,0.02251330018043518,0.004742741584777832,0.0370309054851532,0.05440092086791992,0.044458866119384766,0.016960754990577698,0.024626940488815308,0.07626833021640778,0.030222978442907333,0.058566849678754807,0.033516012132167816,0.06438259780406952,0.029226116836071014,0.043442923575639725,0.09951864182949066,0.029823459684848785
1.43,0.0,0.0,0.013969063758850098,0.022436082363128662,0.028511881828308105,0.09129515290260315,-0.11650988459587097,0.040832698345184326,0.09498009085655212,0.08266211301088333,0.030627470463514328,0.028243351727724075,0.03915571793913841,0.04184683784842491,0.0319395586848259,0.044413939118385315,0.06364083290100098,0.009606244042515755,0.02251330018043518,0.004742741584777832,0.0370309054851532,0.05440092086791992,0.044458866119384766,0.016960754990577698,0.024626940488815308,0.07626833021640778,0.030222978442907333,0.058566849678754807,0.033516012132167816,0.06438259780406952,0.029226116836071014,0.043442923575639725,0.09951864182949066,0.029823459684848785
1.44,0.0,0.0,0.009626209735870361,0.01850852370262146,0.028511881828308105,0.09129515290260315,-0.1451590657234192,0.03873640298843384,0.09498009085655212,0.08266211301088333,0.02923373505473137,0.02703850343823433,0.03915571793913841,0.04184683784842491,0.030681900680065155,0.042774200439453125,0.06364083290100098,0.009606244042515755,0.021475911140441895,0.0036763250827789307,0.0370309054851532,0.05440092086791992,0.04414522647857666,0.016728416085243225,0.024626940488815308,0.07626833021640778,0.02836158499121666,0.057125192135572433,0.033516012132167816,0.06438259780406952,0.02797732502222061,0.04117703065276146,0.09951864182949066,0.029823459684848785
1.45,0.0,0.0,0.009626209735870361,0.01850852370262146,0.028511881828308105,0.09129515290260315,-0.1451590657234192,0.03873640298843384,0.09498009085655212,0.08266211301088333,0.02923373505473137,0.02703850343823433,0.03915571793913841,0.04184683784842491,0.030681900680065155,0.042774200439453125,0.06364083290100098,0.009606244042515755,0.021475911140441895,0.0036763250827789307,0.0370309054851532,0.05440092086791992,0.04414522647857666,0.016728416085243225,0.024626940488815308,0.07626833021640778,0.02836158499121666,0.057125192135572433,0.033516012132167816,0.06438259780406952,0.02797732502222061,0.04117703065276146,0.09951864182949066,0.029823459684848785
1.46,0.0,0.0,0.009626209735870361,0.01850852370262146,0.028511881828308105,0.09129515290260315,-0.1451590657234192,0.03873640298843384,0.09498009085655212,0.08266211301088333,0.02923373505473137,0.02703850343823433,0.03915571793913841,0.04184683784842491,0.030681900680065155,0.042774200439453125,0.06364083290100098,0.009606244042515755,0.021475911140441895,0.0036763250827789307,0.0370309054851532,0.05440092086791992,0.04414522647857666,0.016728416085243225,0.024626940488815308,0.07626833021640778,0.02836158499121666,0.057125192135572433,0.033516012132167816,0.06438259780406952,0.02797732502222061,0.04117703065276146,0.09951864182949066,0.029823459684848785
1.47,0.0,0.0,0.009626209735870361,0.01850852370262146,0.028511881828308105,0.09129515290260315,-0.1451590657234192,0.03873640298843384,0.09498009085655212,0.08266211301088333,0.02923373505473137,0.02703850343823433,0.03915571793913841,0.04184683784842491,0.030681900680065155,0.042774200439453125,0.06364083290100098,0.009606244042515755,0.021475911140441895,0.0036763250827789307,0.0370309054851532,0.05440092086791992,0.04414522647857666,0.016728416085243225,0.024626940488815308,0.07626833021640778,0.02836158499121666,0.057125192135572433,0.033516012132167816,0.06438259780406952,0.02797732502222061,0.04117703065276146,0.09951864182949066,0.029823459684848785
1.48,0.0,0.0,0.009626209735870361,0.01850852370262146,0.028511881828308105,0.09129515290260315,-0.1451590657234192,0.03873640298843384,0.09498009085655212,0.08266211301088333,0.02923373505473137,0.02703850343823433,0.03915571793913841,0.04184683784842491,0.030681900680065155,0.042774200439453125,0.06364083290100098,0.009606244042515755,0.021475911140441895,0.0036763250827789307,0.0370309054851532,0.05440092086791992,0.04414522647857666,0.016728416085243225,0.024626940488815308,0.07626833021640778,0.02836158499121666,0.057125192135572433,0.033516012132167816,0.06438259780406952,0.02797732502222061,0.04117703065276146,0.09951864182949066,0.029823459684848785
1.49,0.0,0.0,0.01423567533493042,0.02106839418411255,0.028511881828308105,0.09129515290260315,-0.13292378187179565,0.040828704833984375,0.09498009085655212,0.08266211301088333,0.030758898705244064,0.028906095772981644,0.03915571793913841,0.04184683784842491,0.03127483278512955,0.04381445050239563,0.06364083290100098,0.009606244042515755,0.02471598982810974,0.005194365978240967,0.0370309054851532,0.05440092086791992,0.046746253967285156,0.017575934529304504,0.024626940488815308,0.07626833021640778,0.03496190533041954,0.06221817061305046,0.033516012132167816,0.06438259780406952,0.030491717159748077,0.04372609034180641,0.09951864182949066,0.029823459684848785
1.5,0.0,0.0,0.01423567533493042,0.02106839418411255,0.028511881828308105,0.09129515290260315,-0.13292378187179565,0.040828704833984375,0.09498009085655212,0.08266211301088333,0.030758898705244064,0.028906095772981644,0.03915571793913841,0.04184683784842491,0.03127483278512955,0.04381445050239563,0.06364083290100098,0.009606244042515755,0.02471598982810974,0.005194365978240967,0.0370309054851532,0.05440092086791992,0.046746253967285156,0.017575934529304504,0.024626940488815308,0.07626833021640778,0.03496190533041954,0.06221817061305046,0.033516012132167816,0.06438259780406952,0.030491717159748077,0.04372609034180641,0.09951864182949066,0.029823459684848785
1.51,0.0,0.0,0.01423567533493042,0.02106839418411255,0.028511881828308105,0.09129515290260315,-0.13292378187179565,0.040828704833984375,0.09498009085655212,0.08266211301088333,0.030758898705244064,0.028906095772981644,0.03915571793913841,0.04184683784842491,0.03127483278512955,0.04381445050239563,0.06364083290100098,0.009606244042515755,0.02471598982810974,0.005194365978240967,0.0370309054851532,0.05440092086791992,0.046746253967285156,0.017575934529304504,0.024626940488815308,0.07626833021640778,0.03496190533041954,0.06221817061305046,0.033516012132167816,0.06438259780406952,0.030491717159748077,0.04372609034180641,0.09951864182949066,0.029823459684848785
1.52,0.0,0.0,0.01423567533493042,0.02106839418411255,0.028511881828308105,0.09129515290260315,-0.13292378187179565,0.040828704833984375,0.09498009085655212,0.08266211301088333,0.030758898705244064,0.028906095772981644,0.03915571793913841,0.04184683784842491,0.03127483278512955,0.04381445050239563,0.06364083290100098,0.009606244042515755,0.02471598982810974,0.005194365978240967,0.0370309054851532,0.05440092086791992,0.046746253967285156,0.017575934529304504,0.024626940488815308,0.07626833021640778,0.03496190533041954,0.06221817061305046,0.033516012132167816,0.06438259780406952,0.030491717159748077,0.04372609034180641,0.09951864182949066,0.029823459684848785
1.53,0.0,0.0,0.01423567533493042,0.02106839418411255,0.028511881828308105,0.09129515290260315,-0.13292378187179565,0.040828704833984375,0.09498009085655212,0.08266211301088333,0.030758898705244064,0.028906095772981644,0.03915571793913841,0.04184683784842491,0.03127483278512955,0.04381445050239563,0.06364083290100098,0.009606244042515755,0.02471598982810974,0.005194365978240967,0.0370309054851532,0.05440092086791992,0.046746253967285156,0.017575934529304504,0.024626940488815308,0.07626833021640778,0.03496190533041954,0.06221817061305046,0.033516012132167816,0.06438259780406952,0.030491717159748077,0.04372609034180641,0.09951864182949066,0.029823459684848785
1.54,0.0,0.0,0.013309776782989502,0.02400362491607666,0.03228381276130676,0.09129515290260315,-0.11849553883075714,0.041945695877075195,0.0928545892238617,0.08266211301088333,0.03146551176905632,0.030070681124925613,0.040505822747945786,0.04184683784842491,0.031157366931438446,0.043478697538375854,0.06059279292821884,0.009606244042515755,0.025839656591415405,0.006397217512130737,0.037171870470047,0.05440092086791992,0.04622447490692139,0.018276110291481018,0.025913745164871216,0.07626833021640778,0.033778753131628036,0.0631282776594162,0.03473778814077377,0.06438259780406952,0.03014213591814041,0.0433572418987751,0.0979682058095932,0.029823459684848785
1.55,0.0,0.0,0.013309776782989502,0.02400362491607666,0.03228381276130676,0.09129515290260315,-0.11849553883075714,0.041945695877075195,0.0928545892238617,0.08266211301088333,0.03146551176905632,0.030070681124925613,0.040505822747945786,0.04184683784842491,0.031157366931438446,0.043478697538375854,0.06059279292821884,0.009606244042515755,0.025839656591415405,0.006397217512130737,0.037171870470047,0.05440092086791992,0.04622447490692139,0.018276110291481018,0.025913745164871216,0.07626833021640778,0.033778753131628036,0.0631282776594162,0.03473778814077377,0.06438259780406952,0.03014213591814041,0.0433572418987751,0.0979682058095932,0.029823459684848785
1.56,0.0,0.0,0.013309776782989502,0.02400362491607666,0.03228381276130676,0.09129515290260315,-0.11849553883075714,0.041945695877075195,0.0928545892238617,0.08266211301088333,0.03146551176905632,0.030070681124925613,0.040505822747945786,0.04184683784842491,0.031157366931438446,0.043478697538375854,0.06059279292821884,0.009606244042515755,0.025839656591415405,0.006397217512130737,0.037171870470047,0.05440092086791992,0.04622447490692139,0.018276110291481018,0.025913745164871216,0.07626833021640778,0.033778753131628036,0.0631282776594162,0.03473778814077377,0.06438259780406952,0.03014213591814041,0.0433572418987751,0.0979682058095932,0.029823459684848785
1.57,0.0,0.0,0.013309776782989502,0.02400362491607666,0.03228381276130676,0.09129515290260315,-0.11849553883075714,0.041945695877075195,0.0928545892238617,0.08266211301088333,0.03146551176905632,0.030070681124925613,0.040505822747945786,0.04184683784842491,0.031157366931438446,0.043478697538375854,0.06059279292821884,0.009606244042515755,0.025839656591415405,0.006397217512130737,0.037171870470047,0.05440092086791992,0.04622447490692139,0.018276110291481018,0.025913745164871216,0.07626833021640778,0.033778753131628036,0.0631282776594162,0.03473778814077377,0.06438259780406952,0.03014213591814041,0.0433572418987751,0.0979682058095932,0.029823459684848785
1.58,0.0,0.0,0.013309776782989502,0.02400362491607666,0.03228381276130676,0.09129515290260315,-0.11849553883075714,0.041945695877075195,0.0928545892238617,0.08266211301088333,0.03146551176905632,0.030070681124925613,0.040505822747945786,0.04184683784842491,0.031157366931438446,0.043478697538375854,0.06059279292821884,0.009606244042515755,0.025839656591415405,0.006397217512130737,0.037171870470047,0.05440092086791992,0.04622447490692139,0.018276110291481018,0.025913745164871216,0.07626833021640778,0.033778753131628036,0.0631282776594162,0.03473778814077377,0.06438259780406952,0.03014213591814041,0.0433572418987751,0.0979682058095932,0.029823459684848785
1.59,0.0,0.0,0.012632548809051514,0.02037695050239563,0.026958227157592773,0.09129515290260315,-0.10819602012634277,0.04135119915008545,0.08587518334388733,0.08266211301088333,0.03000326082110405,0.0282602496445179,0.038730379194021225,0.04184683784842491,0.03094477206468582,0.04304826259613037,0.05572712421417236,0.009606244042515755,0.02445065975189209,0.006306856870651245,0.03676232695579529,0.05440092086791992,0.049217164516448975,0.02233894169330597,0.028428584337234497,0.07626833021640778,0.03385009989142418,0.06252352893352509,0.03556927293539047,0.06438259780406952,0.03201215714216232,0.04639880731701851,0.10302276909351349,0.029823459684848785
1.6,0.0,0.0,0.012632548809051514,0.02037695050239563,0.026958227157592773,0.09129515290260315,-0.10819602012634277,0.04135119915008545,0.08587518334388733,0.08266211301088333,0.03000326082110405,0.0282602496445179,0.038730379194021225,0.04184683784842491,0.03094477206468582,0.04304826259613037,0.05572712421417236,0.009606244042515755,0.02445065975189209,0.006306856870651245,0.03676232695579529,0.05440092086791992,0.049217164516448975,0.02233894169330597,0.028428584337234497,0.07626833021640778,0.03385009989142418,0.06252352893352509,0.03556927293539047,0.06438259780406952,0.03201215714216232,0.04639880731701851,0.10302276909351349,0.029823459684848785
1.61,0.0,0.00106,0.012632548809051514,0.02037695050239563,0.026958227157592773,0.09129515290260315,-0.10819602012634277,0.04135119915008545,0.08587518334388733,0.08266211301088333,0.03000326082110405,0.0282602496445179,0.038730379194021225,0.04184683784842491,0.03094477206468582,0.04304826259613037,0.05572712421417236,0.009606244042515755,0.02445065975189209,0.006306856870651245,0.03676232695579529,0.05440092086791992,0.049217164516448975,0.02233894169330597,0.028428584337234497,0.07626833021640778,0.03385009989142418,0.06252352893352509,0.03556927293539047,0.06438259780406952,0.03201215714216232,0.04639880731701851,0.10302276909351349,0.029823459684848785
1.62,0.0,0.00117,0.012632548809051514,0.02037695050239563,0.026958227157592773,0.09129515290260315,-0.10819602012634277,0.04135119915008545,0.08587518334388733,0.08266211301088333,0.03000326082110405,0.0282602496445179,0.038730379194021225,0.04184683784842491,0.03094477206468582,0.04304826259613037,0.05572712421417236,0.009606244042515755,0.02445065975189209,0.006306856870651245,0.03676232695579529,0.05440092086791992,0.049217164516448975,0.02233894169330597,0.028428584337234497,0.07626833021640778,0.03385009989142418,0.06252352893352509,0.03556927293539047,0.06438259780406952,0.03201215714216232,0.04639880731701851,0.10302276909351349,0.029823459684848785
1.63,0.0,0.00126,0.012632548809051514,0.02037695050239563,0.026958227157592773,0.09129515290260315,-0.10819602012634277,0.04135119915008545,0.08587518334388733,0.08266211301088333,0.03000326082110405,0.0282602496445179,0.038730379194021225,0.04184683784842491,0.03094477206468582,0.04304826259613037,0.05572712421417236,0.009606244042515755,0.02445065975189209,0.006306856870651245,0.03676232695579529,0.05440092086791992,0.049217164516448975,0.02233894169330597,0.028428584337234497,0.07626833021640778,0.03385009989142418,0.06252352893352509,0.03556927293539047,0.06438259780406952,0.03201215714216232,0.04639880731701851,0.10302276909351349,0.029823459684848785
1.64,0.0,0.00136,0.014960229396820068,0.02322399616241455,0.03128039836883545,0.09129515290260315,-0.10350123047828674,0.040854692459106445,0.09854784607887268,0.08266211301088333,0.03068329021334648,0.02916591241955757,0.039425965398550034,0.04184683784842491,0.031075023114681244,0.043698087334632874,0.06604204326868057,0.009606244042515755,0.02482283115386963,0.006170302629470825,0.037459880113601685,0.05440092086791992,0.044477105140686035,0.0162285715341568,0.023467928171157837,0.07626833021640778,0.03423907980322838,0.062486451119184494,0.034972093999385834,0.06438259780406952,0.030003689229488373,0.039955925196409225,0.09565407037734985,0.029823459684848785
1.65,0.0,0.00145,0.014960229396820068,0.02322399616241455,0.03128039836883545,0.09129515290260315,-0.10350123047828674,0.040854692459106445,0.09854784607887268,0.08266211301088333,0.03068329021334648,0.02916591241955757,0.039425965398550034,0.04184683784842491,0.031075023114681244,0.043698087334632874,0.06604204326868057,0.009606244042515755,0.02482283115386963,0.006170302629470825,0.037459880113601685,0.05440092086791992,0.044477105140686035,0.0162285715341568,0.023467928171157837,0.07626833021640778,0.03423907980322838,0.062486451119184494,0.034972093999385834,0.06438259780406952,0.030003689229488373,0.039955925196409225,0.09565407037734985,0.029823459684848785
1.66,0.0,0.00153,0.014960229396820068,0.02322399616241455,0.03128039836883545,0.09129515290260315,-0.10350123047828674,0.040854692459106445,0.09854784607887268,0.08266211301088333,0.03068329021334648,0.02916591241955757,0.039425965398550034,0.04184683784842491,0.031075023114681244,0.043698087334632874,0.06604204326868057,0.009606244042515755,0.02482283115386963,0.006170302629470825,0.037459880113601685,0.05440092086791992,0.044477105140686035,0.0162285715341568,0.023467928171157837,0.07626833021640778,0.03423907980322838,0.062486451119184494,0.034972093999385834,0.06438259780406952,0.030003689229488373,0.039955925196409225,0.09565407037734985,0.029823459684848785
1.67,0.0,0.00162,0.014960229396820068,0.02322399616241455,0.03128039836883545,0.09129515290260315,-0.10350123047828674,0.040854692459106445,0.09854784607887268,0.08266211301088333,0.03068329021334648,0.02916591241955757,0.039425965398550034,0.04184683784842491,0.031075023114681244,0.043698087334632874,0.06604204326868057,0.009606244042515755,0.02482283115386963,0.006170302629470825,0.037459880113601685,0.05440092086791992,0.044477105140686035,0.0162285715341568,0.023467928171157837,0.07626833021640778,0.03423907980322838,0.062486451119184494,0.034972093999385834,0.06438259780406952,0.030003689229488373,0.039955925196409225,0.09565407037734985,0.029823459684848785
1.68,0.0,0.00167,0.014960229396820068,0.02322399616241455,0.03128039836883545,0.09129515290260315,-0.10350123047828674,0.040854692459106445,0.09854784607887268,0.08266211301088333,0.03068329021334648,0.02916591241955757,0.039425965398550034,0.04184683784842491,0.031075023114681244,0.043698087334632874,0.06604204326868057,0.009606244042515755,0.02482283115386963,0.006170302629470825,0.037459880113601685,0.05440092086791992,0.044477105140686035,0.0162285715341568,0.023467928171157837,0.07626833021640778,0.03423907980322838,0.062486451119184494,0.034972093999385834,0.06438259780406952,0.030003689229488373,0.039955925196409225,0.09565407037734985,0.029823459684848785
1.69,0.0,0.00172,0.015200376510620117,0.0245000422000885,0.033184826374053955,0.09129515290260315,-0.11685739457607269,0.04081320762634277,0.08969590067863464,0.08266211301088333,0.031220566481351852,0.030367065221071243,0.04068269953131676,0.04184683784842491,0.031382180750370026,0.04371277987957001,0.0568617582321167,0.009606244042515755,0.024514973163604736,0.006464093923568726,0.03673037886619568,0.05440092086791992,0.045970261096954346,0.02058662474155426,0.026971250772476196,0.07626833021640778,0.030121054500341415,0.0605267696082592,0.03371527045965195,0.06438259780406952,0.029458053410053253,0.04482608661055565,0.10032492876052856,0.029823459684848785
1.7,0.0,0.00176,0.015200376510620117,0.0245000422000885,0.033184826374053955,0.09129515290260315,-0.11685739457607269,0.04081320762634277,0.08969590067863464,0.08266211301088333,0.031220566481351852,0.030367065221071243,0.04068269953131676,0.04184683784842491,0.031382180750370026,0.04371277987957001,0.0568617582321167,0.009606244042515755,0.024514973163604736,0.006464093923568726,0.03673037886619568,0.05440092086791992,0.045970261096954346,0.02058662474155426,0.026971250772476196,0.07626833021640778,0.030121054500341415,0.0605267696082592,0.03371527045965195,0.06438259780406952,0.029458053410053253,0.04482608661055565,0.10032492876052856,0.029823459684848785
1.71,0.0,0.00178,0.015200376510620117,0.0245000422000885,0.033184826374053955,0.09129515290260315,-0.11685739457607269,0.04081320762634277,0.08969590067863464,0.08266211301088333,0.031220566481351852,0.030367065221071243,0.04068269953131676,0.04184683784842491,0.031382180750370026,0.04371277987957001,0.0568617582321167,0.009606244042515755,0.024514973163604736,0.006464093923568726,0.03673037886619568,0.05440092086791992,0.045970261096954346,0.02058662474155426,0.026971250772476196,0.07626833021640778,0.030121054500341415,0.0605267696082592,0.03371527045965195,0.06438259780406952,0.029458053410053253,0.04482608661055565,0.10032492876052856,0.029823459684848785
1.72,0.0,0.0018,0.015200376510620117,0.0245000422000885,0.033184826374053955,0.09129515290260315,-0.11685739457607269,0.04081320762634277,0.08969590067863464,0.08266211301088333,0.031220566481351852,0.030367065221071243,0.04068269953131676,0.04184683784842491,0.031382180750370026,0.04371277987957001,0.0568617582321167,0.009606244042515755,0.024514973163604736,0.006464093923568726,0.03673037886619568,0.05440092086791992,0.045970261096954346,0.02058662474155426,0.026971250772476196,0.07626833021640778,0.030121054500341415,0.0605267696082592,0.03371527045965195,0.06438259780406952,0.029458053410053253,0.04482608661055565,0.10032492876052856,0.029823459684848785
1.73,0.0,0.00181,0.015200376510620117,0.0245000422000885,0.033184826374053955,0.09129515290260315,-0.11685739457607269,0.04081320762634277,0.08969590067863464,0.08266211301088333,0.031220566481351852,0.030367065221071243,0.04068269953131676,0.04184683784842491,0.031382180750370026,0.04371277987957001,0.0568617582321167,0.009606244042515755,0.024514973163604736,0.006464093923568726,0.03673037886619568,0.05440092086791992,0.045970261096954346,0.02058662474155426,0.026971250772476196,0.07626833021640778,0.030121054500341415,0.0605267696082592,0.03371527045965195,0.06438259780406952,0.029458053410053253,0.04482608661055565,0.10032492876052856,0.029823459684848785
1.74,0.0,0.00181,0.012748956680297852,0.019372403621673584,0.025993019342422485,0.09129515290260315,-0.1229618489742279,0.040852367877960205,0.08580169081687927,0.08266211301088333,0.029844950884580612,0.027953673154115677,0.03822290524840355,0.04184683784842491,0.0314750000834465,0.04314251244068146,0.05559971556067467,0.009606244042515755,0.023291826248168945,0.005786627531051636,0.036064475774765015,0.05440092086791992,0.04761207103729248,0.019839182496070862,0.02640196681022644,0.07626833021640778,0.029768195003271103,0.05892346426844597,0.032547079026699066,0.06438259780406952,0.030290432274341583,0.044515211135149,0.10029549896717072,0.029823459684848785
1.75,0.0,0.00181,0.012748956680297852,0.019372403621673584,0.025993019342422485,0.09129515290260315,-0.1229618489742279,0.040852367877960205,0.08580169081687927,0.08266211301088333,0.029844950884580612,0.027953673154115677,0.03822290524840355,0.04184683784842491,0.0314750000834465,0.04314251244068146,0.05559971556067467,0.009606244042515755,0.023291826248168945,0.005786627531051636,0.036064475774765015,0.05440092086791992,0.04761207103729248,0.019839182496070862,0.02640196681022644,0.07626833021640778,0.029768195003271103,0.05892346426844597,0.032547079026699066,0.06438259780406952,0.030290432274341583,0.044515211135149,0.10029549896717072,0.029823459684848785
1.76,0.0,0.0018,0.012748956680297852,0.019372403621673584,0.025993019342422485,0.09129515290260315,-0.1229618489742279,0.040852367877960205,0.08580169081687927,0.08266211301088333,0.029844950884580612,0.027953673154115677,0.03822290524840355,0.04184683784842491,0.0314750000834465,0.04314251244068146,0.05559971556067467,0.009606244042515755,0.023291826248168945,0.005786627531051636,0.036064475774765015,0.05440092086791992,0.04761207103729248,0.019839182496070862,0.02640196681022644,0.07626833021640778,0.029768195003271103,0.05892346426844597,0.032547079026699066,0.06438259780406952,0.030290432274341583,0.044515211135149,0.10029549896717072,0.029823459684848785
1.77,0.0,0.00179,0.012748956680297852,0.019372403621673584,0.025993019342422485,0.09129515290260315,-0.1229618489742279,0.040852367877960205,0.08580169081687927,0.08266211301088333,0.029844950884580612,0.027953673154115677,0.03822290524840355,0.04184683784842491,0.0314750000834465,0.04314251244068146,0.05559971556067467,0.009606244042515755,0.023291826248168945,0.005786627531051636,0.036064475774765015,0.05440092086791992,0.04761207103729248,0.019839182496070862,0.02640196681022644,0.07626833021640778,0.029768195003271103,0.05892346426844597,0.032547079026699066,0.06438259780406952,0.030290432274341583,0.044515211135149,0.10029549896717072,0.029823459684848785
1.78,0.0,0.00178,0.012748956680297852,0.019372403621673584,0.025993019342422485,0.09129515290260315,-0.1229618489742279,0.040852367877960205,0.08580169081687927,0.08266211301088333,0.029844950884580612,0.027953673154115677,0.03822290524840355,0.04184683784842491,0.0314750000834465,0.04314251244068146,0.05559971556067467,0.009606244042515755,0.023291826248168945,0.005786627531051636,0.036064475774765015,0.05440092086791992,0.04761207103729248,0.019839182496070862,0.02640196681022644,0.07626833021640778,0.029768195003271103,0.05892346426844597,0.032547079026699066,0.06438259780406952,0.030290432274341583,0.044515211135149,0.10029549896717072,0.029823459684848785
1.79,0.0,0.00178,0.01285552978515625,0.014929115772247314,0.02165469527244568,0.09129515290260315,-0.12712964415550232,0.036101341247558594,0.09142395853996277,0.08266211301088333,0.0295395664870739,0.023305285722017288,0.03328781947493553,0.04184683784842491,0.03609032183885574,0.047719210386276245,0.05820386856794357,0.009606244042515755,0.026832759380340576,0.008366227149963379,0.0417991578578949,0.05440092086791992,0.0419459342956543,0.014818444848060608,0.02402159571647644,0.07626833021640778,0.04566904529929161,0.07047168910503387,0.04282679408788681,0.06438259780406952,0.029679469764232635,0.051240455359220505,0.10754771530628204,0.029823459684848785
1.8,0.0,0.00177,0.01285552978515625,0.014929115772247314,0.02165469527244568,0.09129515290260315,-0.12712964415550232,0.036101341247558594,0.09142395853996277,0.08266211301088333,0.0295395664870739,0.023305285722017288,0.03328781947493553,0.04184683784842491,0.03609032183885574,0.047719210386276245,0.05820386856794357,0.009606244042515755,0.026832759380340576,0.008366227149963379,0.0417991578578949,0.05440092086791992,0.0419459342956543,0.014818444848060608,0.02402159571647644,0.07626833021640778,0.04566904529929161,0.07047168910503387,0.04282679408788681,0.06438259780406952,0.029679469764232635,0.051240455359220505,0.10754771530628204,0.029823459684848785
1.81,0.0,0.00177,0.01285552978515625,0.014929115772247314,0.02165469527244568,0.09129515290260315,-0.12712964415550232,0.036101341247558594,0.09142395853996277,0.08266211301088333,0.0295395664870739,0.023305285722017288,0.03328781947493553,0.04184683784842491,0.03609032183885574,0.047719210386276245,0.05820386856794357,0.009606244042515755,0.026832759380340576,0.008366227149963379,0.0417991578578949,0.05440092086791992,0.0419459342956543,0.014818444848060608,0.02402159571647644,0.07626833021640778,0.04566904529929161,0.07047168910503387,0.04282679408788681,0.06438259780406952,0.029679469764232635,0.051240455359220505,0.10754771530628204,0.029823459684848785
1.82,0.0,0.00178,0.01285552978515625,0.014929115772247314,0.02165469527244568,0.09129515290260315,-0.12712964415550232,0.036101341247558594,0.09142395853996277,0.08266211301088333,0.0295395664870739,0.023305285722017288,0.03328781947493553,0.04184683784842491,0.03609032183885574,0.047719210386276245,0.05820386856794357,0.009606244042515755,0.026832759380340576,0.008366227149963379,0.0417991578578949,0.05440092086791992,0.0419459342956543,0.014818444848060608,0.02402159571647644,0.07626833021640778,0.04566904529929161,0.07047168910503387,0.04282679408788681,0.06438259780406952,0.029679469764232635,0.051240455359220505,0.10754771530628204,0.029823459684848785
1.83,0.0,0.00179,0.01285552978515625,0.014929115772247314,0.02165469527244568,0.09129515290260315,-0.12712964415550232,0.036101341247558594,0.09142395853996277,0.08266211301088333,0.0295395664870739,0.023305285722017288,0.03328781947493553,0.04184683784842491,0.03609032183885574,0.047719210386276245,0.05820386856794357,0.009606244042515755,0.026832759380340576,0.008366227149963379,0.0417991578578949,0.05440092086791992,0.0419459342956543,0.014818444848060608,0.02402159571647644,0.07626833021640778,0.04566904529929161,0.07047168910503387,0.04282679408788681,0.06438259780406952,0.029679469764232635,0.051240455359220505,0.10754771530628204,0.029823459684848785
1.84,0.0,0.00181,0.00887686014175415,0.008637189865112305,0.017543524503707886,0.09129515290260315,-0.14660972356796265,0.026819467544555664,0.07530418038368225,0.08266211301088333,0.03308148309588432,0.016758877784013748,0.027708586305379868,0.04184683784842491,0.048337049782276154,0.05759574472904205,0.04223157465457916,0.009606244042515755,0.02488851547241211,0.008291006088256836,0.050016194581985474,0.05440092086791992,0.041646361351013184,0.02634461224079132,0.029059380292892456,0.07626833021640778,0.04084297642111778,0.07100628316402435,0.05889704078435898,0.06438259780406952,0.02510444074869156,0.053312595933675766,0.09954370558261871,0.029823459684848785
1.85,0.0,0.00185,0.00887686014175415,0.008637189865112305,0.017543524503707886,0.09129515290260315,-0.14660972356796265,0.026819467544555664,0.07530418038368225,0.08266211301088333,0.03308148309588432,0.016758877784013748,0.027708586305379868,0.04184683784842491,0.048337049782276154,0.05759574472904205,0.04223157465457916,0.009606244042515755,0.02488851547241211,0.008291006088256836,0.050016194581985474,0.05440092086791992,0.041646361351013184,0.02634461224079132,0.029059380292892456,0.07626833021640778,0.04084297642111778,0.07100628316402435,0.05889704078435898,0.06438259780406952,0.02510444074869156,0.053312595933675766,0.09954370558261871,0.029823459684848785
1.86,0.0,0.00189,0.00887686014175415,0.008637189865112305,0.017543524503707886,0.09129515290260315,-0.14660972356796265,0.026819467544555664,0.07530418038368225,0.08266211301088333,0.03308148309588432,0.016758877784013748,0.027708586305379868,0.04184683784842491,0.048337049782276154,0.05759574472904205,0.04223157465457916,0.009606244042515755,0.02488851547241211,0.008291006088256836,0.050016194581985474,0.05440092086791992,0.041646361351013184,0.02634461224079132,0.029059380292892456,0.07626833021640778,0.04084297642111778,0.07100628316402435,0.05889704078435898,0.06438259780406952,0.02510444074869156,0.053312595933675766,0.09954370558261871,0.029823459684848785
1.87,0.0,0.00194,0.00887686014175415,0.008637189865112305,0.017543524503707886,0.09129515290260315,-0.14660972356796265,0.026819467544555664,0.07530418038368225,0.08266211301088333,0.03308148309588432,0.016758877784013748,0.027708586305379868,0.04184683784842491,0.048337049782276154,0.05759574472904205,0.04223157465457916,0.009606244042515755,0.02488851547241211,0.008291006088256836,0.050016194581985474,0.05440092086791992,0.041646361351013184,0.02634461224079132,0.029059380292892456,0.07626833021640778,0.04084297642111778,0.07100628316402435,0.05889704078435898,0.06438259780406952,0.02510444074869156,0.053312595933675766,0.09954370558261871,0.029823459684848785
1.88,0.0,0.00199,0.00887686014175415,0.008637189865112305,0.017543524503707886,0.09129515290260315,-0.14660972356796265,0.026819467544555664,0.07530418038368225,0.08266211301088333,0.03308148309588432,0.016758877784013748,0.027708586305379868,0.04184683784842491,0.048337049782276154,0.05759574472904205,0.04223157465457916,0.009606244042515755,0.02488851547241211,0.008291006088256836,0.050016194581985474,0.05440092086791992,0.041646361351013184,0.02634461224079132,0.029059380292892456,0.07626833021640778,0.04084297642111778,0.07100628316402435,0.05889704078435898,0.06438259780406952,0.02510444074869156,0.053312595933675766,0.09954370558261871,0.029823459684848785
1.89,0.0,0.00206,0.018215596675872803,0.019706636667251587,0.03512907028198242,0.09129515290260315,-0.11855238676071167,0.044607698917388916,0.1054474413394928,0.08266211301088333,0.04137725755572319,0.027583975344896317,0.040325190871953964,0.04184683784842491,0.05366451293230057,0.06791877746582031,0.08053695410490036,0.009606244042515755,0.021557271480560303,0.0015097558498382568,0.047867923974990845,0.05440092086791992,0.030677497386932373,0.013348296284675598,0.005674630403518677,0.07626833021640778,0.004247095435857773,0.04281805083155632,0.041718147695064545,0.06438259780406952,0.03020726889371872,0.028768237680196762,0.07393556833267212,0.029823459684848785
1.9,0.0,0.00215,0.018215596675872803,0.019706636667251587,0.03512907028198242,0.09129515290260315,-0.11855238676071167,0.044607698917388916,0.1054474413394928,0.08266211301088333,0.04137725755572319,0.027583975344896317,0.040325190871953964,0.04184683784842491,0.05366451293230057,0.06791877746582031,0.08053695410490036,0.009606244042515755,0.021557271480560303,0.0015097558498382568,0.047867923974990845,0.05440092086791992,0.030677497386932373,0.013348296284675598,0.005674630403518677,0.07626833021640778,0.004247095435857773,0.04281805083155632,0.041718147695064545,0.06438259780406952,0.03020726889371872,0.028768237680196762,0.07393556833267212,0.029823459684848785
1.91,0.01029,0.00224,0.018215596675872803,0.019706636667251587,0.03512907028198242,0.09129515290260315,-0.11855238676071167,0.044607698917388916,0.1054474413394928,0.08266211301088333,0.04137725755572319,0.027583975344896317,0.040325190871953964,0.04184683784842491,0.05366451293230057,0.06791877746582031,0.08053695410490036,0.009606244042515755,0.021557271480560303,0.0015097558498382568,0.047867923974990845,0.05440092086791992,0.030677497386932373,0.013348296284675598,0.005674630403518677,0.07626833021640778,0.004247095435857773,0.04281805083155632,0.041718147695064545,0.06438259780406952,0.03020726889371872,0.028768237680196762,0.07393556833267212,0.029823459684848785
1.92,0.01131,0.00235,0.018215596675872803,0.019706636667251587,0.03512907028198242,0.09129515290260315,-0.11855238676071167,0.044607698917388916,0.1054474413394928,0.08266211301088333,0.04137725755572319,0.027583975344896317,0.040325190871953964,0.04184683784842491,0.05366451293230057,0.06791877746582031,0.08053695410490036,0.009606244042515755,0.021557271480560303,0.0015097558498382568,0.047867923974990845,0.05440092086791992,0.030677497386932373,0.013348296284675598,0.005674630403518677,0.07626833021640778,0.004247095435857773,0.04281805083155632,0.041718147695064545,0.06438259780406952,0.03020726889371872,0.028768237680196762,0.07393556833267212,0.029823459684848785
1.93,0.01214,0.00245,0.018215596675872803,0.019706636667251587,0.03512907028198242,0.09129515290260315,-0.11855238676071167,0.044607698917388916,0.1054474413394928,0.08266211301088333,0.04137725755572319,0.027583975344896317,0.040325190871953964,0.04184683784842491,0.05366451293230057,0.06791877746582031,0.08053695410490036,0.009606244042515755,0.021557271480560303,0.0015097558498382568,0.047867923974990845,0.05440092086791992,0.030677497386932373,0.013348296284675598,0.005674630403518677,0.07626833021640778,0.004247095435857773,0.04281805083155632,0.041718147695064545,0.06438259780406952,0.03020726889371872,0.028768237680196762,0.07393556833267212,0.029823459684848785
1.94,0.01294,0.00255,0.031228303909301758,0.032667577266693115,0.047327905893325806,0.09129515290260315,-0.05547399818897247,0.0641661286354065,0.10847404599189758,0.08266211301088333,0.04877148196101189,0.04619036987423897,0.05755382403731346,0.04184683784842491,0.05925663560628891,0.07630729675292969,0.07772774994373322,0.009606244042515755,0.03357917070388794,0.012053370475769043,0.054608821868896484,0.05440092086791992,0.06427663564682007,0.037867918610572815,0.0410289466381073,0.07626833021640778,0.039067115634679794,0.06717334687709808,0.048599325120449066,0.06438259780406952,0.041994594037532806,0.058501455932855606,0.11215510964393616,0.029823459684848785
1.95,0.01371,0.00265,0.031228303909301758,0.032667577266693115,0.047327905893325806,0.09129515290260315,-0.05547399818897247,0.0641661286354065,0.10847404599189758,0.08266211301088333,0.04877148196101189,0.04619036987423897,0.05755382403731346,0.04184683784842491,0.05925663560628891,0.07630729675292969,0.07772774994373322,0.009606244042515755,0.03357917070388794,0.012053370475769043,0.054608821868896484,0.05440092086791992,0.06427663564682007,0.037867918610572815,0.0410289466381073,0.07626833021640778,0.039067115634679794,0.06717334687709808,0.048599325120449066,0.06438259780406952,0.041994594037532806,0.058501455932855606,0.11215510964393616,0.029823459684848785
1.96,0.01445,0.00275,0.031228303909301758,0.032667577266693115,0.047327905893325806,0.09129515290260315,-0.05547399818897247,0.0641661286354065,0.10847404599189758,0.08266211301088333,0.04877148196101189,0.04619036987423897,0.05755382403731346,0.04184683784842491,0.05925663560628891,0.07630729675292969,0.07772774994373322,0.009606244042515755,0.03357917070388794,0.012053370475769043,0.054608821868896484,0.05440092086791992,0.06427663564682007,0.037867918610572815,0.0410289466381073,0.07626833021640778,0.039067115634679794,0.06717334687709808,0.048599325120449066,0.06438259780406952,0.041994594037532806,0.058501455932855606,0.11215510964393616,0.029823459684848785
1.97,0.01515,0.00283,0.031228303909301758,0.032667577266693115,0.047327905893325806,0.09129515290260315,-0.05547399818897247,0.0641661286354065,0.10847404599189758,0.08266211301088333,0.04877148196101189,0.04619036987423897,0.05755382403731346,0.04184683784842491,0.05925663560628891,0.07630729675292969,0.07772774994373322,0.009606244042515755,0.03357917070388794,0.012053370475769043,0.054608821868896484,0.05440092086791992,0.06427663564682007,0.037867918610572815,0.0410289466381073,0.07626833021640778,0.039067115634679794,0.06717334687709808,0.048599325120449066,0.06438259780406952,0.041994594037532806,0.058501455932855606,0.11215510964393616,0.029823459684848785
1.98,0.01582,0.0029,0.031228303909301758,0.032667577266693115,0.047327905893325806,0.09129515290260315,-0.05547399818897247,0.0641661286354065,0.10847404599189758,0.08266211301088333,0.04877148196101189,0.04619036987423897,0.05755382403731346,0.04184683784842491,0.05925663560628891,0.07630729675292969,0.07772774994373322,0.009606244042515755,0.03357917070388794,0.012053370475769043,0.054608821868896484,0.05440092086791992,0.06427663564682007,0.037867918610572815,0.0410289466381073,0.07626833021640778,0.039067115634679794,0.06717334687709808,0.048599325120449066,0.06438259780406952,0.041994594037532806,0.058501455932855606,0.11215510964393616,0.029823459684848785
1.99,0.01645,0.00295,0.045740723609924316,0.03475034236907959,0.04248735308647156,0.09129515290260315,-0.017187654972076416,0.0715753436088562,0.10194960236549377,0.08266211301088333,0.051463525742292404,0.0494115836918354,0.05615335330367088,0.04184683784842491,0.06514246016740799,0.08449739217758179,0.06598392128944397,0.009606244042515755,0.044364333152770996,0.02755597233772278,0.061842262744903564,0.05440092086791992,0.0897786021232605,0.058532968163490295,0.05598577857017517,0.07626833021640778,0.06239989027380943,0.09573136270046234,0.061138056218624115,0.06438259780406952,0.05081964284181595,0.06994500756263733,0.12744666635990143,0.029823459684848785
2.0,0.01705,0.00298,0.045740723609924316,0.03475034236907959,0.04248735308647156,0.09129515290260315,-0.017187654972076416,0.0715753436088562,0.10194960236549377,0.08266211301088333,0.051463525742292404,0.0494115836918354,0.05615335330367088,0.04184683784842491,0.06514246016740799,0.08449739217758179,0.06598392128944397,0.009606244042515755,0.044364333152770996,0.02755597233772278,0.061842262744903564,0.05440092086791992,0.0897786021232605,0.058532968163490295,0.05598577857017517,0.07626833021640778,0.06239989027380943,0.09573136270046234,0.061138056218624115,0.06438259780406952,0.05081964284181595,0.06994500756263733,0.12744666635990143,0.029823459684848785
2.01,0.01752,0.00298,0.045740723609924316,0.03475034236907959,0.04248735308647156,0.09129515290260315,-0.017187654972076416,0.0715753436088562,0.10194960236549377,0.08266211301088333,0.051463525742292404,0.0494115836918354,0.05615335330367088,0.04184683784842491,0.06514246016740799,0.08449739217758179,0.06598392128944397,0.009606244042515755,0.044364333152770996,0.02755597233772278,0.061842262744903564,0.05440092086791992,0.0897786021232605,0.058532968163490295,0.05598577857017517,0.07626833021640778,0.06239989027380943,0.09573136270046234,0.061138056218624115,0.06438259780406952,0.05081964284181595,0.06994500756263733,0.12744666635990143,0.029823459684848785
2.02,0.0182,0.00295,0.045740723609924316,0.03475034236907959,0.04248735308647156,0.09129515290260315,-0.017187654972076416,0.0715753436088562,0.10194960236549377,0.08266211301088333,0.051463525742292404,0.0494115836918354,0.05615335330367088,0.04184683784842491,0.06514246016740799,0.08449739217758179,0.06598392128944397,0.009606244042515755,0.044364333152770996,0.02755597233772278,0.061842262744903564,0.05440092086791992,0.0897786021232605,0.058532968163490295,0.05598577857017517,0.07626833021640778,0.06239989027380943,0.09573136270046234,0.061138056218624115,0.06438259780406952,0.05081964284181595,0.06994500756263733,0.12744666635990143,0.029823459684848785
2.03,0.01864,0.0029,0.045740723609924316,0.03475034236907959,0.04248735308647156,0.09129515290260315,-0.017187654972076416,0.0715753436088562,0.10194960236549377,0.08266211301088333,0.051463525742292404,0.0494115836918354,0.05615335330367088,0.04184683784842491,0.06514246016740799,0.08449739217758179,0.06598392128944397,0.009606244042515755,0.044364333152770996,0.02755597233772278,0.061842262744903564,0.05440092086791992,0.0897786021232605,0.058532968163490295,0.05598577857017517,0.07626833021640778,0.06239989027380943,0.09573136270046234,0.061138056218624115,0.06438259780406952,0.05081964284181595,0.06994500756263733,0.12744666635990143,0.029823459684848785
2.04,0.0193,0.00278,0.05046391487121582,0.03147691488265991,0.04009896516799927,0.09659549593925476,-0.043643608689308167,0.06616532802581787,0.12025991082191467,0.1060340479016304,0.05253134295344353,0.04124464467167854,0.047226306051015854,0.047799911350011826,0.0686524286866188,0.08952848613262177,0.0892106294631958,0.01919466443359852,0.047378212213516235,0.033606648445129395,0.0660366415977478,0.058187395334243774,0.07472079992294312,0.04674507677555084,0.050410717725753784,0.07017965614795685,0.0579395554959774,0.1004447191953659,0.07014795392751694,0.09098999202251434,0.049026377499103546,0.0673588365316391,0.12242740392684937,0.012942880392074585
2.05,0.01987,0.00262,0.05046391487121582,0.03147691488265991,0.04009896516799927,0.09659549593925476,-0.043643608689308167,0.06616532802581787,0.12025991082191467,0.1060340479016304,0.05253134295344353,0.04124464467167854,0.047226306051015854,0.047799911350011826,0.0686524286866188,0.08952848613262177,0.0892106294631958,0.01919466443359852,0.047378212213516235,0.033606648445129395,0.0660366415977478,0.058187395334243774,0.07472079992294312,0.04674507677555084,0.050410717725753784,0.07017965614795685,0.0579395554959774,0.1004447191953659,0.07014795392751694,0.09098999202251434,0.049026377499103546,0.0673588365316391,0.12242740392684937,0.012942880392074585
2.06,0.02048,0.00242,0.05046391487121582,0.03147691488265991,0.04009896516799927,0.09659549593925476,-0.043643608689308167,0.06616532802581787,0.12025991082191467,0.1060340479016304,0.05253134295344353,0.04124464467167854,0.047226306051015854,0.047799911350011826,0.0686524286866188,0.08952848613262177,0.0892106294631958,0.01919466443359852,0.047378212213516235,0.033606648445129395,0.0660366415977478,0.058187395334243774,0.07472079992294312,0.04674507677555084,0.050410717725753784,0.07017965614795685,0.0579395554959774,0.1004447191953659,0.07014795392751694,0.09098999202251434,0.049026377499103546,0.0673588365316391,0.12242740392684937,0.012942880392074585
2.07,0.02113,0.00217,0.05046391487121582,0.03147691488265991,0.04009896516799927,0.09659549593925476,-0.043643608689308167,0.06616532802581787,0.12025991082191467,0.1060340479016304,0.05253134295344353,0.04124464467167854,0.047226306051015854,0.047799911350011826,0.0686524286866188,0.08952848613262177,0.0892106294631958,0.01919466443359852,0.047378212213516235,0.033606648445129395,0.0660366415977478,0.058187395334243774,0.07472079992294312,0.04674507677555084,0.050410717725753784,0.07017965614795685,0.0579395554959774,0.1004447191953659,0.07014795392751694,0.09098999202251434,0.049026377499103546,0.0673588365316391,0.12242740392684937,0.012942880392074585
2.08,0.02185,0.00186,0.05046391487121582,0.03147691488265991,0.04009896516799927,0.09659549593925476,-0.043643608689308167,0.06616532802581787,0.12025991082191467,0.1060340479016304,0.05253134295344353,0.04124464467167854,0.047226306051015854,0.047799911350011826,0.0686524286866188,0.08952848613262177,0.0892106294631958,0.01919466443359852,0.047378212213516235,0.033606648445129395,0.0660366415977478,0.058187395334243774,0.07472079992294312,0.04674507677555084,0.050410717725753784,0.07017965614795685,0.0579395554959774,0.1004447191953659,0.07014795392751694,0.09098999202251434,0.049026377499103546,0.0673588365316391,0.12242740392684937,0.012942880392074585
2.09,0.02266,0.0015,0.05482977628707886,0.03593498468399048,0.04695513844490051,0.10464957356452942,-0.11843132972717285,0.06474906206130981,0.11175009608268738,0.07694054394960403,0.056085895746946335,0.04213641956448555,0.053448643535375595,0.04900738224387169,0.07257666438817978,0.09614081680774689,0.07357540726661682,0.01216980256140232,0.04607221484184265,0.028320789337158203,0.06694296002388,0.059151649475097656,0.0654749870300293,0.0393957644701004,0.04632827639579773,0.0643962174654007,0.042383935302495956,0.07980577647686005,0.06454046815633774,0.06707315146923065,0.04543124884366989,0.06430137157440186,0.11821059882640839,0.011659152805805206
2.1,0.02359,0.00108,0.05482977628707886,0.03593498468399048,0.04695513844490051,0.10464957356452942,-0.11843132972717285,0.06474906206130981,0.11175009608268738,0.07694054394960403,0.056085895746946335,0.04213641956448555,0.053448643535375595,0.04900738224387169,0.07257666438817978,0.09614081680774689,0.07357540726661682,0.01216980256140232,0.04607221484184265,0.028320789337158203,0.06694296002388,0.059151649475097656,0.0654749870300293,0.0393957644701004,0.04632827639579773,0.0643962174654007,0.042383935302495956,0.07980577647686005,0.06454046815633774,0.06707315146923065,0.04543124884366989,0.06430137157440186,0.11821059882640839,0.011659152805805206
2.11,0.02466,0.0,0.05482977628707886,0.03593498468399048,0.04695513844490051,0.10464957356452942,-0.11843132972717285,0.06474906206130981,0.11175009608268738,0.07694054394960403,0.056085895746946335,0.04213641956448555,0.053448643535375595,0.04900738224387169,0.07257666438817978,0.09614081680774689,0.07357540726661682,0.01216980256140232,0.04607221484184265,0.028320789337158203,0.06694296002388,0.059151649475097656,0.0654749870300293,0.0393957644701004,0.04632827639579773,0.0643962174654007,0.042383935302495956,0.07980577647686005,0.06454046815633774,0.06707315146923065,0.04543124884366989,0.06430137157440186,0.11821059882640839,0.011659152805805206
2.12,0.0259,0.0,0.05482977628707886,0.03593498468399048,0.04695513844490051,0.10464957356452942,-0.11843132972717285,0.06474906206130981,0.11175009608268738,0.07694054394960403,0.056085895746946335,0.04213641956448555,0.053448643535375595,0.04900738224387169,0.07257666438817978,0.09614081680774689,0.07357540726661682,0.01216980256140232,0.04607221484184265,0.028320789337158203,0.06694296002388,0.059151649475097656,0.0654749870300293,0.0393957644701004,0.04632827639579773,0.0643962174654007,0.042383935302495956,0.07980577647686005,0.06454046815633774,0.06707315146923065,0.04543124884366989,0.06430137157440186,0.11821059882640839,0.011659152805805206
2.13,0.02734,0.0,0.05482977628707886,0.03593498468399048,0.04695513844490051,0.10464957356452942,-0.11843132972717285,0.06474906206130981,0.11175009608268738,0.07694054394960403,0.056085895746946335,0.04213641956448555,0.053448643535375595,0.04900738224387169,0.07257666438817978,0.09614081680774689,0.07357540726661682,0.01216980256140232,0.04607221484184265,0.028320789337158203,0.06694296002388,0.059151649475097656,0.0654749870300293,0.0393957644701004,0.04632827639579773,0.0643962174654007,0.042383935302495956,0.07980577647686005,0.06454046815633774,0.06707315146923065,0.04543124884366989,0.06430137157440186,0.11821059882640839,0.011659152805805206
2.14,0.029,0.0,0.061618149280548096,0.04315224289894104,0.048793137073516846,0.09964483976364136,-0.17581012845039368,0.07162207365036011,0.11161741614341736,0.09810144454240799,0.06073565408587456,0.051507461816072464,0.06443387269973755,0.04906931146979332,0.07758805900812149,0.10256446897983551,0.07386018335819244,0.016965152695775032,0.046797871589660645,0.02234584093093872,0.06635680794715881,0.059346288442611694,0.06924617290496826,0.03171379864215851,0.04719933867454529,0.0651489645242691,0.042720165103673935,0.06903253495693207,0.05669494718313217,0.08381734788417816,0.04715786129236221,0.06276209652423859,0.11239036917686462,0.015952304005622864
2.15,0.03093,0.0,0.061618149280548096,0.04315224289894104,0.048793137073516846,0.09964483976364136,-0.17581012845039368,0.07162207365036011,0.11161741614341736,0.09810144454240799,0.06073565408587456,0.051507461816072464,0.06443387269973755,0.04906931146979332,0.07758805900812149,0.10256446897983551,0.07386018335819244,0.016965152695775032,0.046797871589660645,0.02234584093093872,0.06635680794715881,0.059346288442611694,0.06924617290496826,0.03171379864215851,0.04719933867454529,0.0651489645242691,0.042720165103673935,0.06903253495693207,0.05669494718313217,0.08381734788417816,0.04715786129236221,0.06276209652423859,0.11239036917686462,0.015952304005622864
2.16,0.03315,0.0,0.061618149280548096,0.04315224289894104,0.048793137073516846,0.09964483976364136,-0.17581012845039368,0.07162207365036011,0.11161741614341736,0.09810144454240799,0.06073565408587456,0.051507461816072464,0.06443387269973755,0.04906931146979332,0.07758805900812149,0.10256446897983551,0.07386018335819244,0.016965152695775032,0.046797871589660645,0.02234584093093872,0.06635680794715881,0.059346288442611694,0.06924617290496826,0.03171379864215851,0.04719933867454529,0.0651489645242691,0.042720165103673935,0.06903253495693207,0.05669494718313217,0.08381734788417816,0.04715786129236221,0.06276209652423859,0.11239036917686462,0.015952304005622864
2.17,0.0357,0.0,0.061618149280548096,0.04315224289894104,0.048793137073516846,0.09964483976364136,-0.17581012845039368,0.07162207365036011,0.11161741614341736,0.09810144454240799,0.06073565408587456,0.051507461816072464,0.06443387269973755,0.04906931146979332,0.07758805900812149,0.10256446897983551,0.07386018335819244,0.016965152695775032,0.046797871589660645,0.02234584093093872,0.06635680794715881,0.059346288442611694,0.06924617290496826,0.03171379864215851,0.04719933867454529,0.0651489645242691,0.042720165103673935,0.06903253495693207,0.05669494718313217,0.08381734788417816,0.04715786129236221,0.06276209652423859,0.11239036917686462,0.015952304005622864
2.18,0.03861,0.0,0.061618149280548096,0.04315224289894104,0.048793137073516846,0.09964483976364136,-0.17581012845039368,0.07162207365036011,0.11161741614341736,0.09810144454240799,0.06073565408587456,0.051507461816072464,0.06443387269973755,0.04906931146979332,0.07758805900812149,0.10256446897983551,0.07386018335819244,0.016965152695775032,0.046797871589660645,0.02234584093093872,0.06635680794715881,0.059346288442611694,0.06924617290496826,0.03171379864215851,0.04719933867454529,0.0651489645242691,0.042720165103673935,0.06903253495693207,0.05669494718313217,0.08381734788417816,0.04715786129236221,0.06276209652423859,0.11239036917686462,0.015952304005622864
2.19,0.04191,0.0,0.07756978273391724,0.05049741268157959,0.05467599630355835,0.10995563864707947,-0.13923050463199615,0.08264636993408203,0.1318613588809967,0.10781366378068924,0.06762702763080597,0.05869894102215767,0.06612956523895264,0.056316521018743515,0.08382304757833481,0.11132697761058807,0.09292616695165634,0.02530958689749241,0.050287991762161255,0.02153453230857849,0.06750491261482239,0.060965001583099365,0.06371313333511353,0.020260587334632874,0.0339912474155426,0.05044873058795929,0.045965876430273056,0.07473878562450409,0.05126192420721054,0.06562040746212006,0.042202942073345184,0.04830361530184746,0.09913991391658783,-0.0063004642724990845
2.2,0.04564,0.0,0.07756978273391724,0.05049741268157959,0.05467599630355835,0.10995563864707947,-0.13923050463199615,0.08264636993408203,0.1318613588809967,0.10781366378068924,0.06762702763080597,0.05869894102215767,0.06612956523895264,0.056316521018743515,0.08382304757833481,0.11132697761058807,0.09292616695165634,0.02530958689749241,0.050287991762161255,0.02153453230857849,0.06750491261482239,0.060965001583099365,0.06371313333511353,0.020260587334632874,0.0339912474155426,0.05044873058795929,0.045965876430273056,0.07473878562450409,0.05126192420721054,0.06562040746212006,0.042202942073345184,0.04830361530184746,0.09913991391658783,-0.0063004642724990845
2.21,0.04983,0.0,0.07756978273391724,0.05049741268157959,0.05467599630355835,0.10995563864707947,-0.13923050463199615,0.08264636993408203,0.1318613588809967,0.10781366378068924,0.06762702763080597,0.05869894102215767,0.06612956523895264,0.056316521018743515,0.08382304757833481,0.11132697761058807,0.09292616695165634,0.02530958689749241,0.050287991762161255,0.02153453230857849,0.06750491261482239,0.060965001583099365,0.06371313333511353,0.020260587334632874,0.0339912474155426,0.05044873058795929,0.045965876430273056,0.07473878562450409,0.05126192420721054,0.06562040746212006,0.042202942073345184,0.04830361530184746,0.09913991391658783,-0.0063004642724990845
2.22,0.05451,0.0,0.07756978273391724,0.05049741268157959,0.05467599630355835,0.10995563864707947,-0.13923050463199615,0.08264636993408203,0.1318613588809967,0.10781366378068924,0.06762702763080597,0.05869894102215767,0.06612956523895264,0.056316521018743515,0.08382304757833481,0.11132697761058807,0.09292616695165634,0.02530958689749241,0.050287991762161255,0.02153453230857849,0.06750491261482239,0.060965001583099365,0.06371313333511353,0.020260587334632874,0.0339912474155426,0.05044873058795929,0.045965876430273056,0.07473878562450409,0.05126192420721054,0.06562040746212006,0.042202942073345184,0.04830361530184746,0.09913991391658783,-0.0063004642724990845
2.23,0.05971,0.0,0.07756978273391724,0.05049741268157959,0.05467599630355835,0.10995563864707947,-0.13923050463199615,0.08264636993408203,0.1318613588809967,0.10781366378068924,0.06762702763080597,0.05869894102215767,0.06612956523895264,0.056316521018743515,0.08382304757833481,0.11132697761058807,0.09292616695165634,0.02530958689749241,0.050287991762161255,0.02153453230857849,0.06750491261482239,0.060965001583099365,0.06371313333511353,0.020260587334632874,0.0339912474155426,0.05044873058795929,0.045965876430273056,0.07473878562450409,0.05126192420721054,0.06562040746212006,0.042202942073345184,0.04830361530184746,0.09913991391658783,-0.0063004642724990845
2.24,0.06546,0.0,0.08522748947143555,0.05701768398284912,0.06297928094863892,0.11944079399108887,-0.10139709711074829,0.08842295408248901,0.11803576350212097,0.08532524853944778,0.07336117327213287,0.058833736926317215,0.06497496366500854,0.05818530544638634,0.09130623191595078,0.12097214162349701,0.07496657967567444,0.02186223305761814,0.051168590784072876,0.02523687481880188,0.06926235556602478,0.06149864196777344,0.06834536790847778,0.025424614548683167,0.04067900776863098,0.05729617178440094,0.044871773570775986,0.08253876864910126,0.051863573491573334,0.0754924863576889,0.04323924332857132,0.05794597789645195,0.10507582128047943,0.005913138389587402
2.25,0.07179,0.0,0.08522748947143555,0.05701768398284912,0.06297928094863892,0.11944079399108887,-0.10139709711074829,0.08842295408248901,0.11803576350212097,0.08532524853944778,0.07336117327213287,0.058833736926317215,0.06497496366500854,0.05818530544638634,0.09130623191595078,0.12097214162349701,0.07496657967567444,0.02186223305761814,0.051168590784072876,0.02523687481880188,0.06926235556602478,0.06149864196777344,0.06834536790847778,0.025424614548683167,0.04067900776863098,0.05729617178440094,0.044871773570775986,0.08253876864910126,0.051863573491573334,0.0754924863576889,0.04323924332857132,0.05794597789645195,0.10507582128047943,0.005913138389587402
2.26,0.07728,0.0,0.08522748947143555,0.05701768398284912,0.06297928094863892,0.11944079399108887,-0.10139709711074829,0.08842295408248901,0.11803576350212097,0.08532524853944778,0.07336117327213287,0.058833736926317215,0.06497496366500854,0.05818530544638634,0.09130623191595078,0.12097214162349701,0.07496657967567444,0.02186223305761814,0.051168590784072876,0.02523687481880188,0.06926235556602478,0.06149864196777344,0.06834536790847778,0.025424614548683167,0.04067900776863098,0.05729617178440094,0.044871773570775986,0.08253876864910126,0.051863573491573334,0.0754924863576889,0.04323924332857132,0.05794597789645195,0.10507582128047943,0.005913138389587402
2.27,0.08626,0.0,0.08522748947143555,0.05701768398284912,0.06297928094863892,0.11944079399108887,-0.10139709711074829,0.08842295408248901,0.11803576350212097,0.08532524853944778,0.07336117327213287,0.058833736926317215,0.06497496366500854,0.05818530544638634,0.09130623191595078,0.12097214162349701,0.07496657967567444,0.02186223305761814,0.051168590784072876,0.02523687481880188,0.06926235556602478,0.06149864196777344,0.06834536790847778,0.025424614548683167,0.04067900776863098,0.05729617178440094,0.044871773570775986,0.08253876864910126,0.051863573491573334,0.0754924863576889,0.04323924332857132,0.05794597789645195,0.10507582128047943,0.005913138389587402
2.28,0.09277,0.0,0.08522748947143555,0.05701768398284912,0.06297928094863892,0.11944079399108887,-0.10139709711074829,0.08842295408248901,0.11803576350212097,0.08532524853944778,0.07336117327213287,0.058833736926317215,0.06497496366500854,0.05818530544638634,0.09130623191595078,0.12097214162349701,0.07496657967567444,0.02186223305761814,0.051168590784072876,0.02523687481880188,0.06926235556602478,0.06149864196777344,0.06834536790847778,0.025424614548683167,0.04067900776863098,0.05729617178440094,0.044871773570775986,0.08253876864910126,0.051863573491573334,0.0754924863576889,0.04323924332857132,0.05794597789645195,0.10507582128047943,0.005913138389587402
2.29,0.1033,0.0,0.08973169326782227,0.053617626428604126,0.056174129247665405,0.1055624783039093,-0.11946170032024384,0.08895003795623779,0.11463192105293274,0.10291636735200882,0.07503832876682281,0.05534159019589424,0.06562137603759766,0.055445726960897446,0.09837063401937485,0.12986864149570465,0.07581518590450287,0.024027416482567787,0.045168787240982056,0.022562503814697266,0.06750670075416565,0.060270220041275024,0.062064528465270996,0.017581716179847717,0.03509059548377991,0.049797311425209045,0.03340395912528038,0.07121644914150238,0.04771753400564194,0.06553582847118378,0.04126035422086716,0.054378729313611984,0.09763023257255554,0.008101753890514374
2.3,0.11087,0.0,0.08973169326782227,0.053617626428604126,0.056174129247665405,0.1055624783039093,-0.11946170032024384,0.08895003795623779,0.11463192105293274,0.10291636735200882,0.07503832876682281,0.05534159019589424,0.06562137603759766,0.055445726960897446,0.09837063401937485,0.12986864149570465,0.07581518590450287,0.024027416482567787,0.045168787240982056,0.022562503814697266,0.06750670075416565,0.060270220041275024,0.062064528465270996,0.017581716179847717,0.03509059548377991,0.049797311425209045,0.03340395912528038,0.07121644914150238,0.04771753400564194,0.06553582847118378,0.04126035422086716,0.054378729313611984,0.09763023257255554,0.008101753890514374
2.31,0.12301,0.0,0.08973169326782227,0.053617626428604126,0.056174129247665405,0.1055624783039093,-0.11946170032024384,0.08895003795623779,0.11463192105293274,0.10291636735200882,0.07503832876682281,0.05534159019589424,0.06562137603759766,0.055445726960897446,0.09837063401937485,0.12986864149570465,0.07581518590450287,0.024027416482567787,0.045168787240982056,0.022562503814697266,0.06750670075416565,0.060270220041275024,0.062064528465270996,0.017581716179847717,0.03509059548377991,0.049797311425209045,0.03340395912528038,0.07121644914150238,0.04771753400564194,0.06553582847118378,0.04126035422086716,0.054378729313611984,0.09763023257255554,0.008101753890514374
2.32,0.13389,0.0,0.08973169326782227,0.053617626428604126,0.056174129247665405,0.1055624783039093,-0.11946170032024384,0.08895003795623779,0.11463192105293274,0.10291636735200882,0.07503832876682281,0.05534159019589424,0.06562137603759766,0.055445726960897446,0.09837063401937485,0.12986864149570465,0.07581518590450287,0.024027416482567787,0.045168787240982056,0.022562503814697266,0.06750670075416565,0.060270220041275024,0.062064528465270996,0.017581716179847717,0.03509059548377991,0.049797311425209045,0.03340395912528038,0.07121644914150238,0.04771753400564194,0.06553582847118378,0.04126035422086716,0.054378729313611984,0.09763023257255554,0.008101753890514374
2.33,0.14546,0.0,0.08973169326782227,0.053617626428604126,0.056174129247665405,0.1055624783039093,-0.11946170032024384,0.08895003795623779,0.11463192105293274,0.10291636735200882,0.07503832876682281,0.05534159019589424,0.06562137603759766,0.055445726960897446,0.09837063401937485,0.12986864149570465,0.07581518590450287,0.024027416482567787,0.045168787240982056,0.022562503814697266,0.06750670075416565,0.060270220041275024,0.062064528465270996,0.017581716179847717,0.03509059548377991,0.049797311425209045,0.03340395912528038,0.07121644914150238,0.04771753400564194,0.06553582847118378,0.04126035422086716,0.054378729313611984,0.09763023257255554,0.008101753890514374
2.34,0.15771,0.0,0.16084891557693481,0.13097816705703735,0.13995623588562012,0.1930866837501526,-0.0935816764831543,0.12099415063858032,0.19778481125831604,0.17554336786270142,0.11566750705242157,0.10442458093166351,0.122394859790802,0.11359384655952454,0.12548202276229858,0.17677225172519684,0.15663717687129974,0.08423297852277756,0.07175207138061523,0.04849904775619507,0.08829191327095032,0.07520309090614319,0.06009352207183838,0.0050614625215530396,0.018291085958480835,0.02585466206073761,0.040705468505620956,0.07974611222743988,0.04856123775243759,0.051944661885499954,0.05314294248819351,0.032351430505514145,0.07391422986984253,-0.03320632874965668
2.35,0.17064,0.0,0.16084891557693481,0.13097816705703735,0.13995623588562012,0.1930866837501526,-0.0935816764831543,0.12099415063858032,0.19778481125831604,0.17554336786270142,0.11566750705242157,0.10442458093166351,0.122394859790802,0.11359384655952454,0.12548202276229858,0.17677225172519684,0.15663717687129974,0.08423297852277756,0.07175207138061523,0.04849904775619507,0.08829191327095032,0.07520309090614319,0.06009352207183838,0.0050614625215530396,0.018291085958480835,0.02585466206073761,0.040705468505620956,0.07974611222743988,0.04856123775243759,0.051944661885499954,0.05314294248819351,0.032351430505514145,0.07391422986984253,-0.03320632874965668
2.36,0.18425,0.0,0.16084891557693481,0.13097816705703735,0.13995623588562012,0.1930866837501526,-0.0935816764831543,0.12099415063858032,0.19778481125831604,0.17554336786270142,0.11566750705242157,0.10442458093166351,0.122394859790802,0.11359384655952454,0.12548202276229858,0.17677225172519684,0.15663717687129974,0.08423297852277756,0.07175207138061523,0.04849904775619507,0.08829191327095032,0.07520309090614319,0.06009352207183838,0.0050614625215530396,0.018291085958480835,0.02585466206073761,0.040705468505620956,0.07974611222743988,0.04856123775243759,0.051944661885499954,0.05314294248819351,0.032351430505514145,0.07391422986984253,-0.03320632874965668
2.37,0.19852,0.0,0.16084891557693481,0.13097816705703735,0.13995623588562012,0.1930866837501526,-0.0935816764831543,0.12099415063858032,0.19778481125831604,0.17554336786270142,0.11566750705242157,0.10442458093166351,0.122394859790802,0.11359384655952454,0.12548202276229858,0.17677225172519684,0.15663717687129974,0.08423297852277756,0.07175207138061523,0.04849904775619507,0.08829191327095032,0.07520309090614319,0.06009352207183838,0.0050614625215530396,0.018291085958480835,0.02585466206073761,0.040705468505620956,0.07974611222743988,0.04856123775243759,0.051944661885499954,0.05314294248819351,0.032351430505514145,0.07391422986984253,-0.03320632874965668
2.38,0.21344,0.0,0.16084891557693481,0.13097816705703735,0.13995623588562012,0.1930866837501526,-0.0935816764831543,0.12099415063858032,0.19778481125831604,0.17554336786270142,0.11566750705242157,0.10442458093166351,0.122394859790802,0.11359384655952454,0.12548202276229858,0.17677225172519684,0.15663717687129974,0.08423297852277756,0.07175207138061523,0.04849904775619507,0.08829191327095032,0.07520309090614319,0.06009352207183838,0.0050614625215530396,0.018291085958480835,0.02585466206073761,0.040705468505620956,0.07974611222743988,0.04856123775243759,0.051944661885499954,0.05314294248819351,0.032351430505514145,0.07391422986984253,-0.03320632874965668
2.39,0.22899,0.0,0.2479730248451233,0.22991007566452026,0.23793485760688782,0.27304530143737793,0.000836297869682312,0.18706417083740234,0.22816893458366394,0.19626474380493164,0.1906815618276596,0.19552986323833466,0.21272948384284973,0.16916224360466003,0.18528515100479126,0.25063106417655945,0.17702685296535492,0.12768080830574036,0.10714402794837952,0.09036430716514587,0.1155545711517334,0.08883312344551086,0.073047935962677,0.016529694199562073,0.03164997696876526,0.04290612041950226,-0.006963465362787247,0.0863783210515976,0.05165597051382065,0.03621934726834297,0.06258734315633774,0.05365098640322685,0.07118558883666992,-0.008796922862529755
2.4,0.24515,0.0,0.2479730248451233,0.22991007566452026,0.23793485760688782,0.27304530143737793,0.000836297869682312,0.18706417083740234,0.22816893458366394,0.19626474380493164,0.1906815618276596,0.19552986323833466,0.21272948384284973,0.16916224360466003,0.18528515100479126,0.25063106417655945,0.17702685296535492,0.12768080830574036,0.10714402794837952,0.09036430716514587,0.1155545711517334,0.08883312344551086,0.073047935962677,0.016529694199562073,0.03164997696876526,0.04290612041950226,-0.006963465362787247,0.0863783210515976,0.05165597051382065,0.03621934726834297,0.06258734315633774,0.05365098640322685,0.07118558883666992,-0.008796922862529755
2.41,0.2619,0.0,0.2479730248451233,0.22991007566452026,0.23793485760688782,0.27304530143737793,0.000836297869682312,0.18706417083740234,0.22816893458366394,0.19626474380493164,0.1906815618276596,0.19552986323833466,0.21272948384284973,0.16916224360466003,0.18528515100479126,0.25063106417655945,0.17702685296535492,0.12768080830574036,0.10714402794837952,0.09036430716514587,0.1155545711517334,0.08883312344551086,0.073047935962677,0.016529694199562073,0.03164997696876526,0.04290612041950226,-0.006963465362787247,0.0863783210515976,0.05165597051382065,0.03621934726834297,0.06258734315633774,0.05365098640322685,0.07118558883666992,-0.008796922862529755
2.42,0.27922,0.0,0.2479730248451233,0.22991007566452026,0.23793485760688782,0.27304530143737793,0.000836297869682312,0.18706417083740234,0.22816893458366394,0.19626474380493164,0.1906815618276596,0.19552986323833466,0.21272948384284973,0.16916224360466003,0.18528515100479126,0.25063106417655945,0.17702685296535492,0.12768080830574036,0.10714402794837952,0.09036430716514587,0.1155545711517334,0.08883312344551086,0.073047935962677,0.016529694199562073,0.03164997696876526,0.04290612041950226,-0.006963465362787247,0.0863783210515976,0.05165597051382065,0.03621934726834297,0.06258734315633774,0.05365098640322685,0.07118558883666992,-0.008796922862529755
2.43,0.29708,0.0,0.2479730248451233,0.22991007566452026,0.23793485760688782,0.27304530143737793,0.000836297869682312,0.18706417083740234,0.22816893458366394,0.19626474380493164,0.1906815618276596,0.19552986323833466,0.21272948384284973,0.16916224360466003,0.18528515100479126,0.25063106417655945,0.17702685296535492,0.12768080830574036,0.10714402794837952,0.09036430716514587,0.1155545711517334,0.08883312344551086,0.073047935962677,0.016529694199562073,0.03164997696876526,0.04290612041950226,-0.006963465362787247,0.0863783210515976,0.05165597051382065,0.03621934726834297,0.06258734315633774,0.05365098640322685,0.07118558883666992,-0.008796922862529755
2.44,0.31545,0.0,0.33860915899276733,0.2217029333114624,0.21226641535758972,0.22374480962753296,-0.017991796135902405,0.22392630577087402,0.2023235261440277,0.17905497550964355,0.23128168284893036,0.23480172455310822,0.22618946433067322,0.16429105401039124,0.24965527653694153,0.31782469153404236,0.15437491238117218,0.12404156476259232,0.12964153289794922,0.1190546452999115,0.15304848551750183,0.12552553415298462,0.12508291006088257,0.07629568874835968,0.09592089056968689,0.09967668354511261,0.021736230701208115,0.14094893634319305,0.09505852311849594,0.0796186774969101,0.09753542393445969,0.06303998827934265,0.08384853601455688,-0.009015746414661407
2.45,0.33432,0.0,0.33860915899276733,0.2217029333114624,0.21226641535758972,0.22374480962753296,-0.017991796135902405,0.22392630577087402,0.2023235261440277,0.17905497550964355,0.23128168284893036,0.23480172455310822,0.22618946433067322,0.16429105401039124,0.24965527653694153,0.31782469153404236,0.15437491238117218,0.12404156476259232,0.12964153289794922,0.1190546452999115,0.15304848551750183,0.12552553415298462,0.12508291006088257,0.07629568874835968,0.09592089056968689,0.09967668354511261,0.021736230701208115,0.14094893634319305,0.09505852311849594,0.0796186774969101,0.09753542393445969,0.06303998827934265,0.08384853601455688,-0.009015746414661407
2.46,0.35365,0.0,0.33860915899276733,0.2217029333114624,0.21226641535758972,0.22374480962753296,-0.017991796135902405,0.22392630577087402,0.2023235261440277,0.17905497550964355,0.23128168284893036,0.23480172455310822,0.22618946433067322,0.16429105401039124,0.24965527653694153,0.31782469153404236,0.15437491238117218,0.12404156476259232,0.12964153289794922,0.1190546452999115,0.15304848551750183,0.12552553415298462,0.12508291006088257,0.07629568874835968,0.09592089056968689,0.09967668354511261,0.021736230701208115,0.14094893634319305,0.09505852311849594,0.0796186774969101,0.09753542393445969,0.06303998827934265,0.08384853601455688,-0.009015746414661407
2.47,0.37341,0.0,0.33860915899276733,0.2217029333114624,0.21226641535758972,0.22374480962753296,-0.017991796135902405,0.22392630577087402,0.2023235261440277,0.17905497550964355,0.23128168284893036,0.23480172455310822,0.22618946433067322,0.16429105401039124,0.24965527653694153,0.31782469153404236,0.15437491238117218,0.12404156476259232,0.12964153289794922,0.1190546452999115,0.15304848551750183,0.12552553415298462,0.12508291006088257,0.07629568874835968,0.09592089056968689,0.09967668354511261,0.021736230701208115,0.14094893634319305,0.09505852311849594,0.0796186774969101,0.09753542393445969,0.06303998827934265,0.08384853601455688,-0.009015746414661407
2.48,0.39359,0.0,0.33860915899276733,0.2217029333114624,0.21226641535758972,0.22374480962753296,-0.017991796135902405,0.22392630577087402,0.2023235261440277,0.17905497550964355,0.23128168284893036,0.23480172455310822,0.22618946433067322,0.16429105401039124,0.24965527653694153,0.31782469153404236,0.15437491238117218,0.12404156476259232,0.12964153289794922,0.1190546452999115,0.15304848551750183,0.12552553415298462,0.12508291006088257,0.07629568874835968,0.09592089056968689,0.09967668354511261,0.021736230701208115,0.14094893634319305,0.09505852311849594,0.0796186774969101,0.09753542393445969,0.06303998827934265,0.08384853601455688,-0.009015746414661407
2.49,0.41414,0.0,0.441499263048172,0.3122248947620392,0.3063603937625885,0.3590361773967743,0.08248019218444824,0.3984256386756897,0.3734285533428192,0.367178738117218,0.3223245441913605,0.28911057114601135,0.27589288353919983,0.2862968146800995,0.39697960019111633,0.43124493956565857,0.32009705901145935,0.2752169072628021,0.31373295187950134,0.33738669753074646,0.4035176932811737,0.3989071547985077,0.5636904239654541,0.49596303701400757,0.5376081466674805,0.5500935316085815,0.3918130099773407,0.4291483461856842,0.39552006125450134,0.4482884407043457,0.43650874495506287,0.5850212574005127,0.5887444019317627,0.6331756711006165
2.5,0.43506,0.0,0.441499263048172,0.3122248947620392,0.3063603937625885,0.3590361773967743,0.08248019218444824,0.3984256386756897,0.3734285533428192,0.367178738117218,0.3223245441913605,0.28911057114601135,0.27589288353919983,0.2862968146800995,0.39697960019111633,0.43124493956565857,0.32009705901145935,0.2752169072628021,0.31373295187950134,0.33738669753074646,0.4035176932811737,0.3989071547985077,0.5636904239654541,0.49596303701400757,0.5376081466674805,0.5500935316085815,0.3918130099773407,0.4291483461856842,0.39552006125450134,0.4482884407043457,0.43650874495506287,0.5850212574005127,0.5887444019317627,0.6331756711006165
2.51,0.45205,0.0,0.441499263048172,0.3122248947620392,0.3063603937625885,0.3590361773967743,0.08248019218444824,0.3984256386756897,0.3734285533428192,0.367178738117218,0.3223245441913605,0.28911057114601135,0.27589288353919983,0.2862968146800995,0.39697960019111633,0.43124493956565857,0.32009705901145935,0.2752169072628021,0.31373295187950134,0.33738669753074646,0.4035176932811737,0.3989071547985077,0.5636904239654541,0.49596303701400757,0.5376081466674805,0.5500935316085815,0.3918130099773407,0.4291483461856842,0.39552006125450134,0.4482884407043457,0.43650874495506287,0.5850212574005127,0.5887444019317627,0.6331756711006165
2.52,0.47791,0.0,0.441499263048172,0.3122248947620392,0.3063603937625885,0.3590361773967743,0.08248019218444824,0.3984256386756897,0.3734285533428192,0.367178738117218,0.3223245441913605,0.28911057114601135,0.27589288353919983,0.2862968146800995,0.39697960019111633,0.43124493956565857,0.32009705901145935,0.2752169072628021,0.31373295187950134,0.33738669753074646,0.4035176932811737,0.3989071547985077,0.5636904239654541,0.49596303701400757,0.5376081466674805,0.5500935316085815,0.3918130099773407,0.4291483461856842,0.39552006125450134,0.4482884407043457,0.43650874495506287,0.5850212574005127,0.5887444019317627,0.6331756711006165
2.53,0.49539,0.0,0.441499263048172,0.3122248947620392,0.3063603937625885,0.3590361773967743,0.08248019218444824,0.3984256386756897,0.3734285533428192,0.367178738117218,0.3223245441913605,0.28911057114601135,0.27589288353919983,0.2862968146800995,0.39697960019111633,0.43124493956565857,0.32009705901145935,0.2752169072628021,0.31373295187950134,0.33738669753074646,0.4035176932811737,0.3989071547985077,0.5636904239654541,0.49596303701400757,0.5376081466674805,0.5500935316085815,0.3918130099773407,0.4291483461856842,0.39552006125450134,0.4482884407043457,0.43650874495506287,0.5850212574005127,0.5887444019317627,0.6331756711006165
2.54,0.52197,0.0,0.5098596811294556,0.5738803744316101,0.5732886791229248,0.6249169111251831,0.40704745054244995,0.5970067977905273,0.5787994861602783,0.567343533039093,0.5293610095977783,0.5207152962684631,0.5598941445350647,0.5641101002693176,0.5437379479408264,0.5549590587615967,0.5885145664215088,0.5456684231758118,0.6201010942459106,0.5926711559295654,0.5704240798950195,0.5531599521636963,0.7508683800697327,0.6576449275016785,0.5758399963378906,0.5761529803276062,0.6511518359184265,0.6690492630004883,0.601621150970459,0.5842519998550415,0.6826427578926086,0.46619921922683716,0.5572763085365295,0.41076338291168213
2.55,0.53991,0.0,0.5098596811294556,0.5738803744316101,0.5732886791229248,0.6249169111251831,0.40704745054244995,0.5970067977905273,0.5787994861602783,0.567343533039093,0.5293610095977783,0.5207152962684631,0.5598941445350647,0.5641101002693176,0.5437379479408264,0.5549590587615967,0.5885145664215088,0.5456684231758118,0.6201010942459106,0.5926711559295654,0.5704240798950195,0.5531599521636963,0.7508683800697327,0.6576449275016785,0.5758399963378906,0.5761529803276062,0.6511518359184265,0.6690492630004883,0.601621150970459,0.5842519998550415,0.6826427578926086,0.46619921922683716,0.5572763085365295,0.41076338291168213
2.56,0.56715,0.0,0.5098596811294556,0.5738803744316101,0.5732886791229248,0.6249169111251831,0.40704745054244995,0.5970067977905273,0.5787994861602783,0.567343533039093,0.5293610095977783,0.5207152962684631,0.5598941445350647,0.5641101002693176,0.5437379479408264,0.5549590587615967,0.5885145664215088,0.5456684231758118,0.6201010942459106,0.5926711559295654,0.5704240798950195,0.5531599521636963,0.7508683800697327,0.6576449275016785,0.5758399963378906,0.5761529803276062,0.6511518359184265,0.6690492630004883,0.601621150970459,0.5842519998550415,0.6826427578926086,0.46619921922683716,0.5572763085365295,0.41076338291168213
2.57,0.59015,0.0,0.5098596811294556,0.5738803744316101,0.5732886791229248,0.6249169111251831,0.40704745054244995,0.5970067977905273,0.5787994861602783,0.567343533039093,0.5293610095977783,0.5207152962684631,0.5598941445350647,0.5641101002693176,0.5437379479408264,0.5549590587615967,0.5885145664215088,0.5456684231758118,0.6201010942459106,0.5926711559295654,0.5704240798950195,0.5531599521636963,0.7508683800697327,0.6576449275016785,0.5758399963378906,0.5761529803276062,0.6511518359184265,0.6690492630004883,0.601621150970459,0.5842519998550415,0.6826427578926086,0.46619921922683716,0.5572763085365295,0.41076338291168213
2.58,0.61341,0.00126,0.5098596811294556,0.5738803744316101,0.5732886791229248,0.6249169111251831,0.40704745054244995,0.5970067977905273,0.5787994861602783,0.567343533039093,0.5293610095977783,0.5207152962684631,0.5598941445350647,0.5641101002693176,0.5437379479408264,0.5549590587615967,0.5885145664215088,0.5456684231758118,0.6201010942459106,0.5926711559295654,0.5704240798950195,0.5531599521636963,0.7508683800697327,0.6576449275016785,0.5758399963378906,0.5761529803276062,0.6511518359184265,0.6690492630004883,0.601621150970459,0.5842519998550415,0.6826427578926086,0.46619921922683716,0.5572763085365295,0.41076338291168213
2.59,0.63693,0.00172,0.6139271259307861,0.6343566179275513,0.6151187419891357,0.5965495109558105,0.34886935353279114,0.7044135928153992,0.5415283441543579,0.5420280694961548,0.6542321443557739,0.6686119437217712,0.687178909778595,0.583998441696167,0.6520848274230957,0.6621062755584717,0.5039059519767761,0.519664466381073,0.6959060430526733,0.6381130218505859,0.6446489095687866,0.6308339834213257,0.5440191030502319,0.4573745131492615,0.5263888835906982,0.5208563804626465,0.5985837578773499,0.6478455066680908,0.6348676681518555,0.5514593124389648,0.6493240594863892,0.6241741180419922,0.6605885624885559,0.48108625411987305
2.6,0.66073,0.00208,0.6139271259307861,0.6343566179275513,0.6151187419891357,0.5965495109558105,0.34886935353279114,0.7044135928153992,0.5415283441543579,0.5420280694961548,0.6542321443557739,0.6686119437217712,0.687178909778595,0.583998441696167,0.6520848274230957,0.6621062755584717,0.5039059519767761,0.519664466381073,0.6959060430526733,0.6381130218505859,0.6446489095687866,0.6308339834213257,0.5440191030502319,0.4573745131492615,0.5263888835906982,0.5208563804626465,0.5985837578773499,0.6478455066680908,0.6348676681518555,0.5514593124389648,0.6493240594863892,0.6241741180419922,0.6605885624885559,0.48108625411987305
2.61,0.68481,0.00234,0.6139271259307861,0.6343566179275513,0.6151187419891357,0.5965495109558105,0.34886935353279114,0.7044135928153992,0.5415283441543579,0.5420280694961548,0.6542321443557739,0.6686119437217712,0.687178909778595,0.583998441696167,0.6520848274230957,0.6621062755584717,0.5039059519767761,0.519664466381073,0.6959060430526733,0.6381130218505859,0.6446489095687866,0.6308339834213257,0.5440191030502319,0.4573745131492615,0.5263888835906982,0.5208563804626465,0.5985837578773499,0.6478455066680908,0.6348676681518555,0.5514593124389648,0.6493240594863892,0.6241741180419922,0.6605885624885559,0.48108625411987305
2.62,0.70917,0.0025,0.6139271259307861,0.6343566179275513,0.6151187419891357,0.5965495109558105,0.34886935353279114,0.7044135928153992,0.5415283441543579,0.5420280694961548,0.6542321443557739,0.6686119437217712,0.687178909778595,0.583998441696167,0.6520848274230957,0.6621062755584717,0.5039059519767761,0.519664466381073,0.6959060430526733,0.6381130218505859,0.6446489095687866,0.6308339834213257,0.5440191030502319,0.4573745131492615,0.5263888835906982,0.5208563804626465,0.5985837578773499,0.6478455066680908,0.6348676681518555,0.5514593124389648,0.6493240594863892,0.6241741180419922,0.6605885624885559,0.48108625411987305
2.63,0.73385,0.00256,0.6139271259307861,0.6343566179275513,0.6151187419891357,0.5965495109558105,0.34886935353279114,0.7044135928153992,0.5415283441543579,0.5420280694961548,0.6542321443557739,0.6686119437217712,0.687178909778595,0.583998441696167,0.6520848274230957,0.6621062755584717,0.5039059519767761,0.519664466381073,0.6959060430526733,0.6381130218505859,0.6446489095687866,0.6308339834213257,0.5440191030502319,0.4573745131492615,0.5263888835906982,0.5208563804626465,0.5985837578773499,0.6478455066680908,0.6348676681518555,0.5514593124389648,0.6493240594863892,0.6241741180419922,0.6605885624885559,0.48108625411987305
2.64,0.75884,0.00253,0.7539131045341492,0.7356863021850586,0.7408843040466309,0.7707300186157227,0.5447604656219482,0.7951388955116272,0.8010789155960083,0.8267446756362915,0.7756499648094177,0.7572191953659058,0.7345229983329773,0.758492648601532,0.771260142326355,0.7504440546035767,0.797601044178009,0.7702717781066895,0.760007381439209,0.728813648223877,0.7873927354812622,0.7787625789642334,0.7021409273147583,0.6600157022476196,0.7243965864181519,0.7165035009384155,0.7021294236183167,0.7100784778594971,0.7064076662063599,0.8126767873764038,0.7397288680076599,0.7061180472373962,0.7032567262649536,0.7487457990646362
2.65,0.78418,0.00239,0.7539131045341492,0.7356863021850586,0.7408843040466309,0.7707300186157227,0.5447604656219482,0.7951388955116272,0.8010789155960083,0.8267446756362915,0.7756499648094177,0.7572191953659058,0.7345229983329773,0.758492648601532,0.771260142326355,0.7504440546035767,0.797601044178009,0.7702717781066895,0.760007381439209,0.728813648223877,0.7873927354812622,0.7787625789642334,0.7021409273147583,0.6600157022476196,0.7243965864181519,0.7165035009384155,0.7021294236183167,0.7100784778594971,0.7064076662063599,0.8126767873764038,0.7397288680076599,0.7061180472373962,0.7032567262649536,0.7487457990646362
2.66,0.80987,0.00215,0.7539131045341492,0.7356863021850586,0.7408843040466309,0.7707300186157227,0.5447604656219482,0.7951388955116272,0.8010789155960083,0.8267446756362915,0.7756499648094177,0.7572191953659058,0.7345229983329773,0.758492648601532,0.771260142326355,0.7504440546035767,0.797601044178009,0.7702717781066895,0.760007381439209,0.728813648223877,0.7873927354812622,0.7787625789642334,0.7021409273147583,0.6600157022476196,0.7243965864181519,0.7165035009384155,0.7021294236183167,0.7100784778594971,0.7064076662063599,0.8126767873764038,0.7397288680076599,0.7061180472373962,0.7032567262649536,0.7487457990646362
2.67,0.83595,0.00182,0.7539131045341492,0.7356863021850586,0.7408843040466309,0.7707300186157227,0.5447604656219482,0.7951388955116272,0.8010789155960083,0.8267446756362915,0.7756499648094177,0.7572191953659058,0.7345229983329773,0.758492648601532,0.771260142326355,0.7504440546035767,0.797601044178009,0.7702717781066895,0.760007381439209,0.728813648223877,0.7873927354812622,0.7787625789642334,0.7021409273147583,0.6600157022476196,0.7243965864181519,0.7165035009384155,0.7021294236183167,0.7100784778594971,0.7064076662063599,0.8126767873764038,0.7397288680076599,0.7061180472373962,0.7032567262649536,0.7487457990646362
2.68,0.86243,0.0014,0.7539131045341492,0.7356863021850586,0.7408843040466309,0.7707300186157227,0.5447604656219482,0.7951388955116272,0.8010789155960083,0.8267446756362915,0.7756499648094177,0.7572191953659058,0.7345229983329773,0.758492648601532,0.771260142326355,0.7504440546035767,0.797601044178009,0.7702717781066895,0.760007381439209,0.728813648223877,0.7873927354812622,0.7787625789642334,0.7021409273147583,0.6600157022476196,0.7243965864181519,0.7165035009384155,0.7021294236183167,0.7100784778594971,0.7064076662063599,0.8126767873764038,0.7397288680076599,0.7061180472373962,0.7032567262649536,0.7487457990646362
2.69,0.88942,0.0,0.8432707786560059,0.8852284550666809,0.9041565656661987,0.9278759956359863,0.5723963975906372,0.9002354145050049,0.8442866802215576,0.8458918333053589,0.9048854112625122,0.8728127479553223,0.8723235726356506,0.9159451127052307,0.8829348683357239,0.8740881085395813,0.8490926623344421,0.8572282791137695,0.8892320990562439,0.8562310934066772,0.9022046327590942,0.8904097080230713,0.926338791847229,0.8203461170196533,0.8837890625,0.8869086503982544,0.8808689117431641,0.8958775997161865,0.8586286902427673,0.8425739407539368,0.9176881909370422,0.8727039098739624,0.9359956383705139,0.8458909392356873
2.7,0.91671,0.0,0.8432707786560059,0.8852284550666809,0.9041565656661987,0.9278759956359863,0.5723963975906372,0.9002354145050049,0.8442866802215576,0.8458918333053589,0.9048854112625122,0.8728127479553223,0.8723235726356506,0.9159451127052307,0.8829348683357239,0.8740881085395813,0.8490926623344421,0.8572282791137695,0.8892320990562439,0.8562310934066772,0.9022046327590942,0.8904097080230713,0.926338791847229,0.8203461170196533,0.8837890625,0.8869086503982544,0.8808689117431641,0.8958775997161865,0.8586286902427673,0.8425739407539368,0.9176881909370422,0.8727039098739624,0.9359956383705139,0.8458909392356873
2.71,0.94454,0.0,0.8432707786560059,0.8852284550666809,0.9041565656661987,0.9278759956359863,0.5723963975906372,0.9002354145050049,0.8442866802215576,0.8458918333053589,0.9048854112625122,0.8728127479553223,0.8723235726356506,0.9159451127052307,0.8829348683357239,0.8740881085395813,0.8490926623344421,0.8572282791137695,0.8892320990562439,0.8562310934066772,0.9022046327590942,0.8904097080230713,0.926338791847229,0.8203461170196533,0.8837890625,0.8869086503982544,0.8808689117431641,0.8958775997161865,0.8586286902427673,0.8425739407539368,0.9176881909370422,0.8727039098739624,0.9359956383705139,0.8458909392356873
2.72,0.97288,0.0,0.8432707786560059,0.8852284550666809,0.9041565656661987,0.9278759956359863,0.5723963975906372,0.9002354145050049,0.8442866802215576,0.8458918333053589,0.9048854112625122,0.8728127479553223,0.8723235726356506,0.9159451127052307,0.8829348683357239,0.8740881085395813,0.8490926623344421,0.8572282791137695,0.8892320990562439,0.8562310934066772,0.9022046327590942,0.8904097080230713,0.926338791847229,0.8203461170196533,0.8837890625,0.8869086503982544,0.8808689117431641,0.8958775997161865,0.8586286902427673,0.8425739407539368,0.9176881909370422,0.8727039098739624,0.9359956383705139,0.8458909392356873
2.73,1.00173,0.0,0.8432707786560059,0.8852284550666809,0.9041565656661987,0.9278759956359863,0.5723963975906372,0.9002354145050049,0.8442866802215576,0.8458918333053589,0.9048854112625122,0.8728127479553223,0.8723235726356506,0.9159451127052307,0.8829348683357239,0.8740881085395813,0.8490926623344421,0.8572282791137695,0.8892320990562439,0.8562310934066772,0.9022046327590942,0.8904097080230713,0.926338791847229,0.8203461170196533,0.8837890625,0.8869086503982544,0.8808689117431641,0.8958775997161865,0.8586286902427673,0.8425739407539368,0.9176881909370422,0.8727039098739624,0.9359956383705139,0.8458909392356873
2.74,1.03113,0.0,1.0193665027618408,1.0658998489379883,1.0828218460083008,1.0591683387756348,0.6588870286941528,1.0549407005310059,1.0282446146011353,1.065637230873108,1.0650588274002075,1.059248685836792,1.0833942890167236,1.050423264503479,1.0392078161239624,1.0309027433395386,1.0098087787628174,1.0116010904312134,1.071362018585205,1.0455613136291504,1.0664701461791992,1.0496560335159302,1.0924606323242188,1.0188908576965332,1.0218521356582642,1.0121821165084839,1.0711028575897217,1.1205261945724487,1.0508447885513306,1.0566941499710083,1.076093316078186,1.0218639373779297,1.0378780364990234,0.960144579410553
2.75,1.06108,0.0,1.0193665027618408,1.0658998489379883,1.0828218460083008,1.0591683387756348,0.6588870286941528,1.0549407005310059,1.0282446146011353,1.065637230873108,1.0650588274002075,1.059248685836792,1.0833942890167236,1.050423264503479,1.0392078161239624,1.0309027433395386,1.0098087787628174,1.0116010904312134,1.071362018585205,1.0455613136291504,1.0664701461791992,1.0496560335159302,1.0924606323242188,1.0188908576965332,1.0218521356582642,1.0121821165084839,1.0711028575897217,1.1205261945724487,1.0508447885513306,1.0566941499710083,1.076093316078186,1.0218639373779297,1.0378780364990234,0.960144579410553
2.76,1.08548,0.0,1.0193665027618408,1.0658998489379883,1.0828218460083008,1.0591683387756348,0.6588870286941528,1.0549407005310059,1.0282446146011353,1.065637230873108,1.0650588274002075,1.059248685836792,1.0833942890167236,1.050423264503479,1.0392078161239624,1.0309027433395386,1.0098087787628174,1.0116010904312134,1.071362018585205,1.0455613136291504,1.0664701461791992,1.0496560335159302,1.0924606323242188,1.0188908576965332,1.0218521356582642,1.0121821165084839,1.0711028575897217,1.1205261945724487,1.0508447885513306,1.0566941499710083,1.076093316078186,1.0218639373779297,1.0378780364990234,0.960144579410553
2.77,1.12272,0.0,1.0193665027618408,1.0658998489379883,1.0828218460083008,1.0591683387756348,0.6588870286941528,1.0549407005310059,1.0282446146011353,1.065637230873108,1.0650588274002075,1.059248685836792,1.0833942890167236,1.050423264503479,1.0392078161239624,1.0309027433395386,1.0098087787628174,1.0116010904312134,1.071362018585205,1.0455613136291504,1.0664701461791992,1.0496560335159302,1.0924606323242188,1.0188908576965332,1.0218521356582642,1.0121821165084839,1.0711028575897217,1.1205261945724487,1.0508447885513306,1.0566941499710083,1.076093316078186,1.0218639373779297,1.0378780364990234,0.960144579410553
2.78,1.14806,0.0,1.0193665027618408,1.0658998489379883,1.0828218460083008,1.0591683387756348,0.6588870286941528,1.0549407005310059,1.0282446146011353,1.065637230873108,1.0650588274002075,1.059248685836792,1.0833942890167236,1.050423264503479,1.0392078161239624,1.0309027433395386,1.0098087787628174,1.0116010904312134,1.071362018585205,1.0455613136291504,1.0664701461791992,1.0496560335159302,1.0924606323242188,1.0188908576965332,1.0218521356582642,1.0121821165084839,1.0711028575897217,1.1205261945724487,1.0508447885513306,1.0566941499710083,1.076093316078186,1.0218639373779297,1.0378780364990234,0.960144579410553
2.79,1.18675,0.0,1.2403582334518433,1.3020364046096802,1.3326177597045898,1.3307656049728394,1.417256236076355,1.2676918506622314,1.2882964611053467,1.3084911108016968,1.2909162044525146,1.3132447004318237,1.3188714981079102,1.3178186416625977,1.2710601091384888,1.2396631240844727,1.321150302886963,1.2995051145553589,1.272637128829956,1.2637685537338257,1.2648884057998657,1.2384612560272217,1.277371883392334,1.2181626558303833,1.2312477827072144,1.2267532348632812,1.2643686532974243,1.334036111831665,1.2633531093597412,1.197097897529602,1.2962329387664795,1.232576847076416,1.2471262216567993,1.2426481246948242
2.8,1.21307,0.0,1.2403582334518433,1.3020364046096802,1.3326177597045898,1.3307656049728394,1.417256236076355,1.2676918506622314,1.2882964611053467,1.3084911108016968,1.2909162044525146,1.3132447004318237,1.3188714981079102,1.3178186416625977,1.2710601091384888,1.2396631240844727,1.321150302886963,1.2995051145553589,1.272637128829956,1.2637685537338257,1.2648884057998657,1.2384612560272217,1.277371883392334,1.2181626558303833,1.2312477827072144,1.2267532348632812,1.2643686532974243,1.334036111831665,1.2633531093597412,1.197097897529602,1.2962329387664795,1.232576847076416,1.2471262216567993,1.2426481246948242
2.81,1.25322,0.0,1.2403582334518433,1.3020364046096802,1.3326177597045898,1.3307656049728394,1.417256236076355,1.2676918506622314,1.2882964611053467,1.3084911108016968,1.2909162044525146,1.3132447004318237,1.3188714981079102,1.3178186416625977,1.2710601091384888,1.2396631240844727,1.321150302886963,1.2995051145553589,1.272637128829956,1.2637685537338257,1.2648884057998657,1.2384612560272217,1.277371883392334,1.2181626558303833,1.2312477827072144,1.2267532348632812,1.2643686532974243,1.334036111831665,1.2633531093597412,1.197097897529602,1.2962329387664795,1.232576847076416,1.2471262216567993,1.2426481246948242
2.82,1.28737,0.0,1.2403582334518433,1.3020364046096802,1.3326177597045898,1.3307656049728394,1.417256236076355,1.2676918506622314,1.2882964611053467,1.3084911108016968,1.2909162044525146,1.3132447004318237,1.3188714981079102,1.3178186416625977,1.2710601091384888,1.2396631240844727,1.321150302886963,1.2995051145553589,1.272637128829956,1.2637685537338257,1.2648884057998657,1.2384612560272217,1.277371883392334,1.2181626558303833,1.2312477827072144,1.2267532348632812,1.2643686532974243,1.334036111831665,1.2633531093597412,1.197097897529602,1.2962329387664795,1.232576847076416,1.2471262216567993,1.2426481246948242
2.83,1.32213,0.0,1.2403582334518433,1.3020364046096802,1.3326177597045898,1.3307656049728394,1.417256236076355,1.2676918506622314,1.2882964611053467,1.3084911108016968,1.2909162044525146,1.3132447004318237,1.3188714981079102,1.3178186416625977,1.2710601091384888,1.2396631240844727,1.321150302886963,1.2995051145553589,1.272637128829956,1.2637685537338257,1.2648884057998657,1.2384612560272217,1.277371883392334,1.2181626558303833,1.2312477827072144,1.2267532348632812,1.2643686532974243,1.334036111831665,1.2633531093597412,1.197097897529602,1.2962329387664795,1.232576847076416,1.2471262216567993,1.2426481246948242
2.84,1.35748,0.0,1.4385868310928345,1.463475227355957,1.499215006828308,1.4845058917999268,1.6311933994293213,1.4484052658081055,1.4113917350769043,1.4314942359924316,1.4941952228546143,1.5065594911575317,1.4860525131225586,1.4788599014282227,1.46212899684906,1.3959987163543701,1.4013826847076416,1.412000060081482,1.4429982900619507,1.4436591863632202,1.4541579484939575,1.424113154411316,1.447380542755127,1.4010064601898193,1.4381667375564575,1.4259451627731323,1.4395642280578613,1.528760313987732,1.4838305711746216,1.4279059171676636,1.4761974811553955,1.4425244331359863,1.4625602960586548,1.4304914474487305
2.85,1.39343,0.0,1.4385868310928345,1.463475227355957,1.499215006828308,1.4845058917999268,1.6311933994293213,1.4484052658081055,1.4113917350769043,1.4314942359924316,1.4941952228546143,1.5065594911575317,1.4860525131225586,1.4788599014282227,1.46212899684906,1.3959987163543701,1.4013826847076416,1.412000060081482,1.4429982900619507,1.4436591863632202,1.4541579484939575,1.424113154411316,1.447380542755127,1.4010064601898193,1.4381667375564575,1.4259451627731323,1.4395642280578613,1.528760313987732,1.4838305711746216,1.4279059171676636,1.4761974811553955,1.4425244331359863,1.4625602960586548,1.4304914474487305
2.86,1.42994,0.0,1.4385868310928345,1.463475227355957,1.499215006828308,1.4845058917999268,1.6311933994293213,1.4484052658081055,1.4113917350769043,1.4314942359924316,1.4941952228546143,1.5065594911575317,1.4860525131225586,1.4788599014282227,1.46212899684906,1.3959987163543701,1.4013826847076416,1.412000060081482,1.4429982900619507,1.4436591863632202,1.4541579484939575,1.424113154411316,1.447380542755127,1.4010064601898193,1.4381667375564575,1.4259451627731323,1.4395642280578613,1.528760313987732,1.4838305711746216,1.4279059171676636,1.4761974811553955,1.4425244331359863,1.4625602960586548,1.4304914474487305
2.87,1.46701,0.0,1.4385868310928345,1.463475227355957,1.499215006828308,1.4845058917999268,1.6311933994293213,1.4484052658081055,1.4113917350769043,1.4314942359924316,1.4941952228546143,1.5065594911575317,1.4860525131225586,1.4788599014282227,1.46212899684906,1.3959987163543701,1.4013826847076416,1.412000060081482,1.4429982900619507,1.4436591863632202,1.4541579484939575,1.424113154411316,1.447380542755127,1.4010064601898193,1.4381667375564575,1.4259451627731323,1.4395642280578613,1.528760313987732,1.4838305711746216,1.4279059171676636,1.4761974811553955,1.4425244331359863,1.4625602960586548,1.4304914474487305
2.88,1.50461,0.0,1.4385868310928345,1.463475227355957,1.499215006828308,1.4845058917999268,1.6311933994293213,1.4484052658081055,1.4113917350769043,1.4314942359924316,1.4941952228546143,1.5065594911575317,1.4860525131225586,1.4788599014282227,1.46212899684906,1.3959987163543701,1.4013826847076416,1.412000060081482,1.4429982900619507,1.4436591863632202,1.4541579484939575,1.424113154411316,1.447380542755127,1.4010064601898193,1.4381667375564575,1.4259451627731323,1.4395642280578613,1.528760313987732,1.4838305711746216,1.4279059171676636,1.4761974811553955,1.4425244331359863,1.4625602960586548,1.4304914474487305
2.89,1.54274,0.0,1.551313877105713,1.5481345653533936,1.5824164152145386,1.5605154037475586,1.6662583351135254,1.585111141204834,1.5590285062789917,1.576704740524292,1.6327234506607056,1.607532262802124,1.5824601650238037,1.5789000988006592,1.6191538572311401,1.5439857244491577,1.5638244152069092,1.5644309520721436,1.5713138580322266,1.577046275138855,1.605445384979248,1.5811452865600586,1.5921962261199951,1.555773377418518,1.6080139875411987,1.593749761581421,1.5390489101409912,1.6310838460922241,1.6296439170837402,1.5736092329025269,1.6015138626098633,1.6119264364242554,1.6061216592788696,1.5631943941116333
2.9,1.58133,0.0,1.551313877105713,1.5481345653533936,1.5824164152145386,1.5605154037475586,1.6662583351135254,1.585111141204834,1.5590285062789917,1.576704740524292,1.6327234506607056,1.607532262802124,1.5824601650238037,1.5789000988006592,1.6191538572311401,1.5439857244491577,1.5638244152069092,1.5644309520721436,1.5713138580322266,1.577046275138855,1.605445384979248,1.5811452865600586,1.5921962261199951,1.555773377418518,1.6080139875411987,1.593749761581421,1.5390489101409912,1.6310838460922241,1.6296439170837402,1.5736092329025269,1.6015138626098633,1.6119264364242554,1.6061216592788696,1.5631943941116333
2.91,1.62039,0.0,1.551313877105713,1.5481345653533936,1.5824164152145386,1.5605154037475586,1.6662583351135254,1.585111141204834,1.5590285062789917,1.576704740524292,1.6327234506607056,1.607532262802124,1.5824601650238037,1.5789000988006592,1.6191538572311401,1.5439857244491577,1.5638244152069092,1.5644309520721436,1.5713138580322266,1.577046275138855,1.605445384979248,1.5811452865600586,1.5921962261199951,1.555773377418518,1.6080139875411987,1.593749761581421,1.5390489101409912,1.6310838460922241,1.6296439170837402,1.5736092329025269,1.6015138626098633,1.6119264364242554,1.6061216592788696,1.5631943941116333
2.92,1.65989,0.0,1.551313877105713,1.5481345653533936,1.5824164152145386,1.5605154037475586,1.6662583351135254,1.585111141204834,1.5590285062789917,1.576704740524292,1.6327234506607056,1.607532262802124,1.5824601650238037,1.5789000988006592,1.6191538572311401,1.5439857244491577,1.5638244152069092,1.5644309520721436,1.5713138580322266,1.577046275138855,1.605445384979248,1.5811452865600586,1.5921962261199951,1.555773377418518,1.6080139875411987,1.593749761581421,1.5390489101409912,1.6310838460922241,1.6296439170837402,1.5736092329025269,1.6015138626098633,1.6119264364242554,1.6061216592788696,1.5631943941116333
2.93,1.6998,0.0,1.551313877105713,1.5481345653533936,1.5824164152145386,1.5605154037475586,1.6662583351135254,1.585111141204834,1.5590285062789917,1.576704740524292,1.6327234506607056,1.607532262802124,1.5824601650238037,1.5789000988006592,1.6191538572311401,1.5439857244491577,1.5638244152069092,1.5644309520721436,1.5713138580322266,1.577046275138855,1.605445384979248,1.5811452865600586,1.5921962261199951,1.555773377418518,1.6080139875411987,1.593749761581421,1.5390489101409912,1.6310838460922241,1.6296439170837402,1.5736092329025269,1.6015138626098633,1.6119264364242554,1.6061216592788696,1.5631943941116333
2.94,1.74009,0.0,1.6609225273132324,1.6959021091461182,1.7326523065567017,1.7289619445800781,1.5822089910507202,1.7370109558105469,1.7261024713516235,1.7409526109695435,1.777877926826477,1.738022804260254,1.727099061012268,1.7608253955841064,1.7532258033752441,1.6976070404052734,1.737631916999817,1.7345705032348633,1.732407808303833,1.7404537200927734,1.7768455743789673,1.7591100931167603,1.7710909843444824,1.732018232345581,1.791358470916748,1.7769428491592407,1.699526071548462,1.76451575756073,1.7747833728790283,1.7769274711608887,1.7677853107452393,1.774219274520874,1.7940127849578857,1.7288973331451416
2.95,1.78072,0.0,1.6609225273132324,1.6959021091461182,1.7326523065567017,1.7289619445800781,1.5822089910507202,1.7370109558105469,1.7261024713516235,1.7409526109695435,1.777877926826477,1.738022804260254,1.727099061012268,1.7608253955841064,1.7532258033752441,1.6976070404052734,1.737631916999817,1.7345705032348633,1.732407808303833,1.7404537200927734,1.7768455743789673,1.7591100931167603,1.7710909843444824,1.732018232345581,1.791358470916748,1.7769428491592407,1.699526071548462,1.76451575756073,1.7747833728790283,1.7769274711608887,1.7677853107452393,1.774219274520874,1.7940127849578857,1.7288973331451416
2.96,1.82166,0.0,1.6609225273132324,1.6959021091461182,1.7326523065567017,1.7289619445800781,1.5822089910507202,1.7370109558105469,1.7261024713516235,1.7409526109695435,1.777877926826477,1.738022804260254,1.727099061012268,1.7608253955841064,1.7532258033752441,1.6976070404052734,1.737631916999817,1.7345705032348633,1.732407808303833,1.7404537200927734,1.7768455743789673,1.7591100931167603,1.7710909843444824,1.732018232345581,1.791358470916748,1.7769428491592407,1.699526071548462,1.76451575756073,1.7747833728790283,1.7769274711608887,1.7677853107452393,1.774219274520874,1.7940127849578857,1.7288973331451416
2.97,1.8629,0.0,1.6609225273132324,1.6959021091461182,1.7326523065567017,1.7289619445800781,1.5822089910507202,1.7370109558105469,1.7261024713516235,1.7409526109695435,1.777877926826477,1.738022804260254,1.727099061012268,1.7608253955841064,1.7532258033752441,1.6976070404052734,1.737631916999817,1.7345705032348633,1.732407808303833,1.7404537200927734,1.7768455743789673,1.7591100931167603,1.7710909843444824,1.732018232345581,1.791358470916748,1.7769428491592407,1.699526071548462,1.76451575756073,1.7747833728790283,1.7769274711608887,1.7677853107452393,1.774219274520874,1.7940127849578857,1.7288973331451416
2.98,1.9044,0.0,1.6609225273132324,1.6959021091461182,1.7326523065567017,1.7289619445800781,1.5822089910507202,1.7370109558105469,1.7261024713516235,1.7409526109695435,1.777877926826477,1.738022804260254,1.727099061012268,1.7608253955841064,1.7532258033752441,1.6976070404052734,1.737631916999817,1.7345705032348633,1.732407808303833,1.7404537200927734,1.7768455743789673,1.7591100931167603,1.7710909843444824,1.732018232345581,1.791358470916748,1.7769428491592407,1.699526071548462,1.76451575756073,1.7747833728790283,1.7769274711608887,1.7677853107452393,1.774219274520874,1.7940127849578857,1.7288973331451416
2.99,1.94615,0.0,1.834957242012024,1.917607307434082,1.9517017602920532,1.9428657293319702,1.5733987092971802,1.9352202415466309,1.9368678331375122,1.955720067024231,1.9678791761398315,1.9509607553482056,1.9444172382354736,1.9639217853546143,1.9141478538513184,1.9171221256256104,1.9426692724227905,1.933923602104187,1.9450926780700684,1.9410215616226196,1.9767115116119385,1.9612526893615723,1.95304274559021,1.901831030845642,1.9657727479934692,1.9506703615188599,1.9251677989959717,1.9712707996368408,1.9618748426437378,1.9578884840011597,1.9728899002075195,1.9509915113449097,1.968023657798767,1.9144960641860962
3.0,1.98808,0.0,1.834957242012024,1.917607307434082,1.9517017602920532,1.9428657293319702,1.5733987092971802,1.9352202415466309,1.9368678331375122,1.955720067024231,1.9678791761398315,1.9509607553482056,1.9444172382354736,1.9639217853546143,1.9141478538513184,1.9171221256256104,1.9426692724227905,1.933923602104187,1.9450926780700684,1.9410215616226196,1.9767115116119385,1.9612526893615723,1.95304274559021,1.901831030845642,1.9657727479934692,1.9506703615188599,1.9251677989959717,1.9712707996368408,1.9618748426437378,1.9578884840011597,1.9728899002075195,1.9509915113449097,1.968023657798767,1.9144960641860962
3.01,2.02177,0.0,1.834957242012024,1.917607307434082,1.9517017602920532,1.9428657293319702,1.5733987092971802,1.9352202415466309,1.9368678331375122,1.955720067024231,1.9678791761398315,1.9509607553482056,1.9444172382354736,1.9639217853546143,1.9141478538513184,1.9171221256256104,1.9426692724227905,1.933923602104187,1.9450926780700684,1.9410215616226196,1.9767115116119385,1.9612526893615723,1.95304274559021,1.901831030845642,1.9657727479934692,1.9506703615188599,1.9251677989959717,1.9712707996368408,1.9618748426437378,1.9578884840011597,1.9728899002075195,1.9509915113449097,1.968023657798767,1.9144960641860962
3.02,2.0725,0.0,1.834957242012024,1.917607307434082,1.9517017602920532,1.9428657293319702,1.5733987092971802,1.9352202415466309,1.9368678331375122,1.955720067024231,1.9678791761398315,1.9509607553482056,1.9444172382354736,1.9639217853546143,1.9141478538513184,1.9171221256256104,1.9426692724227905,1.933923602104187,1.9450926780700684,1.9410215616226196,1.9767115116119385,1.9612526893615723,1.95304274559021,1.901831030845642,1.9657727479934692,1.9506703615188599,1.9251677989959717,1.9712707996368408,1.9618748426437378,1.9578884840011597,1.9728899002075195,1.9509915113449097,1.968023657798767,1.9144960641860962
3.03,2.10644,0.0,1.834957242012024,1.917607307434082,1.9517017602920532,1.9428657293319702,1.5733987092971802,1.9352202415466309,1.9368678331375122,1.955720067024231,1.9678791761398315,1.9509607553482056,1.9444172382354736,1.9639217853546143,1.9141478538513184,1.9171221256256104,1.9426692724227905,1.933923602104187,1.9450926780700684,1.9410215616226196,1.9767115116119385,1.9612526893615723,1.95304274559021,1.901831030845642,1.9657727479934692,1.9506703615188599,1.9251677989959717,1.9712707996368408,1.9618748426437378,1.9578884840011597,1.9728899002075195,1.9509915113449097,1.968023657798767,1.9144960641860962
3.04,2.1575,0.0,1.988795280456543,2.116140604019165,2.1437251567840576,2.12876296043396,1.9240669012069702,2.135491371154785,2.137225389480591,2.1494717597961426,2.1612653732299805,2.1583056449890137,2.1420674324035645,2.139228343963623,2.0926260948181152,2.0784878730773926,2.1405463218688965,2.122074604034424,2.1511423587799072,2.138312339782715,2.1635825634002686,2.1437580585479736,2.1193599700927734,2.0664331912994385,2.1234138011932373,2.1056394577026367,2.089864730834961,2.1607534885406494,2.1357715129852295,2.120208978652954,2.14269757270813,2.1091623306274414,2.1231088638305664,2.0608115196228027
3.05,2.19163,0.0,1.988795280456543,2.116140604019165,2.1437251567840576,2.12876296043396,1.9240669012069702,2.135491371154785,2.137225389480591,2.1494717597961426,2.1612653732299805,2.1583056449890137,2.1420674324035645,2.139228343963623,2.0926260948181152,2.0784878730773926,2.1405463218688965,2.122074604034424,2.1511423587799072,2.138312339782715,2.1635825634002686,2.1437580585479736,2.1193599700927734,2.0664331912994385,2.1234138011932373,2.1056394577026367,2.089864730834961,2.1607534885406494,2.1357715129852295,2.120208978652954,2.14269757270813,2.1091623306274414,2.1231088638305664,2.0608115196228027
3.06,2.24294,0.0,1.988795280456543,2.116140604019165,2.1437251567840576,2.12876296043396,1.9240669012069702,2.135491371154785,2.137225389480591,2.1494717597961426,2.1612653732299805,2.1583056449890137,2.1420674324035645,2.139228343963623,2.0926260948181152,2.0784878730773926,2.1405463218688965,2.122074604034424,2.1511423587799072,2.138312339782715,2.1635825634002686,2.1437580585479736,2.1193599700927734,2.0664331912994385,2.1234138011932373,2.1056394577026367,2.089864730834961,2.1607534885406494,2.1357715129852295,2.120208978652954,2.14269757270813,2.1091623306274414,2.1231088638305664,2.0608115196228027
3.07,2.27722,0.0,1.988795280456543,2.116140604019165,2.1437251567840576,2.12876296043396,1.9240669012069702,2.135491371154785,2.137225389480591,2.1494717597961426,2.1612653732299805,2.1583056449890137,2.1420674324035645,2.139228343963623,2.0926260948181152,2.0784878730773926,2.1405463218688965,2.122074604034424,2.1511423587799072,2.138312339782715,2.1635825634002686,2.1437580585479736,2.1193599700927734,2.0664331912994385,2.1234138011932373,2.1056394577026367,2.089864730834961,2.1607534885406494,2.1357715129852295,2.120208978652954,2.14269757270813,2.1091623306274414,2.1231088638305664,2.0608115196228027
3.08,2.32874,0.0,1.988795280456543,2.116140604019165,2.1437251567840576,2.12876296043396,1.9240669012069702,2.135491371154785,2.137225389480591,2.1494717597961426,2.1612653732299805,2.1583056449890137,2.1420674324035645,2.139228343963623,2.0926260948181152,2.0784878730773926,2.1405463218688965,2.122074604034424,2.1511423587799072,2.138312339782715,2.1635825634002686,2.1437580585479736,2.1193599700927734,2.0664331912994385,2.1234138011932373,2.1056394577026367,2.089864730834961,2.1607534885406494,2.1357715129852295,2.120208978652954,2.14269757270813,2.1091623306274414,2.1231088638305664,2.0608115196228027
3.09,2.37174,0.0,2.1947755813598633,2.3290457725524902,2.3531346321105957,2.3463151454925537,2.3484926223754883,2.3425145149230957,2.3460144996643066,2.3593788146972656,2.365297794342041,2.3623409271240234,2.3445279598236084,2.358649730682373,2.299711227416992,2.269533634185791,2.35601544380188,2.3297512531280518,2.364070415496826,2.363424062728882,2.386457681655884,2.364041805267334,2.3716378211975098,2.3245043754577637,2.3776605129241943,2.3676035404205322,2.3402440547943115,2.4081923961639404,2.3811683654785156,2.374814748764038,2.3708019256591797,2.37223744392395,2.392219305038452,2.354560136795044
3.1,2.41482,0.0,2.1947755813598633,2.3290457725524902,2.3531346321105957,2.3463151454925537,2.3484926223754883,2.3425145149230957,2.3460144996643066,2.3593788146972656,2.365297794342041,2.3623409271240234,2.3445279598236084,2.358649730682373,2.299711227416992,2.269533634185791,2.35601544380188,2.3297512531280518,2.364070415496826,2.363424062728882,2.386457681655884,2.364041805267334,2.3716378211975098,2.3245043754577637,2.3776605129241943,2.3676035404205322,2.3402440547943115,2.4081923961639404,2.3811683654785156,2.374814748764038,2.3708019256591797,2.37223744392395,2.392219305038452,2.354560136795044
3.11,2.45796,0.0,2.1947755813598633,2.3290457725524902,2.3531346321105957,2.3463151454925537,2.3484926223754883,2.3425145149230957,2.3460144996643066,2.3593788146972656,2.365297794342041,2.3623409271240234,2.3445279598236084,2.358649730682373,2.299711227416992,2.269533634185791,2.35601544380188,2.3297512531280518,2.364070415496826,2.363424062728882,2.386457681655884,2.364041805267334,2.3716378211975098,2.3245043754577637,2.3776605129241943,2.3676035404205322,2.3402440547943115,2.4081923961639404,2.3811683654785156,2.374814748764038,2.3708019256591797,2.37223744392395,2.392219305038452,2.354560136795044
3.12,2.50117,0.0,2.1947755813598633,2.3290457725524902,2.3531346321105957,2.3463151454925537,2.3484926223754883,2.3425145149230957,2.3460144996643066,2.3593788146972656,2.365297794342041,2.3623409271240234,2.3445279598236084,2.358649730682373,2.299711227416992,2.269533634185791,2.35601544380188,2.3297512531280518,2.364070415496826,2.363424062728882,2.386457681655884,2.364041805267334,2.3716378211975098,2.3245043754577637,2.3776605129241943,2.3676035404205322,2.3402440547943115,2.4081923961639404,2.3811683654785156,2.374814748764038,2.3708019256591797,2.37223744392395,2.392219305038452,2.354560136795044
3.13,2.54445,0.0,2.1947755813598633,2.3290457725524902,2.3531346321105957,2.3463151454925537,2.3484926223754883,2.3425145149230957,2.3460144996643066,2.3593788146972656,2.365297794342041,2.3623409271240234,2.3445279598236084,2.358649730682373,2.299711227416992,2.269533634185791,2.35601544380188,2.3297512531280518,2.364070415496826,2.363424062728882,2.386457681655884,2.364041805267334,2.3716378211975098,2.3245043754577637,2.3776605129241943,2.3676035404205322,2.3402440547943115,2.4081923961639404,2.3811683654785156,2.374814748764038,2.3708019256591797,2.37223744392395,2.392219305038452,2.354560136795044
3.14,2.5878,0.0,2.43489933013916,2.5624420642852783,2.580500841140747,2.5770442485809326,2.63552188873291,2.5644783973693848,2.5794997215270996,2.5913913249969482,2.5876338481903076,2.5905914306640625,2.57889723777771,2.5913796424865723,2.5191972255706787,2.493117094039917,2.5970096588134766,2.565523386001587,2.590653657913208,2.592683792114258,2.6135594844818115,2.590468406677246,2.6410064697265625,2.586620807647705,2.6315557956695557,2.6202855110168457,2.5928421020507812,2.660392999649048,2.633849620819092,2.610241651535034,2.627711772918701,2.6319851875305176,2.640486717224121,2.634636402130127
3.15,2.63123,0.0,2.43489933013916,2.5624420642852783,2.580500841140747,2.5770442485809326,2.63552188873291,2.5644783973693848,2.5794997215270996,2.5913913249969482,2.5876338481903076,2.5905914306640625,2.57889723777771,2.5913796424865723,2.5191972255706787,2.493117094039917,2.5970096588134766,2.565523386001587,2.590653657913208,2.592683792114258,2.6135594844818115,2.590468406677246,2.6410064697265625,2.586620807647705,2.6315557956695557,2.6202855110168457,2.5928421020507812,2.660392999649048,2.633849620819092,2.610241651535034,2.627711772918701,2.6319851875305176,2.640486717224121,2.634636402130127
3.16,2.67474,0.0,2.43489933013916,2.5624420642852783,2.580500841140747,2.5770442485809326,2.63552188873291,2.5644783973693848,2.5794997215270996,2.5913913249969482,2.5876338481903076,2.5905914306640625,2.57889723777771,2.5913796424865723,2.5191972255706787,2.493117094039917,2.5970096588134766,2.565523386001587,2.590653657913208,2.592683792114258,2.6135594844818115,2.590468406677246,2.6410064697265625,2.586620807647705,2.6315557956695557,2.6202855110168457,2.5928421020507812,2.660392999649048,2.633849620819092,2.610241651535034,2.627711772918701,2.6319851875305176,2.640486717224121,2.634636402130127
3.17,2.71834,0.0,2.43489933013916,2.5624420642852783,2.580500841140747,2.5770442485809326,2.63552188873291,2.5644783973693848,2.5794997215270996,2.5913913249969482,2.5876338481903076,2.5905914306640625,2.57889723777771,2.5913796424865723,2.5191972255706787,2.493117094039917,2.5970096588134766,2.565523386001587,2.590653657913208,2.592683792114258,2.6135594844818115,2.590468406677246,2.6410064697265625,2.586620807647705,2.6315557956695557,2.6202855110168457,2.5928421020507812,2.660392999649048,2.633849620819092,2.610241651535034,2.627711772918701,2.6319851875305176,2.640486717224121,2.634636402130127
3.18,2.76204,0.0,2.43489933013916,2.5624420642852783,2.580500841140747,2.5770442485809326,2.63552188873291,2.5644783973693848,2.5794997215270996,2.5913913249969482,2.5876338481903076,2.5905914306640625,2.57889723777771,2.5913796424865723,2.5191972255706787,2.493117094039917,2.5970096588134766,2.565523386001587,2.590653657913208,2.592683792114258,2.6135594844818115,2.590468406677246,2.6410064697265625,2.586620807647705,2.6315557956695557,2.6202855110168457,2.5928421020507812,2.660392999649048,2.633849620819092,2.610241651535034,2.627711772918701,2.6319851875305176,2.640486717224121,2.634636402130127
3.19,2.80587,0.0,2.6311898231506348,2.7632527351379395,2.7757694721221924,2.7710156440734863,2.6554183959960938,2.77276349067688,2.768373727798462,2.7787539958953857,2.79282546043396,2.795915365219116,2.780866861343384,2.775151014328003,2.724003314971924,2.757805585861206,2.7716586589813232,2.739156484603882,2.7844836711883545,2.778646945953369,2.8026068210601807,2.7775721549987793,2.787445306777954,2.7432475090026855,2.79291033744812,2.7780139446258545,2.7468197345733643,2.819772720336914,2.806478977203369,2.7779815196990967,2.8019800186157227,2.790609836578369,2.7908506393432617,2.751769542694092
3.2,2.84975,0.0,2.6311898231506348,2.7632527351379395,2.7757694721221924,2.7710156440734863,2.6554183959960938,2.77276349067688,2.768373727798462,2.7787539958953857,2.79282546043396,2.795915365219116,2.780866861343384,2.775151014328003,2.724003314971924,2.757805585861206,2.7716586589813232,2.739156484603882,2.7844836711883545,2.778646945953369,2.8026068210601807,2.7775721549987793,2.787445306777954,2.7432475090026855,2.79291033744812,2.7780139446258545,2.7468197345733643,2.819772720336914,2.806478977203369,2.7779815196990967,2.8019800186157227,2.790609836578369,2.7908506393432617,2.751769542694092
3.21,2.89378,0.0,2.6311898231506348,2.7632527351379395,2.7757694721221924,2.7710156440734863,2.6554183959960938,2.77276349067688,2.768373727798462,2.7787539958953857,2.79282546043396,2.795915365219116,2.780866861343384,2.775151014328003,2.724003314971924,2.757805585861206,2.7716586589813232,2.739156484603882,2.7844836711883545,2.778646945953369,2.8026068210601807,2.7775721549987793,2.787445306777954,2.7432475090026855,2.79291033744812,2.7780139446258545,2.7468197345733643,2.819772720336914,2.806478977203369,2.7779815196990967,2.8019800186157227,2.790609836578369,2.7908506393432617,2.751769542694092
3.22,2.93795,0.0,2.6311898231506348,2.7632527351379395,2.7757694721221924,2.7710156440734863,2.6554183959960938,2.77276349067688,2.768373727798462,2.7787539958953857,2.79282546043396,2.795915365219116,2.780866861343384,2.775151014328003,2.724003314971924,2.757805585861206,2.7716586589813232,2.739156484603882,2.7844836711883545,2.778646945953369,2.8026068210601807,2.7775721549987793,2.787445306777954,2.7432475090026855,2.79291033744812,2.7780139446258545,2.7468197345733643,2.819772720336914,2.806478977203369,2.7779815196990967,2.8019800186157227,2.790609836578369,2.7908506393432617,2.751769542694092
3.23,2.98224,0.0,2.6311898231506348,2.7632527351379395,2.7757694721221924,2.7710156440734863,2.6554183959960938,2.77276349067688,2.768373727798462,2.7787539958953857,2.79282546043396,2.795915365219116,2.780866861343384,2.775151014328003,2.724003314971924,2.757805585861206,2.7716586589813232,2.739156484603882,2.7844836711883545,2.778646945953369,2.8026068210601807,2.7775721549987793,2.787445306777954,2.7432475090026855,2.79291033744812,2.7780139446258545,2.7468197345733643,2.819772720336914,2.806478977203369,2.7779815196990967,2.8019800186157227,2.790609836578369,2.7908506393432617,2.751769542694092
3.24,3.02667,0.0,2.8207039833068848,2.986340284347534,2.996783971786499,2.99788498878479,2.7598705291748047,2.989415407180786,3.0031237602233887,3.012300968170166,3.0100905895233154,3.0099005699157715,2.9955339431762695,3.0035812854766846,2.9406254291534424,2.959620952606201,3.0178332328796387,2.9818274974823,3.0022737979888916,2.997389078140259,3.0254273414611816,3.000425100326538,3.015542507171631,2.9754300117492676,3.026538610458374,3.0129361152648926,2.9697070121765137,3.041163206100464,3.0224556922912598,3.0206706523895264,3.0254464149475098,3.0158138275146484,3.0306174755096436,2.979099750518799
3.25,3.07124,0.00131,2.8207039833068848,2.986340284347534,2.996783971786499,2.99788498878479,2.7598705291748047,2.989415407180786,3.0031237602233887,3.012300968170166,3.0100905895233154,3.0099005699157715,2.9955339431762695,3.0035812854766846,2.9406254291534424,2.959620952606201,3.0178332328796387,2.9818274974823,3.0022737979888916,2.997389078140259,3.0254273414611816,3.000425100326538,3.015542507171631,2.9754300117492676,3.026538610458374,3.0129361152648926,2.9697070121765137,3.041163206100464,3.0224556922912598,3.0206706523895264,3.0254464149475098,3.0158138275146484,3.0306174755096436,2.979099750518799
3.26,3.10704,0.00155,2.8207039833068848,2.986340284347534,2.996783971786499,2.99788498878479,2.7598705291748047,2.989415407180786,3.0031237602233887,3.012300968170166,3.0100905895233154,3.0099005699157715,2.9955339431762695,3.0035812854766846,2.9406254291534424,2.959620952606201,3.0178332328796387,2.9818274974823,3.0022737979888916,2.997389078140259,3.0254273414611816,3.000425100326538,3.015542507171631,2.9754300117492676,3.026538610458374,3.0129361152648926,2.9697070121765137,3.041163206100464,3.0224556922912598,3.0206706523895264,3.0254464149475098,3.0158138275146484,3.0306174755096436,2.979099750518799
3.27,3.16084,0.00189,2.8207039833068848,2.986340284347534,2.996783971786499,2.99788498878479,2.7598705291748047,2.989415407180786,3.0031237602233887,3.012300968170166,3.0100905895233154,3.0099005699157715,2.9955339431762695,3.0035812854766846,2.9406254291534424,2.959620952606201,3.0178332328796387,2.9818274974823,3.0022737979888916,2.997389078140259,3.0254273414611816,3.000425100326538,3.015542507171631,2.9754300117492676,3.026538610458374,3.0129361152648926,2.9697070121765137,3.041163206100464,3.0224556922912598,3.0206706523895264,3.0254464149475098,3.0158138275146484,3.0306174755096436,2.979099750518799
3.28,3.19689,0.00209,2.8207039833068848,2.986340284347534,2.996783971786499,2.99788498878479,2.7598705291748047,2.989415407180786,3.0031237602233887,3.012300968170166,3.0100905895233154,3.0099005699157715,2.9955339431762695,3.0035812854766846,2.9406254291534424,2.959620952606201,3.0178332328796387,2.9818274974823,3.0022737979888916,2.997389078140259,3.0254273414611816,3.000425100326538,3.015542507171631,2.9754300117492676,3.026538610458374,3.0129361152648926,2.9697070121765137,3.041163206100464,3.0224556922912598,3.0206706523895264,3.0254464149475098,3.0158138275146484,3.0306174755096436,2.979099750518799
3.29,3.25107,0.00237,3.0452561378479004,3.2058448791503906,3.2120513916015625,3.214920997619629,2.9575376510620117,3.207977533340454,3.2127506732940674,3.222106456756592,3.2291622161865234,3.225712776184082,3.2130727767944336,3.2156760692596436,3.1387505531311035,3.1910626888275146,3.2156221866607666,3.180433511734009,3.2268221378326416,3.221327304840088,3.2477729320526123,3.2216811180114746,3.2554662227630615,3.2046847343444824,3.260535955429077,3.2480244636535645,3.203707218170166,3.2794082164764404,3.2545270919799805,3.2393405437469482,3.2510666847229004,3.2650511264801025,3.2686047554016113,3.257103681564331
3.3,3.28735,0.00253,3.0452561378479004,3.2058448791503906,3.2120513916015625,3.214920997619629,2.9575376510620117,3.207977533340454,3.2127506732940674,3.222106456756592,3.2291622161865234,3.225712776184082,3.2130727767944336,3.2156760692596436,3.1387505531311035,3.1910626888275146,3.2156221866607666,3.180433511734009,3.2268221378326416,3.221327304840088,3.2477729320526123,3.2216811180114746,3.2554662227630615,3.2046847343444824,3.260535955429077,3.2480244636535645,3.203707218170166,3.2794082164764404,3.2545270919799805,3.2393405437469482,3.2510666847229004,3.2650511264801025,3.2686047554016113,3.257103681564331
3.31,3.34189,0.00275,3.0452561378479004,3.2058448791503906,3.2120513916015625,3.214920997619629,2.9575376510620117,3.207977533340454,3.2127506732940674,3.222106456756592,3.2291622161865234,3.225712776184082,3.2130727767944336,3.2156760692596436,3.1387505531311035,3.1910626888275146,3.2156221866607666,3.180433511734009,3.2268221378326416,3.221327304840088,3.2477729320526123,3.2216811180114746,3.2554662227630615,3.2046847343444824,3.260535955429077,3.2480244636535645,3.203707218170166,3.2794082164764404,3.2545270919799805,3.2393405437469482,3.2510666847229004,3.2650511264801025,3.2686047554016113,3.257103681564331
3.32,3.37843,0.00288,3.0452561378479004,3.2058448791503906,3.2120513916015625,3.214920997619629,2.9575376510620117,3.207977533340454,3.2127506732940674,3.222106456756592,3.2291622161865234,3.225712776184082,3.2130727767944336,3.2156760692596436,3.1387505531311035,3.1910626888275146,3.2156221866607666,3.180433511734009,3.2268221378326416,3.221327304840088,3.2477729320526123,3.2216811180114746,3.2554662227630615,3.2046847343444824,3.260535955429077,3.2480244636535645,3.203707218170166,3.2794082164764404,3.2545270919799805,3.2393405437469482,3.2510666847229004,3.2650511264801025,3.2686047554016113,3.257103681564331
3.33,3.43334,0.00304,3.0452561378479004,3.2058448791503906,3.2120513916015625,3.214920997619629,2.9575376510620117,3.207977533340454,3.2127506732940674,3.222106456756592,3.2291622161865234,3.225712776184082,3.2130727767944336,3.2156760692596436,3.1387505531311035,3.1910626888275146,3.2156221866607666,3.180433511734009,3.2268221378326416,3.221327304840088,3.2477729320526123,3.2216811180114746,3.2554662227630615,3.2046847343444824,3.260535955429077,3.2480244636535645,3.203707218170166,3.2794082164764404,3.2545270919799805,3.2393405437469482,3.2510666847229004,3.2650511264801025,3.2686047554016113,3.257103681564331
3.34,3.47929,0.00315,3.2847533226013184,3.442194938659668,3.4462344646453857,3.452446222305298,3.2139673233032227,3.4416825771331787,3.457149028778076,3.466670036315918,3.461590528488159,3.4560651779174805,3.4462552070617676,3.4502570629119873,3.3866870403289795,3.4488015174865723,3.4614479541778564,3.424319267272949,3.4628636837005615,3.4555904865264893,3.482438802719116,3.4550421237945557,3.4914767742156982,3.4361729621887207,3.4857568740844727,3.472550630569458,3.4519691467285156,3.514569044113159,3.482959747314453,3.479218006134033,3.4927978515625,3.4930264949798584,3.4909732341766357,3.490659236907959
3.35,3.52539,0.00324,3.2847533226013184,3.442194938659668,3.4462344646453857,3.452446222305298,3.2139673233032227,3.4416825771331787,3.457149028778076,3.466670036315918,3.461590528488159,3.4560651779174805,3.4462552070617676,3.4502570629119873,3.3866870403289795,3.4488015174865723,3.4614479541778564,3.424319267272949,3.4628636837005615,3.4555904865264893,3.482438802719116,3.4550421237945557,3.4914767742156982,3.4361729621887207,3.4857568740844727,3.472550630569458,3.4519691467285156,3.514569044113159,3.482959747314453,3.479218006134033,3.4927978515625,3.4930264949798584,3.4909732341766357,3.490659236907959
3.36,3.57162,0.00331,3.2847533226013184,3.442194938659668,3.4462344646453857,3.452446222305298,3.2139673233032227,3.4416825771331787,3.457149028778076,3.466670036315918,3.461590528488159,3.4560651779174805,3.4462552070617676,3.4502570629119873,3.3866870403289795,3.4488015174865723,3.4614479541778564,3.424319267272949,3.4628636837005615,3.4555904865264893,3.482438802719116,3.4550421237945557,3.4914767742156982,3.4361729621887207,3.4857568740844727,3.472550630569458,3.4519691467285156,3.514569044113159,3.482959747314453,3.479218006134033,3.4927978515625,3.4930264949798584,3.4909732341766357,3.490659236907959
3.37,3.61799,0.00336,3.2847533226013184,3.442194938659668,3.4462344646453857,3.452446222305298,3.2139673233032227,3.4416825771331787,3.457149028778076,3.466670036315918,3.461590528488159,3.4560651779174805,3.4462552070617676,3.4502570629119873,3.3866870403289795,3.4488015174865723,3.4614479541778564,3.424319267272949,3.4628636837005615,3.4555904865264893,3.482438802719116,3.4550421237945557,3.4914767742156982,3.4361729621887207,3.4857568740844727,3.472550630569458,3.4519691467285156,3.514569044113159,3.482959747314453,3.479218006134033,3.4927978515625,3.4930264949798584,3.4909732341766357,3.490659236907959
3.38,3.66449,0.00338,3.2847533226013184,3.442194938659668,3.4462344646453857,3.452446222305298,3.2139673233032227,3.4416825771331787,3.457149028778076,3.466670036315918,3.461590528488159,3.4560651779174805,3.4462552070617676,3.4502570629119873,3.3866870403289795,3.4488015174865723,3.4614479541778564,3.424319267272949,3.4628636837005615,3.4555904865264893,3.482438802719116,3.4550421237945557,3.4914767742156982,3.4361729621887207,3.4857568740844727,3.472550630569458,3.4519691467285156,3.514569044113159,3.482959747314453,3.479218006134033,3.4927978515625,3.4930264949798584,3.4909732341766357,3.490659236907959
3.39,3.7111,0.00338,3.564387798309326,3.680863380432129,3.681887626647949,3.6908156871795654,3.5210652351379395,3.675093412399292,3.685870885848999,3.694728374481201,3.698176383972168,3.6893317699432373,3.680222749710083,3.6840591430664062,3.655897855758667,3.764554977416992,3.685288429260254,3.6514506340026855,3.7035319805145264,3.7001335620880127,3.729430913925171,3.7007505893707275,3.741151809692383,3.6861870288848877,3.742159128189087,3.7300593852996826,3.6949503421783447,3.7611238956451416,3.72811222076416,3.7196097373962402,3.7345964908599854,3.745516777038574,3.745527982711792,3.7365198135375977
3.4,3.75783,0.00335,3.564387798309326,3.680863380432129,3.681887626647949,3.6908156871795654,3.5210652351379395,3.675093412399292,3.685870885848999,3.694728374481201,3.698176383972168,3.6893317699432373,3.680222749710083,3.6840591430664062,3.655897855758667,3.764554977416992,3.685288429260254,3.6514506340026855,3.7035319805145264,3.7001335620880127,3.729430913925171,3.7007505893707275,3.741151809692383,3.6861870288848877,3.742159128189087,3.7300593852996826,3.6949503421783447,3.7611238956451416,3.72811222076416,3.7196097373962402,3.7345964908599854,3.745516777038574,3.745527982711792,3.7365198135375977
3.41,3.80467,0.00329,3.564387798309326,3.680863380432129,3.681887626647949,3.6908156871795654,3.5210652351379395,3.675093412399292,3.685870885848999,3.694728374481201,3.698176383972168,3.6893317699432373,3.680222749710083,3.6840591430664062,3.655897855758667,3.764554977416992,3.685288429260254,3.6514506340026855,3.7035319805145264,3.7001335620880127,3.729430913925171,3.7007505893707275,3.741151809692383,3.6861870288848877,3.742159128189087,3.7300593852996826,3.6949503421783447,3.7611238956451416,3.72811222076416,3.7196097373962402,3.7345964908599854,3.745516777038574,3.745527982711792,3.7365198135375977
3.42,3.85162,0.0032,3.564387798309326,3.680863380432129,3.681887626647949,3.6908156871795654,3.5210652351379395,3.675093412399292,3.685870885848999,3.694728374481201,3.698176383972168,3.6893317699432373,3.680222749710083,3.6840591430664062,3.655897855758667,3.764554977416992,3.685288429260254,3.6514506340026855,3.7035319805145264,3.7001335620880127,3.729430913925171,3.7007505893707275,3.741151809692383,3.6861870288848877,3.742159128189087,3.7300593852996826,3.6949503421783447,3.7611238956451416,3.72811222076416,3.7196097373962402,3.7345964908599854,3.745516777038574,3.745527982711792,3.7365198135375977
3.43,3.89865,0.00308,3.564387798309326,3.680863380432129,3.681887626647949,3.6908156871795654,3.5210652351379395,3.675093412399292,3.685870885848999,3.694728374481201,3.698176383972168,3.6893317699432373,3.680222749710083,3.6840591430664062,3.655897855758667,3.764554977416992,3.685288429260254,3.6514506340026855,3.7035319805145264,3.7001335620880127,3.729430913925171,3.7007505893707275,3.741151809692383,3.6861870288848877,3.742159128189087,3.7300593852996826,3.6949503421783447,3.7611238956451416,3.72811222076416,3.7196097373962402,3.7345964908599854,3.745516777038574,3.745527982711792,3.7365198135375977
3.44,3.94578,0.00293,3.847846508026123,3.9075217247009277,3.9064505100250244,3.916471004486084,3.714385986328125,3.9107110500335693,3.915311098098755,3.9238903522491455,3.934654712677002,3.9187088012695312,3.909160614013672,3.9078705310821533,3.915325164794922,3.984506368637085,3.9087440967559814,3.8759639263153076,3.930338144302368,3.9268641471862793,3.955493450164795,3.927015542984009,3.9610822200775146,3.9046273231506348,3.9589598178863525,3.9456701278686523,3.913151264190674,3.9829413890838623,3.9553093910217285,3.9595754146575928,3.9548656940460205,3.9606025218963623,3.9581551551818848,3.9445135593414307
3.45,3.99299,0.00274,3.847846508026123,3.9075217247009277,3.9064505100250244,3.916471004486084,3.714385986328125,3.9107110500335693,3.915311098098755,3.9238903522491455,3.934654712677002,3.9187088012695312,3.909160614013672,3.9078705310821533,3.915325164794922,3.984506368637085,3.9087440967559814,3.8759639263153076,3.930338144302368,3.9268641471862793,3.955493450164795,3.927015542984009,3.9610822200775146,3.9046273231506348,3.9589598178863525,3.9456701278686523,3.913151264190674,3.9829413890838623,3.9553093910217285,3.9595754146575928,3.9548656940460205,3.9606025218963623,3.9581551551818848,3.9445135593414307
3.46,4.04027,0.0025,3.847846508026123,3.9075217247009277,3.9064505100250244,3.916471004486084,3.714385986328125,3.9107110500335693,3.915311098098755,3.9238903522491455,3.934654712677002,3.9187088012695312,3.909160614013672,3.9078705310821533,3.915325164794922,3.984506368637085,3.9087440967559814,3.8759639263153076,3.930338144302368,3.9268641471862793,3.955493450164795,3.927015542984009,3.9610822200775146,3.9046273231506348,3.9589598178863525,3.9456701278686523,3.913151264190674,3.9829413890838623,3.9553093910217285,3.9595754146575928,3.9548656940460205,3.9606025218963623,3.9581551551818848,3.9445135593414307
3.47,4.08764,0.00223,3.847846508026123,3.9075217247009277,3.9064505100250244,3.916471004486084,3.714385986328125,3.9107110500335693,3.915311098098755,3.9238903522491455,3.934654712677002,3.9187088012695312,3.909160614013672,3.9078705310821533,3.915325164794922,3.984506368637085,3.9087440967559814,3.8759639263153076,3.930338144302368,3.9268641471862793,3.955493450164795,3.927015542984009,3.9610822200775146,3.9046273231506348,3.9589598178863525,3.9456701278686523,3.913151264190674,3.9829413890838623,3.9553093910217285,3.9595754146575928,3.9548656940460205,3.9606025218963623,3.9581551551818848,3.9445135593414307
3.48,4.13508,0.00191,3.847846508026123,3.9075217247009277,3.9064505100250244,3.916471004486084,3.714385986328125,3.9107110500335693,3.915311098098755,3.9238903522491455,3.934654712677002,3.9187088012695312,3.909160614013672,3.9078705310821533,3.915325164794922,3.984506368637085,3.9087440967559814,3.8759639263153076,3.930338144302368,3.9268641471862793,3.955493450164795,3.927015542984009,3.9610822200775146,3.9046273231506348,3.9589598178863525,3.9456701278686523,3.913151264190674,3.9829413890838623,3.9553093910217285,3.9595754146575928,3.9548656940460205,3.9606025218963623,3.9581551551818848,3.9445135593414307
3.49,4.18259,0.00154,4.137197017669678,4.151033401489258,4.149655818939209,4.161550998687744,4.024738788604736,4.155303955078125,4.163503646850586,4.172677993774414,4.174013137817383,4.152078151702881,4.143950462341309,4.1498894691467285,4.18004846572876,4.131235122680664,4.156264781951904,4.125098705291748,4.169734477996826,4.1691179275512695,4.201932430267334,4.174722671508789,4.214243412017822,4.162276744842529,4.220213890075684,4.207132339477539,4.165424823760986,4.224977970123291,4.197840213775635,4.206085681915283,4.210278034210205,4.221087455749512,4.2217583656311035,4.212064266204834
3.5,4.23019,0.00112,4.137197017669678,4.151033401489258,4.149655818939209,4.161550998687744,4.024738788604736,4.155303955078125,4.163503646850586,4.172677993774414,4.174013137817383,4.152078151702881,4.143950462341309,4.1498894691467285,4.18004846572876,4.131235122680664,4.156264781951904,4.125098705291748,4.169734477996826,4.1691179275512695,4.201932430267334,4.174722671508789,4.214243412017822,4.162276744842529,4.220213890075684,4.207132339477539,4.165424823760986,4.224977970123291,4.197840213775635,4.206085681915283,4.210278034210205,4.221087455749512,4.2217583656311035,4.212064266204834
3.51,4.26828,0.0,4.137197017669678,4.151033401489258,4.149655818939209,4.161550998687744,4.024738788604736,4.155303955078125,4.163503646850586,4.172677993774414,4.174013137817383,4.152078151702881,4.143950462341309,4.1498894691467285,4.18004846572876,4.131235122680664,4.156264781951904,4.125098705291748,4.169734477996826,4.1691179275512695,4.201932430267334,4.174722671508789,4.214243412017822,4.162276744842529,4.220213890075684,4.207132339477539,4.165424823760986,4.224977970123291,4.197840213775635,4.206085681915283,4.210278034210205,4.221087455749512,4.2217583656311035,4.212064266204834
3.52,4.32552,0.0,4.137197017669678,4.151033401489258,4.149655818939209,4.161550998687744,4.024738788604736,4.155303955078125,4.163503646850586,4.172677993774414,4.174013137817383,4.152078151702881,4.143950462341309,4.1498894691467285,4.18004846572876,4.131235122680664,4.156264781951904,4.125098705291748,4.169734477996826,4.1691179275512695,4.201932430267334,4.174722671508789,4.214243412017822,4.162276744842529,4.220213890075684,4.207132339477539,4.165424823760986,4.224977970123291,4.197840213775635,4.206085681915283,4.210278034210205,4.221087455749512,4.2217583656311035,4.212064266204834
3.53,4.36374,0.0,4.137197017669678,4.151033401489258,4.149655818939209,4.161550998687744,4.024738788604736,4.155303955078125,4.163503646850586,4.172677993774414,4.174013137817383,4.152078151702881,4.143950462341309,4.1498894691467285,4.18004846572876,4.131235122680664,4.156264781951904,4.125098705291748,4.169734477996826,4.1691179275512695,4.201932430267334,4.174722671508789,4.214243412017822,4.162276744842529,4.220213890075684,4.207132339477539,4.165424823760986,4.224977970123291,4.197840213775635,4.206085681915283,4.210278034210205,4.221087455749512,4.2217583656311035,4.212064266204834
3.54,4.42115,0.0,4.441908359527588,4.381327152252197,4.377959251403809,4.389650344848633,4.283470630645752,4.385742664337158,4.393192768096924,4.398257732391357,4.409463405609131,4.383264541625977,4.379848003387451,4.388144493103027,4.429340362548828,4.404066562652588,4.3798346519470215,4.354008197784424,4.399071216583252,4.391576290130615,4.419780254364014,4.385796546936035,4.412692070007324,4.356738567352295,4.411325931549072,4.400477886199951,4.36230993270874,4.421146869659424,4.393702507019043,4.40809965133667,4.4167962074279785,4.42216157913208,4.416364669799805,4.411838531494141
3.55,4.45948,0.0,4.441908359527588,4.381327152252197,4.377959251403809,4.389650344848633,4.283470630645752,4.385742664337158,4.393192768096924,4.398257732391357,4.409463405609131,4.383264541625977,4.379848003387451,4.388144493103027,4.429340362548828,4.404066562652588,4.3798346519470215,4.354008197784424,4.399071216583252,4.391576290130615,4.419780254364014,4.385796546936035,4.412692070007324,4.356738567352295,4.411325931549072,4.400477886199951,4.36230993270874,4.421146869659424,4.393702507019043,4.40809965133667,4.4167962074279785,4.42216157913208,4.416364669799805,4.411838531494141
3.56,4.51708,0.0,4.441908359527588,4.381327152252197,4.377959251403809,4.389650344848633,4.283470630645752,4.385742664337158,4.393192768096924,4.398257732391357,4.409463405609131,4.383264541625977,4.379848003387451,4.388144493103027,4.429340362548828,4.404066562652588,4.3798346519470215,4.354008197784424,4.399071216583252,4.391576290130615,4.419780254364014,4.385796546936035,4.412692070007324,4.356738567352295,4.411325931549072,4.400477886199951,4.36230993270874,4.421146869659424,4.393702507019043,4.40809965133667,4.4167962074279785,4.42216157913208,4.416364669799805,4.411838531494141
3.57,4.55553,0.0,4.441908359527588,4.381327152252197,4.377959251403809,4.389650344848633,4.283470630645752,4.385742664337158,4.393192768096924,4.398257732391357,4.409463405609131,4.383264541625977,4.379848003387451,4.388144493103027,4.429340362548828,4.404066562652588,4.3798346519470215,4.354008197784424,4.399071216583252,4.391576290130615,4.419780254364014,4.385796546936035,4.412692070007324,4.356738567352295,4.411325931549072,4.400477886199951,4.36230993270874,4.421146869659424,4.393702507019043,4.40809965133667,4.4167962074279785,4.42216157913208,4.416364669799805,4.411838531494141
3.58,4.61333,0.0,4.441908359527588,4.381327152252197,4.377959251403809,4.389650344848633,4.283470630645752,4.385742664337158,4.393192768096924,4.398257732391357,4.409463405609131,4.383264541625977,4.379848003387451,4.388144493103027,4.429340362548828,4.404066562652588,4.3798346519470215,4.354008197784424,4.399071216583252,4.391576290130615,4.419780254364014,4.385796546936035,4.412692070007324,4.356738567352295,4.411325931549072,4.400477886199951,4.36230993270874,4.421146869659424,4.393702507019043,4.40809965133667,4.4167962074279785,4.42216157913208,4.416364669799805,4.411838531494141
3.59,4.6616,0.0,4.650749206542969,4.602895736694336,4.598150253295898,4.610591888427734,4.566279411315918,4.595049858093262,4.604170799255371,4.613675117492676,4.6256818771362305,4.592724800109863,4.592400074005127,4.596225738525391,4.683804035186768,4.676749229431152,4.580729007720947,4.555881977081299,4.624758243560791,4.626208782196045,4.658621788024902,4.621368885040283,4.665694236755371,4.609638690948486,4.6712775230407715,4.660312652587891,4.615499019622803,4.660499095916748,4.62265682220459,4.6306023597717285,4.6417412757873535,4.665390491485596,4.652203559875488,4.661818981170654
3.6,4.70997,0.0,4.650749206542969,4.602895736694336,4.598150253295898,4.610591888427734,4.566279411315918,4.595049858093262,4.604170799255371,4.613675117492676,4.6256818771362305,4.592724800109863,4.592400074005127,4.596225738525391,4.683804035186768,4.676749229431152,4.580729007720947,4.555881977081299,4.624758243560791,4.626208782196045,4.658621788024902,4.621368885040283,4.665694236755371,4.609638690948486,4.6712775230407715,4.660312652587891,4.615499019622803,4.660499095916748,4.62265682220459,4.6306023597717285,4.6417412757873535,4.665390491485596,4.652203559875488,4.661818981170654
3.61,4.75844,0.0,4.650749206542969,4.602895736694336,4.598150253295898,4.610591888427734,4.566279411315918,4.595049858093262,4.604170799255371,4.613675117492676,4.6256818771362305,4.592724800109863,4.592400074005127,4.596225738525391,4.683804035186768,4.676749229431152,4.580729007720947,4.555881977081299,4.624758243560791,4.626208782196045,4.658621788024902,4.621368885040283,4.665694236755371,4.609638690948486,4.6712775230407715,4.660312652587891,4.615499019622803,4.660499095916748,4.62265682220459,4.6306023597717285,4.6417412757873535,4.665390491485596,4.652203559875488,4.661818981170654
3.62,4.80704,0.0,4.650749206542969,4.602895736694336,4.598150253295898,4.610591888427734,4.566279411315918,4.595049858093262,4.604170799255371,4.613675117492676,4.6256818771362305,4.592724800109863,4.592400074005127,4.596225738525391,4.683804035186768,4.676749229431152,4.580729007720947,4.555881977081299,4.624758243560791,4.626208782196045,4.658621788024902,4.621368885040283,4.665694236755371,4.609638690948486,4.6712775230407715,4.660312652587891,4.615499019622803,4.660499095916748,4.62265682220459,4.6306023597717285,4.6417412757873535,4.665390491485596,4.652203559875488,4.661818981170654
3.63,4.85575,0.0,4.650749206542969,4.602895736694336,4.598150253295898,4.610591888427734,4.566279411315918,4.595049858093262,4.604170799255371,4.613675117492676,4.6256818771362305,4.592724800109863,4.592400074005127,4.596225738525391,4.683804035186768,4.676749229431152,4.580729007720947,4.555881977081299,4.624758243560791,4.626208782196045,4.658621788024902,4.621368885040283,4.665694236755371,4.609638690948486,4.6712775230407715,4.660312652587891,4.615499019622803,4.660499095916748,4.62265682220459,4.6306023597717285,4.6417412757873535,4.665390491485596,4.652203559875488,4.661818981170654
3.64,4.90461,0.0,4.896658420562744,4.845463275909424,4.840208530426025,4.856866836547852,4.9156718254089355,4.821656703948975,4.845203876495361,4.85846471786499,4.861690521240234,4.830150127410889,4.8339715003967285,4.840668678283691,4.978068828582764,4.893568515777588,4.834738731384277,4.809007167816162,4.867020130157471,4.881627082824707,4.906793117523193,4.869441986083984,4.934994697570801,4.8689470291137695,4.924028396606445,4.911062717437744,4.881446361541748,4.920034408569336,4.87772274017334,4.8973708152771,4.907471656799316,4.921178817749023,4.911205291748047,4.940949440002441
3.65,4.9536,0.0,4.896658420562744,4.845463275909424,4.840208530426025,4.856866836547852,4.9156718254089355,4.821656703948975,4.845203876495361,4.85846471786499,4.861690521240234,4.830150127410889,4.8339715003967285,4.840668678283691,4.978068828582764,4.893568515777588,4.834738731384277,4.809007167816162,4.867020130157471,4.881627082824707,4.906793117523193,4.869441986083984,4.934994697570801,4.8689470291137695,4.924028396606445,4.911062717437744,4.881446361541748,4.920034408569336,4.87772274017334,4.8973708152771,4.907471656799316,4.921178817749023,4.911205291748047,4.940949440002441
3.66,5.00275,0.0,4.896658420562744,4.845463275909424,4.840208530426025,4.856866836547852,4.9156718254089355,4.821656703948975,4.845203876495361,4.85846471786499,4.861690521240234,4.830150127410889,4.8339715003967285,4.840668678283691,4.978068828582764,4.893568515777588,4.834738731384277,4.809007167816162,4.867020130157471,4.881627082824707,4.906793117523193,4.869441986083984,4.934994697570801,4.8689470291137695,4.924028396606445,4.911062717437744,4.881446361541748,4.920034408569336,4.87772274017334,4.8973708152771,4.907471656799316,4.921178817749023,4.911205291748047,4.940949440002441
3.67,5.05205,0.0,4.896658420562744,4.845463275909424,4.840208530426025,4.856866836547852,4.9156718254089355,4.821656703948975,4.845203876495361,4.85846471786499,4.861690521240234,4.830150127410889,4.8339715003967285,4.840668678283691,4.978068828582764,4.893568515777588,4.834738731384277,4.809007167816162,4.867020130157471,4.881627082824707,4.906793117523193,4.869441986083984,4.934994697570801,4.8689470291137695,4.924028396606445,4.911062717437744,4.881446361541748,4.920034408569336,4.87772274017334,4.8973708152771,4.907471656799316,4.921178817749023,4.911205291748047,4.940949440002441
3.68,5.10153,0.0,4.896658420562744,4.845463275909424,4.840208530426025,4.856866836547852,4.9156718254089355,4.821656703948975,4.845203876495361,4.85846471786499,4.861690521240234,4.830150127410889,4.8339715003967285,4.840668678283691,4.978068828582764,4.893568515777588,4.834738731384277,4.809007167816162,4.867020130157471,4.881627082824707,4.906793117523193,4.869441986083984,4.934994697570801,4.8689470291137695,4.924028396606445,4.911062717437744,4.881446361541748,4.920034408569336,4.87772274017334,4.8973708152771,4.907471656799316,4.921178817749023,4.911205291748047,4.940949440002441
3.69,5.15118,0.0,5.162759780883789,5.111724376678467,5.108306884765625,5.125283241271973,5.268496513366699,5.087046146392822,5.111988544464111,5.128373146057129,5.120691299438477,5.094172477722168,5.095263957977295,5.094250679016113,5.250882148742676,5.111169338226318,5.091604232788086,5.06233549118042,5.109339237213135,5.121227741241455,5.150790214538574,5.119104862213135,5.149120330810547,5.0901408195495605,5.147783279418945,5.131986618041992,5.127342700958252,5.179771900177002,5.145215034484863,5.156591415405273,5.148742198944092,5.172007083892822,5.155771732330322,5.178250312805176
3.7,5.201,0.0,5.162759780883789,5.111724376678467,5.108306884765625,5.125283241271973,5.268496513366699,5.087046146392822,5.111988544464111,5.128373146057129,5.120691299438477,5.094172477722168,5.095263957977295,5.094250679016113,5.250882148742676,5.111169338226318,5.091604232788086,5.06233549118042,5.109339237213135,5.121227741241455,5.150790214538574,5.119104862213135,5.149120330810547,5.0901408195495605,5.147783279418945,5.131986618041992,5.127342700958252,5.179771900177002,5.145215034484863,5.156591415405273,5.148742198944092,5.172007083892822,5.155771732330322,5.178250312805176
3.71,5.25101,0.0,5.162759780883789,5.111724376678467,5.108306884765625,5.125283241271973,5.268496513366699,5.087046146392822,5.111988544464111,5.128373146057129,5.120691299438477,5.094172477722168,5.095263957977295,5.094250679016113,5.250882148742676,5.111169338226318,5.091604232788086,5.06233549118042,5.109339237213135,5.121227741241455,5.150790214538574,5.119104862213135,5.149120330810547,5.0901408195495605,5.147783279418945,5.131986618041992,5.127342700958252,5.179771900177002,5.145215034484863,5.156591415405273,5.148742198944092,5.172007083892822,5.155771732330322,5.178250312805176
3.72,5.30122,0.0,5.162759780883789,5.111724376678467,5.108306884765625,5.125283241271973,5.268496513366699,5.087046146392822,5.111988544464111,5.128373146057129,5.120691299438477,5.094172477722168,5.095263957977295,5.094250679016113,5.250882148742676,5.111169338226318,5.091604232788086,5.06233549118042,5.109339237213135,5.121227741241455,5.150790214538574,5.119104862213135,5.149120330810547,5.0901408195495605,5.147783279418945,5.131986618041992,5.127342700958252,5.179771900177002,5.145215034484863,5.156591415405273,5.148742198944092,5.172007083892822,5.155771732330322,5.178250312805176
3.73,5.35162,0.0,5.162759780883789,5.111724376678467,5.108306884765625,5.125283241271973,5.268496513366699,5.087046146392822,5.111988544464111,5.128373146057129,5.120691299438477,5.094172477722168,5.095263957977295,5.094250679016113,5.250882148742676,5.111169338226318,5.091604232788086,5.06233549118042,5.109339237213135,5.121227741241455,5.150790214538574,5.119104862213135,5.149120330810547,5.0901408195495605,5.147783279418945,5.131986618041992,5.127342700958252,5.179771900177002,5.145215034484863,5.156591415405273,5.148742198944092,5.172007083892822,5.155771732330322,5.178250312805176
3.74,5.40223,0.0,5.417670726776123,5.395321369171143,5.393592357635498,5.41004753112793,5.640283107757568,5.365776538848877,5.401670455932617,5.410988807678223,5.409242153167725,5.386159896850586,5.3879714012146,5.399209976196289,5.508581638336182,5.393495559692383,5.394627094268799,5.373444080352783,5.378593921661377,5.388405799865723,5.4194416999816895,5.383130073547363,5.429806232452393,5.365728855133057,5.423521995544434,5.412398815155029,5.3968000411987305,5.442500591278076,5.407922267913818,5.430750846862793,5.439816474914551,5.439364433288574,5.427750110626221,5.459603309631348
3.75,5.45302,0.0,5.417670726776123,5.395321369171143,5.393592357635498,5.41004753112793,5.640283107757568,5.365776538848877,5.401670455932617,5.410988807678223,5.409242153167725,5.386159896850586,5.3879714012146,5.399209976196289,5.508581638336182,5.393495559692383,5.394627094268799,5.373444080352783,5.378593921661377,5.388405799865723,5.4194416999816895,5.383130073547363,5.429806232452393,5.365728855133057,5.423521995544434,5.412398815155029,5.3968000411987305,5.442500591278076,5.407922267913818,5.430750846862793,5.439816474914551,5.439364433288574,5.427750110626221,5.459603309631348
3.76,5.49384,0.0,5.417670726776123,5.395321369171143,5.393592357635498,5.41004753112793,5.640283107757568,5.365776538848877,5.401670455932617,5.410988807678223,5.409242153167725,5.386159896850586,5.3879714012146,5.399209976196289,5.508581638336182,5.393495559692383,5.394627094268799,5.373444080352783,5.378593921661377,5.388405799865723,5.4194416999816895,5.383130073547363,5.429806232452393,5.365728855133057,5.423521995544434,5.412398815155029,5.3968000411987305,5.442500591278076,5.407922267913818,5.430750846862793,5.439816474914551,5.439364433288574,5.427750110626221,5.459603309631348
3.77,5.55521,0.0,5.417670726776123,5.395321369171143,5.393592357635498,5.41004753112793,5.640283107757568,5.365776538848877,5.401670455932617,5.410988807678223,5.409242153167725,5.386159896850586,5.3879714012146,5.399209976196289,5.508581638336182,5.393495559692383,5.394627094268799,5.373444080352783,5.378593921661377,5.388405799865723,5.4194416999816895,5.383130073547363,5.429806232452393,5.365728855133057,5.423521995544434,5.412398815155029,5.3968000411987305,5.442500591278076,5.407922267913818,5.430750846862793,5.439816474914551,5.439364433288574,5.427750110626221,5.459603309631348
3.78,5.59635,0.0,5.417670726776123,5.395321369171143,5.393592357635498,5.41004753112793,5.640283107757568,5.365776538848877,5.401670455932617,5.410988807678223,5.409242153167725,5.386159896850586,5.3879714012146,5.399209976196289,5.508581638336182,5.393495559692383,5.394627094268799,5.373444080352783,5.378593921661377,5.388405799865723,5.4194416999816895,5.383130073547363,5.429806232452393,5.365728855133057,5.423521995544434,5.412398815155029,5.3968000411987305,5.442500591278076,5.407922267913818,5.430750846862793,5.439816474914551,5.439364433288574,5.427750110626221,5.459603309631348
3.79,5.65822,0.0,5.591121673583984,5.653504848480225,5.652853965759277,5.66726541519165,5.790342807769775,5.619425296783447,5.658312797546387,5.670253753662109,5.679537296295166,5.651158332824707,5.650816440582275,5.6513237953186035,5.6960225105285645,5.623764991760254,5.633903980255127,5.614164352416992,5.618513107299805,5.627551555633545,5.659718990325928,5.624975204467773,5.649258613586426,5.587610721588135,5.644215106964111,5.629014492034912,5.636127948760986,5.6850385665893555,5.654191970825195,5.6627068519592285,5.668198585510254,5.669300556182861,5.648108005523682,5.67917013168335
3.8,5.69964,0.0,5.591121673583984,5.653504848480225,5.652853965759277,5.66726541519165,5.790342807769775,5.619425296783447,5.658312797546387,5.670253753662109,5.679537296295166,5.651158332824707,5.650816440582275,5.6513237953186035,5.6960225105285645,5.623764991760254,5.633903980255127,5.614164352416992,5.618513107299805,5.627551555633545,5.659718990325928,5.624975204467773,5.649258613586426,5.587610721588135,5.644215106964111,5.629014492034912,5.636127948760986,5.6850385665893555,5.654191970825195,5.6627068519592285,5.668198585510254,5.669300556182861,5.648108005523682,5.67917013168335
3.81,5.76193,0.0,5.591121673583984,5.653504848480225,5.652853965759277,5.66726541519165,5.790342807769775,5.619425296783447,5.658312797546387,5.670253753662109,5.679537296295166,5.651158332824707,5.650816440582275,5.6513237953186035,5.6960225105285645,5.623764991760254,5.633903980255127,5.614164352416992,5.618513107299805,5.627551555633545,5.659718990325928,5.624975204467773,5.649258613586426,5.587610721588135,5.644215106964111,5.629014492034912,5.636127948760986,5.6850385665893555,5.654191970825195,5.6627068519592285,5.668198585510254,5.669300556182861,5.648108005523682,5.67917013168335
3.82,5.80366,0.0,5.591121673583984,5.653504848480225,5.652853965759277,5.66726541519165,5.790342807769775,5.619425296783447,5.658312797546387,5.670253753662109,5.679537296295166,5.651158332824707,5.650816440582275,5.6513237953186035,5.6960225105285645,5.623764991760254,5.633903980255127,5.614164352416992,5.618513107299805,5.627551555633545,5.659718990325928,5.624975204467773,5.649258613586426,5.587610721588135,5.644215106964111,5.629014492034912,5.636127948760986,5.6850385665893555,5.654191970825195,5.6627068519592285,5.668198585510254,5.669300556182861,5.648108005523682,5.67917013168335
3.83,5.86636,0.0,5.591121673583984,5.653504848480225,5.652853965759277,5.66726541519165,5.790342807769775,5.619425296783447,5.658312797546387,5.670253753662109,5.679537296295166,5.651158332824707,5.650816440582275,5.6513237953186035,5.6960225105285645,5.623764991760254,5.633903980255127,5.614164352416992,5.618513107299805,5.627551555633545,5.659718990325928,5.624975204467773,5.649258613586426,5.587610721588135,5.644215106964111,5.629014492034912,5.636127948760986,5.6850385665893555,5.654191970825195,5.6627068519592285,5.668198585510254,5.669300556182861,5.648108005523682,5.67917013168335
3.84,5.91882,0.0,5.794795036315918,5.894212245941162,5.893612384796143,5.907696723937988,5.937957763671875,5.869058132171631,5.905659198760986,5.914522171020508,5.934408664703369,5.902032852172852,5.900357723236084,5.898321628570557,5.917191505432129,5.835317134857178,5.883562088012695,5.866320610046387,5.858651161193848,5.870684623718262,5.909304618835449,5.87812614440918,5.896478652954102,5.83751106262207,5.902965545654297,5.890728950500488,5.885035037994385,5.927219867706299,5.898571014404297,5.924400806427002,5.909512996673584,5.926199436187744,5.900832176208496,5.956972122192383
3.85,5.97142,0.0,5.794795036315918,5.894212245941162,5.893612384796143,5.907696723937988,5.937957763671875,5.869058132171631,5.905659198760986,5.914522171020508,5.934408664703369,5.902032852172852,5.900357723236084,5.898321628570557,5.917191505432129,5.835317134857178,5.883562088012695,5.866320610046387,5.858651161193848,5.870684623718262,5.909304618835449,5.87812614440918,5.896478652954102,5.83751106262207,5.902965545654297,5.890728950500488,5.885035037994385,5.927219867706299,5.898571014404297,5.924400806427002,5.909512996673584,5.926199436187744,5.900832176208496,5.956972122192383
3.86,6.02415,0.0,5.794795036315918,5.894212245941162,5.893612384796143,5.907696723937988,5.937957763671875,5.869058132171631,5.905659198760986,5.914522171020508,5.934408664703369,5.902032852172852,5.900357723236084,5.898321628570557,5.917191505432129,5.835317134857178,5.883562088012695,5.866320610046387,5.858651161193848,5.870684623718262,5.909304618835449,5.87812614440918,5.896478652954102,5.83751106262207,5.902965545654297,5.890728950500488,5.885035037994385,5.927219867706299,5.898571014404297,5.924400806427002,5.909512996673584,5.926199436187744,5.900832176208496,5.956972122192383
3.87,6.07701,0.0,5.794795036315918,5.894212245941162,5.893612384796143,5.907696723937988,5.937957763671875,5.869058132171631,5.905659198760986,5.914522171020508,5.934408664703369,5.902032852172852,5.900357723236084,5.898321628570557,5.917191505432129,5.835317134857178,5.883562088012695,5.866320610046387,5.858651161193848,5.870684623718262,5.909304618835449,5.87812614440918,5.896478652954102,5.83751106262207,5.902965545654297,5.890728950500488,5.885035037994385,5.927219867706299,5.898571014404297,5.924400806427002,5.909512996673584,5.926199436187744,5.900832176208496,5.956972122192383
3.88,6.12998,0.0,5.794795036315918,5.894212245941162,5.893612384796143,5.907696723937988,5.937957763671875,5.869058132171631,5.905659198760986,5.914522171020508,5.934408664703369,5.902032852172852,5.900357723236084,5.898321628570557,5.917191505432129,5.835317134857178,5.883562088012695,5.866320610046387,5.858651161193848,5.870684623718262,5.909304618835449,5.87812614440918,5.896478652954102,5.83751106262207,5.902965545654297,5.890728950500488,5.885035037994385,5.927219867706299,5.898571014404297,5.924400806427002,5.909512996673584,5.926199436187744,5.900832176208496,5.956972122192383
3.89,6.18306,0.0,6.055337905883789,6.153348922729492,6.1555047035217285,6.170330047607422,6.130914688110352,6.135298252105713,6.168784141540527,6.182064056396484,6.192416191101074,6.15739107131958,6.155096054077148,6.157520771026611,6.141457557678223,6.099913597106934,6.1437225341796875,6.126977920532227,6.13625955581665,6.160478115081787,6.197054862976074,6.165112018585205,6.218161106109619,6.15530252456665,6.223966598510742,6.212268352508545,6.200249195098877,6.231873512268066,6.20198917388916,6.2281718254089355,6.207034111022949,6.245964527130127,6.2266459465026855,6.296304702758789
3.9,6.23618,0.0,6.055337905883789,6.153348922729492,6.1555047035217285,6.170330047607422,6.130914688110352,6.135298252105713,6.168784141540527,6.182064056396484,6.192416191101074,6.15739107131958,6.155096054077148,6.157520771026611,6.141457557678223,6.099913597106934,6.1437225341796875,6.126977920532227,6.13625955581665,6.160478115081787,6.197054862976074,6.165112018585205,6.218161106109619,6.15530252456665,6.223966598510742,6.212268352508545,6.200249195098877,6.231873512268066,6.20198917388916,6.2281718254089355,6.207034111022949,6.245964527130127,6.2266459465026855,6.296304702758789
3.91,6.2894,0.0,6.055337905883789,6.153348922729492,6.1555047035217285,6.170330047607422,6.130914688110352,6.135298252105713,6.168784141540527,6.182064056396484,6.192416191101074,6.15739107131958,6.155096054077148,6.157520771026611,6.141457557678223,6.099913597106934,6.1437225341796875,6.126977920532227,6.13625955581665,6.160478115081787,6.197054862976074,6.165112018585205,6.218161106109619,6.15530252456665,6.223966598510742,6.212268352508545,6.200249195098877,6.231873512268066,6.20198917388916,6.2281718254089355,6.207034111022949,6.245964527130127,6.2266459465026855,6.296304702758789
3.92,6.34268,0.0,6.055337905883789,6.153348922729492,6.1555047035217285,6.170330047607422,6.130914688110352,6.135298252105713,6.168784141540527,6.182064056396484,6.192416191101074,6.15739107131958,6.155096054077148,6.157520771026611,6.141457557678223,6.099913597106934,6.1437225341796875,6.126977920532227,6.13625955581665,6.160478115081787,6.197054862976074,6.165112018585205,6.218161106109619,6.15530252456665,6.223966598510742,6.212268352508545,6.200249195098877,6.231873512268066,6.20198917388916,6.2281718254089355,6.207034111022949,6.245964527130127,6.2266459465026855,6.296304702758789
3.93,6.39599,0.0,6.055337905883789,6.153348922729492,6.1555047035217285,6.170330047607422,6.130914688110352,6.135298252105713,6.168784141540527,6.182064056396484,6.192416191101074,6.15739107131958,6.155096054077148,6.157520771026611,6.141457557678223,6.099913597106934,6.1437225341796875,6.126977920532227,6.13625955581665,6.160478115081787,6.197054862976074,6.165112018585205,6.218161106109619,6.15530252456665,6.223966598510742,6.212268352508545,6.200249195098877,6.231873512268066,6.20198917388916,6.2281718254089355,6.207034111022949,6.245964527130127,6.2266459465026855,6.296304702758789
3.94,6.44935,0.0,6.282750606536865,6.4259724617004395,6.43000602722168,6.444851875305176,6.4030890464782715,6.410212516784668,6.448318958282471,6.461272239685059,6.466064453125,6.434515953063965,6.434870719909668,6.444263935089111,6.389463424682617,6.383347511291504,6.4243998527526855,6.4110426902771,6.411388397216797,6.4344611167907715,6.46299409866333,6.427402019500732,6.461461544036865,6.402156352996826,6.459407329559326,6.447132110595703,6.438966274261475,6.4719390869140625,6.454018592834473,6.483144283294678,6.468062400817871,6.481409549713135,6.457753658294678,6.5161895751953125
3.95,6.50273,0.0,6.282750606536865,6.4259724617004395,6.43000602722168,6.444851875305176,6.4030890464782715,6.410212516784668,6.448318958282471,6.461272239685059,6.466064453125,6.434515953063965,6.434870719909668,6.444263935089111,6.389463424682617,6.383347511291504,6.4243998527526855,6.4110426902771,6.411388397216797,6.4344611167907715,6.46299409866333,6.427402019500732,6.461461544036865,6.402156352996826,6.459407329559326,6.447132110595703,6.438966274261475,6.4719390869140625,6.454018592834473,6.483144283294678,6.468062400817871,6.481409549713135,6.457753658294678,6.5161895751953125
3.96,6.55612,0.0,6.282750606536865,6.4259724617004395,6.43000602722168,6.444851875305176,6.4030890464782715,6.410212516784668,6.448318958282471,6.461272239685059,6.466064453125,6.434515953063965,6.434870719909668,6.444263935089111,6.389463424682617,6.383347511291504,6.4243998527526855,6.4110426902771,6.411388397216797,6.4344611167907715,6.46299409866333,6.427402019500732,6.461461544036865,6.402156352996826,6.459407329559326,6.447132110595703,6.438966274261475,6.4719390869140625,6.454018592834473,6.483144283294678,6.468062400817871,6.481409549713135,6.457753658294678,6.5161895751953125
3.97,6.60952,0.0,6.282750606536865,6.4259724617004395,6.43000602722168,6.444851875305176,6.4030890464782715,6.410212516784668,6.448318958282471,6.461272239685059,6.466064453125,6.434515953063965,6.434870719909668,6.444263935089111,6.389463424682617,6.383347511291504,6.4243998527526855,6.4110426902771,6.411388397216797,6.4344611167907715,6.46299409866333,6.427402019500732,6.461461544036865,6.402156352996826,6.459407329559326,6.447132110595703,6.438966274261475,6.4719390869140625,6.454018592834473,6.483144283294678,6.468062400817871,6.481409549713135,6.457753658294678,6.5161895751953125
3.98,6.66291,0.0,6.282750606536865,6.4259724617004395,6.43000602722168,6.444851875305176,6.4030890464782715,6.410212516784668,6.448318958282471,6.461272239685059,6.466064453125,6.434515953063965,6.434870719909668,6.444263935089111,6.389463424682617,6.383347511291504,6.4243998527526855,6.4110426902771,6.411388397216797,6.4344611167907715,6.46299409866333,6.427402019500732,6.461461544036865,6.402156352996826,6.459407329559326,6.447132110595703,6.438966274261475,6.4719390869140625,6.454018592834473,6.483144283294678,6.468062400817871,6.481409549713135,6.457753658294678,6.5161895751953125
3.99,6.71628,0.0,6.582943916320801,6.686585426330566,6.692803382873535,6.7056074142456055,6.615408897399902,6.664464950561523,6.713664531707764,6.724391937255859,6.731776237487793,6.703869342803955,6.705873966217041,6.714626789093018,6.619513988494873,6.646334171295166,6.690778732299805,6.6810455322265625,6.67147159576416,6.692931175231934,6.723289966583252,6.685272693634033,6.710578918457031,6.6560893058776855,6.718252182006836,6.706463813781738,6.6917948722839355,6.7179341316223145,6.697201728820801,6.723222255706787,6.71671724319458,6.726206302642822,6.701231479644775,6.752159595489502
4.0,6.76964,0.0,6.582943916320801,6.686585426330566,6.692803382873535,6.7056074142456055,6.615408897399902,6.664464950561523,6.713664531707764,6.724391937255859,6.731776237487793,6.703869342803955,6.705873966217041,6.714626789093018,6.619513988494873,6.646334171295166,6.690778732299805,6.6810455322265625,6.67147159576416,6.692931175231934,6.723289966583252,6.685272693634033,6.710578918457031,6.6560893058776855,6.718252182006836,6.706463813781738,6.6917948722839355,6.7179341316223145,6.697201728820801,6.723222255706787,6.71671724319458,6.726206302642822,6.701231479644775,6.752159595489502
4.01,6.82298,0.0,6.582943916320801,6.686585426330566,6.692803382873535,6.7056074142456055,6.615408897399902,6.664464950561523,6.713664531707764,6.724391937255859,6.731776237487793,6.703869342803955,6.705873966217041,6.714626789093018,6.619513988494873,6.646334171295166,6.690778732299805,6.6810455322265625,6.67147159576416,6.692931175231934,6.723289966583252,6.685272693634033,6.710578918457031,6.6560893058776855,6.718252182006836,6.706463813781738,6.6917948722839355,6.7179341316223145,6.697201728820801,6.723222255706787,6.71671724319458,6.726206302642822,6.701231479644775,6.752159595489502
4.02,6.86567,0.0,6.582943916320801,6.686585426330566,6.692803382873535,6.7056074142456055,6.615408897399902,6.664464950561523,6.713664531707764,6.724391937255859,6.731776237487793,6.703869342803955,6.705873966217041,6.714626789093018,6.619513988494873,6.646334171295166,6.690778732299805,6.6810455322265625,6.67147159576416,6.692931175231934,6.723289966583252,6.685272693634033,6.710578918457031,6.6560893058776855,6.718252182006836,6.706463813781738,6.6917948722839355,6.7179341316223145,6.697201728820801,6.723222255706787,6.71671724319458,6.726206302642822,6.701231479644775,6.752159595489502
4.03,6.91891,0.0,6.582943916320801,6.686585426330566,6.692803382873535,6.7056074142456055,6.615408897399902,6.664464950561523,6.713664531707764,6.724391937255859,6.731776237487793,6.703869342803955,6.705873966217041,6.714626789093018,6.619513988494873,6.646334171295166,6.690778732299805,6.6810455322265625,6.67147159576416,6.692931175231934,6.723289966583252,6.685272693634033,6.710578918457031,6.6560893058776855,6.718252182006836,6.706463813781738,6.6917948722839355,6.7179341316223145,6.697201728820801,6.723222255706787,6.71671724319458,6.726206302642822,6.701231479644775,6.752159595489502
4.04,6.98282,0.0,6.84785795211792,6.933475971221924,6.941575527191162,6.952430248260498,6.847731590270996,6.912203311920166,6.955085754394531,6.972389221191406,6.975551128387451,6.950840950012207,6.949939727783203,6.94432258605957,6.849801540374756,6.8344268798828125,6.923664569854736,6.908593654632568,6.90307092666626,6.925986289978027,6.9541730880737305,6.9193339347839355,6.935853004455566,6.883843898773193,6.94719934463501,6.930973529815674,6.943024635314941,6.9734086990356445,6.956038475036621,6.97656774520874,6.947863578796387,6.973184585571289,6.944571018218994,7.00799036026001
4.05,7.03604,0.0,6.84785795211792,6.933475971221924,6.941575527191162,6.952430248260498,6.847731590270996,6.912203311920166,6.955085754394531,6.972389221191406,6.975551128387451,6.950840950012207,6.949939727783203,6.94432258605957,6.849801540374756,6.8344268798828125,6.923664569854736,6.908593654632568,6.90307092666626,6.925986289978027,6.9541730880737305,6.9193339347839355,6.935853004455566,6.883843898773193,6.94719934463501,6.930973529815674,6.943024635314941,6.9734086990356445,6.956038475036621,6.97656774520874,6.947863578796387,6.973184585571289,6.944571018218994,7.00799036026001
4.06,7.07864,0.0,6.84785795211792,6.933475971221924,6.941575527191162,6.952430248260498,6.847731590270996,6.912203311920166,6.955085754394531,6.972389221191406,6.975551128387451,6.950840950012207,6.949939727783203,6.94432258605957,6.849801540374756,6.8344268798828125,6.923664569854736,6.908593654632568,6.90307092666626,6.925986289978027,6.9541730880737305,6.9193339347839355,6.935853004455566,6.883843898773193,6.94719934463501,6.930973529815674,6.943024635314941,6.9734086990356445,6.956038475036621,6.97656774520874,6.947863578796387,6.973184585571289,6.944571018218994,7.00799036026001
4.07,7.13176,0.0,6.84785795211792,6.933475971221924,6.941575527191162,6.952430248260498,6.847731590270996,6.912203311920166,6.955085754394531,6.972389221191406,6.975551128387451,6.950840950012207,6.949939727783203,6.94432258605957,6.849801540374756,6.8344268798828125,6.923664569854736,6.908593654632568,6.90307092666626,6.925986289978027,6.9541730880737305,6.9193339347839355,6.935853004455566,6.883843898773193,6.94719934463501,6.930973529815674,6.943024635314941,6.9734086990356445,6.956038475036621,6.97656774520874,6.947863578796387,6.973184585571289,6.944571018218994,7.00799036026001
4.08,7.19553,0.0,6.84785795211792,6.933475971221924,6.941575527191162,6.952430248260498,6.847731590270996,6.912203311920166,6.955085754394531,6.972389221191406,6.975551128387451,6.950840950012207,6.949939727783203,6.94432258605957,6.849801540374756,6.8344268798828125,6.923664569854736,6.908593654632568,6.90307092666626,6.925986289978027,6.9541730880737305,6.9193339347839355,6.935853004455566,6.883843898773193,6.94719934463501,6.930973529815674,6.943024635314941,6.9734086990356445,6.956038475036621,6.97656774520874,6.947863578796387,6.973184585571289,6.944571018218994,7.00799036026001
4.09,7.24865,0.0,7.172145843505859,7.208446502685547,7.220635890960693,7.232021331787109,7.1697516441345215,7.187110900878906,7.24032735824585,7.2556376457214355,7.243499755859375,7.225718975067139,7.22571325302124,7.234708309173584,7.132743835449219,7.127109050750732,7.220938205718994,7.20649528503418,7.183160781860352,7.209537029266357,7.238561153411865,7.2034807205200195,7.233912944793701,7.177714824676514,7.241672992706299,7.228832244873047,7.227911949157715,7.252072811126709,7.232818603515625,7.257667064666748,7.2429327964782715,7.259239673614502,7.233139514923096,7.311026573181152
4.1,7.30174,0.0,7.172145843505859,7.208446502685547,7.220635890960693,7.232021331787109,7.1697516441345215,7.187110900878906,7.24032735824585,7.2556376457214355,7.243499755859375,7.225718975067139,7.22571325302124,7.234708309173584,7.132743835449219,7.127109050750732,7.220938205718994,7.20649528503418,7.183160781860352,7.209537029266357,7.238561153411865,7.2034807205200195,7.233912944793701,7.177714824676514,7.241672992706299,7.228832244873047,7.227911949157715,7.252072811126709,7.232818603515625,7.257667064666748,7.2429327964782715,7.259239673614502,7.233139514923096,7.311026573181152
4.11,7.35483,0.0,7.172145843505859,7.208446502685547,7.220635890960693,7.232021331787109,7.1697516441345215,7.187110900878906,7.24032735824585,7.2556376457214355,7.243499755859375,7.225718975067139,7.22571325302124,7.234708309173584,7.132743835449219,7.127109050750732,7.220938205718994,7.20649528503418,7.183160781860352,7.209537029266357,7.238561153411865,7.2034807205200195,7.233912944793701,7.177714824676514,7.241672992706299,7.228832244873047,7.227911949157715,7.252072811126709,7.232818603515625,7.257667064666748,7.2429327964782715,7.259239673614502,7.233139514923096,7.311026573181152
4.12,7.40792,0.0,7.172145843505859,7.208446502685547,7.220635890960693,7.232021331787109,7.1697516441345215,7.187110900878906,7.24032735824585,7.2556376457214355,7.243499755859375,7.225718975067139,7.22571325302124,7.234708309173584,7.132743835449219,7.127109050750732,7.220938205718994,7.20649528503418,7.183160781860352,7.209537029266357,7.238561153411865,7.2034807205200195,7.233912944793701,7.177714824676514,7.241672992706299,7.228832244873047,7.227911949157715,7.252072811126709,7.232818603515625,7.257667064666748,7.2429327964782715,7.259239673614502,7.233139514923096,7.311026573181152
4.13,7.46099,0.0,7.172145843505859,7.208446502685547,7.220635890960693,7.232021331787109,7.1697516441345215,7.187110900878906,7.24032735824585,7.2556376457214355,7.243499755859375,7.225718975067139,7.22571325302124,7.234708309173584,7.132743835449219,7.127109050750732,7.220938205718994,7.20649528503418,7.183160781860352,7.209537029266357,7.238561153411865,7.2034807205200195,7.233912944793701,7.177714824676514,7.241672992706299,7.228832244873047,7.227911949157715,7.252072811126709,7.232818603515625,7.257667064666748,7.2429327964782715,7.259239673614502,7.233139514923096,7.311026573181152
4.14,7.51408,0.0,7.487454891204834,7.48442268371582,7.499189853668213,7.510159492492676,7.5093560218811035,7.464544773101807,7.522702217102051,7.539149284362793,7.517192363739014,7.506993770599365,7.508190155029297,7.51883602142334,7.447099685668945,7.448288440704346,7.500335693359375,7.48411750793457,7.472143650054932,7.498506546020508,7.524466514587402,7.488802909851074,7.512051105499268,7.456637382507324,7.517579555511475,7.503830432891846,7.522401332855225,7.542830467224121,7.521052837371826,7.538285255432129,7.522038459777832,7.538643836975098,7.5100555419921875,7.587737083435059
4.15,7.56717,0.0,7.487454891204834,7.48442268371582,7.499189853668213,7.510159492492676,7.5093560218811035,7.464544773101807,7.522702217102051,7.539149284362793,7.517192363739014,7.506993770599365,7.508190155029297,7.51883602142334,7.447099685668945,7.448288440704346,7.500335693359375,7.48411750793457,7.472143650054932,7.498506546020508,7.524466514587402,7.488802909851074,7.512051105499268,7.456637382507324,7.517579555511475,7.503830432891846,7.522401332855225,7.542830467224121,7.521052837371826,7.538285255432129,7.522038459777832,7.538643836975098,7.5100555419921875,7.587737083435059
4.16,7.62028,0.0,7.487454891204834,7.48442268371582,7.499189853668213,7.510159492492676,7.5093560218811035,7.464544773101807,7.522702217102051,7.539149284362793,7.517192363739014,7.506993770599365,7.508190155029297,7.51883602142334,7.447099685668945,7.448288440704346,7.500335693359375,7.48411750793457,7.472143650054932,7.498506546020508,7.524466514587402,7.488802909851074,7.512051105499268,7.456637382507324,7.517579555511475,7.503830432891846,7.522401332855225,7.542830467224121,7.521052837371826,7.538285255432129,7.522038459777832,7.538643836975098,7.5100555419921875,7.587737083435059
4.17,7.67341,0.0,7.487454891204834,7.48442268371582,7.499189853668213,7.510159492492676,7.5093560218811035,7.464544773101807,7.522702217102051,7.539149284362793,7.517192363739014,7.506993770599365,7.508190155029297,7.51883602142334,7.447099685668945,7.448288440704346,7.500335693359375,7.48411750793457,7.472143650054932,7.498506546020508,7.524466514587402,7.488802909851074,7.512051105499268,7.456637382507324,7.517579555511475,7.503830432891846,7.522401332855225,7.542830467224121,7.521052837371826,7.538285255432129,7.522038459777832,7.538643836975098,7.5100555419921875,7.587737083435059
4.18,7.72657,0.0,7.487454891204834,7.48442268371582,7.499189853668213,7.510159492492676,7.5093560218811035,7.464544773101807,7.522702217102051,7.539149284362793,7.517192363739014,7.506993770599365,7.508190155029297,7.51883602142334,7.447099685668945,7.448288440704346,7.500335693359375,7.48411750793457,7.472143650054932,7.498506546020508,7.524466514587402,7.488802909851074,7.512051105499268,7.456637382507324,7.517579555511475,7.503830432891846,7.522401332855225,7.542830467224121,7.521052837371826,7.538285255432129,7.522038459777832,7.538643836975098,7.5100555419921875,7.587737083435059
4.19,7.7798,0.0,7.764023303985596,7.75684928894043,7.7746381759643555,7.784811496734619,7.840114593505859,7.738752365112305,7.799736499786377,7.816758155822754,7.7925920486450195,7.79248571395874,7.7959160804748535,7.806802272796631,7.764936923980713,7.755976676940918,7.789524078369141,7.771296501159668,7.74268913269043,7.767166614532471,7.789640426635742,7.751104831695557,7.781905174255371,7.72765588760376,7.78594446182251,7.771820545196533,7.801905632019043,7.8130083084106445,7.791164398193359,7.808991432189941,7.80128288269043,7.80722188949585,7.774908065795898,7.85986852645874
4.2,7.83299,0.0,7.764023303985596,7.75684928894043,7.7746381759643555,7.784811496734619,7.840114593505859,7.738752365112305,7.799736499786377,7.816758155822754,7.7925920486450195,7.79248571395874,7.7959160804748535,7.806802272796631,7.764936923980713,7.755976676940918,7.789524078369141,7.771296501159668,7.74268913269043,7.767166614532471,7.789640426635742,7.751104831695557,7.781905174255371,7.72765588760376,7.78594446182251,7.771820545196533,7.801905632019043,7.8130083084106445,7.791164398193359,7.808991432189941,7.80128288269043,7.80722188949585,7.774908065795898,7.85986852645874
4.21,7.88626,0.0,7.764023303985596,7.75684928894043,7.7746381759643555,7.784811496734619,7.840114593505859,7.738752365112305,7.799736499786377,7.816758155822754,7.7925920486450195,7.79248571395874,7.7959160804748535,7.806802272796631,7.764936923980713,7.755976676940918,7.789524078369141,7.771296501159668,7.74268913269043,7.767166614532471,7.789640426635742,7.751104831695557,7.781905174255371,7.72765588760376,7.78594446182251,7.771820545196533,7.801905632019043,7.8130083084106445,7.791164398193359,7.808991432189941,7.80128288269043,7.80722188949585,7.774908065795898,7.85986852645874
4.22,7.93958,0.0,7.764023303985596,7.75684928894043,7.7746381759643555,7.784811496734619,7.840114593505859,7.738752365112305,7.799736499786377,7.816758155822754,7.7925920486450195,7.79248571395874,7.7959160804748535,7.806802272796631,7.764936923980713,7.755976676940918,7.789524078369141,7.771296501159668,7.74268913269043,7.767166614532471,7.789640426635742,7.751104831695557,7.781905174255371,7.72765588760376,7.78594446182251,7.771820545196533,7.801905632019043,7.8130083084106445,7.791164398193359,7.808991432189941,7.80128288269043,7.80722188949585,7.774908065795898,7.85986852645874
4.23,7.99294,0.0,7.764023303985596,7.75684928894043,7.7746381759643555,7.784811496734619,7.840114593505859,7.738752365112305,7.799736499786377,7.816758155822754,7.7925920486450195,7.79248571395874,7.7959160804748535,7.806802272796631,7.764936923980713,7.755976676940918,7.789524078369141,7.771296501159668,7.74268913269043,7.767166614532471,7.789640426635742,7.751104831695557,7.781905174255371,7.72765588760376,7.78594446182251,7.771820545196533,7.801905632019043,7.8130083084106445,7.791164398193359,7.808991432189941,7.80128288269043,7.80722188949585,7.774908065795898,7.85986852645874
4.24,8.04636,0.0,8.02009105682373,8.024450302124023,8.044007301330566,8.052948951721191,8.15482234954834,8.011157989501953,8.070618629455566,8.0858793258667,8.06674575805664,8.074456214904785,8.07840633392334,8.084932327270508,8.066203117370605,8.042810440063477,8.060898780822754,8.04178524017334,8.006261825561523,8.030325889587402,8.053508758544922,8.01280403137207,8.028114318847656,7.977185249328613,8.03731918334961,8.023362159729004,8.04655933380127,8.069494247436523,8.05476188659668,8.067941665649414,8.047830581665039,8.059816360473633,8.01945972442627,8.11389446258545
4.25,8.09983,0.0,8.02009105682373,8.024450302124023,8.044007301330566,8.052948951721191,8.15482234954834,8.011157989501953,8.070618629455566,8.0858793258667,8.06674575805664,8.074456214904785,8.07840633392334,8.084932327270508,8.066203117370605,8.042810440063477,8.060898780822754,8.04178524017334,8.006261825561523,8.030325889587402,8.053508758544922,8.01280403137207,8.028114318847656,7.977185249328613,8.03731918334961,8.023362159729004,8.04655933380127,8.069494247436523,8.05476188659668,8.067941665649414,8.047830581665039,8.059816360473633,8.01945972442627,8.11389446258545
4.26,8.15335,0.0,8.02009105682373,8.024450302124023,8.044007301330566,8.052948951721191,8.15482234954834,8.011157989501953,8.070618629455566,8.0858793258667,8.06674575805664,8.074456214904785,8.07840633392334,8.084932327270508,8.066203117370605,8.042810440063477,8.060898780822754,8.04178524017334,8.006261825561523,8.030325889587402,8.053508758544922,8.01280403137207,8.028114318847656,7.977185249328613,8.03731918334961,8.023362159729004,8.04655933380127,8.069494247436523,8.05476188659668,8.067941665649414,8.047830581665039,8.059816360473633,8.01945972442627,8.11389446258545
4.27,8.19621,0.0,8.02009105682373,8.024450302124023,8.044007301330566,8.052948951721191,8.15482234954834,8.011157989501953,8.070618629455566,8.0858793258667,8.06674575805664,8.074456214904785,8.07840633392334,8.084932327270508,8.066203117370605,8.042810440063477,8.060898780822754,8.04178524017334,8.006261825561523,8.030325889587402,8.053508758544922,8.01280403137207,8.028114318847656,7.977185249328613,8.03731918334961,8.023362159729004,8.04655933380127,8.069494247436523,8.05476188659668,8.067941665649414,8.047830581665039,8.059816360473633,8.01945972442627,8.11389446258545
4.28,8.26058,0.0,8.02009105682373,8.024450302124023,8.044007301330566,8.052948951721191,8.15482234954834,8.011157989501953,8.070618629455566,8.0858793258667,8.06674575805664,8.074456214904785,8.07840633392334,8.084932327270508,8.066203117370605,8.042810440063477,8.060898780822754,8.04178524017334,8.006261825561523,8.030325889587402,8.053508758544922,8.01280403137207,8.028114318847656,7.977185249328613,8.03731918334961,8.023362159729004,8.04655933380127,8.069494247436523,8.05476188659668,8.067941665649414,8.047830581665039,8.059816360473633,8.01945972442627,8.11389446258545
4.29,8.31428,0.0,8.25519847869873,8.277318954467773,8.299049377441406,8.30577564239502,8.46589469909668,8.268824577331543,8.331933975219727,8.346969604492188,8.326330184936523,8.335529327392578,8.337579727172852,8.338977813720703,8.35157585144043,8.332700729370117,8.317700386047363,8.297709465026855,8.261818885803223,8.284899711608887,8.30409049987793,8.262887001037598,8.278608322143555,8.2327880859375,8.290903091430664,8.275611877441406,8.298843383789062,8.320199012756348,8.310243606567383,8.323531150817871,8.3009033203125,8.304856300354004,8.26819896697998,8.35718059539795
4.3,8.36804,0.0,8.25519847869873,8.277318954467773,8.299049377441406,8.30577564239502,8.46589469909668,8.268824577331543,8.331933975219727,8.346969604492188,8.326330184936523,8.335529327392578,8.337579727172852,8.338977813720703,8.35157585144043,8.332700729370117,8.317700386047363,8.297709465026855,8.261818885803223,8.284899711608887,8.30409049987793,8.262887001037598,8.278608322143555,8.2327880859375,8.290903091430664,8.275611877441406,8.298843383789062,8.320199012756348,8.310243606567383,8.323531150817871,8.3009033203125,8.304856300354004,8.26819896697998,8.35718059539795
4.31,8.41109,0.0,8.25519847869873,8.277318954467773,8.299049377441406,8.30577564239502,8.46589469909668,8.268824577331543,8.331933975219727,8.346969604492188,8.326330184936523,8.335529327392578,8.337579727172852,8.338977813720703,8.35157585144043,8.332700729370117,8.317700386047363,8.297709465026855,8.261818885803223,8.284899711608887,8.30409049987793,8.262887001037598,8.278608322143555,8.2327880859375,8.290903091430664,8.275611877441406,8.298843383789062,8.320199012756348,8.310243606567383,8.323531150817871,8.3009033203125,8.304856300354004,8.26819896697998,8.35718059539795
4.32,8.47572,0.0,8.25519847869873,8.277318954467773,8.299049377441406,8.30577564239502,8.46589469909668,8.268824577331543,8.331933975219727,8.346969604492188,8.326330184936523,8.335529327392578,8.337579727172852,8.338977813720703,8.35157585144043,8.332700729370117,8.317700386047363,8.297709465026855,8.261818885803223,8.284899711608887,8.30409049987793,8.262887001037598,8.278608322143555,8.2327880859375,8.290903091430664,8.275611877441406,8.298843383789062,8.320199012756348,8.310243606567383,8.323531150817871,8.3009033203125,8.304856300354004,8.26819896697998,8.35718059539795
4.33,8.52965,0.0,8.25519847869873,8.277318954467773,8.299049377441406,8.30577564239502,8.46589469909668,8.268824577331543,8.331933975219727,8.346969604492188,8.326330184936523,8.335529327392578,8.337579727172852,8.338977813720703,8.35157585144043,8.332700729370117,8.317700386047363,8.297709465026855,8.261818885803223,8.284899711608887,8.30409049987793,8.262887001037598,8.278608322143555,8.2327880859375,8.290903091430664,8.275611877441406,8.298843383789062,8.320199012756348,8.310243606567383,8.323531150817871,8.3009033203125,8.304856300354004,8.26819896697998,8.35718059539795
4.34,8.58363,0.0,8.49591064453125,8.534050941467285,8.558228492736816,8.564748764038086,8.75717544555664,8.53235912322998,8.593867301940918,8.60944938659668,8.582489013671875,8.595776557922363,8.597965240478516,8.599881172180176,8.62925910949707,8.615397453308105,8.581101417541504,8.557975769042969,8.527961730957031,8.551969528198242,8.570954322814941,8.530333518981934,8.548747062683105,8.502163887023926,8.561128616333008,8.54682731628418,8.571295738220215,8.583694458007812,8.573293685913086,8.585655212402344,8.565359115600586,8.58399772644043,8.544201850891113,8.637923240661621
4.35,8.62684,0.0,8.49591064453125,8.534050941467285,8.558228492736816,8.564748764038086,8.75717544555664,8.53235912322998,8.593867301940918,8.60944938659668,8.582489013671875,8.595776557922363,8.597965240478516,8.599881172180176,8.62925910949707,8.615397453308105,8.581101417541504,8.557975769042969,8.527961730957031,8.551969528198242,8.570954322814941,8.530333518981934,8.548747062683105,8.502163887023926,8.561128616333008,8.54682731628418,8.571295738220215,8.583694458007812,8.573293685913086,8.585655212402344,8.565359115600586,8.58399772644043,8.544201850891113,8.637923240661621
4.36,8.69172,0.0,8.49591064453125,8.534050941467285,8.558228492736816,8.564748764038086,8.75717544555664,8.53235912322998,8.593867301940918,8.60944938659668,8.582489013671875,8.595776557922363,8.597965240478516,8.599881172180176,8.62925910949707,8.615397453308105,8.581101417541504,8.557975769042969,8.527961730957031,8.551969528198242,8.570954322814941,8.530333518981934,8.548747062683105,8.502163887023926,8.561128616333008,8.54682731628418,8.571295738220215,8.583694458007812,8.573293685913086,8.585655212402344,8.565359115600586,8.58399772644043,8.544201850891113,8.637923240661621
4.37,8.74583,0.0,8.49591064453125,8.534050941467285,8.558228492736816,8.564748764038086,8.75717544555664,8.53235912322998,8.593867301940918,8.60944938659668,8.582489013671875,8.595776557922363,8.597965240478516,8.599881172180176,8.62925910949707,8.615397453308105,8.581101417541504,8.557975769042969,8.527961730957031,8.551969528198242,8.570954322814941,8.530333518981934,8.548747062683105,8.502163887023926,8.561128616333008,8.54682731628418,8.571295738220215,8.583694458007812,8.573293685913086,8.585655212402344,8.565359115600586,8.58399772644043,8.544201850891113,8.637923240661621
4.38,8.79998,0.0,8.49591064453125,8.534050941467285,8.558228492736816,8.564748764038086,8.75717544555664,8.53235912322998,8.593867301940918,8.60944938659668,8.582489013671875,8.595776557922363,8.597965240478516,8.599881172180176,8.62925910949707,8.615397453308105,8.581101417541504,8.557975769042969,8.527961730957031,8.551969528198242,8.570954322814941,8.530333518981934,8.548747062683105,8.502163887023926,8.561128616333008,8.54682731628418,8.571295738220215,8.583694458007812,8.573293685913086,8.585655212402344,8.565359115600586,8.58399772644043,8.544201850891113,8.637923240661621
4.39,8.85419,0.0,8.754199981689453,8.79322338104248,8.819777488708496,8.82656478881836,9.028874397277832,8.803110122680664,8.86096477508545,8.875818252563477,8.843402862548828,8.865128517150879,8.868698120117188,8.874527931213379,8.907917976379395,8.904742240905762,8.864278793334961,8.83757209777832,8.799409866333008,8.822630882263184,8.840797424316406,8.797491073608398,8.815942764282227,8.771007537841797,8.828618049621582,8.814254760742188,8.856491088867188,8.864487648010254,8.846038818359375,8.857730865478516,8.846827507019043,8.853076934814453,8.810744285583496,8.916688919067383
4.4,8.90836,0.0,8.754199981689453,8.79322338104248,8.819777488708496,8.82656478881836,9.028874397277832,8.803110122680664,8.86096477508545,8.875818252563477,8.843402862548828,8.865128517150879,8.868698120117188,8.874527931213379,8.907917976379395,8.904742240905762,8.864278793334961,8.83757209777832,8.799409866333008,8.822630882263184,8.840797424316406,8.797491073608398,8.815942764282227,8.771007537841797,8.828618049621582,8.814254760742188,8.856491088867188,8.864487648010254,8.846038818359375,8.857730865478516,8.846827507019043,8.853076934814453,8.810744285583496,8.916688919067383
4.41,8.96259,0.0,8.754199981689453,8.79322338104248,8.819777488708496,8.82656478881836,9.028874397277832,8.803110122680664,8.86096477508545,8.875818252563477,8.843402862548828,8.865128517150879,8.868698120117188,8.874527931213379,8.907917976379395,8.904742240905762,8.864278793334961,8.83757209777832,8.799409866333008,8.822630882263184,8.840797424316406,8.797491073608398,8.815942764282227,8.771007537841797,8.828618049621582,8.814254760742188,8.856491088867188,8.864487648010254,8.846038818359375,8.857730865478516,8.846827507019043,8.853076934814453,8.810744285583496,8.916688919067383
4.42,9.01683,0.0,8.754199981689453,8.79322338104248,8.819777488708496,8.82656478881836,9.028874397277832,8.803110122680664,8.86096477508545,8.875818252563477,8.843402862548828,8.865128517150879,8.868698120117188,8.874527931213379,8.907917976379395,8.904742240905762,8.864278793334961,8.83757209777832,8.799409866333008,8.822630882263184,8.840797424316406,8.797491073608398,8.815942764282227,8.771007537841797,8.828618049621582,8.814254760742188,8.856491088867188,8.864487648010254,8.846038818359375,8.857730865478516,8.846827507019043,8.853076934814453,8.810744285583496,8.916688919067383
4.43,9.07107,0.0,8.754199981689453,8.79322338104248,8.819777488708496,8.82656478881836,9.028874397277832,8.803110122680664,8.86096477508545,8.875818252563477,8.843402862548828,8.865128517150879,8.868698120117188,8.874527931213379,8.907917976379395,8.904742240905762,8.864278793334961,8.83757209777832,8.799409866333008,8.822630882263184,8.840797424316406,8.797491073608398,8.815942764282227,8.771007537841797,8.828618049621582,8.814254760742188,8.856491088867188,8.864487648010254,8.846038818359375,8.857730865478516,8.846827507019043,8.853076934814453,8.810744285583496,8.916688919067383
4.44,9.12531,0.0,9.010986328125,9.058218002319336,9.087334632873535,9.093262672424316,9.272167205810547,9.075125694274902,9.126150131225586,9.138519287109375,9.11108684539795,9.137018203735352,9.139974594116211,9.14445686340332,9.178631782531738,9.189691543579102,9.140518188476562,9.10964584350586,9.06944751739502,9.095056533813477,9.106363296508789,9.052155494689941,9.083894729614258,9.037983894348145,9.09035873413086,9.074955940246582,9.121758460998535,9.128990173339844,9.111847877502441,9.11922836303711,9.109762191772461,9.120530128479004,9.074369430541992,9.186362266540527
4.45,9.17956,0.0,9.010986328125,9.058218002319336,9.087334632873535,9.093262672424316,9.272167205810547,9.075125694274902,9.126150131225586,9.138519287109375,9.11108684539795,9.137018203735352,9.139974594116211,9.14445686340332,9.178631782531738,9.189691543579102,9.140518188476562,9.10964584350586,9.06944751739502,9.095056533813477,9.106363296508789,9.052155494689941,9.083894729614258,9.037983894348145,9.09035873413086,9.074955940246582,9.121758460998535,9.128990173339844,9.111847877502441,9.11922836303711,9.109762191772461,9.120530128479004,9.074369430541992,9.186362266540527
4.46,9.23378,0.0,9.010986328125,9.058218002319336,9.087334632873535,9.093262672424316,9.272167205810547,9.075125694274902,9.126150131225586,9.138519287109375,9.11108684539795,9.137018203735352,9.139974594116211,9.14445686340332,9.178631782531738,9.189691543579102,9.140518188476562,9.10964584350586,9.06944751739502,9.095056533813477,9.106363296508789,9.052155494689941,9.083894729614258,9.037983894348145,9.09035873413086,9.074955940246582,9.121758460998535,9.128990173339844,9.111847877502441,9.11922836303711,9.109762191772461,9.120530128479004,9.074369430541992,9.186362266540527
4.47,9.28797,0.0,9.010986328125,9.058218002319336,9.087334632873535,9.093262672424316,9.272167205810547,9.075125694274902,9.126150131225586,9.138519287109375,9.11108684539795,9.137018203735352,9.139974594116211,9.14445686340332,9.178631782531738,9.189691543579102,9.140518188476562,9.10964584350586,9.06944751739502,9.095056533813477,9.106363296508789,9.052155494689941,9.083894729614258,9.037983894348145,9.09035873413086,9.074955940246582,9.121758460998535,9.128990173339844,9.111847877502441,9.11922836303711,9.109762191772461,9.120530128479004,9.074369430541992,9.186362266540527
4.48,9.34214,0.0,9.010986328125,9.058218002319336,9.087334632873535,9.093262672424316,9.272167205810547,9.075125694274902,9.126150131225586,9.138519287109375,9.11108684539795,9.137018203735352,9.139974594116211,9.14445686340332,9.178631782531738,9.189691543579102,9.140518188476562,9.10964584350586,9.06944751739502,9.095056533813477,9.106363296508789,9.052155494689941,9.083894729614258,9.037983894348145,9.09035873413086,9.074955940246582,9.121758460998535,9.128990173339844,9.111847877502441,9.11922836303711,9.109762191772461,9.120530128479004,9.074369430541992,9.186362266540527
4.49,9.39626,0.0,9.268332481384277,9.325459480285645,9.356307029724121,9.361444473266602,9.513775825500488,9.339109420776367,9.395258903503418,9.410665512084961,9.375960350036621,9.40013313293457,9.402139663696289,9.407075881958008,9.439566612243652,9.459643363952637,9.403434753417969,9.371574401855469,9.339717864990234,9.36299991607666,9.374847412109375,9.331192016601562,9.360048294067383,9.316523551940918,9.369292259216309,9.353432655334473,9.394128799438477,9.39885425567627,9.389494895935059,9.3972749710083,9.37423038482666,9.377455711364746,9.336042404174805,9.43254566192627
4.5,9.45036,0.0,9.268332481384277,9.325459480285645,9.356307029724121,9.361444473266602,9.513775825500488,9.339109420776367,9.395258903503418,9.410665512084961,9.375960350036621,9.40013313293457,9.402139663696289,9.407075881958008,9.439566612243652,9.459643363952637,9.403434753417969,9.371574401855469,9.339717864990234,9.36299991607666,9.374847412109375,9.331192016601562,9.360048294067383,9.316523551940918,9.369292259216309,9.353432655334473,9.394128799438477,9.39885425567627,9.389494895935059,9.3972749710083,9.37423038482666,9.377455711364746,9.336042404174805,9.43254566192627
4.51,9.50435,0.0,9.268332481384277,9.325459480285645,9.356307029724121,9.361444473266602,9.513775825500488,9.339109420776367,9.395258903503418,9.410665512084961,9.375960350036621,9.40013313293457,9.402139663696289,9.407075881958008,9.439566612243652,9.459643363952637,9.403434753417969,9.371574401855469,9.339717864990234,9.36299991607666,9.374847412109375,9.331192016601562,9.360048294067383,9.316523551940918,9.369292259216309,9.353432655334473,9.394128799438477,9.39885425567627,9.389494895935059,9.3972749710083,9.37423038482666,9.377455711364746,9.336042404174805,9.43254566192627
4.52,9.54756,0.0,9.268332481384277,9.325459480285645,9.356307029724121,9.361444473266602,9.513775825500488,9.339109420776367,9.395258903503418,9.410665512084961,9.375960350036621,9.40013313293457,9.402139663696289,9.407075881958008,9.439566612243652,9.459643363952637,9.403434753417969,9.371574401855469,9.339717864990234,9.36299991607666,9.374847412109375,9.331192016601562,9.360048294067383,9.316523551940918,9.369292259216309,9.353432655334473,9.394128799438477,9.39885425567627,9.389494895935059,9.3972749710083,9.37423038482666,9.377455711364746,9.336042404174805,9.43254566192627
4.53,9.61218,0.0,9.268332481384277,9.325459480285645,9.356307029724121,9.361444473266602,9.513775825500488,9.339109420776367,9.395258903503418,9.410665512084961,9.375960350036621,9.40013313293457,9.402139663696289,9.407075881958008,9.439566612243652,9.459643363952637,9.403434753417969,9.371574401855469,9.339717864990234,9.36299991607666,9.374847412109375,9.331192016601562,9.360048294067383,9.316523551940918,9.369292259216309,9.353432655334473,9.394128799438477,9.39885425567627,9.389494895935059,9.3972749710083,9.37423038482666,9.377455711364746,9.336042404174805,9.43254566192627
4.54,9.66598,0.0,9.540281295776367,9.582298278808594,9.613424301147461,9.61698055267334,9.745116233825684,9.607491493225098,9.660063743591309,9.673681259155273,9.637551307678223,9.666032791137695,9.669676780700684,9.675616264343262,9.694705963134766,9.711919784545898,9.669743537902832,9.635143280029297,9.60334587097168,9.619210243225098,9.631022453308105,9.584437370300293,9.604340553283691,9.56599235534668,9.618685722351074,9.603890419006348,9.633618354797363,9.63863468170166,9.632528305053711,9.643413543701172,9.630794525146484,9.623383522033691,9.576584815979004,9.679808616638184
4.55,9.71969,0.0,9.540281295776367,9.582298278808594,9.613424301147461,9.61698055267334,9.745116233825684,9.607491493225098,9.660063743591309,9.673681259155273,9.637551307678223,9.666032791137695,9.669676780700684,9.675616264343262,9.694705963134766,9.711919784545898,9.669743537902832,9.635143280029297,9.60334587097168,9.619210243225098,9.631022453308105,9.584437370300293,9.604340553283691,9.56599235534668,9.618685722351074,9.603890419006348,9.633618354797363,9.63863468170166,9.632528305053711,9.643413543701172,9.630794525146484,9.623383522033691,9.576584815979004,9.679808616638184
4.56,9.76264,0.0,9.540281295776367,9.582298278808594,9.613424301147461,9.61698055267334,9.745116233825684,9.607491493225098,9.660063743591309,9.673681259155273,9.637551307678223,9.666032791137695,9.669676780700684,9.675616264343262,9.694705963134766,9.711919784545898,9.669743537902832,9.635143280029297,9.60334587097168,9.619210243225098,9.631022453308105,9.584437370300293,9.604340553283691,9.56599235534668,9.618685722351074,9.603890419006348,9.633618354797363,9.63863468170166,9.632528305053711,9.643413543701172,9.630794525146484,9.623383522033691,9.576584815979004,9.679808616638184
4.57,9.82682,0.0,9.540281295776367,9.582298278808594,9.613424301147461,9.61698055267334,9.745116233825684,9.607491493225098,9.660063743591309,9.673681259155273,9.637551307678223,9.666032791137695,9.669676780700684,9.675616264343262,9.694705963134766,9.711919784545898,9.669743537902832,9.635143280029297,9.60334587097168,9.619210243225098,9.631022453308105,9.584437370300293,9.604340553283691,9.56599235534668,9.618685722351074,9.603890419006348,9.633618354797363,9.63863468170166,9.632528305053711,9.643413543701172,9.630794525146484,9.623383522033691,9.576584815979004,9.679808616638184
4.58,9.88023,0.0,9.540281295776367,9.582298278808594,9.613424301147461,9.61698055267334,9.745116233825684,9.607491493225098,9.660063743591309,9.673681259155273,9.637551307678223,9.666032791137695,9.669676780700684,9.675616264343262,9.694705963134766,9.711919784545898,9.669743537902832,9.635143280029297,9.60334587097168,9.619210243225098,9.631022453308105,9.584437370300293,9.604340553283691,9.56599235534668,9.618685722351074,9.603890419006348,9.633618354797363,9.63863468170166,9.632528305053711,9.643413543701172,9.630794525146484,9.623383522033691,9.576584815979004,9.679808616638184
4.59,9.93354,0.0,9.817562103271484,9.83707332611084,9.869155883789062,9.871908187866211,9.958624839782715,9.87005615234375,9.918863296508789,9.932906150817871,9.895155906677246,9.925950050354004,9.931017875671387,9.933648109436035,9.938947677612305,9.963582038879395,9.932435989379883,9.893241882324219,9.868978500366211,9.88546085357666,9.895663261413574,9.84548282623291,9.872370719909668,9.833823204040527,9.888052940368652,9.872663497924805,9.909799575805664,9.907703399658203,9.894906044006348,9.901230812072754,9.884355545043945,9.884940147399902,9.836038589477539,9.940933227539062
4.6,9.97615,0.0,9.817562103271484,9.83707332611084,9.869155883789062,9.871908187866211,9.958624839782715,9.87005615234375,9.918863296508789,9.932906150817871,9.895155906677246,9.925950050354004,9.931017875671387,9.933648109436035,9.938947677612305,9.963582038879395,9.932435989379883,9.893241882324219,9.868978500366211,9.88546085357666,9.895663261413574,9.84548282623291,9.872370719909668,9.833823204040527,9.888052940368652,9.872663497924805,9.909799575805664,9.907703399658203,9.894906044006348,9.901230812072754,9.884355545043945,9.884940147399902,9.836038589477539,9.940933227539062
4.61,10.03982,0.0,9.817562103271484,9.83707332611084,9.869155883789062,9.871908187866211,9.958624839782715,9.87005615234375,9.918863296508789,9.932906150817871,9.895155906677246,9.925950050354004,9.931017875671387,9.933648109436035,9.938947677612305,9.963582038879395,9.932435989379883,9.893241882324219,9.868978500366211,9.88546085357666,9.895663261413574,9.84548282623291,9.872370719909668,9.833823204040527,9.888052940368652,9.872663497924805,9.909799575805664,9.907703399658203,9.894906044006348,9.901230812072754,9.884355545043945,9.884940147399902,9.836038589477539,9.940933227539062
4.62,10.0928,0.0,9.817562103271484,9.83707332611084,9.869155883789062,9.871908187866211,9.958624839782715,9.87005615234375,9.918863296508789,9.932906150817871,9.895155906677246,9.925950050354004,9.931017875671387,9.933648109436035,9.938947677612305,9.963582038879395,9.932435989379883,9.893241882324219,9.868978500366211,9.88546085357666,9.895663261413574,9.84548282623291,9.872370719909668,9.833823204040527,9.888052940368652,9.872663497924805,9.909799575805664,9.907703399658203,9.894906044006348,9.901230812072754,9.884355545043945,9.884940147399902,9.836038589477539,9.940933227539062
4.63,10.14566,0.0,9.817562103271484,9.83707332611084,9.869155883789062,9.871908187866211,9.958624839782715,9.87005615234375,9.918863296508789,9.932906150817871,9.895155906677246,9.925950050354004,9.931017875671387,9.933648109436035,9.938947677612305,9.963582038879395,9.932435989379883,9.893241882324219,9.868978500366211,9.88546085357666,9.895663261413574,9.84548282623291,9.872370719909668,9.833823204040527,9.888052940368652,9.872663497924805,9.909799575805664,9.907703399658203,9.894906044006348,9.901230812072754,9.884355545043945,9.884940147399902,9.836038589477539,9.940933227539062
4.64,10.19843,0.0,10.100470542907715,10.095888137817383,10.12905216217041,10.132767677307129,10.166234970092773,10.138891220092773,10.182343482971191,10.194694519042969,10.16018295288086,10.192818641662598,10.199051856994629,10.202717781066895,10.19110107421875,10.227113723754883,10.212615013122559,10.170113563537598,10.139267921447754,10.16134262084961,10.167455673217773,10.110123634338379,10.151772499084473,10.110106468200684,10.160021781921387,10.144925117492676,10.18685531616211,10.17729377746582,10.162089347839355,10.168813705444336,10.161672592163086,10.165022850036621,10.112137794494629,10.232011795043945
4.65,10.25109,0.0,10.100470542907715,10.095888137817383,10.12905216217041,10.132767677307129,10.166234970092773,10.138891220092773,10.182343482971191,10.194694519042969,10.16018295288086,10.192818641662598,10.199051856994629,10.202717781066895,10.19110107421875,10.227113723754883,10.212615013122559,10.170113563537598,10.139267921447754,10.16134262084961,10.167455673217773,10.110123634338379,10.151772499084473,10.110106468200684,10.160021781921387,10.144925117492676,10.18685531616211,10.17729377746582,10.162089347839355,10.168813705444336,10.161672592163086,10.165022850036621,10.112137794494629,10.232011795043945
4.66,10.30365,0.0,10.100470542907715,10.095888137817383,10.12905216217041,10.132767677307129,10.166234970092773,10.138891220092773,10.182343482971191,10.194694519042969,10.16018295288086,10.192818641662598,10.199051856994629,10.202717781066895,10.19110107421875,10.227113723754883,10.212615013122559,10.170113563537598,10.139267921447754,10.16134262084961,10.167455673217773,10.110123634338379,10.151772499084473,10.110106468200684,10.160021781921387,10.144925117492676,10.18685531616211,10.17729377746582,10.162089347839355,10.168813705444336,10.161672592163086,10.165022850036621,10.112137794494629,10.232011795043945
4.67,10.35611,0.0,10.100470542907715,10.095888137817383,10.12905216217041,10.132767677307129,10.166234970092773,10.138891220092773,10.182343482971191,10.194694519042969,10.16018295288086,10.192818641662598,10.199051856994629,10.202717781066895,10.19110107421875,10.227113723754883,10.212615013122559,10.170113563537598,10.139267921447754,10.16134262084961,10.167455673217773,10.110123634338379,10.151772499084473,10.110106468200684,10.160021781921387,10.144925117492676,10.18685531616211,10.17729377746582,10.162089347839355,10.168813705444336,10.161672592163086,10.165022850036621,10.112137794494629,10.232011795043945
4.68,10.4085,0.0,10.100470542907715,10.095888137817383,10.12905216217041,10.132767677307129,10.166234970092773,10.138891220092773,10.182343482971191,10.194694519042969,10.16018295288086,10.192818641662598,10.199051856994629,10.202717781066895,10.19110107421875,10.227113723754883,10.212615013122559,10.170113563537598,10.139267921447754,10.16134262084961,10.167455673217773,10.110123634338379,10.151772499084473,10.110106468200684,10.160021781921387,10.144925117492676,10.18685531616211,10.17729377746582,10.162089347839355,10.168813705444336,10.161672592163086,10.165022850036621,10.112137794494629,10.232011795043945
4.69,10.46082,0.0,10.381109237670898,10.363896369934082,10.396416664123535,10.400778770446777,10.403911590576172,10.405641555786133,10.441418647766113,10.453434944152832,10.419586181640625,10.449024200439453,10.453886032104492,10.45660400390625,10.451340675354004,10.495759963989258,10.473248481750488,10.42915153503418,10.417190551757812,10.44048023223877,10.444127082824707,10.39338493347168,10.429488182067871,10.39037036895752,10.440238952636719,10.42379379272461,10.467662811279297,10.458025932312012,10.444706916809082,10.45223617553711,10.439702033996582,10.44041633605957,10.389718055725098,10.505118370056152
4.7,10.51308,0.0,10.381109237670898,10.363896369934082,10.396416664123535,10.400778770446777,10.403911590576172,10.405641555786133,10.441418647766113,10.453434944152832,10.419586181640625,10.449024200439453,10.453886032104492,10.45660400390625,10.451340675354004,10.495759963989258,10.473248481750488,10.42915153503418,10.417190551757812,10.44048023223877,10.444127082824707,10.39338493347168,10.429488182067871,10.39037036895752,10.440238952636719,10.42379379272461,10.467662811279297,10.458025932312012,10.444706916809082,10.45223617553711,10.439702033996582,10.44041633605957,10.389718055725098,10.505118370056152
4.71,10.56528,0.0,10.381109237670898,10.363896369934082,10.396416664123535,10.400778770446777,10.403911590576172,10.405641555786133,10.441418647766113,10.453434944152832,10.419586181640625,10.449024200439453,10.453886032104492,10.45660400390625,10.451340675354004,10.495759963989258,10.473248481750488,10.42915153503418,10.417190551757812,10.44048023223877,10.444127082824707,10.39338493347168,10.429488182067871,10.39037036895752,10.440238952636719,10.42379379272461,10.467662811279297,10.458025932312012,10.444706916809082,10.45223617553711,10.439702033996582,10.44041633605957,10.389718055725098,10.505118370056152
4.72,10.61745,0.0,10.381109237670898,10.363896369934082,10.396416664123535,10.400778770446777,10.403911590576172,10.405641555786133,10.441418647766113,10.453434944152832,10.419586181640625,10.449024200439453,10.453886032104492,10.45660400390625,10.451340675354004,10.495759963989258,10.473248481750488,10.42915153503418,10.417190551757812,10.44048023223877,10.444127082824707,10.39338493347168,10.429488182067871,10.39037036895752,10.440238952636719,10.42379379272461,10.467662811279297,10.458025932312012,10.444706916809082,10.45223617553711,10.439702033996582,10.44041633605957,10.389718055725098,10.505118370056152
4.73,10.66958,0.0,10.381109237670898,10.363896369934082,10.396416664123535,10.400778770446777,10.403911590576172,10.405641555786133,10.441418647766113,10.453434944152832,10.419586181640625,10.449024200439453,10.453886032104492,10.45660400390625,10.451340675354004,10.495759963989258,10.473248481750488,10.42915153503418,10.417190551757812,10.44048023223877,10.444127082824707,10.39338493347168,10.429488182067871,10.39037036895752,10.440238952636719,10.42379379272461,10.467662811279297,10.458025932312012,10.444706916809082,10.45223617553711,10.439702033996582,10.44041633605957,10.389718055725098,10.505118370056152
4.74,10.72171,0.0,10.67213249206543,10.636209487915039,10.670309066772461,10.67418384552002,10.67191219329834,10.688628196716309,10.718018531799316,10.730993270874023,10.692933082580566,10.723089218139648,10.727975845336914,10.736241340637207,10.721214294433594,10.767552375793457,10.75561237335205,10.70619010925293,10.700200080871582,10.716120719909668,10.721464157104492,10.668296813964844,10.702339172363281,10.664724349975586,10.714353561401367,10.698219299316406,10.75817584991455,10.749893188476562,10.736337661743164,10.744144439697266,10.722091674804688,10.722711563110352,10.669639587402344,10.784034729003906
4.75,10.77383,0.0,10.67213249206543,10.636209487915039,10.670309066772461,10.67418384552002,10.67191219329834,10.688628196716309,10.718018531799316,10.730993270874023,10.692933082580566,10.723089218139648,10.727975845336914,10.736241340637207,10.721214294433594,10.767552375793457,10.75561237335205,10.70619010925293,10.700200080871582,10.716120719909668,10.721464157104492,10.668296813964844,10.702339172363281,10.664724349975586,10.714353561401367,10.698219299316406,10.75817584991455,10.749893188476562,10.736337661743164,10.744144439697266,10.722091674804688,10.722711563110352,10.669639587402344,10.784034729003906
4.76,10.82597,0.0,10.67213249206543,10.636209487915039,10.670309066772461,10.67418384552002,10.67191219329834,10.688628196716309,10.718018531799316,10.730993270874023,10.692933082580566,10.723089218139648,10.727975845336914,10.736241340637207,10.721214294433594,10.767552375793457,10.75561237335205,10.70619010925293,10.700200080871582,10.716120719909668,10.721464157104492,10.668296813964844,10.702339172363281,10.664724349975586,10.714353561401367,10.698219299316406,10.75817584991455,10.749893188476562,10.736337661743164,10.744144439697266,10.722091674804688,10.722711563110352,10.669639587402344,10.784034729003906
4.77,10.86769,0.0,10.67213249206543,10.636209487915039,10.670309066772461,10.67418384552002,10.67191219329834,10.688628196716309,10.718018531799316,10.730993270874023,10.692933082580566,10.723089218139648,10.727975845336914,10.736241340637207,10.721214294433594,10.767552375793457,10.75561237335205,10.70619010925293,10.700200080871582,10.716120719909668,10.721464157104492,10.668296813964844,10.702339172363281,10.664724349975586,10.714353561401367,10.698219299316406,10.75817584991455,10.749893188476562,10.736337661743164,10.744144439697266,10.722091674804688,10.722711563110352,10.669639587402344,10.784034729003906
4.78,10.93035,0.0,10.67213249206543,10.636209487915039,10.670309066772461,10.67418384552002,10.67191219329834,10.688628196716309,10.718018531799316,10.730993270874023,10.692933082580566,10.723089218139648,10.727975845336914,10.736241340637207,10.721214294433594,10.767552375793457,10.75561237335205,10.70619010925293,10.700200080871582,10.716120719909668,10.721464157104492,10.668296813964844,10.702339172363281,10.664724349975586,10.714353561401367,10.698219299316406,10.75817584991455,10.749893188476562,10.736337661743164,10.744144439697266,10.722091674804688,10.722711563110352,10.669639587402344,10.784034729003906
4.79,10.98263,0.0,10.931539535522461,10.872169494628906,10.905138969421387,10.905783653259277,10.923541069030762,10.943753242492676,10.95788288116455,10.96640682220459,10.945466995239258,10.971416473388672,10.9740571975708,10.973402976989746,10.966114044189453,11.009806632995605,10.98546314239502,10.938035011291504,10.928499221801758,10.934279441833496,10.938488960266113,10.88169002532959,10.901768684387207,10.870927810668945,10.916173934936523,10.90268611907959,10.92724323272705,10.918190002441406,10.923370361328125,10.936341285705566,10.926725387573242,10.905577659606934,10.85064697265625,10.953119277954102
4.8,11.03493,0.0,10.931539535522461,10.872169494628906,10.905138969421387,10.905783653259277,10.923541069030762,10.943753242492676,10.95788288116455,10.96640682220459,10.945466995239258,10.971416473388672,10.9740571975708,10.973402976989746,10.966114044189453,11.009806632995605,10.98546314239502,10.938035011291504,10.928499221801758,10.934279441833496,10.938488960266113,10.88169002532959,10.901768684387207,10.870927810668945,10.916173934936523,10.90268611907959,10.92724323272705,10.918190002441406,10.923370361328125,10.936341285705566,10.926725387573242,10.905577659606934,10.85064697265625,10.953119277954102
4.81,11.07684,0.0,10.931539535522461,10.872169494628906,10.905138969421387,10.905783653259277,10.923541069030762,10.943753242492676,10.95788288116455,10.96640682220459,10.945466995239258,10.971416473388672,10.9740571975708,10.973402976989746,10.966114044189453,11.009806632995605,10.98546314239502,10.938035011291504,10.928499221801758,10.934279441833496,10.938488960266113,10.88169002532959,10.901768684387207,10.870927810668945,10.916173934936523,10.90268611907959,10.92724323272705,10.918190002441406,10.923370361328125,10.936341285705566,10.926725387573242,10.905577659606934,10.85064697265625,10.953119277954102
4.82,11.13982,0.0,10.931539535522461,10.872169494628906,10.905138969421387,10.905783653259277,10.923541069030762,10.943753242492676,10.95788288116455,10.96640682220459,10.945466995239258,10.971416473388672,10.9740571975708,10.973402976989746,10.966114044189453,11.009806632995605,10.98546314239502,10.938035011291504,10.928499221801758,10.934279441833496,10.938488960266113,10.88169002532959,10.901768684387207,10.870927810668945,10.916173934936523,10.90268611907959,10.92724323272705,10.918190002441406,10.923370361328125,10.936341285705566,10.926725387573242,10.905577659606934,10.85064697265625,10.953119277954102
4.83,11.19239,0.0,10.931539535522461,10.872169494628906,10.905138969421387,10.905783653259277,10.923541069030762,10.943753242492676,10.95788288116455,10.96640682220459,10.945466995239258,10.971416473388672,10.9740571975708,10.973402976989746,10.966114044189453,11.009806632995605,10.98546314239502,10.938035011291504,10.928499221801758,10.934279441833496,10.938488960266113,10.88169002532959,10.901768684387207,10.870927810668945,10.916173934936523,10.90268611907959,10.92724323272705,10.918190002441406,10.923370361328125,10.936341285705566,10.926725387573242,10.905577659606934,10.85064697265625,10.953119277954102
4.84,11.24507,0.0,11.207987785339355,11.132832527160645,11.164340019226074,11.16539478302002,11.160322189331055,11.19907283782959,11.219340324401855,11.229581832885742,11.205044746398926,11.227352142333984,11.231881141662598,11.23343276977539,11.21779727935791,11.262846946716309,11.254132270812988,11.205336570739746,11.199640274047852,11.217658042907715,11.218379020690918,11.159111976623535,11.214754104614258,11.175849914550781,11.22411060333252,11.209383964538574,11.225790023803711,11.205694198608398,11.197599411010742,11.211498260498047,11.20238208770752,11.201971054077148,11.147906303405762,11.258974075317383
4.85,11.28729,0.0,11.207987785339355,11.132832527160645,11.164340019226074,11.16539478302002,11.160322189331055,11.19907283782959,11.219340324401855,11.229581832885742,11.205044746398926,11.227352142333984,11.231881141662598,11.23343276977539,11.21779727935791,11.262846946716309,11.254132270812988,11.205336570739746,11.199640274047852,11.217658042907715,11.218379020690918,11.159111976623535,11.214754104614258,11.175849914550781,11.22411060333252,11.209383964538574,11.225790023803711,11.205694198608398,11.197599411010742,11.211498260498047,11.20238208770752,11.201971054077148,11.147906303405762,11.258974075317383
4.86,11.35075,0.0,11.207987785339355,11.132832527160645,11.164340019226074,11.16539478302002,11.160322189331055,11.19907283782959,11.219340324401855,11.229581832885742,11.205044746398926,11.227352142333984,11.231881141662598,11.23343276977539,11.21779727935791,11.262846946716309,11.254132270812988,11.205336570739746,11.199640274047852,11.217658042907715,11.218379020690918,11.159111976623535,11.214754104614258,11.175849914550781,11.22411060333252,11.209383964538574,11.225790023803711,11.205694198608398,11.197599411010742,11.211498260498047,11.20238208770752,11.201971054077148,11.147906303405762,11.258974075317383
4.87,11.40373,0.0,11.207987785339355,11.132832527160645,11.164340019226074,11.16539478302002,11.160322189331055,11.19907283782959,11.219340324401855,11.229581832885742,11.205044746398926,11.227352142333984,11.231881141662598,11.23343276977539,11.21779727935791,11.262846946716309,11.254132270812988,11.205336570739746,11.199640274047852,11.217658042907715,11.218379020690918,11.159111976623535,11.214754104614258,11.175849914550781,11.22411060333252,11.209383964538574,11.225790023803711,11.205694198608398,11.197599411010742,11.211498260498047,11.20238208770752,11.201971054077148,11.147906303405762,11.258974075317383
4.88,11.45683,0.0,11.207987785339355,11.132832527160645,11.164340019226074,11.16539478302002,11.160322189331055,11.19907283782959,11.219340324401855,11.229581832885742,11.205044746398926,11.227352142333984,11.231881141662598,11.23343276977539,11.21779727935791,11.262846946716309,11.254132270812988,11.205336570739746,11.199640274047852,11.217658042907715,11.218379020690918,11.159111976623535,11.214754104614258,11.175849914550781,11.22411060333252,11.209383964538574,11.225790023803711,11.205694198608398,11.197599411010742,11.211498260498047,11.20238208770752,11.201971054077148,11.147906303405762,11.258974075317383
4.89,11.51001,0.0,11.48056697845459,11.39663028717041,11.42769718170166,11.430153846740723,11.411296844482422,11.462427139282227,11.472494125366211,11.481356620788574,11.457609176635742,11.477559089660645,11.481539726257324,11.4798583984375,11.471124649047852,11.515275955200195,11.509145736694336,11.455619812011719,11.471782684326172,11.49094295501709,11.492578506469727,11.435991287231445,11.465034484863281,11.426207542419434,11.473776817321777,11.457246780395508,11.503203392028809,11.477477073669434,11.467806816101074,11.47847843170166,11.46297836303711,11.467848777770996,11.406289100646973,11.532024383544922
4.9,11.56329,0.0,11.48056697845459,11.39663028717041,11.42769718170166,11.430153846740723,11.411296844482422,11.462427139282227,11.472494125366211,11.481356620788574,11.457609176635742,11.477559089660645,11.481539726257324,11.4798583984375,11.471124649047852,11.515275955200195,11.509145736694336,11.455619812011719,11.471782684326172,11.49094295501709,11.492578506469727,11.435991287231445,11.465034484863281,11.426207542419434,11.473776817321777,11.457246780395508,11.503203392028809,11.477477073669434,11.467806816101074,11.47847843170166,11.46297836303711,11.467848777770996,11.406289100646973,11.532024383544922
4.91,11.61664,0.0,11.48056697845459,11.39663028717041,11.42769718170166,11.430153846740723,11.411296844482422,11.462427139282227,11.472494125366211,11.481356620788574,11.457609176635742,11.477559089660645,11.481539726257324,11.4798583984375,11.471124649047852,11.515275955200195,11.509145736694336,11.455619812011719,11.471782684326172,11.49094295501709,11.492578506469727,11.435991287231445,11.465034484863281,11.426207542419434,11.473776817321777,11.457246780395508,11.503203392028809,11.477477073669434,11.467806816101074,11.47847843170166,11.46297836303711,11.467848777770996,11.406289100646973,11.532024383544922
4.92,11.67006,0.0,11.48056697845459,11.39663028717041,11.42769718170166,11.430153846740723,11.411296844482422,11.462427139282227,11.472494125366211,11.481356620788574,11.457609176635742,11.477559089660645,11.481539726257324,11.4798583984375,11.471124649047852,11.515275955200195,11.509145736694336,11.455619812011719,11.471782684326172,11.49094295501709,11.492578506469727,11.435991287231445,11.465034484863281,11.426207542419434,11.473776817321777,11.457246780395508,11.503203392028809,11.477477073669434,11.467806816101074,11.47847843170166,11.46297836303711,11.467848777770996,11.406289100646973,11.532024383544922
4.93,11.72353,0.0,11.48056697845459,11.39663028717041,11.42769718170166,11.430153846740723,11.411296844482422,11.462427139282227,11.472494125366211,11.481356620788574,11.457609176635742,11.477559089660645,11.481539726257324,11.4798583984375,11.471124649047852,11.515275955200195,11.509145736694336,11.455619812011719,11.471782684326172,11.49094295501709,11.492578506469727,11.435991287231445,11.465034484863281,11.426207542419434,11.473776817321777,11.457246780395508,11.503203392028809,11.477477073669434,11.467806816101074,11.47847843170166,11.46297836303711,11.467848777770996,11.406289100646973,11.532024383544922
4.94,11.77702,0.0,11.785109519958496,11.68645191192627,11.717447280883789,11.720900535583496,11.694112777709961,11.752705574035645,11.767438888549805,11.777518272399902,11.751571655273438,11.76839828491211,11.77480697631836,11.788102149963379,11.761950492858887,11.810749053955078,11.822263717651367,11.769386291503906,11.779319763183594,11.801437377929688,11.800469398498535,11.738568305969238,11.802299499511719,11.76231861114502,11.806817054748535,11.795268058776855,11.832602500915527,11.806997299194336,11.787141799926758,11.804296493530273,11.790887832641602,11.784355163574219,11.729609489440918,11.847530364990234
4.95,11.83053,0.0,11.785109519958496,11.68645191192627,11.717447280883789,11.720900535583496,11.694112777709961,11.752705574035645,11.767438888549805,11.777518272399902,11.751571655273438,11.76839828491211,11.77480697631836,11.788102149963379,11.761950492858887,11.810749053955078,11.822263717651367,11.769386291503906,11.779319763183594,11.801437377929688,11.800469398498535,11.738568305969238,11.802299499511719,11.76231861114502,11.806817054748535,11.795268058776855,11.832602500915527,11.806997299194336,11.787141799926758,11.804296493530273,11.790887832641602,11.784355163574219,11.729609489440918,11.847530364990234
4.96,11.88402,0.0,11.785109519958496,11.68645191192627,11.717447280883789,11.720900535583496,11.694112777709961,11.752705574035645,11.767438888549805,11.777518272399902,11.751571655273438,11.76839828491211,11.77480697631836,11.788102149963379,11.761950492858887,11.810749053955078,11.822263717651367,11.769386291503906,11.779319763183594,11.801437377929688,11.800469398498535,11.738568305969238,11.802299499511719,11.76231861114502,11.806817054748535,11.795268058776855,11.832602500915527,11.806997299194336,11.787141799926758,11.804296493530273,11.790887832641602,11.784355163574219,11.729609489440918,11.847530364990234
4.97,11.93746,0.0,11.785109519958496,11.68645191192627,11.717447280883789,11.720900535583496,11.694112777709961,11.752705574035645,11.767438888549805,11.777518272399902,11.751571655273438,11.76839828491211,11.77480697631836,11.788102149963379,11.761950492858887,11.810749053955078,11.822263717651367,11.769386291503906,11.779319763183594,11.801437377929688,11.800469398498535,11.738568305969238,11.802299499511719,11.76231861114502,11.806817054748535,11.795268058776855,11.832602500915527,11.806997299194336,11.787141799926758,11.804296493530273,11.790887832641602,11.784355163574219,11.729609489440918,11.847530364990234
4.98,11.99083,0.0,11.785109519958496,11.68645191192627,11.717447280883789,11.720900535583496,11.694112777709961,11.752705574035645,11.767438888549805,11.777518272399902,11.751571655273438,11.76839828491211,11.77480697631836,11.788102149963379,11.761950492858887,11.810749053955078,11.822263717651367,11.769386291503906,11.779319763183594,11.801437377929688,11.800469398498535,11.738568305969238,11.802299499511719,11.76231861114502,11.806817054748535,11.795268058776855,11.832602500915527,11.806997299194336,11.787141799926758,11.804296493530273,11.790887832641602,11.784355163574219,11.729609489440918,11.847530364990234
4.99,12.0441,0.0,12.0335111618042,11.92884635925293,11.957420349121094,11.957137107849121,11.954466819763184,11.999741554260254,12.002135276794434,12.006474494934082,11.99846363067627,12.01114559173584,12.015921592712402,12.01257610321045,12.014863014221191,12.054306983947754,12.043400764465332,11.99183464050293,12.000325202941895,12.011337280273438,12.006172180175781,11.94395637512207,11.971050262451172,11.938040733337402,11.977927207946777,11.96501636505127,11.975483894348145,11.945948600769043,11.956269264221191,11.971921920776367,11.97634220123291,11.961685180664062,11.893309593200684,12.002939224243164
5.0,12.09723,0.0,12.0335111618042,11.92884635925293,11.957420349121094,11.957137107849121,11.954466819763184,11.999741554260254,12.002135276794434,12.006474494934082,11.99846363067627,12.01114559173584,12.015921592712402,12.01257610321045,12.014863014221191,12.054306983947754,12.043400764465332,11.99183464050293,12.000325202941895,12.011337280273438,12.006172180175781,11.94395637512207,11.971050262451172,11.938040733337402,11.977927207946777,11.96501636505127,11.975483894348145,11.945948600769043,11.956269264221191,11.971921920776367,11.97634220123291,11.961685180664062,11.893309593200684,12.002939224243164
5.01,12.15019,0.0,12.0335111618042,11.92884635925293,11.957420349121094,11.957137107849121,11.954466819763184,11.999741554260254,12.002135276794434,12.006474494934082,11.99846363067627,12.01114559173584,12.015921592712402,12.01257610321045,12.014863014221191,12.054306983947754,12.043400764465332,11.99183464050293,12.000325202941895,12.011337280273438,12.006172180175781,11.94395637512207,11.971050262451172,11.938040733337402,11.977927207946777,11.96501636505127,11.975483894348145,11.945948600769043,11.956269264221191,11.971921920776367,11.97634220123291,11.961685180664062,11.893309593200684,12.002939224243164
5.02,12.19245,0.0,12.0335111618042,11.92884635925293,11.957420349121094,11.957137107849121,11.954466819763184,11.999741554260254,12.002135276794434,12.006474494934082,11.99846363067627,12.01114559173584,12.015921592712402,12.01257610321045,12.014863014221191,12.054306983947754,12.043400764465332,11.99183464050293,12.000325202941895,12.011337280273438,12.006172180175781,11.94395637512207,11.971050262451172,11.938040733337402,11.977927207946777,11.96501636505127,11.975483894348145,11.945948600769043,11.956269264221191,11.971921920776367,11.97634220123291,11.961685180664062,11.893309593200684,12.002939224243164
5.03,12.25546,0.0,12.0335111618042,11.92884635925293,11.957420349121094,11.957137107849121,11.954466819763184,11.999741554260254,12.002135276794434,12.006474494934082,11.99846363067627,12.01114559173584,12.015921592712402,12.01257610321045,12.014863014221191,12.054306983947754,12.043400764465332,11.99183464050293,12.000325202941895,12.011337280273438,12.006172180175781,11.94395637512207,11.971050262451172,11.938040733337402,11.977927207946777,11.96501636505127,11.975483894348145,11.945948600769043,11.956269264221191,11.971921920776367,11.97634220123291,11.961685180664062,11.893309593200684,12.002939224243164
5.04,12.30769,0.0,12.289525032043457,12.174956321716309,12.204130172729492,12.202818870544434,12.219813346862793,12.250394821166992,12.2470064163208,12.250947952270508,12.247404098510742,12.256936073303223,12.261220932006836,12.25468635559082,12.255670547485352,12.293183326721191,12.292627334594727,12.239777565002441,12.250540733337402,12.265182495117188,12.263842582702637,12.203051567077637,12.227182388305664,12.194737434387207,12.241446495056152,12.228349685668945,12.25330638885498,12.218032836914062,12.21614933013916,12.23940372467041,12.228132247924805,12.220311164855957,12.154352188110352,12.268653869628906
5.05,12.3596,0.0,12.289525032043457,12.174956321716309,12.204130172729492,12.202818870544434,12.219813346862793,12.250394821166992,12.2470064163208,12.250947952270508,12.247404098510742,12.256936073303223,12.261220932006836,12.25468635559082,12.255670547485352,12.293183326721191,12.292627334594727,12.239777565002441,12.250540733337402,12.265182495117188,12.263842582702637,12.203051567077637,12.227182388305664,12.194737434387207,12.241446495056152,12.228349685668945,12.25330638885498,12.218032836914062,12.21614933013916,12.23940372467041,12.228132247924805,12.220311164855957,12.154352188110352,12.268653869628906
5.06,12.40092,0.0,12.289525032043457,12.174956321716309,12.204130172729492,12.202818870544434,12.219813346862793,12.250394821166992,12.2470064163208,12.250947952270508,12.247404098510742,12.256936073303223,12.261220932006836,12.25468635559082,12.255670547485352,12.293183326721191,12.292627334594727,12.239777565002441,12.250540733337402,12.265182495117188,12.263842582702637,12.203051567077637,12.227182388305664,12.194737434387207,12.241446495056152,12.228349685668945,12.25330638885498,12.218032836914062,12.21614933013916,12.23940372467041,12.228132247924805,12.220311164855957,12.154352188110352,12.268653869628906
5.07,12.46232,0.0,12.289525032043457,12.174956321716309,12.204130172729492,12.202818870544434,12.219813346862793,12.250394821166992,12.2470064163208,12.250947952270508,12.247404098510742,12.256936073303223,12.261220932006836,12.25468635559082,12.255670547485352,12.293183326721191,12.292627334594727,12.239777565002441,12.250540733337402,12.265182495117188,12.263842582702637,12.203051567077637,12.227182388305664,12.194737434387207,12.241446495056152,12.228349685668945,12.25330638885498,12.218032836914062,12.21614933013916,12.23940372467041,12.228132247924805,12.220311164855957,12.154352188110352,12.268653869628906
5.08,12.51306,0.0,12.289525032043457,12.174956321716309,12.204130172729492,12.202818870544434,12.219813346862793,12.250394821166992,12.2470064163208,12.250947952270508,12.247404098510742,12.256936073303223,12.261220932006836,12.25468635559082,12.255670547485352,12.293183326721191,12.292627334594727,12.239777565002441,12.250540733337402,12.265182495117188,12.263842582702637,12.203051567077637,12.227182388305664,12.194737434387207,12.241446495056152,12.228349685668945,12.25330638885498,12.218032836914062,12.21614933013916,12.23940372467041,12.228132247924805,12.220311164855957,12.154352188110352,12.268653869628906
5.09,12.56346,0.0,12.535096168518066,12.411548614501953,12.443124771118164,12.443864822387695,12.485799789428711,12.514474868774414,12.467598915100098,12.46375846862793,12.483113288879395,12.498516082763672,12.498042106628418,12.484112739562988,12.487578392028809,12.51451301574707,12.533513069152832,12.474720001220703,12.493760108947754,12.514116287231445,12.511322975158691,12.444449424743652,12.478097915649414,12.44283390045166,12.490241050720215,12.478693962097168,12.50613784790039,12.46156120300293,12.457472801208496,12.496828079223633,12.488907814025879,12.484829902648926,12.421154022216797,12.562019348144531
5.1,12.60322,0.0,12.535096168518066,12.411548614501953,12.443124771118164,12.443864822387695,12.485799789428711,12.514474868774414,12.467598915100098,12.46375846862793,12.483113288879395,12.498516082763672,12.498042106628418,12.484112739562988,12.487578392028809,12.51451301574707,12.533513069152832,12.474720001220703,12.493760108947754,12.514116287231445,12.511322975158691,12.444449424743652,12.478097915649414,12.44283390045166,12.490241050720215,12.478693962097168,12.50613784790039,12.46156120300293,12.457472801208496,12.496828079223633,12.488907814025879,12.484829902648926,12.421154022216797,12.562019348144531
5.11,12.66233,0.0,12.535096168518066,12.411548614501953,12.443124771118164,12.443864822387695,12.485799789428711,12.514474868774414,12.467598915100098,12.46375846862793,12.483113288879395,12.498516082763672,12.498042106628418,12.484112739562988,12.487578392028809,12.51451301574707,12.533513069152832,12.474720001220703,12.493760108947754,12.514116287231445,12.511322975158691,12.444449424743652,12.478097915649414,12.44283390045166,12.490241050720215,12.478693962097168,12.50613784790039,12.46156120300293,12.457472801208496,12.496828079223633,12.488907814025879,12.484829902648926,12.421154022216797,12.562019348144531
5.12,12.71101,0.0,12.535096168518066,12.411548614501953,12.443124771118164,12.443864822387695,12.485799789428711,12.514474868774414,12.467598915100098,12.46375846862793,12.483113288879395,12.498516082763672,12.498042106628418,12.484112739562988,12.487578392028809,12.51451301574707,12.533513069152832,12.474720001220703,12.493760108947754,12.514116287231445,12.511322975158691,12.444449424743652,12.478097915649414,12.44283390045166,12.490241050720215,12.478693962097168,12.50613784790039,12.46156120300293,12.457472801208496,12.496828079223633,12.488907814025879,12.484829902648926,12.421154022216797,12.562019348144531
5.13,12.75911,0.0,12.535096168518066,12.411548614501953,12.443124771118164,12.443864822387695,12.485799789428711,12.514474868774414,12.467598915100098,12.46375846862793,12.483113288879395,12.498516082763672,12.498042106628418,12.484112739562988,12.487578392028809,12.51451301574707,12.533513069152832,12.474720001220703,12.493760108947754,12.514116287231445,12.511322975158691,12.444449424743652,12.478097915649414,12.44283390045166,12.490241050720215,12.478693962097168,12.50613784790039,12.46156120300293,12.457472801208496,12.496828079223633,12.488907814025879,12.484829902648926,12.421154022216797,12.562019348144531
5.14,12.80658,0.0,12.789180755615234,12.705401420593262,12.736466407775879,12.737346649169922,12.768380165100098,12.785699844360352,12.760102272033691,12.764181137084961,12.77247428894043,12.779510498046875,12.77713680267334,12.779879570007324,12.753121376037598,12.781240463256836,12.827211380004883,12.768279075622559,12.772911071777344,12.797403335571289,12.787842750549316,12.71161937713623,12.78542423248291,12.748600959777832,12.78581714630127,12.768868446350098,12.809929847717285,12.761884689331055,12.759925842285156,12.788946151733398,12.775167465209961,12.767475128173828,12.708183288574219,12.821438789367676
5.15,12.85343,0.0,12.789180755615234,12.705401420593262,12.736466407775879,12.737346649169922,12.768380165100098,12.785699844360352,12.760102272033691,12.764181137084961,12.77247428894043,12.779510498046875,12.77713680267334,12.779879570007324,12.753121376037598,12.781240463256836,12.827211380004883,12.768279075622559,12.772911071777344,12.797403335571289,12.787842750549316,12.71161937713623,12.78542423248291,12.748600959777832,12.78581714630127,12.768868446350098,12.809929847717285,12.761884689331055,12.759925842285156,12.788946151733398,12.775167465209961,12.767475128173828,12.708183288574219,12.821438789367676
5.16,12.89963,0.0,12.789180755615234,12.705401420593262,12.736466407775879,12.737346649169922,12.768380165100098,12.785699844360352,12.760102272033691,12.764181137084961,12.77247428894043,12.779510498046875,12.77713680267334,12.779879570007324,12.753121376037598,12.781240463256836,12.827211380004883,12.768279075622559,12.772911071777344,12.797403335571289,12.787842750549316,12.71161937713623,12.78542423248291,12.748600959777832,12.78581714630127,12.768868446350098,12.809929847717285,12.761884689331055,12.759925842285156,12.788946151733398,12.775167465209961,12.767475128173828,12.708183288574219,12.821438789367676
5.17,12.94517,0.0,12.789180755615234,12.705401420593262,12.736466407775879,12.737346649169922,12.768380165100098,12.785699844360352,12.760102272033691,12.764181137084961,12.77247428894043,12.779510498046875,12.77713680267334,12.779879570007324,12.753121376037598,12.781240463256836,12.827211380004883,12.768279075622559,12.772911071777344,12.797403335571289,12.787842750549316,12.71161937713623,12.78542423248291,12.748600959777832,12.78581714630127,12.768868446350098,12.809929847717285,12.761884689331055,12.759925842285156,12.788946151733398,12.775167465209961,12.767475128173828,12.708183288574219,12.821438789367676
5.18,12.99003,0.0,12.789180755615234,12.705401420593262,12.736466407775879,12.737346649169922,12.768380165100098,12.785699844360352,12.760102272033691,12.764181137084961,12.77247428894043,12.779510498046875,12.77713680267334,12.779879570007324,12.753121376037598,12.781240463256836,12.827211380004883,12.768279075622559,12.772911071777344,12.797403335571289,12.787842750549316,12.71161937713623,12.78542423248291,12.748600959777832,12.78581714630127,12.768868446350098,12.809929847717285,12.761884689331055,12.759925842285156,12.788946151733398,12.775167465209961,12.767475128173828,12.708183288574219,12.821438789367676
5.19,13.03423,0.0,13.037052154541016,12.956194877624512,12.982892036437988,12.979521751403809,13.025101661682129,13.018810272216797,12.999971389770508,13.000712394714355,13.020634651184082,13.018946647644043,13.016230583190918,13.014134407043457,13.012282371520996,13.032987594604492,13.049657821655273,13.006148338317871,13.019575119018555,13.037681579589844,13.035079002380371,12.977723121643066,13.012491226196289,12.977738380432129,13.01889705657959,13.011277198791504,12.981444358825684,12.938972473144531,12.949817657470703,12.980091094970703,12.996230125427246,12.965020179748535,12.901613235473633,12.998448371887207
5.2,13.07773,0.0,13.037052154541016,12.956194877624512,12.982892036437988,12.979521751403809,13.025101661682129,13.018810272216797,12.999971389770508,13.000712394714355,13.020634651184082,13.018946647644043,13.016230583190918,13.014134407043457,13.012282371520996,13.032987594604492,13.049657821655273,13.006148338317871,13.019575119018555,13.037681579589844,13.035079002380371,12.977723121643066,13.012491226196289,12.977738380432129,13.01889705657959,13.011277198791504,12.981444358825684,12.938972473144531,12.949817657470703,12.980091094970703,12.996230125427246,12.965020179748535,12.901613235473633,12.998448371887207
5.21,13.12057,0.0,13.037052154541016,12.956194877624512,12.982892036437988,12.979521751403809,13.025101661682129,13.018810272216797,12.999971389770508,13.000712394714355,13.020634651184082,13.018946647644043,13.016230583190918,13.014134407043457,13.012282371520996,13.032987594604492,13.049657821655273,13.006148338317871,13.019575119018555,13.037681579589844,13.035079002380371,12.977723121643066,13.012491226196289,12.977738380432129,13.01889705657959,13.011277198791504,12.981444358825684,12.938972473144531,12.949817657470703,12.980091094970703,12.996230125427246,12.965020179748535,12.901613235473633,12.998448371887207
5.22,13.16274,0.0,13.037052154541016,12.956194877624512,12.982892036437988,12.979521751403809,13.025101661682129,13.018810272216797,12.999971389770508,13.000712394714355,13.020634651184082,13.018946647644043,13.016230583190918,13.014134407043457,13.012282371520996,13.032987594604492,13.049657821655273,13.006148338317871,13.019575119018555,13.037681579589844,13.035079002380371,12.977723121643066,13.012491226196289,12.977738380432129,13.01889705657959,13.011277198791504,12.981444358825684,12.938972473144531,12.949817657470703,12.980091094970703,12.996230125427246,12.965020179748535,12.901613235473633,12.998448371887207
5.23,13.20425,0.0,13.037052154541016,12.956194877624512,12.982892036437988,12.979521751403809,13.025101661682129,13.018810272216797,12.999971389770508,13.000712394714355,13.020634651184082,13.018946647644043,13.016230583190918,13.014134407043457,13.012282371520996,13.032987594604492,13.049657821655273,13.006148338317871,13.019575119018555,13.037681579589844,13.035079002380371,12.977723121643066,13.012491226196289,12.977738380432129,13.01889705657959,13.011277198791504,12.981444358825684,12.938972473144531,12.949817657470703,12.980091094970703,12.996230125427246,12.965020179748535,12.901613235473633,12.998448371887207
5.24,13.24512,0.0,13.207822799682617,13.118574142456055,13.141336441040039,13.132752418518066,13.254020690917969,13.20072078704834,13.159882545471191,13.152534484863281,13.190644264221191,13.182912826538086,13.175070762634277,13.14977741241455,13.178155899047852,13.19383716583252,13.178728103637695,13.138556480407715,13.179826736450195,13.186718940734863,13.181414604187012,13.117912292480469,13.119034767150879,13.089997291564941,13.133216857910156,13.125223159790039,13.112035751342773,13.068241119384766,13.0899658203125,13.130398750305176,13.120290756225586,13.105816841125488,13.036354064941406,13.137710571289062
5.25,13.28538,0.0,13.207822799682617,13.118574142456055,13.141336441040039,13.132752418518066,13.254020690917969,13.20072078704834,13.159882545471191,13.152534484863281,13.190644264221191,13.182912826538086,13.175070762634277,13.14977741241455,13.178155899047852,13.19383716583252,13.178728103637695,13.138556480407715,13.179826736450195,13.186718940734863,13.181414604187012,13.117912292480469,13.119034767150879,13.089997291564941,13.133216857910156,13.125223159790039,13.112035751342773,13.068241119384766,13.0899658203125,13.130398750305176,13.120290756225586,13.105816841125488,13.036354064941406,13.137710571289062
5.26,13.32504,0.0,13.207822799682617,13.118574142456055,13.141336441040039,13.132752418518066,13.254020690917969,13.20072078704834,13.159882545471191,13.152534484863281,13.190644264221191,13.182912826538086,13.175070762634277,13.14977741241455,13.178155899047852,13.19383716583252,13.178728103637695,13.138556480407715,13.179826736450195,13.186718940734863,13.181414604187012,13.117912292480469,13.119034767150879,13.089997291564941,13.133216857910156,13.125223159790039,13.112035751342773,13.068241119384766,13.0899658203125,13.130398750305176,13.120290756225586,13.105816841125488,13.036354064941406,13.137710571289062
5.27,13.35636,0.0,13.207822799682617,13.118574142456055,13.141336441040039,13.132752418518066,13.254020690917969,13.20072078704834,13.159882545471191,13.152534484863281,13.190644264221191,13.182912826538086,13.175070762634277,13.14977741241455,13.178155899047852,13.19383716583252,13.178728103637695,13.138556480407715,13.179826736450195,13.186718940734863,13.181414604187012,13.117912292480469,13.119034767150879,13.089997291564941,13.133216857910156,13.125223159790039,13.112035751342773,13.068241119384766,13.0899658203125,13.130398750305176,13.120290756225586,13.105816841125488,13.036354064941406,13.137710571289062
5.28,13.4027,0.0,13.207822799682617,13.118574142456055,13.141336441040039,13.132752418518066,13.254020690917969,13.20072078704834,13.159882545471191,13.152534484863281,13.190644264221191,13.182912826538086,13.175070762634277,13.14977741241455,13.178155899047852,13.19383716583252,13.178728103637695,13.138556480407715,13.179826736450195,13.186718940734863,13.181414604187012,13.117912292480469,13.119034767150879,13.089997291564941,13.133216857910156,13.125223159790039,13.112035751342773,13.068241119384766,13.0899658203125,13.130398750305176,13.120290756225586,13.105816841125488,13.036354064941406,13.137710571289062
5.29,13.44079,0.0,13.378573417663574,13.29617977142334,13.312643051147461,13.308903694152832,13.463618278503418,13.393165588378906,13.314716339111328,13.307232856750488,13.342535018920898,13.330937385559082,13.313714981079102,13.28614330291748,13.3192720413208,13.324075698852539,13.298738479614258,13.264756202697754,13.395139694213867,13.43140697479248,13.431842803955078,13.372841835021973,13.386444091796875,13.357325553894043,13.420788764953613,13.415678977966309,13.340508460998535,13.289687156677246,13.319034576416016,13.377398490905762,13.308771133422852,13.3524169921875,13.307738304138184,13.403693199157715
5.3,13.47836,0.0,13.378573417663574,13.29617977142334,13.312643051147461,13.308903694152832,13.463618278503418,13.393165588378906,13.314716339111328,13.307232856750488,13.342535018920898,13.330937385559082,13.313714981079102,13.28614330291748,13.3192720413208,13.324075698852539,13.298738479614258,13.264756202697754,13.395139694213867,13.43140697479248,13.431842803955078,13.372841835021973,13.386444091796875,13.357325553894043,13.420788764953613,13.415678977966309,13.340508460998535,13.289687156677246,13.319034576416016,13.377398490905762,13.308771133422852,13.3524169921875,13.307738304138184,13.403693199157715
5.31,13.50813,0.0,13.378573417663574,13.29617977142334,13.312643051147461,13.308903694152832,13.463618278503418,13.393165588378906,13.314716339111328,13.307232856750488,13.342535018920898,13.330937385559082,13.313714981079102,13.28614330291748,13.3192720413208,13.324075698852539,13.298738479614258,13.264756202697754,13.395139694213867,13.43140697479248,13.431842803955078,13.372841835021973,13.386444091796875,13.357325553894043,13.420788764953613,13.415678977966309,13.340508460998535,13.289687156677246,13.319034576416016,13.377398490905762,13.308771133422852,13.3524169921875,13.307738304138184,13.403693199157715
5.32,13.55234,0.0,13.378573417663574,13.29617977142334,13.312643051147461,13.308903694152832,13.463618278503418,13.393165588378906,13.314716339111328,13.307232856750488,13.342535018920898,13.330937385559082,13.313714981079102,13.28614330291748,13.3192720413208,13.324075698852539,13.298738479614258,13.264756202697754,13.395139694213867,13.43140697479248,13.431842803955078,13.372841835021973,13.386444091796875,13.357325553894043,13.420788764953613,13.415678977966309,13.340508460998535,13.289687156677246,13.319034576416016,13.377398490905762,13.308771133422852,13.3524169921875,13.307738304138184,13.403693199157715
5.33,13.5888,0.0,13.378573417663574,13.29617977142334,13.312643051147461,13.308903694152832,13.463618278503418,13.393165588378906,13.314716339111328,13.307232856750488,13.342535018920898,13.330937385559082,13.313714981079102,13.28614330291748,13.3192720413208,13.324075698852539,13.298738479614258,13.264756202697754,13.395139694213867,13.43140697479248,13.431842803955078,13.372841835021973,13.386444091796875,13.357325553894043,13.420788764953613,13.415678977966309,13.340508460998535,13.289687156677246,13.319034576416016,13.377398490905762,13.308771133422852,13.3524169921875,13.307738304138184,13.403693199157715
5.34,13.62497,0.0,13.596236228942871,13.566994667053223,13.584043502807617,13.581866264343262,13.657331466674805,13.607344627380371,13.568349838256836,13.576425552368164,13.572526931762695,13.563705444335938,13.54861831665039,13.561861038208008,13.551410675048828,13.550642013549805,13.584907531738281,13.55020523071289,13.652772903442383,13.690805435180664,13.673670768737793,13.598362922668457,13.656816482543945,13.6161470413208,13.641186714172363,13.631952285766602,13.629599571228027,13.576309204101562,13.574711799621582,13.612838745117188,13.623893737792969,13.605107307434082,13.560587882995605,13.645877838134766
5.35,13.65372,0.0,13.596236228942871,13.566994667053223,13.584043502807617,13.581866264343262,13.657331466674805,13.607344627380371,13.568349838256836,13.576425552368164,13.572526931762695,13.563705444335938,13.54861831665039,13.561861038208008,13.551410675048828,13.550642013549805,13.584907531738281,13.55020523071289,13.652772903442383,13.690805435180664,13.673670768737793,13.598362922668457,13.656816482543945,13.6161470413208,13.641186714172363,13.631952285766602,13.629599571228027,13.576309204101562,13.574711799621582,13.612838745117188,13.623893737792969,13.605107307434082,13.560587882995605,13.645877838134766
5.36,13.69661,0.0,13.596236228942871,13.566994667053223,13.584043502807617,13.581866264343262,13.657331466674805,13.607344627380371,13.568349838256836,13.576425552368164,13.572526931762695,13.563705444335938,13.54861831665039,13.561861038208008,13.551410675048828,13.550642013549805,13.584907531738281,13.55020523071289,13.652772903442383,13.690805435180664,13.673670768737793,13.598362922668457,13.656816482543945,13.6161470413208,13.641186714172363,13.631952285766602,13.629599571228027,13.576309204101562,13.574711799621582,13.612838745117188,13.623893737792969,13.605107307434082,13.560587882995605,13.645877838134766
5.37,13.73218,0.0,13.596236228942871,13.566994667053223,13.584043502807617,13.581866264343262,13.657331466674805,13.607344627380371,13.568349838256836,13.576425552368164,13.572526931762695,13.563705444335938,13.54861831665039,13.561861038208008,13.551410675048828,13.550642013549805,13.584907531738281,13.55020523071289,13.652772903442383,13.690805435180664,13.673670768737793,13.598362922668457,13.656816482543945,13.6161470413208,13.641186714172363,13.631952285766602,13.629599571228027,13.576309204101562,13.574711799621582,13.612838745117188,13.623893737792969,13.605107307434082,13.560587882995605,13.645877838134766
5.38,13.76764,0.0,13.596236228942871,13.566994667053223,13.584043502807617,13.581866264343262,13.657331466674805,13.607344627380371,13.568349838256836,13.576425552368164,13.572526931762695,13.563705444335938,13.54861831665039,13.561861038208008,13.551410675048828,13.550642013549805,13.584907531738281,13.55020523071289,13.652772903442383,13.690805435180664,13.673670768737793,13.598362922668457,13.656816482543945,13.6161470413208,13.641186714172363,13.631952285766602,13.629599571228027,13.576309204101562,13.574711799621582,13.612838745117188,13.623893737792969,13.605107307434082,13.560587882995605,13.645877838134766
5.39,13.80305,0.0,13.796767234802246,13.773472785949707,13.795554161071777,13.788403511047363,13.844141960144043,13.793658256530762,13.766191482543945,13.767659187316895,13.762145042419434,13.759004592895508,13.745229721069336,13.758612632751465,13.756299018859863,13.756287574768066,13.801464080810547,13.764762878417969,13.8164644241333,13.8347749710083,13.829556465148926,13.760903358459473,13.763566970825195,13.735384941101074,13.769268035888672,13.757158279418945,13.778388977050781,13.714921951293945,13.726982116699219,13.75213623046875,13.785758972167969,13.758929252624512,13.68483829498291,13.788506507873535
5.4,13.8384,0.0,13.796767234802246,13.773472785949707,13.795554161071777,13.788403511047363,13.844141960144043,13.793658256530762,13.766191482543945,13.767659187316895,13.762145042419434,13.759004592895508,13.745229721069336,13.758612632751465,13.756299018859863,13.756287574768066,13.801464080810547,13.764762878417969,13.8164644241333,13.8347749710083,13.829556465148926,13.760903358459473,13.763566970825195,13.735384941101074,13.769268035888672,13.757158279418945,13.778388977050781,13.714921951293945,13.726982116699219,13.75213623046875,13.785758972167969,13.758929252624512,13.68483829498291,13.788506507873535
5.41,13.87379,0.0,13.796767234802246,13.773472785949707,13.795554161071777,13.788403511047363,13.844141960144043,13.793658256530762,13.766191482543945,13.767659187316895,13.762145042419434,13.759004592895508,13.745229721069336,13.758612632751465,13.756299018859863,13.756287574768066,13.801464080810547,13.764762878417969,13.8164644241333,13.8347749710083,13.829556465148926,13.760903358459473,13.763566970825195,13.735384941101074,13.769268035888672,13.757158279418945,13.778388977050781,13.714921951293945,13.726982116699219,13.75213623046875,13.785758972167969,13.758929252624512,13.68483829498291,13.788506507873535
5.42,13.90923,0.0,13.796767234802246,13.773472785949707,13.795554161071777,13.788403511047363,13.844141960144043,13.793658256530762,13.766191482543945,13.767659187316895,13.762145042419434,13.759004592895508,13.745229721069336,13.758612632751465,13.756299018859863,13.756287574768066,13.801464080810547,13.764762878417969,13.8164644241333,13.8347749710083,13.829556465148926,13.760903358459473,13.763566970825195,13.735384941101074,13.769268035888672,13.757158279418945,13.778388977050781,13.714921951293945,13.726982116699219,13.75213623046875,13.785758972167969,13.758929252624512,13.68483829498291,13.788506507873535
5.43,13.94478,0.0,13.796767234802246,13.773472785949707,13.795554161071777,13.788403511047363,13.844141960144043,13.793658256530762,13.766191482543945,13.767659187316895,13.762145042419434,13.759004592895508,13.745229721069336,13.758612632751465,13.756299018859863,13.756287574768066,13.801464080810547,13.764762878417969,13.8164644241333,13.8347749710083,13.829556465148926,13.760903358459473,13.763566970825195,13.735384941101074,13.769268035888672,13.757158279418945,13.778388977050781,13.714921951293945,13.726982116699219,13.75213623046875,13.785758972167969,13.758929252624512,13.68483829498291,13.788506507873535
5.44,13.98044,0.0,13.99634838104248,13.981817245483398,14.010004043579102,14.000396728515625,14.060819625854492,14.004451751708984,13.980777740478516,13.982002258300781,13.977290153503418,13.979551315307617,13.965367317199707,13.974649429321289,13.94773006439209,13.960875511169434,14.024544715881348,13.978346824645996,14.017753601074219,14.034873962402344,14.030377388000488,13.954291343688965,13.983896255493164,13.953441619873047,13.992694854736328,13.980530738830566,14.020130157470703,13.965592384338379,13.968221664428711,14.00183391571045,13.996379852294922,13.994048118591309,13.924431800842285,14.043978691101074
5.45,14.01625,0.0,13.99634838104248,13.981817245483398,14.010004043579102,14.000396728515625,14.060819625854492,14.004451751708984,13.980777740478516,13.982002258300781,13.977290153503418,13.979551315307617,13.965367317199707,13.974649429321289,13.94773006439209,13.960875511169434,14.024544715881348,13.978346824645996,14.017753601074219,14.034873962402344,14.030377388000488,13.954291343688965,13.983896255493164,13.953441619873047,13.992694854736328,13.980530738830566,14.020130157470703,13.965592384338379,13.968221664428711,14.00183391571045,13.996379852294922,13.994048118591309,13.924431800842285,14.043978691101074
5.46,14.05225,0.0,13.99634838104248,13.981817245483398,14.010004043579102,14.000396728515625,14.060819625854492,14.004451751708984,13.980777740478516,13.982002258300781,13.977290153503418,13.979551315307617,13.965367317199707,13.974649429321289,13.94773006439209,13.960875511169434,14.024544715881348,13.978346824645996,14.017753601074219,14.034873962402344,14.030377388000488,13.954291343688965,13.983896255493164,13.953441619873047,13.992694854736328,13.980530738830566,14.020130157470703,13.965592384338379,13.968221664428711,14.00183391571045,13.996379852294922,13.994048118591309,13.924431800842285,14.043978691101074
5.47,14.08844,0.0,13.99634838104248,13.981817245483398,14.010004043579102,14.000396728515625,14.060819625854492,14.004451751708984,13.980777740478516,13.982002258300781,13.977290153503418,13.979551315307617,13.965367317199707,13.974649429321289,13.94773006439209,13.960875511169434,14.024544715881348,13.978346824645996,14.017753601074219,14.034873962402344,14.030377388000488,13.954291343688965,13.983896255493164,13.953441619873047,13.992694854736328,13.980530738830566,14.020130157470703,13.965592384338379,13.968221664428711,14.00183391571045,13.996379852294922,13.994048118591309,13.924431800842285,14.043978691101074
5.48,14.12486,0.0,13.99634838104248,13.981817245483398,14.010004043579102,14.000396728515625,14.060819625854492,14.004451751708984,13.980777740478516,13.982002258300781,13.977290153503418,13.979551315307617,13.965367317199707,13.974649429321289,13.94773006439209,13.960875511169434,14.024544715881348,13.978346824645996,14.017753601074219,14.034873962402344,14.030377388000488,13.954291343688965,13.983896255493164,13.953441619873047,13.992694854736328,13.980530738830566,14.020130157470703,13.965592384338379,13.968221664428711,14.00183391571045,13.996379852294922,13.994048118591309,13.924431800842285,14.043978691101074
5.49,14.16151,0.0,14.170858383178711,14.180360794067383,14.206208229064941,14.192418098449707,14.270172119140625,14.179070472717285,14.167515754699707,14.169755935668945,14.16918659210205,14.16541576385498,14.149070739746094,14.155776977539062,14.135310173034668,14.150035858154297,14.190013885498047,14.153800964355469,14.196520805358887,14.212559700012207,14.206998825073242,14.137755393981934,14.183109283447266,14.151124000549316,14.19023323059082,14.180736541748047,14.17116641998291,14.113897323608398,14.135767936706543,14.168802261352539,14.174040794372559,14.169909477233887,14.106871604919434,14.208894729614258
5.5,14.19841,0.0,14.170858383178711,14.180360794067383,14.206208229064941,14.192418098449707,14.270172119140625,14.179070472717285,14.167515754699707,14.169755935668945,14.16918659210205,14.16541576385498,14.149070739746094,14.155776977539062,14.135310173034668,14.150035858154297,14.190013885498047,14.153800964355469,14.196520805358887,14.212559700012207,14.206998825073242,14.137755393981934,14.183109283447266,14.151124000549316,14.19023323059082,14.180736541748047,14.17116641998291,14.113897323608398,14.135767936706543,14.168802261352539,14.174040794372559,14.169909477233887,14.106871604919434,14.208894729614258
5.51,14.23555,0.0,14.170858383178711,14.180360794067383,14.206208229064941,14.192418098449707,14.270172119140625,14.179070472717285,14.167515754699707,14.169755935668945,14.16918659210205,14.16541576385498,14.149070739746094,14.155776977539062,14.135310173034668,14.150035858154297,14.190013885498047,14.153800964355469,14.196520805358887,14.212559700012207,14.206998825073242,14.137755393981934,14.183109283447266,14.151124000549316,14.19023323059082,14.180736541748047,14.17116641998291,14.113897323608398,14.135767936706543,14.168802261352539,14.174040794372559,14.169909477233887,14.106871604919434,14.208894729614258
5.52,14.26549,0.0,14.170858383178711,14.180360794067383,14.206208229064941,14.192418098449707,14.270172119140625,14.179070472717285,14.167515754699707,14.169755935668945,14.16918659210205,14.16541576385498,14.149070739746094,14.155776977539062,14.135310173034668,14.150035858154297,14.190013885498047,14.153800964355469,14.196520805358887,14.212559700012207,14.206998825073242,14.137755393981934,14.183109283447266,14.151124000549316,14.19023323059082,14.180736541748047,14.17116641998291,14.113897323608398,14.135767936706543,14.168802261352539,14.174040794372559,14.169909477233887,14.106871604919434,14.208894729614258
5.53,14.31061,0.0,14.170858383178711,14.180360794067383,14.206208229064941,14.192418098449707,14.270172119140625,14.179070472717285,14.167515754699707,14.169755935668945,14.16918659210205,14.16541576385498,14.149070739746094,14.155776977539062,14.135310173034668,14.150035858154297,14.190013885498047,14.153800964355469,14.196520805358887,14.212559700012207,14.206998825073242,14.137755393981934,14.183109283447266,14.151124000549316,14.19023323059082,14.180736541748047,14.17116641998291,14.113897323608398,14.135767936706543,14.168802261352539,14.174040794372559,14.169909477233887,14.106871604919434,14.208894729614258
5.54,14.34851,0.0,14.32943058013916,14.346397399902344,14.373046875,14.35422420501709,14.45542049407959,14.341419219970703,14.32857894897461,14.328558921813965,14.338190078735352,14.332862854003906,14.313755989074707,14.312292098999023,14.308496475219727,14.312238693237305,14.337908744812012,14.308273315429688,14.357939720153809,14.370534896850586,14.36987018585205,14.303911209106445,14.311984062194824,14.280404090881348,14.31755542755127,14.310331344604492,14.300874710083008,14.236042976379395,14.262749671936035,14.302881240844727,14.323387145996094,14.292675018310547,14.222920417785645,14.32058048248291
5.55,14.38665,0.0,14.32943058013916,14.346397399902344,14.373046875,14.35422420501709,14.45542049407959,14.341419219970703,14.32857894897461,14.328558921813965,14.338190078735352,14.332862854003906,14.313755989074707,14.312292098999023,14.308496475219727,14.312238693237305,14.337908744812012,14.308273315429688,14.357939720153809,14.370534896850586,14.36987018585205,14.303911209106445,14.311984062194824,14.280404090881348,14.31755542755127,14.310331344604492,14.300874710083008,14.236042976379395,14.262749671936035,14.302881240844727,14.323387145996094,14.292675018310547,14.222920417785645,14.32058048248291
5.56,14.41736,0.0,14.32943058013916,14.346397399902344,14.373046875,14.35422420501709,14.45542049407959,14.341419219970703,14.32857894897461,14.328558921813965,14.338190078735352,14.332862854003906,14.313755989074707,14.312292098999023,14.308496475219727,14.312238693237305,14.337908744812012,14.308273315429688,14.357939720153809,14.370534896850586,14.36987018585205,14.303911209106445,14.311984062194824,14.280404090881348,14.31755542755127,14.310331344604492,14.300874710083008,14.236042976379395,14.262749671936035,14.302881240844727,14.323387145996094,14.292675018310547,14.222920417785645,14.32058048248291
5.57,14.4636,0.00238,14.32943058013916,14.346397399902344,14.373046875,14.35422420501709,14.45542049407959,14.341419219970703,14.32857894897461,14.328558921813965,14.338190078735352,14.332862854003906,14.313755989074707,14.312292098999023,14.308496475219727,14.312238693237305,14.337908744812012,14.308273315429688,14.357939720153809,14.370534896850586,14.36987018585205,14.303911209106445,14.311984062194824,14.280404090881348,14.31755542755127,14.310331344604492,14.300874710083008,14.236042976379395,14.262749671936035,14.302881240844727,14.323387145996094,14.292675018310547,14.222920417785645,14.32058048248291
5.58,14.50236,0.00389,14.32943058013916,14.346397399902344,14.373046875,14.35422420501709,14.45542049407959,14.341419219970703,14.32857894897461,14.328558921813965,14.338190078735352,14.332862854003906,14.313755989074707,14.312292098999023,14.308496475219727,14.312238693237305,14.337908744812012,14.308273315429688,14.357939720153809,14.370534896850586,14.36987018585205,14.303911209106445,14.311984062194824,14.280404090881348,14.31755542755127,14.310331344604492,14.300874710083008,14.236042976379395,14.262749671936035,14.302881240844727,14.323387145996094,14.292675018310547,14.222920417785645,14.32058048248291
5.59,14.5413,0.00533,14.506963729858398,14.535632133483887,14.564919471740723,14.545989036560059,14.646710395812988,14.528342247009277,14.510228157043457,14.511618614196777,14.518234252929688,14.513789176940918,14.493045806884766,14.492218971252441,14.482198715209961,14.486536979675293,14.519765853881836,14.489283561706543,14.553887367248535,14.57378101348877,14.575555801391602,14.509050369262695,14.519060134887695,14.485320091247559,14.531371116638184,14.521468162536621,14.531420707702637,14.46670913696289,14.480238914489746,14.51671028137207,14.520263671875,14.511515617370605,14.444890975952148,14.55428409576416
5.6,14.57259,0.00644,14.506963729858398,14.535632133483887,14.564919471740723,14.545989036560059,14.646710395812988,14.528342247009277,14.510228157043457,14.511618614196777,14.518234252929688,14.513789176940918,14.493045806884766,14.492218971252441,14.482198715209961,14.486536979675293,14.519765853881836,14.489283561706543,14.553887367248535,14.57378101348877,14.575555801391602,14.509050369262695,14.519060134887695,14.485320091247559,14.531371116638184,14.521468162536621,14.531420707702637,14.46670913696289,14.480238914489746,14.51671028137207,14.520263671875,14.511515617370605,14.444890975952148,14.55428409576416
5.61,14.61958,0.00801,14.506963729858398,14.535632133483887,14.564919471740723,14.545989036560059,14.646710395812988,14.528342247009277,14.510228157043457,14.511618614196777,14.518234252929688,14.513789176940918,14.493045806884766,14.492218971252441,14.482198715209961,14.486536979675293,14.519765853881836,14.489283561706543,14.553887367248535,14.57378101348877,14.575555801391602,14.509050369262695,14.519060134887695,14.485320091247559,14.531371116638184,14.521468162536621,14.531420707702637,14.46670913696289,14.480238914489746,14.51671028137207,14.520263671875,14.511515617370605,14.444890975952148,14.55428409576416
5.62,14.65888,0.00924,14.506963729858398,14.535632133483887,14.564919471740723,14.545989036560059,14.646710395812988,14.528342247009277,14.510228157043457,14.511618614196777,14.518234252929688,14.513789176940918,14.493045806884766,14.492218971252441,14.482198715209961,14.486536979675293,14.519765853881836,14.489283561706543,14.553887367248535,14.57378101348877,14.575555801391602,14.509050369262695,14.519060134887695,14.485320091247559,14.531371116638184,14.521468162536621,14.531420707702637,14.46670913696289,14.480238914489746,14.51671028137207,14.520263671875,14.511515617370605,14.444890975952148,14.55428409576416
5.63,14.69823,0.01038,14.506963729858398,14.535632133483887,14.564919471740723,14.545989036560059,14.646710395812988,14.528342247009277,14.510228157043457,14.511618614196777,14.518234252929688,14.513789176940918,14.493045806884766,14.492218971252441,14.482198715209961,14.486536979675293,14.519765853881836,14.489283561706543,14.553887367248535,14.57378101348877,14.575555801391602,14.509050369262695,14.519060134887695,14.485320091247559,14.531371116638184,14.521468162536621,14.531420707702637,14.46670913696289,14.480238914489746,14.51671028137207,14.520263671875,14.511515617370605,14.444890975952148,14.55428409576416
5.64,14.73761,0.01145,14.68809700012207,14.738064765930176,14.769125938415527,14.748912811279297,14.839103698730469,14.718246459960938,14.707966804504395,14.712523460388184,14.714706420898438,14.712114334106445,14.68984317779541,14.698160171508789,14.678929328918457,14.681989669799805,14.726542472839355,14.698822975158691,14.754640579223633,14.776909828186035,14.772892951965332,14.703621864318848,14.741903305053711,14.705101013183594,14.745137214660645,14.738309860229492,14.741151809692383,14.68686580657959,14.699342727661133,14.735422134399414,14.747737884521484,14.732170104980469,14.671124458312988,14.785862922668457
5.65,14.77699,0.01244,14.68809700012207,14.738064765930176,14.769125938415527,14.748912811279297,14.839103698730469,14.718246459960938,14.707966804504395,14.712523460388184,14.714706420898438,14.712114334106445,14.68984317779541,14.698160171508789,14.678929328918457,14.681989669799805,14.726542472839355,14.698822975158691,14.754640579223633,14.776909828186035,14.772892951965332,14.703621864318848,14.741903305053711,14.705101013183594,14.745137214660645,14.738309860229492,14.741151809692383,14.68686580657959,14.699342727661133,14.735422134399414,14.747737884521484,14.732170104980469,14.671124458312988,14.785862922668457
5.66,14.81632,0.01334,14.68809700012207,14.738064765930176,14.769125938415527,14.748912811279297,14.839103698730469,14.718246459960938,14.707966804504395,14.712523460388184,14.714706420898438,14.712114334106445,14.68984317779541,14.698160171508789,14.678929328918457,14.681989669799805,14.726542472839355,14.698822975158691,14.754640579223633,14.776909828186035,14.772892951965332,14.703621864318848,14.741903305053711,14.705101013183594,14.745137214660645,14.738309860229492,14.741151809692383,14.68686580657959,14.699342727661133,14.735422134399414,14.747737884521484,14.732170104980469,14.671124458312988,14.785862922668457
5.67,14.8556,0.01417,14.68809700012207,14.738064765930176,14.769125938415527,14.748912811279297,14.839103698730469,14.718246459960938,14.707966804504395,14.712523460388184,14.714706420898438,14.712114334106445,14.68984317779541,14.698160171508789,14.678929328918457,14.681989669799805,14.726542472839355,14.698822975158691,14.754640579223633,14.776909828186035,14.772892951965332,14.703621864318848,14.741903305053711,14.705101013183594,14.745137214660645,14.738309860229492,14.741151809692383,14.68686580657959,14.699342727661133,14.735422134399414,14.747737884521484,14.732170104980469,14.671124458312988,14.785862922668457
5.68,14.89477,0.01492,14.68809700012207,14.738064765930176,14.769125938415527,14.748912811279297,14.839103698730469,14.718246459960938,14.707966804504395,14.712523460388184,14.714706420898438,14.712114334106445,14.68984317779541,14.698160171508789,14.678929328918457,14.681989669799805,14.726542472839355,14.698822975158691,14.754640579223633,14.776909828186035,14.772892951965332,14.703621864318848,14.741903305053711,14.705101013183594,14.745137214660645,14.738309860229492,14.741151809692383,14.68686580657959,14.699342727661133,14.735422134399414,14.747737884521484,14.732170104980469,14.671124458312988,14.785862922668457
5.69,14.93381,0.0156,14.85538387298584,14.913287162780762,14.946151733398438,14.923161506652832,15.014896392822266,14.89376449584961,14.883219718933105,14.884744644165039,14.895557403564453,14.896029472351074,14.871377944946289,14.875530242919922,14.862715721130371,14.857030868530273,14.89753532409668,14.875528335571289,14.924908638000488,14.941919326782227,14.941671371459961,14.873379707336426,14.884833335876465,14.85043716430664,14.892385482788086,14.887361526489258,14.886137008666992,14.814290046691895,14.839028358459473,14.879976272583008,14.894394874572754,14.877259254455566,14.803114891052246,14.910815238952637
5.7,14.97267,0.01621,14.85538387298584,14.913287162780762,14.946151733398438,14.923161506652832,15.014896392822266,14.89376449584961,14.883219718933105,14.884744644165039,14.895557403564453,14.896029472351074,14.871377944946289,14.875530242919922,14.862715721130371,14.857030868530273,14.89753532409668,14.875528335571289,14.924908638000488,14.941919326782227,14.941671371459961,14.873379707336426,14.884833335876465,14.85043716430664,14.892385482788086,14.887361526489258,14.886137008666992,14.814290046691895,14.839028358459473,14.879976272583008,14.894394874572754,14.877259254455566,14.803114891052246,14.910815238952637
5.71,15.01134,0.01675,14.85538387298584,14.913287162780762,14.946151733398438,14.923161506652832,15.014896392822266,14.89376449584961,14.883219718933105,14.884744644165039,14.895557403564453,14.896029472351074,14.871377944946289,14.875530242919922,14.862715721130371,14.857030868530273,14.89753532409668,14.875528335571289,14.924908638000488,14.941919326782227,14.941671371459961,14.873379707336426,14.884833335876465,14.85043716430664,14.892385482788086,14.887361526489258,14.886137008666992,14.814290046691895,14.839028358459473,14.879976272583008,14.894394874572754,14.877259254455566,14.803114891052246,14.910815238952637
5.72,15.04979,0.01724,14.85538387298584,14.913287162780762,14.946151733398438,14.923161506652832,15.014896392822266,14.89376449584961,14.883219718933105,14.884744644165039,14.895557403564453,14.896029472351074,14.871377944946289,14.875530242919922,14.862715721130371,14.857030868530273,14.89753532409668,14.875528335571289,14.924908638000488,14.941919326782227,14.941671371459961,14.873379707336426,14.884833335876465,14.85043716430664,14.892385482788086,14.887361526489258,14.886137008666992,14.814290046691895,14.839028358459473,14.879976272583008,14.894394874572754,14.877259254455566,14.803114891052246,14.910815238952637
5.73,15.08798,0.01767,14.85538387298584,14.913287162780762,14.946151733398438,14.923161506652832,15.014896392822266,14.89376449584961,14.883219718933105,14.884744644165039,14.895557403564453,14.896029472351074,14.871377944946289,14.875530242919922,14.862715721130371,14.857030868530273,14.89753532409668,14.875528335571289,14.924908638000488,14.941919326782227,14.941671371459961,14.873379707336426,14.884833335876465,14.85043716430664,14.892385482788086,14.887361526489258,14.886137008666992,14.814290046691895,14.839028358459473,14.879976272583008,14.894394874572754,14.877259254455566,14.803114891052246,14.910815238952637
5.74,15.1259,0.01805,15.022632598876953,15.103154182434082,15.139012336730957,15.11593246459961,15.198019027709961,15.086112976074219,15.07655143737793,15.076696395874023,15.084562301635742,15.088828086853027,15.06269645690918,15.066554069519043,15.034802436828613,15.032302856445312,15.090459823608398,15.06629467010498,15.110386848449707,15.13092041015625,15.128351211547852,15.053462028503418,15.076301574707031,15.038418769836426,15.082494735717773,15.07372760772705,15.092082977294922,15.012704849243164,15.030531883239746,15.07154655456543,15.079840660095215,15.070069313049316,14.996184349060059,15.114662170410156
5.75,15.16352,0.01838,15.022632598876953,15.103154182434082,15.139012336730957,15.11593246459961,15.198019027709961,15.086112976074219,15.07655143737793,15.076696395874023,15.084562301635742,15.088828086853027,15.06269645690918,15.066554069519043,15.034802436828613,15.032302856445312,15.090459823608398,15.06629467010498,15.110386848449707,15.13092041015625,15.128351211547852,15.053462028503418,15.076301574707031,15.038418769836426,15.082494735717773,15.07372760772705,15.092082977294922,15.012704849243164,15.030531883239746,15.07154655456543,15.079840660095215,15.070069313049316,14.996184349060059,15.114662170410156
5.76,15.20081,0.01868,15.022632598876953,15.103154182434082,15.139012336730957,15.11593246459961,15.198019027709961,15.086112976074219,15.07655143737793,15.076696395874023,15.084562301635742,15.088828086853027,15.06269645690918,15.066554069519043,15.034802436828613,15.032302856445312,15.090459823608398,15.06629467010498,15.110386848449707,15.13092041015625,15.128351211547852,15.053462028503418,15.076301574707031,15.038418769836426,15.082494735717773,15.07372760772705,15.092082977294922,15.012704849243164,15.030531883239746,15.07154655456543,15.079840660095215,15.070069313049316,14.996184349060059,15.114662170410156
5.77,15.2304,0.0189,15.022632598876953,15.103154182434082,15.139012336730957,15.11593246459961,15.198019027709961,15.086112976074219,15.07655143737793,15.076696395874023,15.084562301635742,15.088828086853027,15.06269645690918,15.066554069519043,15.034802436828613,15.032302856445312,15.090459823608398,15.06629467010498,15.110386848449707,15.13092041015625,15.128351211547852,15.053462028503418,15.076301574707031,15.038418769836426,15.082494735717773,15.07372760772705,15.092082977294922,15.012704849243164,15.030531883239746,15.07154655456543,15.079840660095215,15.070069313049316,14.996184349060059,15.114662170410156
5.78,15.27437,0.01919,15.022632598876953,15.103154182434082,15.139012336730957,15.11593246459961,15.198019027709961,15.086112976074219,15.07655143737793,15.076696395874023,15.084562301635742,15.088828086853027,15.06269645690918,15.066554069519043,15.034802436828613,15.032302856445312,15.090459823608398,15.06629467010498,15.110386848449707,15.13092041015625,15.128351211547852,15.053462028503418,15.076301574707031,15.038418769836426,15.082494735717773,15.07372760772705,15.092082977294922,15.012704849243164,15.030531883239746,15.07154655456543,15.079840660095215,15.070069313049316,14.996184349060059,15.114662170410156
5.79,15.31062,0.01941,15.182145118713379,15.284217834472656,15.317989349365234,15.291969299316406,15.3751859664917,15.251078605651855,15.2491455078125,15.251157760620117,15.259023666381836,15.261600494384766,15.2329683303833,15.237393379211426,15.211187362670898,15.20995044708252,15.253859519958496,15.236449241638184,15.280595779418945,15.296236038208008,15.290681838989258,15.221137046813965,15.255088806152344,15.217175483703613,15.257491111755371,15.251730918884277,15.245430946350098,15.185710906982422,15.20786190032959,15.246707916259766,15.256503105163574,15.234787940979004,15.171838760375977,15.272759437561035
5.8,15.34648,0.01963,15.182145118713379,15.284217834472656,15.317989349365234,15.291969299316406,15.3751859664917,15.251078605651855,15.2491455078125,15.251157760620117,15.259023666381836,15.261600494384766,15.2329683303833,15.237393379211426,15.211187362670898,15.20995044708252,15.253859519958496,15.236449241638184,15.280595779418945,15.296236038208008,15.290681838989258,15.221137046813965,15.255088806152344,15.217175483703613,15.257491111755371,15.251730918884277,15.245430946350098,15.185710906982422,15.20786190032959,15.246707916259766,15.256503105163574,15.234787940979004,15.171838760375977,15.272759437561035
5.81,15.37489,0.01979,15.182145118713379,15.284217834472656,15.317989349365234,15.291969299316406,15.3751859664917,15.251078605651855,15.2491455078125,15.251157760620117,15.259023666381836,15.261600494384766,15.2329683303833,15.237393379211426,15.211187362670898,15.20995044708252,15.253859519958496,15.236449241638184,15.280595779418945,15.296236038208008,15.290681838989258,15.221137046813965,15.255088806152344,15.217175483703613,15.257491111755371,15.251730918884277,15.245430946350098,15.185710906982422,15.20786190032959,15.246707916259766,15.256503105163574,15.234787940979004,15.171838760375977,15.272759437561035
5.82,15.41706,0.02004,15.182145118713379,15.284217834472656,15.317989349365234,15.291969299316406,15.3751859664917,15.251078605651855,15.2491455078125,15.251157760620117,15.259023666381836,15.261600494384766,15.2329683303833,15.237393379211426,15.211187362670898,15.20995044708252,15.253859519958496,15.236449241638184,15.280595779418945,15.296236038208008,15.290681838989258,15.221137046813965,15.255088806152344,15.217175483703613,15.257491111755371,15.251730918884277,15.245430946350098,15.185710906982422,15.20786190032959,15.246707916259766,15.256503105163574,15.234787940979004,15.171838760375977,15.272759437561035
5.83,15.45179,0.02026,15.182145118713379,15.284217834472656,15.317989349365234,15.291969299316406,15.3751859664917,15.251078605651855,15.2491455078125,15.251157760620117,15.259023666381836,15.261600494384766,15.2329683303833,15.237393379211426,15.211187362670898,15.20995044708252,15.253859519958496,15.236449241638184,15.280595779418945,15.296236038208008,15.290681838989258,15.221137046813965,15.255088806152344,15.217175483703613,15.257491111755371,15.251730918884277,15.245430946350098,15.185710906982422,15.20786190032959,15.246707916259766,15.256503105163574,15.234787940979004,15.171838760375977,15.272759437561035
5.84,15.48614,0.02049,15.372296333312988,15.503024101257324,15.540603637695312,15.511443138122559,15.540143966674805,15.456985473632812,15.471818923950195,15.484793663024902,15.487092018127441,15.492003440856934,15.46066665649414,15.479019165039062,15.42703914642334,15.411386489868164,15.46010684967041,15.450254440307617,15.506983757019043,15.536975860595703,15.534544944763184,15.462903022766113,15.497802734375,15.452818870544434,15.500192642211914,15.499748229980469,15.491939544677734,15.42650032043457,15.446738243103027,15.48354721069336,15.454445838928223,15.469270706176758,15.394968032836914,15.499266624450684
5.85,15.51335,0.02068,15.372296333312988,15.503024101257324,15.540603637695312,15.511443138122559,15.540143966674805,15.456985473632812,15.471818923950195,15.484793663024902,15.487092018127441,15.492003440856934,15.46066665649414,15.479019165039062,15.42703914642334,15.411386489868164,15.46010684967041,15.450254440307617,15.506983757019043,15.536975860595703,15.534544944763184,15.462903022766113,15.497802734375,15.452818870544434,15.500192642211914,15.499748229980469,15.491939544677734,15.42650032043457,15.446738243103027,15.48354721069336,15.454445838928223,15.469270706176758,15.394968032836914,15.499266624450684
5.86,15.55373,0.02101,15.372296333312988,15.503024101257324,15.540603637695312,15.511443138122559,15.540143966674805,15.456985473632812,15.471818923950195,15.484793663024902,15.487092018127441,15.492003440856934,15.46066665649414,15.479019165039062,15.42703914642334,15.411386489868164,15.46010684967041,15.450254440307617,15.506983757019043,15.536975860595703,15.534544944763184,15.462903022766113,15.497802734375,15.452818870544434,15.500192642211914,15.499748229980469,15.491939544677734,15.42650032043457,15.446738243103027,15.48354721069336,15.454445838928223,15.469270706176758,15.394968032836914,15.499266624450684
5.87,15.58701,0.02132,15.372296333312988,15.503024101257324,15.540603637695312,15.511443138122559,15.540143966674805,15.456985473632812,15.471818923950195,15.484793663024902,15.487092018127441,15.492003440856934,15.46066665649414,15.479019165039062,15.42703914642334,15.411386489868164,15.46010684967041,15.450254440307617,15.506983757019043,15.536975860595703,15.534544944763184,15.462903022766113,15.497802734375,15.452818870544434,15.500192642211914,15.499748229980469,15.491939544677734,15.42650032043457,15.446738243103027,15.48354721069336,15.454445838928223,15.469270706176758,15.394968032836914,15.499266624450684
5.88,15.61994,0.02167,15.372296333312988,15.503024101257324,15.540603637695312,15.511443138122559,15.540143966674805,15.456985473632812,15.471818923950195,15.484793663024902,15.487092018127441,15.492003440856934,15.46066665649414,15.479019165039062,15.42703914642334,15.411386489868164,15.46010684967041,15.450254440307617,15.506983757019043,15.536975860595703,15.534544944763184,15.462903022766113,15.497802734375,15.452818870544434,15.500192642211914,15.499748229980469,15.491939544677734,15.42650032043457,15.446738243103027,15.48354721069336,15.454445838928223,15.469270706176758,15.394968032836914,15.499266624450684
5.89,15.65258,0.02206,15.530779838562012,15.673182487487793,15.711420059204102,15.679451942443848,15.700830459594727,15.63305377960205,15.649593353271484,15.655662536621094,15.65150260925293,15.660001754760742,15.629731178283691,15.64560317993164,15.600790977478027,15.586979866027832,15.633491516113281,15.629108428955078,15.66002368927002,15.684402465820312,15.678427696228027,15.607256889343262,15.632390022277832,15.58621597290039,15.629358291625977,15.62679386138916,15.621391296386719,15.538677215576172,15.561018943786621,15.598224639892578,15.621787071228027,15.615218162536621,15.535490036010742,15.652739524841309
5.9,15.68492,0.02249,15.530779838562012,15.673182487487793,15.711420059204102,15.679451942443848,15.700830459594727,15.63305377960205,15.649593353271484,15.655662536621094,15.65150260925293,15.660001754760742,15.629731178283691,15.64560317993164,15.600790977478027,15.586979866027832,15.633491516113281,15.629108428955078,15.66002368927002,15.684402465820312,15.678427696228027,15.607256889343262,15.632390022277832,15.58621597290039,15.629358291625977,15.62679386138916,15.621391296386719,15.538677215576172,15.561018943786621,15.598224639892578,15.621787071228027,15.615218162536621,15.535490036010742,15.652739524841309
5.91,15.71698,0.02298,15.530779838562012,15.673182487487793,15.711420059204102,15.679451942443848,15.700830459594727,15.63305377960205,15.649593353271484,15.655662536621094,15.65150260925293,15.660001754760742,15.629731178283691,15.64560317993164,15.600790977478027,15.586979866027832,15.633491516113281,15.629108428955078,15.66002368927002,15.684402465820312,15.678427696228027,15.607256889343262,15.632390022277832,15.58621597290039,15.629358291625977,15.62679386138916,15.621391296386719,15.538677215576172,15.561018943786621,15.598224639892578,15.621787071228027,15.615218162536621,15.535490036010742,15.652739524841309
5.92,15.7488,0.02353,15.530779838562012,15.673182487487793,15.711420059204102,15.679451942443848,15.700830459594727,15.63305377960205,15.649593353271484,15.655662536621094,15.65150260925293,15.660001754760742,15.629731178283691,15.64560317993164,15.600790977478027,15.586979866027832,15.633491516113281,15.629108428955078,15.66002368927002,15.684402465820312,15.678427696228027,15.607256889343262,15.632390022277832,15.58621597290039,15.629358291625977,15.62679386138916,15.621391296386719,15.538677215576172,15.561018943786621,15.598224639892578,15.621787071228027,15.615218162536621,15.535490036010742,15.652739524841309
5.93,15.78041,0.02413,15.530779838562012,15.673182487487793,15.711420059204102,15.679451942443848,15.700830459594727,15.63305377960205,15.649593353271484,15.655662536621094,15.65150260925293,15.660001754760742,15.629731178283691,15.64560317993164,15.600790977478027,15.586979866027832,15.633491516113281,15.629108428955078,15.66002368927002,15.684402465820312,15.678427696228027,15.607256889343262,15.632390022277832,15.58621597290039,15.629358291625977,15.62679386138916,15.621391296386719,15.538677215576172,15.561018943786621,15.598224639892578,15.621787071228027,15.615218162536621,15.535490036010742,15.652739524841309
5.94,15.81181,0.02481,15.679679870605469,15.82623291015625,15.86207103729248,15.830368041992188,15.855168342590332,15.79318904876709,15.803485870361328,15.806291580200195,15.801596641540527,15.813238143920898,15.780494689941406,15.789129257202148,15.74704647064209,15.735894203186035,15.766566276550293,15.766465187072754,15.818717956542969,15.84754753112793,15.841649055480957,15.771236419677734,15.793134689331055,15.749218940734863,15.79943561553955,15.799226760864258,15.77803897857666,15.705570220947266,15.736271858215332,15.783024787902832,15.755436897277832,15.772050857543945,15.700943946838379,15.807683944702148
5.95,15.84305,0.02554,15.679679870605469,15.82623291015625,15.86207103729248,15.830368041992188,15.855168342590332,15.79318904876709,15.803485870361328,15.806291580200195,15.801596641540527,15.813238143920898,15.780494689941406,15.789129257202148,15.74704647064209,15.735894203186035,15.766566276550293,15.766465187072754,15.818717956542969,15.84754753112793,15.841649055480957,15.771236419677734,15.793134689331055,15.749218940734863,15.79943561553955,15.799226760864258,15.77803897857666,15.705570220947266,15.736271858215332,15.783024787902832,15.755436897277832,15.772050857543945,15.700943946838379,15.807683944702148
5.96,15.87414,0.02635,15.679679870605469,15.82623291015625,15.86207103729248,15.830368041992188,15.855168342590332,15.79318904876709,15.803485870361328,15.806291580200195,15.801596641540527,15.813238143920898,15.780494689941406,15.789129257202148,15.74704647064209,15.735894203186035,15.766566276550293,15.766465187072754,15.818717956542969,15.84754753112793,15.841649055480957,15.771236419677734,15.793134689331055,15.749218940734863,15.79943561553955,15.799226760864258,15.77803897857666,15.705570220947266,15.736271858215332,15.783024787902832,15.755436897277832,15.772050857543945,15.700943946838379,15.807683944702148
5.97,15.90512,0.02722,15.679679870605469,15.82623291015625,15.86207103729248,15.830368041992188,15.855168342590332,15.79318904876709,15.803485870361328,15.806291580200195,15.801596641540527,15.813238143920898,15.780494689941406,15.789129257202148,15.74704647064209,15.735894203186035,15.766566276550293,15.766465187072754,15.818717956542969,15.84754753112793,15.841649055480957,15.771236419677734,15.793134689331055,15.749218940734863,15.79943561553955,15.799226760864258,15.77803897857666,15.705570220947266,15.736271858215332,15.783024787902832,15.755436897277832,15.772050857543945,15.700943946838379,15.807683944702148
5.98,15.93601,0.02817,15.679679870605469,15.82623291015625,15.86207103729248,15.830368041992188,15.855168342590332,15.79318904876709,15.803485870361328,15.806291580200195,15.801596641540527,15.813238143920898,15.780494689941406,15.789129257202148,15.74704647064209,15.735894203186035,15.766566276550293,15.766465187072754,15.818717956542969,15.84754753112793,15.841649055480957,15.771236419677734,15.793134689331055,15.749218940734863,15.79943561553955,15.799226760864258,15.77803897857666,15.705570220947266,15.736271858215332,15.783024787902832,15.755436897277832,15.772050857543945,15.700943946838379,15.807683944702148
5.99,15.96684,0.02919,15.828276634216309,15.980696678161621,16.018213272094727,15.98717212677002,16.007030487060547,15.945870399475098,15.951472282409668,15.951641082763672,15.937746047973633,15.955395698547363,15.921561241149902,15.931026458740234,15.893985748291016,15.88365650177002,15.92227840423584,15.918808937072754,15.975894927978516,16.006319046020508,15.997461318969727,15.924656867980957,15.940735816955566,15.898186683654785,15.941697120666504,15.939553260803223,15.920027732849121,15.843986511230469,15.873430252075195,15.916897773742676,15.932425498962402,15.924604415893555,15.85841178894043,15.967638969421387
6.0,15.99763,0.03027,15.828276634216309,15.980696678161621,16.018213272094727,15.98717212677002,16.007030487060547,15.945870399475098,15.951472282409668,15.951641082763672,15.937746047973633,15.955395698547363,15.921561241149902,15.931026458740234,15.893985748291016,15.88365650177002,15.92227840423584,15.918808937072754,15.975894927978516,16.006319046020508,15.997461318969727,15.924656867980957,15.940735816955566,15.898186683654785,15.941697120666504,15.939553260803223,15.920027732849121,15.843986511230469,15.873430252075195,15.916897773742676,15.932425498962402,15.924604415893555,15.85841178894043,15.967638969421387
6.01,16.0284,0.03142,15.828276634216309,15.980696678161621,16.018213272094727,15.98717212677002,16.007030487060547,15.945870399475098,15.951472282409668,15.951641082763672,15.937746047973633,15.955395698547363,15.921561241149902,15.931026458740234,15.893985748291016,15.88365650177002,15.92227840423584,15.918808937072754,15.975894927978516,16.006319046020508,15.997461318969727,15.924656867980957,15.940735816955566,15.898186683654785,15.941697120666504,15.939553260803223,15.920027732849121,15.843986511230469,15.873430252075195,15.916897773742676,15.932425498962402,15.924604415893555,15.85841178894043,15.967638969421387
6.02,16.05304,0.03239,15.828276634216309,15.980696678161621,16.018213272094727,15.98717212677002,16.007030487060547,15.945870399475098,15.951472282409668,15.951641082763672,15.937746047973633,15.955395698547363,15.921561241149902,15.931026458740234,15.893985748291016,15.88365650177002,15.92227840423584,15.918808937072754,15.975894927978516,16.006319046020508,15.997461318969727,15.924656867980957,15.940735816955566,15.898186683654785,15.941697120666504,15.939553260803223,15.920027732849121,15.843986511230469,15.873430252075195,15.916897773742676,15.932425498962402,15.924604415893555,15.85841178894043,15.967638969421387
6.03,16.08996,0.03392,15.828276634216309,15.980696678161621,16.018213272094727,15.98717212677002,16.007030487060547,15.945870399475098,15.951472282409668,15.951641082763672,15.937746047973633,15.955395698547363,15.921561241149902,15.931026458740234,15.893985748291016,15.88365650177002,15.92227840423584,15.918808937072754,15.975894927978516,16.006319046020508,15.997461318969727,15.924656867980957,15.940735816955566,15.898186683654785,15.941697120666504,15.939553260803223,15.920027732849121,15.843986511230469,15.873430252075195,15.916897773742676,15.932425498962402,15.924604415893555,15.85841178894043,15.967638969421387
6.04,16.1208,0.03525,15.97480297088623,16.136539459228516,16.173696517944336,16.144527435302734,16.16700553894043,16.096811294555664,16.106708526611328,16.108116149902344,16.085554122924805,16.106279373168945,16.070953369140625,16.08371925354004,16.036428451538086,16.035757064819336,16.09012222290039,16.08013916015625,16.132272720336914,16.15416145324707,16.14763641357422,16.06987190246582,16.08775520324707,16.048370361328125,16.091888427734375,16.084701538085938,16.110490798950195,16.023061752319336,16.043983459472656,16.083423614501953,16.099496841430664,16.085704803466797,16.015117645263672,16.13047981262207
6.05,16.15168,0.03663,15.97480297088623,16.136539459228516,16.173696517944336,16.144527435302734,16.16700553894043,16.096811294555664,16.106708526611328,16.108116149902344,16.085554122924805,16.106279373168945,16.070953369140625,16.08371925354004,16.036428451538086,16.035757064819336,16.09012222290039,16.08013916015625,16.132272720336914,16.15416145324707,16.14763641357422,16.06987190246582,16.08775520324707,16.048370361328125,16.091888427734375,16.084701538085938,16.110490798950195,16.023061752319336,16.043983459472656,16.083423614501953,16.099496841430664,16.085704803466797,16.015117645263672,16.13047981262207
6.06,16.17645,0.03777,15.97480297088623,16.136539459228516,16.173696517944336,16.144527435302734,16.16700553894043,16.096811294555664,16.106708526611328,16.108116149902344,16.085554122924805,16.106279373168945,16.070953369140625,16.08371925354004,16.036428451538086,16.035757064819336,16.09012222290039,16.08013916015625,16.132272720336914,16.15416145324707,16.14763641357422,16.06987190246582,16.08775520324707,16.048370361328125,16.091888427734375,16.084701538085938,16.110490798950195,16.023061752319336,16.043983459472656,16.083423614501953,16.099496841430664,16.085704803466797,16.015117645263672,16.13047981262207
6.07,16.21363,0.03952,15.97480297088623,16.136539459228516,16.173696517944336,16.144527435302734,16.16700553894043,16.096811294555664,16.106708526611328,16.108116149902344,16.085554122924805,16.106279373168945,16.070953369140625,16.08371925354004,16.036428451538086,16.035757064819336,16.09012222290039,16.08013916015625,16.132272720336914,16.15416145324707,16.14763641357422,16.06987190246582,16.08775520324707,16.048370361328125,16.091888427734375,16.084701538085938,16.110490798950195,16.023061752319336,16.043983459472656,16.083423614501953,16.099496841430664,16.085704803466797,16.015117645263672,16.13047981262207
6.08,16.24471,0.04101,15.97480297088623,16.136539459228516,16.173696517944336,16.144527435302734,16.16700553894043,16.096811294555664,16.106708526611328,16.108116149902344,16.085554122924805,16.106279373168945,16.070953369140625,16.08371925354004,16.036428451538086,16.035757064819336,16.09012222290039,16.08013916015625,16.132272720336914,16.15416145324707,16.14763641357422,16.06987190246582,16.08775520324707,16.048370361328125,16.091888427734375,16.084701538085938,16.110490798950195,16.023061752319336,16.043983459472656,16.083423614501953,16.099496841430664,16.085704803466797,16.015117645263672,16.13047981262207
6.09,16.27587,0.04253,16.130535125732422,16.29427719116211,16.32927894592285,16.299724578857422,16.32124900817871,16.23838233947754,16.255971908569336,16.26264762878418,16.238903045654297,16.259302139282227,16.220069885253906,16.239147186279297,16.197900772094727,16.199445724487305,16.24337387084961,16.237409591674805,16.29296875,16.31062126159668,16.305967330932617,16.234067916870117,16.26115608215332,16.222915649414062,16.267520904541016,16.26371192932129,16.264406204223633,16.198348999023438,16.221986770629883,16.255399703979492,16.262893676757812,16.24622917175293,16.18202781677246,16.282390594482422
6.1,16.30087,0.04376,16.130535125732422,16.29427719116211,16.32927894592285,16.299724578857422,16.32124900817871,16.23838233947754,16.255971908569336,16.26264762878418,16.238903045654297,16.259302139282227,16.220069885253906,16.239147186279297,16.197900772094727,16.199445724487305,16.24337387084961,16.237409591674805,16.29296875,16.31062126159668,16.305967330932617,16.234067916870117,16.26115608215332,16.222915649414062,16.267520904541016,16.26371192932129,16.264406204223633,16.198348999023438,16.221986770629883,16.255399703979492,16.262893676757812,16.24622917175293,16.18202781677246,16.282390594482422
6.11,16.33839,0.0456,16.130535125732422,16.29427719116211,16.32927894592285,16.299724578857422,16.32124900817871,16.23838233947754,16.255971908569336,16.26264762878418,16.238903045654297,16.259302139282227,16.220069885253906,16.239147186279297,16.197900772094727,16.199445724487305,16.24337387084961,16.237409591674805,16.29296875,16.31062126159668,16.305967330932617,16.234067916870117,16.26115608215332,16.222915649414062,16.267520904541016,16.26371192932129,16.264406204223633,16.198348999023438,16.221986770629883,16.255399703979492,16.262893676757812,16.24622917175293,16.18202781677246,16.282390594482422
6.12,16.36975,0.04713,16.130535125732422,16.29427719116211,16.32927894592285,16.299724578857422,16.32124900817871,16.23838233947754,16.255971908569336,16.26264762878418,16.238903045654297,16.259302139282227,16.220069885253906,16.239147186279297,16.197900772094727,16.199445724487305,16.24337387084961,16.237409591674805,16.29296875,16.31062126159668,16.305967330932617,16.234067916870117,16.26115608215332,16.222915649414062,16.267520904541016,16.26371192932129,16.264406204223633,16.198348999023438,16.221986770629883,16.255399703979492,16.262893676757812,16.24622917175293,16.18202781677246,16.282390594482422
6.13,16.40114,0.04866,16.130535125732422,16.29427719116211,16.32927894592285,16.299724578857422,16.32124900817871,16.23838233947754,16.255971908569336,16.26264762878418,16.238903045654297,16.259302139282227,16.220069885253906,16.239147186279297,16.197900772094727,16.199445724487305,16.24337387084961,16.237409591674805,16.29296875,16.31062126159668,16.305967330932617,16.234067916870117,16.26115608215332,16.222915649414062,16.267520904541016,16.26371192932129,16.264406204223633,16.198348999023438,16.221986770629883,16.255399703979492,16.262893676757812,16.24622917175293,16.18202781677246,16.282390594482422
6.14,16.42631,0.04986,16.264537811279297,16.42711067199707,16.45978355407715,16.429500579833984,16.459623336791992,16.370607376098633,16.390581130981445,16.39813232421875,16.375499725341797,16.39735984802246,16.35516357421875,16.374927520751953,16.345483779907227,16.343116760253906,16.375953674316406,16.375391006469727,16.425283432006836,16.44077491760254,16.438297271728516,16.365468978881836,16.376550674438477,16.33803367614746,16.382339477539062,16.380516052246094,16.374269485473633,16.297880172729492,16.329437255859375,16.366012573242188,16.390832901000977,16.371185302734375,16.300676345825195,16.409961700439453
6.15,16.46403,0.05164,16.264537811279297,16.42711067199707,16.45978355407715,16.429500579833984,16.459623336791992,16.370607376098633,16.390581130981445,16.39813232421875,16.375499725341797,16.39735984802246,16.35516357421875,16.374927520751953,16.345483779907227,16.343116760253906,16.375953674316406,16.375391006469727,16.425283432006836,16.44077491760254,16.438297271728516,16.365468978881836,16.376550674438477,16.33803367614746,16.382339477539062,16.380516052246094,16.374269485473633,16.297880172729492,16.329437255859375,16.366012573242188,16.390832901000977,16.371185302734375,16.300676345825195,16.409961700439453
6.16,16.49547,0.05307,16.264537811279297,16.42711067199707,16.45978355407715,16.429500579833984,16.459623336791992,16.370607376098633,16.390581130981445,16.39813232421875,16.375499725341797,16.39735984802246,16.35516357421875,16.374927520751953,16.345483779907227,16.343116760253906,16.375953674316406,16.375391006469727,16.425283432006836,16.44077491760254,16.438297271728516,16.365468978881836,16.376550674438477,16.33803367614746,16.382339477539062,16.380516052246094,16.374269485473633,16.297880172729492,16.329437255859375,16.366012573242188,16.390832901000977,16.371185302734375,16.300676345825195,16.409961700439453
6.17,16.52689,0.05447,16.264537811279297,16.42711067199707,16.45978355407715,16.429500579833984,16.459623336791992,16.370607376098633,16.390581130981445,16.39813232421875,16.375499725341797,16.39735984802246,16.35516357421875,16.374927520751953,16.345483779907227,16.343116760253906,16.375953674316406,16.375391006469727,16.425283432006836,16.44077491760254,16.438297271728516,16.365468978881836,16.376550674438477,16.33803367614746,16.382339477539062,16.380516052246094,16.374269485473633,16.297880172729492,16.329437255859375,16.366012573242188,16.390832901000977,16.371185302734375,16.300676345825195,16.409961700439453
6.18,16.55826,0.05582,16.264537811279297,16.42711067199707,16.45978355407715,16.429500579833984,16.459623336791992,16.370607376098633,16.390581130981445,16.39813232421875,16.375499725341797,16.39735984802246,16.35516357421875,16.374927520751953,16.345483779907227,16.343116760253906,16.375953674316406,16.375391006469727,16.425283432006836,16.44077491760254,16.438297271728516,16.365468978881836,16.376550674438477,16.33803367614746,16.382339477539062,16.380516052246094,16.374269485473633,16.297880172729492,16.329437255859375,16.366012573242188,16.390832901000977,16.371185302734375,16.300676345825195,16.409961700439453
6.19,16.5897,0.05711,16.412752151489258,16.575580596923828,16.607179641723633,16.579139709472656,16.60148048400879,16.5208683013916,16.534915924072266,16.54509162902832,16.518352508544922,16.543107986450195,16.498586654663086,16.520912170410156,16.489065170288086,16.490007400512695,16.517738342285156,16.518047332763672,16.585840225219727,16.60708236694336,16.604888916015625,16.532140731811523,16.548986434936523,16.508930206298828,16.559236526489258,16.556346893310547,16.55432891845703,16.482318878173828,16.50890350341797,16.5468807220459,16.54538345336914,16.539478302001953,16.47379493713379,16.585647583007812
6.2,16.62075,0.05833,16.412752151489258,16.575580596923828,16.607179641723633,16.579139709472656,16.60148048400879,16.5208683013916,16.534915924072266,16.54509162902832,16.518352508544922,16.543107986450195,16.498586654663086,16.520912170410156,16.489065170288086,16.490007400512695,16.517738342285156,16.518047332763672,16.585840225219727,16.60708236694336,16.604888916015625,16.532140731811523,16.548986434936523,16.508930206298828,16.559236526489258,16.556346893310547,16.55432891845703,16.482318878173828,16.50890350341797,16.5468807220459,16.54538345336914,16.539478302001953,16.47379493713379,16.585647583007812
6.21,16.65181,0.05949,16.412752151489258,16.575580596923828,16.607179641723633,16.579139709472656,16.60148048400879,16.5208683013916,16.534915924072266,16.54509162902832,16.518352508544922,16.543107986450195,16.498586654663086,16.520912170410156,16.489065170288086,16.490007400512695,16.517738342285156,16.518047332763672,16.585840225219727,16.60708236694336,16.604888916015625,16.532140731811523,16.548986434936523,16.508930206298828,16.559236526489258,16.556346893310547,16.55432891845703,16.482318878173828,16.50890350341797,16.5468807220459,16.54538345336914,16.539478302001953,16.47379493713379,16.585647583007812
6.22,16.68273,0.06057,16.412752151489258,16.575580596923828,16.607179641723633,16.579139709472656,16.60148048400879,16.5208683013916,16.534915924072266,16.54509162902832,16.518352508544922,16.543107986450195,16.498586654663086,16.520912170410156,16.489065170288086,16.490007400512695,16.517738342285156,16.518047332763672,16.585840225219727,16.60708236694336,16.604888916015625,16.532140731811523,16.548986434936523,16.508930206298828,16.559236526489258,16.556346893310547,16.55432891845703,16.482318878173828,16.50890350341797,16.5468807220459,16.54538345336914,16.539478302001953,16.47379493713379,16.585647583007812
6.23,16.71345,0.06158,16.412752151489258,16.575580596923828,16.607179641723633,16.579139709472656,16.60148048400879,16.5208683013916,16.534915924072266,16.54509162902832,16.518352508544922,16.543107986450195,16.498586654663086,16.520912170410156,16.489065170288086,16.490007400512695,16.517738342285156,16.518047332763672,16.585840225219727,16.60708236694336,16.604888916015625,16.532140731811523,16.548986434936523,16.508930206298828,16.559236526489258,16.556346893310547,16.55432891845703,16.482318878173828,16.50890350341797,16.5468807220459,16.54538345336914,16.539478302001953,16.47379493713379,16.585647583007812
6.24,16.74396,0.06252,16.565805435180664,16.74315643310547,16.774866104125977,16.74551010131836,16.741947174072266,16.67967987060547,16.700475692749023,16.718111038208008,16.68295669555664,16.710529327392578,16.66297721862793,16.694351196289062,16.66053581237793,16.65257453918457,16.680355072021484,16.682476043701172,16.756746292114258,16.779815673828125,16.774377822875977,16.697751998901367,16.730815887451172,16.688390731811523,16.736635208129883,16.735267639160156,16.72933006286621,16.65898895263672,16.685754776000977,16.726781845092773,16.723690032958984,16.722841262817383,16.660097122192383,16.77155876159668
6.25,16.77423,0.06337,16.565805435180664,16.74315643310547,16.774866104125977,16.74551010131836,16.741947174072266,16.67967987060547,16.700475692749023,16.718111038208008,16.68295669555664,16.710529327392578,16.66297721862793,16.694351196289062,16.66053581237793,16.65257453918457,16.680355072021484,16.682476043701172,16.756746292114258,16.779815673828125,16.774377822875977,16.697751998901367,16.730815887451172,16.688390731811523,16.736635208129883,16.735267639160156,16.72933006286621,16.65898895263672,16.685754776000977,16.726781845092773,16.723690032958984,16.722841262817383,16.660097122192383,16.77155876159668
6.26,16.80424,0.06414,16.565805435180664,16.74315643310547,16.774866104125977,16.74551010131836,16.741947174072266,16.67967987060547,16.700475692749023,16.718111038208008,16.68295669555664,16.710529327392578,16.66297721862793,16.694351196289062,16.66053581237793,16.65257453918457,16.680355072021484,16.682476043701172,16.756746292114258,16.779815673828125,16.774377822875977,16.697751998901367,16.730815887451172,16.688390731811523,16.736635208129883,16.735267639160156,16.72933006286621,16.65898895263672,16.685754776000977,16.726781845092773,16.723690032958984,16.722841262817383,16.660097122192383,16.77155876159668
6.27,16.82803,0.06469,16.565805435180664,16.74315643310547,16.774866104125977,16.74551010131836,16.741947174072266,16.67967987060547,16.700475692749023,16.718111038208008,16.68295669555664,16.710529327392578,16.66297721862793,16.694351196289062,16.66053581237793,16.65257453918457,16.680355072021484,16.682476043701172,16.756746292114258,16.779815673828125,16.774377822875977,16.697751998901367,16.730815887451172,16.688390731811523,16.736635208129883,16.735267639160156,16.72933006286621,16.65898895263672,16.685754776000977,16.726781845092773,16.723690032958984,16.722841262817383,16.660097122192383,16.77155876159668
6.28,16.86335,0.06543,16.565805435180664,16.74315643310547,16.774866104125977,16.74551010131836,16.741947174072266,16.67967987060547,16.700475692749023,16.718111038208008,16.68295669555664,16.710529327392578,16.66297721862793,16.694351196289062,16.66053581237793,16.65257453918457,16.680355072021484,16.682476043701172,16.756746292114258,16.779815673828125,16.774377822875977,16.697751998901367,16.730815887451172,16.688390731811523,16.736635208129883,16.735267639160156,16.72933006286621,16.65898895263672,16.685754776000977,16.726781845092773,16.723690032958984,16.722841262817383,16.660097122192383,16.77155876159668
6.29,16.89241,0.06595,16.705825805664062,16.89626693725586,16.930253982543945,16.897140502929688,16.867782592773438,16.838403701782227,16.870359420776367,16.89274024963379,16.854177474975586,16.8857479095459,16.837909698486328,16.878225326538086,16.827571868896484,16.81133460998535,16.84292984008789,16.849416732788086,16.8953914642334,16.916940689086914,16.912084579467773,16.832399368286133,16.851591110229492,16.80946159362793,16.85234832763672,16.853288650512695,16.857994079589844,16.780376434326172,16.808034896850586,16.840524673461914,16.84754753112793,16.84103775024414,16.7650089263916,16.86797332763672
6.3,16.92109,0.0664,16.705825805664062,16.89626693725586,16.930253982543945,16.897140502929688,16.867782592773438,16.838403701782227,16.870359420776367,16.89274024963379,16.854177474975586,16.8857479095459,16.837909698486328,16.878225326538086,16.827571868896484,16.81133460998535,16.84292984008789,16.849416732788086,16.8953914642334,16.916940689086914,16.912084579467773,16.832399368286133,16.851591110229492,16.80946159362793,16.85234832763672,16.853288650512695,16.857994079589844,16.780376434326172,16.808034896850586,16.840524673461914,16.84754753112793,16.84103775024414,16.7650089263916,16.86797332763672
6.31,16.94377,0.06669,16.705825805664062,16.89626693725586,16.930253982543945,16.897140502929688,16.867782592773438,16.838403701782227,16.870359420776367,16.89274024963379,16.854177474975586,16.8857479095459,16.837909698486328,16.878225326538086,16.827571868896484,16.81133460998535,16.84292984008789,16.849416732788086,16.8953914642334,16.916940689086914,16.912084579467773,16.832399368286133,16.851591110229492,16.80946159362793,16.85234832763672,16.853288650512695,16.857994079589844,16.780376434326172,16.808034896850586,16.840524673461914,16.84754753112793,16.84103775024414,16.7650089263916,16.86797332763672
6.32,16.97731,0.06705,16.705825805664062,16.89626693725586,16.930253982543945,16.897140502929688,16.867782592773438,16.838403701782227,16.870359420776367,16.89274024963379,16.854177474975586,16.8857479095459,16.837909698486328,16.878225326538086,16.827571868896484,16.81133460998535,16.84292984008789,16.849416732788086,16.8953914642334,16.916940689086914,16.912084579467773,16.832399368286133,16.851591110229492,16.80946159362793,16.85234832763672,16.853288650512695,16.857994079589844,16.780376434326172,16.808034896850586,16.840524673461914,16.84754753112793,16.84103775024414,16.7650089263916,16.86797332763672
6.33,17.00482,0.06726,16.705825805664062,16.89626693725586,16.930253982543945,16.897140502929688,16.867782592773438,16.838403701782227,16.870359420776367,16.89274024963379,16.854177474975586,16.8857479095459,16.837909698486328,16.878225326538086,16.827571868896484,16.81133460998535,16.84292984008789,16.849416732788086,16.8953914642334,16.916940689086914,16.912084579467773,16.832399368286133,16.851591110229492,16.80946159362793,16.85234832763672,16.853288650512695,16.857994079589844,16.780376434326172,16.808034896850586,16.840524673461914,16.84754753112793,16.84103775024414,16.7650089263916,16.86797332763672
6.34,17.03189,0.06741,16.8685245513916,17.08677101135254,17.126585006713867,17.08873176574707,17.005273818969727,17.02751350402832,17.078590393066406,17.110395431518555,17.05493927001953,17.09210968017578,17.04694366455078,17.100908279418945,17.00782585144043,16.99312400817871,17.034738540649414,17.04315185546875,17.07319450378418,17.102489471435547,17.094249725341797,17.009225845336914,17.06492042541504,17.0139217376709,17.063268661499023,17.06386947631836,17.080982208251953,17.002511978149414,17.0234317779541,17.058208465576172,17.020248413085938,17.05474281311035,16.972929000854492,17.091899871826172
6.35,17.05324,0.06747,16.8685245513916,17.08677101135254,17.126585006713867,17.08873176574707,17.005273818969727,17.02751350402832,17.078590393066406,17.110395431518555,17.05493927001953,17.09210968017578,17.04694366455078,17.100908279418945,17.00782585144043,16.99312400817871,17.034738540649414,17.04315185546875,17.07319450378418,17.102489471435547,17.094249725341797,17.009225845336914,17.06492042541504,17.0139217376709,17.063268661499023,17.06386947631836,17.080982208251953,17.002511978149414,17.0234317779541,17.058208465576172,17.020248413085938,17.05474281311035,16.972929000854492,17.091899871826172
6.36,17.08473,0.0675,16.8685245513916,17.08677101135254,17.126585006713867,17.08873176574707,17.005273818969727,17.02751350402832,17.078590393066406,17.110395431518555,17.05493927001953,17.09210968017578,17.04694366455078,17.100908279418945,17.00782585144043,16.99312400817871,17.034738540649414,17.04315185546875,17.07319450378418,17.102489471435547,17.094249725341797,17.009225845336914,17.06492042541504,17.0139217376709,17.063268661499023,17.06386947631836,17.080982208251953,17.002511978149414,17.0234317779541,17.058208465576172,17.020248413085938,17.05474281311035,16.972929000854492,17.091899871826172
6.37,17.11048,0.06745,16.8685245513916,17.08677101135254,17.126585006713867,17.08873176574707,17.005273818969727,17.02751350402832,17.078590393066406,17.110395431518555,17.05493927001953,17.09210968017578,17.04694366455078,17.100908279418945,17.00782585144043,16.99312400817871,17.034738540649414,17.04315185546875,17.07319450378418,17.102489471435547,17.094249725341797,17.009225845336914,17.06492042541504,17.0139217376709,17.063268661499023,17.06386947631836,17.080982208251953,17.002511978149414,17.0234317779541,17.058208465576172,17.020248413085938,17.05474281311035,16.972929000854492,17.091899871826172
6.38,17.13578,0.06735,16.8685245513916,17.08677101135254,17.126585006713867,17.08873176574707,17.005273818969727,17.02751350402832,17.078590393066406,17.110395431518555,17.05493927001953,17.09210968017578,17.04694366455078,17.100908279418945,17.00782585144043,16.99312400817871,17.034738540649414,17.04315185546875,17.07319450378418,17.102489471435547,17.094249725341797,17.009225845336914,17.06492042541504,17.0139217376709,17.063268661499023,17.06386947631836,17.080982208251953,17.002511978149414,17.0234317779541,17.058208465576172,17.020248413085938,17.05474281311035,16.972929000854492,17.091899871826172
6.39,17.15571,0.06723,16.983226776123047,17.193035125732422,17.226699829101562,17.186357498168945,17.114770889282227,17.14781951904297,17.198583602905273,17.222753524780273,17.164934158325195,17.20065689086914,17.157278060913086,17.205493927001953,17.128061294555664,17.111358642578125,17.122234344482422,17.145618438720703,17.166736602783203,17.195236206054688,17.18690299987793,17.10689926147461,17.1429500579834,17.092952728271484,17.141328811645508,17.150489807128906,17.1114501953125,17.03204345703125,17.071252822875977,17.11492347717285,17.09424591064453,17.11199951171875,17.03777503967285,17.148910522460938
6.4,17.18501,0.06699,16.983226776123047,17.193035125732422,17.226699829101562,17.186357498168945,17.114770889282227,17.14781951904297,17.198583602905273,17.222753524780273,17.164934158325195,17.20065689086914,17.157278060913086,17.205493927001953,17.128061294555664,17.111358642578125,17.122234344482422,17.145618438720703,17.166736602783203,17.195236206054688,17.18690299987793,17.10689926147461,17.1429500579834,17.092952728271484,17.141328811645508,17.150489807128906,17.1114501953125,17.03204345703125,17.071252822875977,17.11492347717285,17.09424591064453,17.11199951171875,17.03777503967285,17.148910522460938
6.41,17.20896,0.06675,16.983226776123047,17.193035125732422,17.226699829101562,17.186357498168945,17.114770889282227,17.14781951904297,17.198583602905273,17.222753524780273,17.164934158325195,17.20065689086914,17.157278060913086,17.205493927001953,17.128061294555664,17.111358642578125,17.122234344482422,17.145618438720703,17.166736602783203,17.195236206054688,17.18690299987793,17.10689926147461,17.1429500579834,17.092952728271484,17.141328811645508,17.150489807128906,17.1114501953125,17.03204345703125,17.071252822875977,17.11492347717285,17.09424591064453,17.11199951171875,17.03777503967285,17.148910522460938
6.42,17.23245,0.06648,16.983226776123047,17.193035125732422,17.226699829101562,17.186357498168945,17.114770889282227,17.14781951904297,17.198583602905273,17.222753524780273,17.164934158325195,17.20065689086914,17.157278060913086,17.205493927001953,17.128061294555664,17.111358642578125,17.122234344482422,17.145618438720703,17.166736602783203,17.195236206054688,17.18690299987793,17.10689926147461,17.1429500579834,17.092952728271484,17.141328811645508,17.150489807128906,17.1114501953125,17.03204345703125,17.071252822875977,17.11492347717285,17.09424591064453,17.11199951171875,17.03777503967285,17.148910522460938
6.43,17.2555,0.06617,16.983226776123047,17.193035125732422,17.226699829101562,17.186357498168945,17.114770889282227,17.14781951904297,17.198583602905273,17.222753524780273,17.164934158325195,17.20065689086914,17.157278060913086,17.205493927001953,17.128061294555664,17.111358642578125,17.122234344482422,17.145618438720703,17.166736602783203,17.195236206054688,17.18690299987793,17.10689926147461,17.1429500579834,17.092952728271484,17.141328811645508,17.150489807128906,17.1114501953125,17.03204345703125,17.071252822875977,17.11492347717285,17.09424591064453,17.11199951171875,17.03777503967285,17.148910522460938
6.44,17.27811,0.06584,17.093887329101562,17.2713565826416,17.299224853515625,17.264406204223633,17.21923828125,17.244701385498047,17.270912170410156,17.287229537963867,17.22517967224121,17.2637882232666,17.223163604736328,17.257780075073242,17.197298049926758,17.201904296875,17.200471878051758,17.218326568603516,17.267711639404297,17.30047607421875,17.29300880432129,17.215747833251953,17.223325729370117,17.181678771972656,17.231773376464844,17.233930587768555,17.223657608032227,17.134260177612305,17.172658920288086,17.21761703491211,17.20685386657715,17.220705032348633,17.157630920410156,17.263032913208008
6.45,17.3003,0.06549,17.093887329101562,17.2713565826416,17.299224853515625,17.264406204223633,17.21923828125,17.244701385498047,17.270912170410156,17.287229537963867,17.22517967224121,17.2637882232666,17.223163604736328,17.257780075073242,17.197298049926758,17.201904296875,17.200471878051758,17.218326568603516,17.267711639404297,17.30047607421875,17.29300880432129,17.215747833251953,17.223325729370117,17.181678771972656,17.231773376464844,17.233930587768555,17.223657608032227,17.134260177612305,17.172658920288086,17.21761703491211,17.20685386657715,17.220705032348633,17.157630920410156,17.263032913208008
6.46,17.32206,0.06514,17.093887329101562,17.2713565826416,17.299224853515625,17.264406204223633,17.21923828125,17.244701385498047,17.270912170410156,17.287229537963867,17.22517967224121,17.2637882232666,17.223163604736328,17.257780075073242,17.197298049926758,17.201904296875,17.200471878051758,17.218326568603516,17.267711639404297,17.30047607421875,17.29300880432129,17.215747833251953,17.223325729370117,17.181678771972656,17.231773376464844,17.233930587768555,17.223657608032227,17.134260177612305,17.172658920288086,17.21761703491211,17.20685386657715,17.220705032348633,17.157630920410156,17.263032913208008
6.47,17.3434,0.06478,17.093887329101562,17.2713565826416,17.299224853515625,17.264406204223633,17.21923828125,17.244701385498047,17.270912170410156,17.287229537963867,17.22517967224121,17.2637882232666,17.223163604736328,17.257780075073242,17.197298049926758,17.201904296875,17.200471878051758,17.218326568603516,17.267711639404297,17.30047607421875,17.29300880432129,17.215747833251953,17.223325729370117,17.181678771972656,17.231773376464844,17.233930587768555,17.223657608032227,17.134260177612305,17.172658920288086,17.21761703491211,17.20685386657715,17.220705032348633,17.157630920410156,17.263032913208008
6.48,17.36434,0.06443,17.093887329101562,17.2713565826416,17.299224853515625,17.264406204223633,17.21923828125,17.244701385498047,17.270912170410156,17.287229537963867,17.22517967224121,17.2637882232666,17.223163604736328,17.257780075073242,17.197298049926758,17.201904296875,17.200471878051758,17.218326568603516,17.267711639404297,17.30047607421875,17.29300880432129,17.215747833251953,17.223325729370117,17.181678771972656,17.231773376464844,17.233930587768555,17.223657608032227,17.134260177612305,17.172658920288086,17.21761703491211,17.20685386657715,17.220705032348633,17.157630920410156,17.263032913208008
6.49,17.38489,0.06409,17.186166763305664,17.333406448364258,17.353853225708008,17.324941635131836,17.30760383605957,17.312925338745117,17.32081413269043,17.335472106933594,17.28071403503418,17.318443298339844,17.273954391479492,17.300537109375,17.2691593170166,17.275651931762695,17.263402938842773,17.276395797729492,17.362010955810547,17.393457412719727,17.384300231933594,17.30349349975586,17.31699562072754,17.281627655029297,17.32940673828125,17.332788467407227,17.30414581298828,17.23678207397461,17.276208877563477,17.321460723876953,17.303882598876953,17.294734954833984,17.249858856201172,17.34610939025879
6.5,17.40502,0.06377,17.186166763305664,17.333406448364258,17.353853225708008,17.324941635131836,17.30760383605957,17.312925338745117,17.32081413269043,17.335472106933594,17.28071403503418,17.318443298339844,17.273954391479492,17.300537109375,17.2691593170166,17.275651931762695,17.263402938842773,17.276395797729492,17.362010955810547,17.393457412719727,17.384300231933594,17.30349349975586,17.31699562072754,17.281627655029297,17.32940673828125,17.332788467407227,17.30414581298828,17.23678207397461,17.276208877563477,17.321460723876953,17.303882598876953,17.294734954833984,17.249858856201172,17.34610939025879
6.51,17.42478,0.06348,17.186166763305664,17.333406448364258,17.353853225708008,17.324941635131836,17.30760383605957,17.312925338745117,17.32081413269043,17.335472106933594,17.28071403503418,17.318443298339844,17.273954391479492,17.300537109375,17.2691593170166,17.275651931762695,17.263402938842773,17.276395797729492,17.362010955810547,17.393457412719727,17.384300231933594,17.30349349975586,17.31699562072754,17.281627655029297,17.32940673828125,17.332788467407227,17.30414581298828,17.23678207397461,17.276208877563477,17.321460723876953,17.303882598876953,17.294734954833984,17.249858856201172,17.34610939025879
6.52,17.44033,0.06328,17.186166763305664,17.333406448364258,17.353853225708008,17.324941635131836,17.30760383605957,17.312925338745117,17.32081413269043,17.335472106933594,17.28071403503418,17.318443298339844,17.273954391479492,17.300537109375,17.2691593170166,17.275651931762695,17.263402938842773,17.276395797729492,17.362010955810547,17.393457412719727,17.384300231933594,17.30349349975586,17.31699562072754,17.281627655029297,17.32940673828125,17.332788467407227,17.30414581298828,17.23678207397461,17.276208877563477,17.321460723876953,17.303882598876953,17.294734954833984,17.249858856201172,17.34610939025879
6.53,17.46318,0.06304,17.186166763305664,17.333406448364258,17.353853225708008,17.324941635131836,17.30760383605957,17.312925338745117,17.32081413269043,17.335472106933594,17.28071403503418,17.318443298339844,17.273954391479492,17.300537109375,17.2691593170166,17.275651931762695,17.263402938842773,17.276395797729492,17.362010955810547,17.393457412719727,17.384300231933594,17.30349349975586,17.31699562072754,17.281627655029297,17.32940673828125,17.332788467407227,17.30414581298828,17.23678207397461,17.276208877563477,17.321460723876953,17.303882598876953,17.294734954833984,17.249858856201172,17.34610939025879
6.54,17.48183,0.0629,17.280410766601562,17.417577743530273,17.43953514099121,17.41236114501953,17.390331268310547,17.395771026611328,17.39952850341797,17.421327590942383,17.364883422851562,17.405946731567383,17.36005210876465,17.391918182373047,17.360273361206055,17.369827270507812,17.374677658081055,17.37373924255371,17.46183967590332,17.492202758789062,17.484607696533203,17.39778709411621,17.41560173034668,17.385406494140625,17.425310134887695,17.42563247680664,17.437294006347656,17.35934829711914,17.387706756591797,17.423398971557617,17.427040100097656,17.41345977783203,17.36511993408203,17.46398162841797
6.55,17.50012,0.06284,17.280410766601562,17.417577743530273,17.43953514099121,17.41236114501953,17.390331268310547,17.395771026611328,17.39952850341797,17.421327590942383,17.364883422851562,17.405946731567383,17.36005210876465,17.391918182373047,17.360273361206055,17.369827270507812,17.374677658081055,17.37373924255371,17.46183967590332,17.492202758789062,17.484607696533203,17.39778709411621,17.41560173034668,17.385406494140625,17.425310134887695,17.42563247680664,17.437294006347656,17.35934829711914,17.387706756591797,17.423398971557617,17.427040100097656,17.41345977783203,17.36511993408203,17.46398162841797
6.56,17.51452,0.06284,17.280410766601562,17.417577743530273,17.43953514099121,17.41236114501953,17.390331268310547,17.395771026611328,17.39952850341797,17.421327590942383,17.364883422851562,17.405946731567383,17.36005210876465,17.391918182373047,17.360273361206055,17.369827270507812,17.374677658081055,17.37373924255371,17.46183967590332,17.492202758789062,17.484607696533203,17.39778709411621,17.41560173034668,17.385406494140625,17.425310134887695,17.42563247680664,17.437294006347656,17.35934829711914,17.387706756591797,17.423398971557617,17.427040100097656,17.41345977783203,17.36511993408203,17.46398162841797
6.57,17.53568,0.06296,17.280410766601562,17.417577743530273,17.43953514099121,17.41236114501953,17.390331268310547,17.395771026611328,17.39952850341797,17.421327590942383,17.364883422851562,17.405946731567383,17.36005210876465,17.391918182373047,17.360273361206055,17.369827270507812,17.374677658081055,17.37373924255371,17.46183967590332,17.492202758789062,17.484607696533203,17.39778709411621,17.41560173034668,17.385406494140625,17.425310134887695,17.42563247680664,17.437294006347656,17.35934829711914,17.387706756591797,17.423398971557617,17.427040100097656,17.41345977783203,17.36511993408203,17.46398162841797
6.58,17.55297,0.06317,17.280410766601562,17.417577743530273,17.43953514099121,17.41236114501953,17.390331268310547,17.395771026611328,17.39952850341797,17.421327590942383,17.364883422851562,17.405946731567383,17.36005210876465,17.391918182373047,17.360273361206055,17.369827270507812,17.374677658081055,17.37373924255371,17.46183967590332,17.492202758789062,17.484607696533203,17.39778709411621,17.41560173034668,17.385406494140625,17.425310134887695,17.42563247680664,17.437294006347656,17.35934829711914,17.387706756591797,17.423398971557617,17.427040100097656,17.41345977783203,17.36511993408203,17.46398162841797
6.59,17.56994,0.06349,17.387550354003906,17.528465270996094,17.55058479309082,17.522485733032227,17.47844886779785,17.491609573364258,17.50609016418457,17.53907585144043,17.480863571166992,17.5207576751709,17.472562789916992,17.515222549438477,17.476564407348633,17.483192443847656,17.497539520263672,17.49118995666504,17.568880081176758,17.59314727783203,17.589458465576172,17.501937866210938,17.544658660888672,17.510892868041992,17.550899505615234,17.551048278808594,17.573087692260742,17.499982833862305,17.524965286254883,17.5542049407959,17.542415618896484,17.535633087158203,17.480314254760742,17.583547592163086
6.6,17.58328,0.06384,17.387550354003906,17.528465270996094,17.55058479309082,17.522485733032227,17.47844886779785,17.491609573364258,17.50609016418457,17.53907585144043,17.480863571166992,17.5207576751709,17.472562789916992,17.515222549438477,17.476564407348633,17.483192443847656,17.497539520263672,17.49118995666504,17.568880081176758,17.59314727783203,17.589458465576172,17.501937866210938,17.544658660888672,17.510892868041992,17.550899505615234,17.551048278808594,17.573087692260742,17.499982833862305,17.524965286254883,17.5542049407959,17.542415618896484,17.535633087158203,17.480314254760742,17.583547592163086
6.61,17.60292,0.06451,17.387550354003906,17.528465270996094,17.55058479309082,17.522485733032227,17.47844886779785,17.491609573364258,17.50609016418457,17.53907585144043,17.480863571166992,17.5207576751709,17.472562789916992,17.515222549438477,17.476564407348633,17.483192443847656,17.497539520263672,17.49118995666504,17.568880081176758,17.59314727783203,17.589458465576172,17.501937866210938,17.544658660888672,17.510892868041992,17.550899505615234,17.551048278808594,17.573087692260742,17.499982833862305,17.524965286254883,17.5542049407959,17.542415618896484,17.535633087158203,17.480314254760742,17.583547592163086
6.62,17.61898,0.06523,17.387550354003906,17.528465270996094,17.55058479309082,17.522485733032227,17.47844886779785,17.491609573364258,17.50609016418457,17.53907585144043,17.480863571166992,17.5207576751709,17.472562789916992,17.515222549438477,17.476564407348633,17.483192443847656,17.497539520263672,17.49118995666504,17.568880081176758,17.59314727783203,17.589458465576172,17.501937866210938,17.544658660888672,17.510892868041992,17.550899505615234,17.551048278808594,17.573087692260742,17.499982833862305,17.524965286254883,17.5542049407959,17.542415618896484,17.535633087158203,17.480314254760742,17.583547592163086
6.63,17.63477,0.0661,17.387550354003906,17.528465270996094,17.55058479309082,17.522485733032227,17.47844886779785,17.491609573364258,17.50609016418457,17.53907585144043,17.480863571166992,17.5207576751709,17.472562789916992,17.515222549438477,17.476564407348633,17.483192443847656,17.497539520263672,17.49118995666504,17.568880081176758,17.59314727783203,17.589458465576172,17.501937866210938,17.544658660888672,17.510892868041992,17.550899505615234,17.551048278808594,17.573087692260742,17.499982833862305,17.524965286254883,17.5542049407959,17.542415618896484,17.535633087158203,17.480314254760742,17.583547592163086
6.64,17.64722,0.06691,17.501482009887695,17.663925170898438,17.69329833984375,17.655296325683594,17.563358306884766,17.61347770690918,17.645145416259766,17.693340301513672,17.626968383789062,17.668434143066406,17.619646072387695,17.68101692199707,17.616968154907227,17.61269760131836,17.62533187866211,17.62482261657715,17.679550170898438,17.70659637451172,17.701261520385742,17.611589431762695,17.671445846557617,17.631845474243164,17.671138763427734,17.676265716552734,17.69359588623047,17.63106918334961,17.655536651611328,17.680208206176758,17.648197174072266,17.668880462646484,17.60405921936035,17.70528221130371
6.65,17.66559,0.06833,17.501482009887695,17.663925170898438,17.69329833984375,17.655296325683594,17.563358306884766,17.61347770690918,17.645145416259766,17.693340301513672,17.626968383789062,17.668434143066406,17.619646072387695,17.68101692199707,17.616968154907227,17.61269760131836,17.62533187866211,17.62482261657715,17.679550170898438,17.70659637451172,17.701261520385742,17.611589431762695,17.671445846557617,17.631845474243164,17.671138763427734,17.676265716552734,17.69359588623047,17.63106918334961,17.655536651611328,17.680208206176758,17.648197174072266,17.668880462646484,17.60405921936035,17.70528221130371
6.66,17.68066,0.0697,17.501482009887695,17.663925170898438,17.69329833984375,17.655296325683594,17.563358306884766,17.61347770690918,17.645145416259766,17.693340301513672,17.626968383789062,17.668434143066406,17.619646072387695,17.68101692199707,17.616968154907227,17.61269760131836,17.62533187866211,17.62482261657715,17.679550170898438,17.70659637451172,17.701261520385742,17.611589431762695,17.671445846557617,17.631845474243164,17.671138763427734,17.676265716552734,17.69359588623047,17.63106918334961,17.655536651611328,17.680208206176758,17.648197174072266,17.668880462646484,17.60405921936035,17.70528221130371
6.67,17.69555,0.07124,17.501482009887695,17.663925170898438,17.69329833984375,17.655296325683594,17.563358306884766,17.61347770690918,17.645145416259766,17.693340301513672,17.626968383789062,17.668434143066406,17.619646072387695,17.68101692199707,17.616968154907227,17.61269760131836,17.62533187866211,17.62482261657715,17.679550170898438,17.70659637451172,17.701261520385742,17.611589431762695,17.671445846557617,17.631845474243164,17.671138763427734,17.676265716552734,17.69359588623047,17.63106918334961,17.655536651611328,17.680208206176758,17.648197174072266,17.668880462646484,17.60405921936035,17.70528221130371
6.68,17.71026,0.07297,17.501482009887695,17.663925170898438,17.69329833984375,17.655296325683594,17.563358306884766,17.61347770690918,17.645145416259766,17.693340301513672,17.626968383789062,17.668434143066406,17.619646072387695,17.68101692199707,17.616968154907227,17.61269760131836,17.62533187866211,17.62482261657715,17.679550170898438,17.70659637451172,17.701261520385742,17.611589431762695,17.671445846557617,17.631845474243164,17.671138763427734,17.676265716552734,17.69359588623047,17.63106918334961,17.655536651611328,17.680208206176758,17.648197174072266,17.668880462646484,17.60405921936035,17.70528221130371
6.69,17.72484,0.07489,17.618494033813477,17.803743362426758,17.840253829956055,17.79231071472168,17.65264892578125,17.752742767333984,17.792747497558594,17.847797393798828,17.76448631286621,17.807971954345703,17.76438331604004,17.837961196899414,17.748498916625977,17.736265182495117,17.749042510986328,17.754985809326172,17.78837013244629,17.823619842529297,17.818950653076172,17.72825050354004,17.783361434936523,17.736295700073242,17.777294158935547,17.784744262695312,17.797313690185547,17.724834442138672,17.758142471313477,17.78555679321289,17.742530822753906,17.7847843170166,17.707597732543945,17.820919036865234
6.7,17.7393,0.07699,17.618494033813477,17.803743362426758,17.840253829956055,17.79231071472168,17.65264892578125,17.752742767333984,17.792747497558594,17.847797393798828,17.76448631286621,17.807971954345703,17.76438331604004,17.837961196899414,17.748498916625977,17.736265182495117,17.749042510986328,17.754985809326172,17.78837013244629,17.823619842529297,17.818950653076172,17.72825050354004,17.783361434936523,17.736295700073242,17.777294158935547,17.784744262695312,17.797313690185547,17.724834442138672,17.758142471313477,17.78555679321289,17.742530822753906,17.7847843170166,17.707597732543945,17.820919036865234
6.71,17.75369,0.07928,17.618494033813477,17.803743362426758,17.840253829956055,17.79231071472168,17.65264892578125,17.752742767333984,17.792747497558594,17.847797393798828,17.76448631286621,17.807971954345703,17.76438331604004,17.837961196899414,17.748498916625977,17.736265182495117,17.749042510986328,17.754985809326172,17.78837013244629,17.823619842529297,17.818950653076172,17.72825050354004,17.783361434936523,17.736295700073242,17.777294158935547,17.784744262695312,17.797313690185547,17.724834442138672,17.758142471313477,17.78555679321289,17.742530822753906,17.7847843170166,17.707597732543945,17.820919036865234
6.72,17.76805,0.08176,17.618494033813477,17.803743362426758,17.840253829956055,17.79231071472168,17.65264892578125,17.752742767333984,17.792747497558594,17.847797393798828,17.76448631286621,17.807971954345703,17.76438331604004,17.837961196899414,17.748498916625977,17.736265182495117,17.749042510986328,17.754985809326172,17.78837013244629,17.823619842529297,17.818950653076172,17.72825050354004,17.783361434936523,17.736295700073242,17.777294158935547,17.784744262695312,17.797313690185547,17.724834442138672,17.758142471313477,17.78555679321289,17.742530822753906,17.7847843170166,17.707597732543945,17.820919036865234
6.73,17.78241,0.08442,17.618494033813477,17.803743362426758,17.840253829956055,17.79231071472168,17.65264892578125,17.752742767333984,17.792747497558594,17.847797393798828,17.76448631286621,17.807971954345703,17.76438331604004,17.837961196899414,17.748498916625977,17.736265182495117,17.749042510986328,17.754985809326172,17.78837013244629,17.823619842529297,17.818950653076172,17.72825050354004,17.783361434936523,17.736295700073242,17.777294158935547,17.784744262695312,17.797313690185547,17.724834442138672,17.758142471313477,17.78555679321289,17.742530822753906,17.7847843170166,17.707597732543945,17.820919036865234
6.74,17.79682,0.08725,17.74989891052246,17.939861297607422,17.980207443237305,17.926122665405273,17.755672454833984,17.894027709960938,17.934837341308594,17.993736267089844,17.894315719604492,17.93959617614746,17.902217864990234,17.982131958007812,17.872133255004883,17.86578941345215,17.878698348999023,17.885805130004883,17.915529251098633,17.95508575439453,17.94829750061035,17.85711669921875,17.92007827758789,17.872018814086914,17.915719985961914,17.92256736755371,17.94925308227539,17.880983352661133,17.909587860107422,17.939306259155273,17.88315200805664,17.933910369873047,17.860877990722656,17.980953216552734
6.75,17.81131,0.09026,17.74989891052246,17.939861297607422,17.980207443237305,17.926122665405273,17.755672454833984,17.894027709960938,17.934837341308594,17.993736267089844,17.894315719604492,17.93959617614746,17.902217864990234,17.982131958007812,17.872133255004883,17.86578941345215,17.878698348999023,17.885805130004883,17.915529251098633,17.95508575439453,17.94829750061035,17.85711669921875,17.92007827758789,17.872018814086914,17.915719985961914,17.92256736755371,17.94925308227539,17.880983352661133,17.909587860107422,17.939306259155273,17.88315200805664,17.933910369873047,17.860877990722656,17.980953216552734
6.76,17.82593,0.09344,17.74989891052246,17.939861297607422,17.980207443237305,17.926122665405273,17.755672454833984,17.894027709960938,17.934837341308594,17.993736267089844,17.894315719604492,17.93959617614746,17.902217864990234,17.982131958007812,17.872133255004883,17.86578941345215,17.878698348999023,17.885805130004883,17.915529251098633,17.95508575439453,17.94829750061035,17.85711669921875,17.92007827758789,17.872018814086914,17.915719985961914,17.92256736755371,17.94925308227539,17.880983352661133,17.909587860107422,17.939306259155273,17.88315200805664,17.933910369873047,17.860877990722656,17.980953216552734
6.77,17.83775,0.09609,17.74989891052246,17.939861297607422,17.980207443237305,17.926122665405273,17.755672454833984,17.894027709960938,17.934837341308594,17.993736267089844,17.894315719604492,17.93959617614746,17.902217864990234,17.982131958007812,17.872133255004883,17.86578941345215,17.878698348999023,17.885805130004883,17.915529251098633,17.95508575439453,17.94829750061035,17.85711669921875,17.92007827758789,17.872018814086914,17.915719985961914,17.92256736755371,17.94925308227539,17.880983352661133,17.909587860107422,17.939306259155273,17.88315200805664,17.933910369873047,17.860877990722656,17.980953216552734
6.78,17.85573,0.10024,17.74989891052246,17.939861297607422,17.980207443237305,17.926122665405273,17.755672454833984,17.894027709960938,17.934837341308594,17.993736267089844,17.894315719604492,17.93959617614746,17.902217864990234,17.982131958007812,17.872133255004883,17.86578941345215,17.878698348999023,17.885805130004883,17.915529251098633,17.95508575439453,17.94829750061035,17.85711669921875,17.92007827758789,17.872018814086914,17.915719985961914,17.92256736755371,17.94925308227539,17.880983352661133,17.909587860107422,17.939306259155273,17.88315200805664,17.933910369873047,17.860877990722656,17.980953216552734
6.79,17.87108,0.10386,17.84160614013672,18.004852294921875,18.03595542907715,17.984970092773438,17.844295501708984,17.972509384155273,18.00812530517578,18.05782127380371,17.957015991210938,18.000253677368164,17.967241287231445,18.03436851501465,17.949745178222656,17.95100975036621,17.95288848876953,17.961820602416992,17.974224090576172,18.00421142578125,17.99709701538086,17.90639305114746,17.953767776489258,17.911651611328125,17.951675415039062,17.95905876159668,17.963802337646484,17.88467025756836,17.92192268371582,17.95313835144043,17.946582794189453,17.965576171875,17.895078659057617,18.013620376586914
6.8,17.88659,0.10756,17.84160614013672,18.004852294921875,18.03595542907715,17.984970092773438,17.844295501708984,17.972509384155273,18.00812530517578,18.05782127380371,17.957015991210938,18.000253677368164,17.967241287231445,18.03436851501465,17.949745178222656,17.95100975036621,17.95288848876953,17.961820602416992,17.974224090576172,18.00421142578125,17.99709701538086,17.90639305114746,17.953767776489258,17.911651611328125,17.951675415039062,17.95905876159668,17.963802337646484,17.88467025756836,17.92192268371582,17.95313835144043,17.946582794189453,17.965576171875,17.895078659057617,18.013620376586914
6.81,17.89929,0.11061,17.84160614013672,18.004852294921875,18.03595542907715,17.984970092773438,17.844295501708984,17.972509384155273,18.00812530517578,18.05782127380371,17.957015991210938,18.000253677368164,17.967241287231445,18.03436851501465,17.949745178222656,17.95100975036621,17.95288848876953,17.961820602416992,17.974224090576172,18.00421142578125,17.99709701538086,17.90639305114746,17.953767776489258,17.911651611328125,17.951675415039062,17.95905876159668,17.963802337646484,17.88467025756836,17.92192268371582,17.95313835144043,17.946582794189453,17.965576171875,17.895078659057617,18.013620376586914
6.82,17.91881,0.11528,17.84160614013672,18.004852294921875,18.03595542907715,17.984970092773438,17.844295501708984,17.972509384155273,18.00812530517578,18.05782127380371,17.957015991210938,18.000253677368164,17.967241287231445,18.03436851501465,17.949745178222656,17.95100975036621,17.95288848876953,17.961820602416992,17.974224090576172,18.00421142578125,17.99709701538086,17.90639305114746,17.953767776489258,17.911651611328125,17.951675415039062,17.95905876159668,17.963802337646484,17.88467025756836,17.92192268371582,17.95313835144043,17.946582794189453,17.965576171875,17.895078659057617,18.013620376586914
6.83,17.93553,0.11924,17.84160614013672,18.004852294921875,18.03595542907715,17.984970092773438,17.844295501708984,17.972509384155273,18.00812530517578,18.05782127380371,17.957015991210938,18.000253677368164,17.967241287231445,18.03436851501465,17.949745178222656,17.95100975036621,17.95288848876953,17.961820602416992,17.974224090576172,18.00421142578125,17.99709701538086,17.90639305114746,17.953767776489258,17.911651611328125,17.951675415039062,17.95905876159668,17.963802337646484,17.88467025756836,17.92192268371582,17.95313835144043,17.946582794189453,17.965576171875,17.895078659057617,18.013620376586914
6.84,17.9527,0.12325,17.918153762817383,18.030942916870117,18.04631805419922,18.01003074645996,17.921611785888672,18.011255264282227,18.029762268066406,18.069826126098633,17.980669021606445,18.02273941040039,17.989126205444336,18.03168296813965,17.982145309448242,18.007980346679688,17.99784278869629,17.998830795288086,18.03546905517578,18.057079315185547,18.052656173706055,17.965620040893555,17.990705490112305,17.9605712890625,18.004789352416992,18.004819869995117,18.014484405517578,17.92691993713379,17.963150024414062,17.995803833007812,18.00564193725586,18.00613784790039,17.945087432861328,18.055301666259766
6.85,17.96678,0.12648,17.918153762817383,18.030942916870117,18.04631805419922,18.01003074645996,17.921611785888672,18.011255264282227,18.029762268066406,18.069826126098633,17.980669021606445,18.02273941040039,17.989126205444336,18.03168296813965,17.982145309448242,18.007980346679688,17.99784278869629,17.998830795288086,18.03546905517578,18.057079315185547,18.052656173706055,17.965620040893555,17.990705490112305,17.9605712890625,18.004789352416992,18.004819869995117,18.014484405517578,17.92691993713379,17.963150024414062,17.995803833007812,18.00564193725586,18.00613784790039,17.945087432861328,18.055301666259766
6.86,17.98848,0.13132,17.918153762817383,18.030942916870117,18.04631805419922,18.01003074645996,17.921611785888672,18.011255264282227,18.029762268066406,18.069826126098633,17.980669021606445,18.02273941040039,17.989126205444336,18.03168296813965,17.982145309448242,18.007980346679688,17.99784278869629,17.998830795288086,18.03546905517578,18.057079315185547,18.052656173706055,17.965620040893555,17.990705490112305,17.9605712890625,18.004789352416992,18.004819869995117,18.014484405517578,17.92691993713379,17.963150024414062,17.995803833007812,18.00564193725586,18.00613784790039,17.945087432861328,18.055301666259766
6.87,18.00711,0.13534,17.918153762817383,18.030942916870117,18.04631805419922,18.01003074645996,17.921611785888672,18.011255264282227,18.029762268066406,18.069826126098633,17.980669021606445,18.02273941040039,17.989126205444336,18.03168296813965,17.982145309448242,18.007980346679688,17.99784278869629,17.998830795288086,18.03546905517578,18.057079315185547,18.052656173706055,17.965620040893555,17.990705490112305,17.9605712890625,18.004789352416992,18.004819869995117,18.014484405517578,17.92691993713379,17.963150024414062,17.995803833007812,18.00564193725586,18.00613784790039,17.945087432861328,18.055301666259766
6.88,18.02626,0.13931,17.918153762817383,18.030942916870117,18.04631805419922,18.01003074645996,17.921611785888672,18.011255264282227,18.029762268066406,18.069826126098633,17.980669021606445,18.02273941040039,17.989126205444336,18.03168296813965,17.982145309448242,18.007980346679688,17.99784278869629,17.998830795288086,18.03546905517578,18.057079315185547,18.052656173706055,17.965620040893555,17.990705490112305,17.9605712890625,18.004789352416992,18.004819869995117,18.014484405517578,17.92691993713379,17.963150024414062,17.995803833007812,18.00564193725586,18.00613784790039,17.945087432861328,18.055301666259766
6.89,18.04195,0.14245,18.002532958984375,18.092153549194336,18.102216720581055,18.073528289794922,17.99700355529785,18.06666374206543,18.07975196838379,18.124866485595703,18.049562454223633,18.091232299804688,18.05048370361328,18.086729049682617,18.055755615234375,18.08591079711914,18.067916870117188,18.063194274902344,18.134756088256836,18.153217315673828,18.146459579467773,18.05524444580078,18.09423065185547,18.067068099975586,18.110139846801758,18.11005973815918,18.115026473999023,18.048891067504883,18.076414108276367,18.10505485534668,18.098634719848633,18.08989906311035,18.040082931518555,18.141130447387695
6.9,18.06609,0.14706,18.002532958984375,18.092153549194336,18.102216720581055,18.073528289794922,17.99700355529785,18.06666374206543,18.07975196838379,18.124866485595703,18.049562454223633,18.091232299804688,18.05048370361328,18.086729049682617,18.055755615234375,18.08591079711914,18.067916870117188,18.063194274902344,18.134756088256836,18.153217315673828,18.146459579467773,18.05524444580078,18.09423065185547,18.067068099975586,18.110139846801758,18.11005973815918,18.115026473999023,18.048891067504883,18.076414108276367,18.10505485534668,18.098634719848633,18.08989906311035,18.040082931518555,18.141130447387695
6.91,18.08672,0.15078,18.002532958984375,18.092153549194336,18.102216720581055,18.073528289794922,17.99700355529785,18.06666374206543,18.07975196838379,18.124866485595703,18.049562454223633,18.091232299804688,18.05048370361328,18.086729049682617,18.055755615234375,18.08591079711914,18.067916870117188,18.063194274902344,18.134756088256836,18.153217315673828,18.146459579467773,18.05524444580078,18.09423065185547,18.067068099975586,18.110139846801758,18.11005973815918,18.115026473999023,18.048891067504883,18.076414108276367,18.10505485534668,18.098634719848633,18.08989906311035,18.040082931518555,18.141130447387695
6.92,18.10783,0.15437,18.002532958984375,18.092153549194336,18.102216720581055,18.073528289794922,17.99700355529785,18.06666374206543,18.07975196838379,18.124866485595703,18.049562454223633,18.091232299804688,18.05048370361328,18.086729049682617,18.055755615234375,18.08591079711914,18.067916870117188,18.063194274902344,18.134756088256836,18.153217315673828,18.146459579467773,18.05524444580078,18.09423065185547,18.067068099975586,18.110139846801758,18.11005973815918,18.115026473999023,18.048891067504883,18.076414108276367,18.10505485534668,18.098634719848633,18.08989906311035,18.040082931518555,18.141130447387695
6.93,18.12935,0.15782,18.002532958984375,18.092153549194336,18.102216720581055,18.073528289794922,17.99700355529785,18.06666374206543,18.07975196838379,18.124866485595703,18.049562454223633,18.091232299804688,18.05048370361328,18.086729049682617,18.055755615234375,18.08591079711914,18.067916870117188,18.063194274902344,18.134756088256836,18.153217315673828,18.146459579467773,18.05524444580078,18.09423065185547,18.067068099975586,18.110139846801758,18.11005973815918,18.115026473999023,18.048891067504883,18.076414108276367,18.10505485534668,18.098634719848633,18.08989906311035,18.040082931518555,18.141130447387695
6.94,18.15125,0.1611,18.081287384033203,18.16108512878418,18.170385360717773,18.14334487915039,18.068897247314453,18.132747650146484,18.14165687561035,18.19215965270996,18.122175216674805,18.163034439086914,18.11821174621582,18.157085418701172,18.138032913208008,18.164451599121094,18.14532470703125,18.138553619384766,18.21215057373047,18.22964096069336,18.225229263305664,18.13271141052246,18.169519424438477,18.1429443359375,18.1851806640625,18.185911178588867,18.18976593017578,18.116931915283203,18.146015167236328,18.173534393310547,18.180856704711914,18.17243003845215,18.117767333984375,18.22494888305664
6.95,18.17348,0.16419,18.081287384033203,18.16108512878418,18.170385360717773,18.14334487915039,18.068897247314453,18.132747650146484,18.14165687561035,18.19215965270996,18.122175216674805,18.163034439086914,18.11821174621582,18.157085418701172,18.138032913208008,18.164451599121094,18.14532470703125,18.138553619384766,18.21215057373047,18.22964096069336,18.225229263305664,18.13271141052246,18.169519424438477,18.1429443359375,18.1851806640625,18.185911178588867,18.18976593017578,18.116931915283203,18.146015167236328,18.173534393310547,18.180856704711914,18.17243003845215,18.117767333984375,18.22494888305664
6.96,18.19598,0.16709,18.081287384033203,18.16108512878418,18.170385360717773,18.14334487915039,18.068897247314453,18.132747650146484,18.14165687561035,18.19215965270996,18.122175216674805,18.163034439086914,18.11821174621582,18.157085418701172,18.138032913208008,18.164451599121094,18.14532470703125,18.138553619384766,18.21215057373047,18.22964096069336,18.225229263305664,18.13271141052246,18.169519424438477,18.1429443359375,18.1851806640625,18.185911178588867,18.18976593017578,18.116931915283203,18.146015167236328,18.173534393310547,18.180856704711914,18.17243003845215,18.117767333984375,18.22494888305664
6.97,18.21868,0.16978,18.081287384033203,18.16108512878418,18.170385360717773,18.14334487915039,18.068897247314453,18.132747650146484,18.14165687561035,18.19215965270996,18.122175216674805,18.163034439086914,18.11821174621582,18.157085418701172,18.138032913208008,18.164451599121094,18.14532470703125,18.138553619384766,18.21215057373047,18.22964096069336,18.225229263305664,18.13271141052246,18.169519424438477,18.1429443359375,18.1851806640625,18.185911178588867,18.18976593017578,18.116931915283203,18.146015167236328,18.173534393310547,18.180856704711914,18.17243003845215,18.117767333984375,18.22494888305664
6.98,18.2415,0.17224,18.081287384033203,18.16108512878418,18.170385360717773,18.14334487915039,18.068897247314453,18.132747650146484,18.14165687561035,18.19215965270996,18.122175216674805,18.163034439086914,18.11821174621582,18.157085418701172,18.138032913208008,18.164451599121094,18.14532470703125,18.138553619384766,18.21215057373047,18.22964096069336,18.225229263305664,18.13271141052246,18.169519424438477,18.1429443359375,18.1851806640625,18.185911178588867,18.18976593017578,18.116931915283203,18.146015167236328,18.173534393310547,18.180856704711914,18.17243003845215,18.117767333984375,18.22494888305664
6.99,18.26437,0.17446,18.178651809692383,18.256418228149414,18.26591682434082,18.238475799560547,18.151220321655273,18.220556259155273,18.2280216217041,18.28481674194336,18.21453857421875,18.254566192626953,18.20786476135254,18.251066207885742,18.234018325805664,18.257522583007812,18.239694595336914,18.22998046875,18.309064865112305,18.324588775634766,18.31874656677246,18.223905563354492,18.271284103393555,18.244709014892578,18.287216186523438,18.28662872314453,18.296642303466797,18.234312057495117,18.2619686126709,18.287240982055664,18.277856826782227,18.27349853515625,18.218210220336914,18.328689575195312
7.0,18.28719,0.17645,18.178651809692383,18.256418228149414,18.26591682434082,18.238475799560547,18.151220321655273,18.220556259155273,18.2280216217041,18.28481674194336,18.21453857421875,18.254566192626953,18.20786476135254,18.251066207885742,18.234018325805664,18.257522583007812,18.239694595336914,18.22998046875,18.309064865112305,18.324588775634766,18.31874656677246,18.223905563354492,18.271284103393555,18.244709014892578,18.287216186523438,18.28662872314453,18.296642303466797,18.234312057495117,18.2619686126709,18.287240982055664,18.277856826782227,18.27349853515625,18.218210220336914,18.328689575195312
7.01,18.30986,0.17819,18.178651809692383,18.256418228149414,18.26591682434082,18.238475799560547,18.151220321655273,18.220556259155273,18.2280216217041,18.28481674194336,18.21453857421875,18.254566192626953,18.20786476135254,18.251066207885742,18.234018325805664,18.257522583007812,18.239694595336914,18.22998046875,18.309064865112305,18.324588775634766,18.31874656677246,18.223905563354492,18.271284103393555,18.244709014892578,18.287216186523438,18.28662872314453,18.296642303466797,18.234312057495117,18.2619686126709,18.287240982055664,18.277856826782227,18.27349853515625,18.218210220336914,18.328689575195312
7.02,18.32785,0.17941,18.178651809692383,18.256418228149414,18.26591682434082,18.238475799560547,18.151220321655273,18.220556259155273,18.2280216217041,18.28481674194336,18.21453857421875,18.254566192626953,18.20786476135254,18.251066207885742,18.234018325805664,18.257522583007812,18.239694595336914,18.22998046875,18.309064865112305,18.324588775634766,18.31874656677246,18.223905563354492,18.271284103393555,18.244709014892578,18.287216186523438,18.28662872314453,18.296642303466797,18.234312057495117,18.2619686126709,18.287240982055664,18.277856826782227,18.27349853515625,18.218210220336914,18.328689575195312
7.03,18.3544,0.18093,18.178651809692383,18.256418228149414,18.26591682434082,18.238475799560547,18.151220321655273,18.220556259155273,18.2280216217041,18.28481674194336,18.21453857421875,18.254566192626953,18.20786476135254,18.251066207885742,18.234018325805664,18.257522583007812,18.239694595336914,18.22998046875,18.309064865112305,18.324588775634766,18.31874656677246,18.223905563354492,18.271284103393555,18.244709014892578,18.287216186523438,18.28662872314453,18.296642303466797,18.234312057495117,18.2619686126709,18.287240982055664,18.277856826782227,18.27349853515625,18.218210220336914,18.328689575195312
7.04,18.37606,0.18194,18.243558883666992,18.315956115722656,18.321884155273438,18.294170379638672,18.21588134765625,18.282514572143555,18.29075813293457,18.348630905151367,18.285381317138672,18.32254409790039,18.274925231933594,18.317344665527344,18.313220977783203,18.328413009643555,18.304357528686523,18.298444747924805,18.36003303527832,18.372034072875977,18.3673152923584,18.271076202392578,18.31011390686035,18.28562355041504,18.327016830444336,18.328542709350586,18.321630477905273,18.252931594848633,18.287673950195312,18.31597137451172,18.323274612426758,18.309186935424805,18.252796173095703,18.359825134277344
7.05,18.39718,0.18271,18.243558883666992,18.315956115722656,18.321884155273438,18.294170379638672,18.21588134765625,18.282514572143555,18.29075813293457,18.348630905151367,18.285381317138672,18.32254409790039,18.274925231933594,18.317344665527344,18.313220977783203,18.328413009643555,18.304357528686523,18.298444747924805,18.36003303527832,18.372034072875977,18.3673152923584,18.271076202392578,18.31011390686035,18.28562355041504,18.327016830444336,18.328542709350586,18.321630477905273,18.252931594848633,18.287673950195312,18.31597137451172,18.323274612426758,18.309186935424805,18.252796173095703,18.359825134277344
7.06,18.41363,0.18316,18.243558883666992,18.315956115722656,18.321884155273438,18.294170379638672,18.21588134765625,18.282514572143555,18.29075813293457,18.348630905151367,18.285381317138672,18.32254409790039,18.274925231933594,18.317344665527344,18.313220977783203,18.328413009643555,18.304357528686523,18.298444747924805,18.36003303527832,18.372034072875977,18.3673152923584,18.271076202392578,18.31011390686035,18.28562355041504,18.327016830444336,18.328542709350586,18.321630477905273,18.252931594848633,18.287673950195312,18.31597137451172,18.323274612426758,18.309186935424805,18.252796173095703,18.359825134277344
7.07,18.43738,0.18357,18.243558883666992,18.315956115722656,18.321884155273438,18.294170379638672,18.21588134765625,18.282514572143555,18.29075813293457,18.348630905151367,18.285381317138672,18.32254409790039,18.274925231933594,18.317344665527344,18.313220977783203,18.328413009643555,18.304357528686523,18.298444747924805,18.36003303527832,18.372034072875977,18.3673152923584,18.271076202392578,18.31011390686035,18.28562355041504,18.327016830444336,18.328542709350586,18.321630477905273,18.252931594848633,18.287673950195312,18.31597137451172,18.323274612426758,18.309186935424805,18.252796173095703,18.359825134277344
7.08,18.45626,0.18369,18.243558883666992,18.315956115722656,18.321884155273438,18.294170379638672,18.21588134765625,18.282514572143555,18.29075813293457,18.348630905151367,18.285381317138672,18.32254409790039,18.274925231933594,18.317344665527344,18.313220977783203,18.328413009643555,18.304357528686523,18.298444747924805,18.36003303527832,18.372034072875977,18.3673152923584,18.271076202392578,18.31011390686035,18.28562355041504,18.327016830444336,18.328542709350586,18.321630477905273,18.252931594848633,18.287673950195312,18.31597137451172,18.323274612426758,18.309186935424805,18.252796173095703,18.359825134277344
7.09,18.4742,0.18362,18.354656219482422,18.449901580810547,18.465166091918945,18.429670333862305,18.299880981445312,18.413375854492188,18.421810150146484,18.495590209960938,18.42816734313965,18.465967178344727,18.41846466064453,18.47551155090332,18.431947708129883,18.442554473876953,18.423288345336914,18.41840171813965,18.494531631469727,18.517337799072266,18.515575408935547,18.418060302734375,18.46177864074707,18.429656982421875,18.48014259338379,18.480926513671875,18.510866165161133,18.44293212890625,18.470308303833008,18.499652862548828,18.43941307067871,18.47235679626465,18.409828186035156,18.512577056884766
7.1,18.48783,0.18344,18.354656219482422,18.449901580810547,18.465166091918945,18.429670333862305,18.299880981445312,18.413375854492188,18.421810150146484,18.495590209960938,18.42816734313965,18.465967178344727,18.41846466064453,18.47551155090332,18.431947708129883,18.442554473876953,18.423288345336914,18.41840171813965,18.494531631469727,18.517337799072266,18.515575408935547,18.418060302734375,18.46177864074707,18.429656982421875,18.48014259338379,18.480926513671875,18.510866165161133,18.44293212890625,18.470308303833008,18.499652862548828,18.43941307067871,18.47235679626465,18.409828186035156,18.512577056884766
7.11,18.50693,0.18299,18.354656219482422,18.449901580810547,18.465166091918945,18.429670333862305,18.299880981445312,18.413375854492188,18.421810150146484,18.495590209960938,18.42816734313965,18.465967178344727,18.41846466064453,18.47551155090332,18.431947708129883,18.442554473876953,18.423288345336914,18.41840171813965,18.494531631469727,18.517337799072266,18.515575408935547,18.418060302734375,18.46177864074707,18.429656982421875,18.48014259338379,18.480926513671875,18.510866165161133,18.44293212890625,18.470308303833008,18.499652862548828,18.43941307067871,18.47235679626465,18.409828186035156,18.512577056884766
7.12,18.52156,0.18247,18.354656219482422,18.449901580810547,18.465166091918945,18.429670333862305,18.299880981445312,18.413375854492188,18.421810150146484,18.495590209960938,18.42816734313965,18.465967178344727,18.41846466064453,18.47551155090332,18.431947708129883,18.442554473876953,18.423288345336914,18.41840171813965,18.494531631469727,18.517337799072266,18.515575408935547,18.418060302734375,18.46177864074707,18.429656982421875,18.48014259338379,18.480926513671875,18.510866165161133,18.44293212890625,18.470308303833008,18.499652862548828,18.43941307067871,18.47235679626465,18.409828186035156,18.512577056884766
7.13,18.53495,0.18184,18.354656219482422,18.449901580810547,18.465166091918945,18.429670333862305,18.299880981445312,18.413375854492188,18.421810150146484,18.495590209960938,18.42816734313965,18.465967178344727,18.41846466064453,18.47551155090332,18.431947708129883,18.442554473876953,18.423288345336914,18.41840171813965,18.494531631469727,18.517337799072266,18.515575408935547,18.418060302734375,18.46177864074707,18.429656982421875,18.48014259338379,18.480926513671875,18.510866165161133,18.44293212890625,18.470308303833008,18.499652862548828,18.43941307067871,18.47235679626465,18.409828186035156,18.512577056884766
7.14,18.54474,0.18128,18.494037628173828,18.611894607543945,18.642234802246094,18.58966064453125,18.404300689697266,18.576231002807617,18.587202072143555,18.672212600708008,18.584022521972656,18.621490478515625,18.580961227416992,18.659164428710938,18.581756591796875,18.581878662109375,18.568952560424805,18.569551467895508,18.620929718017578,18.651948928833008,18.649171829223633,18.546899795532227,18.616989135742188,18.575223922729492,18.625072479248047,18.631746292114258,18.648683547973633,18.588478088378906,18.61458969116211,18.641239166259766,18.58553123474121,18.630950927734375,18.56396484375,18.68288803100586
7.15,18.55779,0.18035,18.494037628173828,18.611894607543945,18.642234802246094,18.58966064453125,18.404300689697266,18.576231002807617,18.587202072143555,18.672212600708008,18.584022521972656,18.621490478515625,18.580961227416992,18.659164428710938,18.581756591796875,18.581878662109375,18.568952560424805,18.569551467895508,18.620929718017578,18.651948928833008,18.649171829223633,18.546899795532227,18.616989135742188,18.575223922729492,18.625072479248047,18.631746292114258,18.648683547973633,18.588478088378906,18.61458969116211,18.641239166259766,18.58553123474121,18.630950927734375,18.56396484375,18.68288803100586
7.16,18.56718,0.17954,18.494037628173828,18.611894607543945,18.642234802246094,18.58966064453125,18.404300689697266,18.576231002807617,18.587202072143555,18.672212600708008,18.584022521972656,18.621490478515625,18.580961227416992,18.659164428710938,18.581756591796875,18.581878662109375,18.568952560424805,18.569551467895508,18.620929718017578,18.651948928833008,18.649171829223633,18.546899795532227,18.616989135742188,18.575223922729492,18.625072479248047,18.631746292114258,18.648683547973633,18.588478088378906,18.61458969116211,18.641239166259766,18.58553123474121,18.630950927734375,18.56396484375,18.68288803100586
7.17,18.57517,0.17871,18.494037628173828,18.611894607543945,18.642234802246094,18.58966064453125,18.404300689697266,18.576231002807617,18.587202072143555,18.672212600708008,18.584022521972656,18.621490478515625,18.580961227416992,18.659164428710938,18.581756591796875,18.581878662109375,18.568952560424805,18.569551467895508,18.620929718017578,18.651948928833008,18.649171829223633,18.546899795532227,18.616989135742188,18.575223922729492,18.625072479248047,18.631746292114258,18.648683547973633,18.588478088378906,18.61458969116211,18.641239166259766,18.58553123474121,18.630950927734375,18.56396484375,18.68288803100586
7.18,18.58176,0.17789,18.494037628173828,18.611894607543945,18.642234802246094,18.58966064453125,18.404300689697266,18.576231002807617,18.587202072143555,18.672212600708008,18.584022521972656,18.621490478515625,18.580961227416992,18.659164428710938,18.581756591796875,18.581878662109375,18.568952560424805,18.569551467895508,18.620929718017578,18.651948928833008,18.649171829223633,18.546899795532227,18.616989135742188,18.575223922729492,18.625072479248047,18.631746292114258,18.648683547973633,18.588478088378906,18.61458969116211,18.641239166259766,18.58553123474121,18.630950927734375,18.56396484375,18.68288803100586
7.19,18.58696,0.1771,18.574888229370117,18.685901641845703,18.715557098388672,18.654470443725586,18.481416702270508,18.672304153442383,18.680282592773438,18.761886596679688,18.666818618774414,18.703113555908203,18.671890258789062,18.74742317199707,18.657014846801758,18.66257095336914,18.642162322998047,18.652212142944336,18.66716194152832,18.698915481567383,18.695951461791992,18.593265533447266,18.637556076049805,18.599639892578125,18.64698600769043,18.657615661621094,18.664459228515625,18.587688446044922,18.62866973876953,18.661849975585938,18.618148803710938,18.660188674926758,18.588043212890625,18.703960418701172
7.2,18.59078,0.17636,18.574888229370117,18.685901641845703,18.715557098388672,18.654470443725586,18.481416702270508,18.672304153442383,18.680282592773438,18.761886596679688,18.666818618774414,18.703113555908203,18.671890258789062,18.74742317199707,18.657014846801758,18.66257095336914,18.642162322998047,18.652212142944336,18.66716194152832,18.698915481567383,18.695951461791992,18.593265533447266,18.637556076049805,18.599639892578125,18.64698600769043,18.657615661621094,18.664459228515625,18.587688446044922,18.62866973876953,18.661849975585938,18.618148803710938,18.660188674926758,18.588043212890625,18.703960418701172
7.21,18.59326,0.17569,18.574888229370117,18.685901641845703,18.715557098388672,18.654470443725586,18.481416702270508,18.672304153442383,18.680282592773438,18.761886596679688,18.666818618774414,18.703113555908203,18.671890258789062,18.74742317199707,18.657014846801758,18.66257095336914,18.642162322998047,18.652212142944336,18.66716194152832,18.698915481567383,18.695951461791992,18.593265533447266,18.637556076049805,18.599639892578125,18.64698600769043,18.657615661621094,18.664459228515625,18.587688446044922,18.62866973876953,18.661849975585938,18.618148803710938,18.660188674926758,18.588043212890625,18.703960418701172
7.22,18.59443,0.17512,18.574888229370117,18.685901641845703,18.715557098388672,18.654470443725586,18.481416702270508,18.672304153442383,18.680282592773438,18.761886596679688,18.666818618774414,18.703113555908203,18.671890258789062,18.74742317199707,18.657014846801758,18.66257095336914,18.642162322998047,18.652212142944336,18.66716194152832,18.698915481567383,18.695951461791992,18.593265533447266,18.637556076049805,18.599639892578125,18.64698600769043,18.657615661621094,18.664459228515625,18.587688446044922,18.62866973876953,18.661849975585938,18.618148803710938,18.660188674926758,18.588043212890625,18.703960418701172
7.23,18.59435,0.17465,18.574888229370117,18.685901641845703,18.715557098388672,18.654470443725586,18.481416702270508,18.672304153442383,18.680282592773438,18.761886596679688,18.666818618774414,18.703113555908203,18.671890258789062,18.74742317199707,18.657014846801758,18.66257095336914,18.642162322998047,18.652212142944336,18.66716194152832,18.698915481567383,18.695951461791992,18.593265533447266,18.637556076049805,18.599639892578125,18.64698600769043,18.657615661621094,18.664459228515625,18.587688446044922,18.62866973876953,18.661849975585938,18.618148803710938,18.660188674926758,18.588043212890625,18.703960418701172
7.24,18.59308,0.1743,18.5223388671875,18.574907302856445,18.586139678955078,18.529848098754883,18.467050552368164,18.61726951599121,18.600772857666016,18.660049438476562,18.59745979309082,18.630842208862305,18.604360580444336,18.64710235595703,18.57736587524414,18.596179962158203,18.540021896362305,18.569894790649414,18.559162139892578,18.593732833862305,18.58578109741211,18.483545303344727,18.48033332824707,18.45726203918457,18.500301361083984,18.521106719970703,18.467567443847656,18.39436912536621,18.457548141479492,18.509052276611328,18.470407485961914,18.471189498901367,18.42377281188965,18.506803512573242
7.25,18.59069,0.17409,18.5223388671875,18.574907302856445,18.586139678955078,18.529848098754883,18.467050552368164,18.61726951599121,18.600772857666016,18.660049438476562,18.59745979309082,18.630842208862305,18.604360580444336,18.64710235595703,18.57736587524414,18.596179962158203,18.540021896362305,18.569894790649414,18.559162139892578,18.593732833862305,18.58578109741211,18.483545303344727,18.48033332824707,18.45726203918457,18.500301361083984,18.521106719970703,18.467567443847656,18.39436912536621,18.457548141479492,18.509052276611328,18.470407485961914,18.471189498901367,18.42377281188965,18.506803512573242
7.26,18.58726,0.17402,18.5223388671875,18.574907302856445,18.586139678955078,18.529848098754883,18.467050552368164,18.61726951599121,18.600772857666016,18.660049438476562,18.59745979309082,18.630842208862305,18.604360580444336,18.64710235595703,18.57736587524414,18.596179962158203,18.540021896362305,18.569894790649414,18.559162139892578,18.593732833862305,18.58578109741211,18.483545303344727,18.48033332824707,18.45726203918457,18.500301361083984,18.521106719970703,18.467567443847656,18.39436912536621,18.457548141479492,18.509052276611328,18.470407485961914,18.471189498901367,18.42377281188965,18.506803512573242
7.27,18.58384,0.17408,18.5223388671875,18.574907302856445,18.586139678955078,18.529848098754883,18.467050552368164,18.61726951599121,18.600772857666016,18.660049438476562,18.59745979309082,18.630842208862305,18.604360580444336,18.64710235595703,18.57736587524414,18.596179962158203,18.540021896362305,18.569894790649414,18.559162139892578,18.593732833862305,18.58578109741211,18.483545303344727,18.48033332824707,18.45726203918457,18.500301361083984,18.521106719970703,18.467567443847656,18.39436912536621,18.457548141479492,18.509052276611328,18.470407485961914,18.471189498901367,18.42377281188965,18.506803512573242
7.28,18.57768,0.17435,18.5223388671875,18.574907302856445,18.586139678955078,18.529848098754883,18.467050552368164,18.61726951599121,18.600772857666016,18.660049438476562,18.59745979309082,18.630842208862305,18.604360580444336,18.64710235595703,18.57736587524414,18.596179962158203,18.540021896362305,18.569894790649414,18.559162139892578,18.593732833862305,18.58578109741211,18.483545303344727,18.48033332824707,18.45726203918457,18.500301361083984,18.521106719970703,18.467567443847656,18.39436912536621,18.457548141479492,18.509052276611328,18.470407485961914,18.471189498901367,18.42377281188965,18.506803512573242
7.29,18.57171,0.17475,18.477588653564453,18.50237464904785,18.514602661132812,18.463083267211914,18.433076858520508,18.572914123535156,18.515933990478516,18.56538963317871,18.520662307739258,18.54977798461914,18.524702072143555,18.553726196289062,18.503456115722656,18.50713539123535,18.4627742767334,18.483896255493164,18.535646438598633,18.59671401977539,18.585289001464844,18.482515335083008,18.4936466217041,18.468935012817383,18.51772117614746,18.531452178955078,18.46748924255371,18.407814025878906,18.48587417602539,18.559616088867188,18.460737228393555,18.47974395751953,18.468734741210938,18.551668167114258
7.3,18.56509,0.1753,18.477588653564453,18.50237464904785,18.514602661132812,18.463083267211914,18.433076858520508,18.572914123535156,18.515933990478516,18.56538963317871,18.520662307739258,18.54977798461914,18.524702072143555,18.553726196289062,18.503456115722656,18.50713539123535,18.4627742767334,18.483896255493164,18.535646438598633,18.59671401977539,18.585289001464844,18.482515335083008,18.4936466217041,18.468935012817383,18.51772117614746,18.531452178955078,18.46748924255371,18.407814025878906,18.48587417602539,18.559616088867188,18.460737228393555,18.47974395751953,18.468734741210938,18.551668167114258
7.31,18.5594,0.17586,18.477588653564453,18.50237464904785,18.514602661132812,18.463083267211914,18.433076858520508,18.572914123535156,18.515933990478516,18.56538963317871,18.520662307739258,18.54977798461914,18.524702072143555,18.553726196289062,18.503456115722656,18.50713539123535,18.4627742767334,18.483896255493164,18.535646438598633,18.59671401977539,18.585289001464844,18.482515335083008,18.4936466217041,18.468935012817383,18.51772117614746,18.531452178955078,18.46748924255371,18.407814025878906,18.48587417602539,18.559616088867188,18.460737228393555,18.47974395751953,18.468734741210938,18.551668167114258
7.32,18.55034,0.17688,18.477588653564453,18.50237464904785,18.514602661132812,18.463083267211914,18.433076858520508,18.572914123535156,18.515933990478516,18.56538963317871,18.520662307739258,18.54977798461914,18.524702072143555,18.553726196289062,18.503456115722656,18.50713539123535,18.4627742767334,18.483896255493164,18.535646438598633,18.59671401977539,18.585289001464844,18.482515335083008,18.4936466217041,18.468935012817383,18.51772117614746,18.531452178955078,18.46748924255371,18.407814025878906,18.48587417602539,18.559616088867188,18.460737228393555,18.47974395751953,18.468734741210938,18.551668167114258
7.33,18.54241,0.17789,18.477588653564453,18.50237464904785,18.514602661132812,18.463083267211914,18.433076858520508,18.572914123535156,18.515933990478516,18.56538963317871,18.520662307739258,18.54977798461914,18.524702072143555,18.553726196289062,18.503456115722656,18.50713539123535,18.4627742767334,18.483896255493164,18.535646438598633,18.59671401977539,18.585289001464844,18.482515335083008,18.4936466217041,18.468935012817383,18.51772117614746,18.531452178955078,18.46748924255371,18.407814025878906,18.48587417602539,18.559616088867188,18.460737228393555,18.47974395751953,18.468734741210938,18.551668167114258
7.34,18.53425,0.17903,18.46074867248535,18.473438262939453,18.48651695251465,18.441299438476562,18.409597396850586,18.53782081604004,18.46721649169922,18.521337509155273,18.47970199584961,18.501216888427734,18.478120803833008,18.5117130279541,18.464139938354492,18.479042053222656,18.481626510620117,18.46689224243164,18.49913215637207,18.537635803222656,18.537527084350586,18.441043853759766,18.486467361450195,18.46575355529785,18.487545013427734,18.490049362182617,18.55646324157715,18.495943069458008,18.52411651611328,18.542198181152344,18.51748275756836,18.473773956298828,18.457225799560547,18.534687042236328
7.35,18.52762,0.18004,18.46074867248535,18.473438262939453,18.48651695251465,18.441299438476562,18.409597396850586,18.53782081604004,18.46721649169922,18.521337509155273,18.47970199584961,18.501216888427734,18.478120803833008,18.5117130279541,18.464139938354492,18.479042053222656,18.481626510620117,18.46689224243164,18.49913215637207,18.537635803222656,18.537527084350586,18.441043853759766,18.486467361450195,18.46575355529785,18.487545013427734,18.490049362182617,18.55646324157715,18.495943069458008,18.52411651611328,18.542198181152344,18.51748275756836,18.473773956298828,18.457225799560547,18.534687042236328
7.36,18.51761,0.18167,18.46074867248535,18.473438262939453,18.48651695251465,18.441299438476562,18.409597396850586,18.53782081604004,18.46721649169922,18.521337509155273,18.47970199584961,18.501216888427734,18.478120803833008,18.5117130279541,18.464139938354492,18.479042053222656,18.481626510620117,18.46689224243164,18.49913215637207,18.537635803222656,18.537527084350586,18.441043853759766,18.486467361450195,18.46575355529785,18.487545013427734,18.490049362182617,18.55646324157715,18.495943069458008,18.52411651611328,18.542198181152344,18.51748275756836,18.473773956298828,18.457225799560547,18.534687042236328
7.37,18.50931,0.18314,18.46074867248535,18.473438262939453,18.48651695251465,18.441299438476562,18.409597396850586,18.53782081604004,18.46721649169922,18.521337509155273,18.47970199584961,18.501216888427734,18.478120803833008,18.5117130279541,18.464139938354492,18.479042053222656,18.481626510620117,18.46689224243164,18.49913215637207,18.537635803222656,18.537527084350586,18.441043853759766,18.486467361450195,18.46575355529785,18.487545013427734,18.490049362182617,18.55646324157715,18.495943069458008,18.52411651611328,18.542198181152344,18.51748275756836,18.473773956298828,18.457225799560547,18.534687042236328
7.38,18.5011,0.18468,18.46074867248535,18.473438262939453,18.48651695251465,18.441299438476562,18.409597396850586,18.53782081604004,18.46721649169922,18.521337509155273,18.47970199584961,18.501216888427734,18.478120803833008,18.5117130279541,18.464139938354492,18.479042053222656,18.481626510620117,18.46689224243164,18.49913215637207,18.537635803222656,18.537527084350586,18.441043853759766,18.486467361450195,18.46575355529785,18.487545013427734,18.490049362182617,18.55646324157715,18.495943069458008,18.52411651611328,18.542198181152344,18.51748275756836,18.473773956298828,18.457225799560547,18.534687042236328
7.39,18.49464,0.18596,18.456846237182617,18.453521728515625,18.467111587524414,18.426467895507812,18.39545440673828,18.509775161743164,18.433834075927734,18.49679946899414,18.465579986572266,18.48480796813965,18.45808982849121,18.50177001953125,18.467615127563477,18.491724014282227,18.51300621032715,18.479331970214844,18.513200759887695,18.54474449157715,18.548784255981445,18.450347900390625,18.546417236328125,18.53329086303711,18.56049919128418,18.568456649780273,18.61456871032715,18.576292037963867,18.590654373168945,18.61025047302246,18.59937286376953,18.58056640625,18.555694580078125,18.65794563293457
7.4,18.48526,0.18792,18.456846237182617,18.453521728515625,18.467111587524414,18.426467895507812,18.39545440673828,18.509775161743164,18.433834075927734,18.49679946899414,18.465579986572266,18.48480796813965,18.45808982849121,18.50177001953125,18.467615127563477,18.491724014282227,18.51300621032715,18.479331970214844,18.513200759887695,18.54474449157715,18.548784255981445,18.450347900390625,18.546417236328125,18.53329086303711,18.56049919128418,18.568456649780273,18.61456871032715,18.576292037963867,18.590654373168945,18.61025047302246,18.59937286376953,18.58056640625,18.555694580078125,18.65794563293457
7.41,18.4777,0.18959,18.456846237182617,18.453521728515625,18.467111587524414,18.426467895507812,18.39545440673828,18.509775161743164,18.433834075927734,18.49679946899414,18.465579986572266,18.48480796813965,18.45808982849121,18.50177001953125,18.467615127563477,18.491724014282227,18.51300621032715,18.479331970214844,18.513200759887695,18.54474449157715,18.548784255981445,18.450347900390625,18.546417236328125,18.53329086303711,18.56049919128418,18.568456649780273,18.61456871032715,18.576292037963867,18.590654373168945,18.61025047302246,18.59937286376953,18.58056640625,18.555694580078125,18.65794563293457
7.42,18.47042,0.19125,18.456846237182617,18.453521728515625,18.467111587524414,18.426467895507812,18.39545440673828,18.509775161743164,18.433834075927734,18.49679946899414,18.465579986572266,18.48480796813965,18.45808982849121,18.50177001953125,18.467615127563477,18.491724014282227,18.51300621032715,18.479331970214844,18.513200759887695,18.54474449157715,18.548784255981445,18.450347900390625,18.546417236328125,18.53329086303711,18.56049919128418,18.568456649780273,18.61456871032715,18.576292037963867,18.590654373168945,18.61025047302246,18.59937286376953,18.58056640625,18.555694580078125,18.65794563293457
7.43,18.46343,0.1929,18.456846237182617,18.453521728515625,18.467111587524414,18.426467895507812,18.39545440673828,18.509775161743164,18.433834075927734,18.49679946899414,18.465579986572266,18.48480796813965,18.45808982849121,18.50177001953125,18.467615127563477,18.491724014282227,18.51300621032715,18.479331970214844,18.513200759887695,18.54474449157715,18.548784255981445,18.450347900390625,18.546417236328125,18.53329086303711,18.56049919128418,18.568456649780273,18.61456871032715,18.576292037963867,18.590654373168945,18.61025047302246,18.59937286376953,18.58056640625,18.555694580078125,18.65794563293457
7.44,18.45673,0.19451,18.39786148071289,18.410728454589844,18.423324584960938,18.381296157836914,18.35704231262207,18.46173667907715,18.390932083129883,18.4571590423584,18.436540603637695,18.454984664916992,18.42678451538086,18.471988677978516,18.433225631713867,18.458236694335938,18.475133895874023,18.444730758666992,18.45438003540039,18.484712600708008,18.48617172241211,18.382041931152344,18.44260025024414,18.43288230895996,18.444875717163086,18.458860397338867,18.489765167236328,18.43854331970215,18.476213455200195,18.49010467529297,18.471933364868164,18.468948364257812,18.426898956298828,18.509300231933594
7.45,18.45028,0.19605,18.39786148071289,18.410728454589844,18.423324584960938,18.381296157836914,18.35704231262207,18.46173667907715,18.390932083129883,18.4571590423584,18.436540603637695,18.454984664916992,18.42678451538086,18.471988677978516,18.433225631713867,18.458236694335938,18.475133895874023,18.444730758666992,18.45438003540039,18.484712600708008,18.48617172241211,18.382041931152344,18.44260025024414,18.43288230895996,18.444875717163086,18.458860397338867,18.489765167236328,18.43854331970215,18.476213455200195,18.49010467529297,18.471933364868164,18.468948364257812,18.426898956298828,18.509300231933594
7.46,18.44407,0.19753,18.39786148071289,18.410728454589844,18.423324584960938,18.381296157836914,18.35704231262207,18.46173667907715,18.390932083129883,18.4571590423584,18.436540603637695,18.454984664916992,18.42678451538086,18.471988677978516,18.433225631713867,18.458236694335938,18.475133895874023,18.444730758666992,18.45438003540039,18.484712600708008,18.48617172241211,18.382041931152344,18.44260025024414,18.43288230895996,18.444875717163086,18.458860397338867,18.489765167236328,18.43854331970215,18.476213455200195,18.49010467529297,18.471933364868164,18.468948364257812,18.426898956298828,18.509300231933594
7.47,18.43803,0.1989,18.39786148071289,18.410728454589844,18.423324584960938,18.381296157836914,18.35704231262207,18.46173667907715,18.390932083129883,18.4571590423584,18.436540603637695,18.454984664916992,18.42678451538086,18.471988677978516,18.433225631713867,18.458236694335938,18.475133895874023,18.444730758666992,18.45438003540039,18.484712600708008,18.48617172241211,18.382041931152344,18.44260025024414,18.43288230895996,18.444875717163086,18.458860397338867,18.489765167236328,18.43854331970215,18.476213455200195,18.49010467529297,18.471933364868164,18.468948364257812,18.426898956298828,18.509300231933594
7.48,18.4321,0.20017,18.39786148071289,18.410728454589844,18.423324584960938,18.381296157836914,18.35704231262207,18.46173667907715,18.390932083129883,18.4571590423584,18.436540603637695,18.454984664916992,18.42678451538086,18.471988677978516,18.433225631713867,18.458236694335938,18.475133895874023,18.444730758666992,18.45438003540039,18.484712600708008,18.48617172241211,18.382041931152344,18.44260025024414,18.43288230895996,18.444875717163086,18.458860397338867,18.489765167236328,18.43854331970215,18.476213455200195,18.49010467529297,18.471933364868164,18.468948364257812,18.426898956298828,18.509300231933594
7.49,18.4262,0.2013,18.386056900024414,18.426074981689453,18.44841766357422,18.39922332763672,18.341827392578125,18.464982986450195,18.396610260009766,18.47028160095215,18.443115234375,18.46150779724121,18.435373306274414,18.494478225708008,18.43148422241211,18.45166015625,18.47611427307129,18.44795036315918,18.44879150390625,18.487268447875977,18.490137100219727,18.387332916259766,18.474605560302734,18.45329475402832,18.476612091064453,18.488176345825195,18.528392791748047,18.47970962524414,18.517032623291016,18.54029083251953,18.485380172729492,18.507991790771484,18.46817970275879,18.5620174407959
7.5,18.42024,0.2023,18.386056900024414,18.426074981689453,18.44841766357422,18.39922332763672,18.341827392578125,18.464982986450195,18.396610260009766,18.47028160095215,18.443115234375,18.46150779724121,18.435373306274414,18.494478225708008,18.43148422241211,18.45166015625,18.47611427307129,18.44795036315918,18.44879150390625,18.487268447875977,18.490137100219727,18.387332916259766,18.474605560302734,18.45329475402832,18.476612091064453,18.488176345825195,18.528392791748047,18.47970962524414,18.517032623291016,18.54029083251953,18.485380172729492,18.507991790771484,18.46817970275879,18.5620174407959
7.51,18.41411,0.20313,18.386056900024414,18.426074981689453,18.44841766357422,18.39922332763672,18.341827392578125,18.464982986450195,18.396610260009766,18.47028160095215,18.443115234375,18.46150779724121,18.435373306274414,18.494478225708008,18.43148422241211,18.45166015625,18.47611427307129,18.44795036315918,18.44879150390625,18.487268447875977,18.490137100219727,18.387332916259766,18.474605560302734,18.45329475402832,18.476612091064453,18.488176345825195,18.528392791748047,18.47970962524414,18.517032623291016,18.54029083251953,18.485380172729492,18.507991790771484,18.46817970275879,18.5620174407959
7.52,18.409,0.20368,18.386056900024414,18.426074981689453,18.44841766357422,18.39922332763672,18.341827392578125,18.464982986450195,18.396610260009766,18.47028160095215,18.443115234375,18.46150779724121,18.435373306274414,18.494478225708008,18.43148422241211,18.45166015625,18.47611427307129,18.44795036315918,18.44879150390625,18.487268447875977,18.490137100219727,18.387332916259766,18.474605560302734,18.45329475402832,18.476612091064453,18.488176345825195,18.528392791748047,18.47970962524414,18.517032623291016,18.54029083251953,18.485380172729492,18.507991790771484,18.46817970275879,18.5620174407959
7.53,18.40086,0.20429,18.386056900024414,18.426074981689453,18.44841766357422,18.39922332763672,18.341827392578125,18.464982986450195,18.396610260009766,18.47028160095215,18.443115234375,18.46150779724121,18.435373306274414,18.494478225708008,18.43148422241211,18.45166015625,18.47611427307129,18.44795036315918,18.44879150390625,18.487268447875977,18.490137100219727,18.387332916259766,18.474605560302734,18.45329475402832,18.476612091064453,18.488176345825195,18.528392791748047,18.47970962524414,18.517032623291016,18.54029083251953,18.485380172729492,18.507991790771484,18.46817970275879,18.5620174407959
7.54,18.39346,0.20459,18.354522705078125,18.41506004333496,18.44151496887207,18.385181427001953,18.318870544433594,18.45054054260254,18.388376235961914,18.462142944335938,18.430036544799805,18.446197509765625,18.424161911010742,18.489818572998047,18.410783767700195,18.427152633666992,18.454282760620117,18.432178497314453,18.40216827392578,18.440046310424805,18.440950393676758,18.338027954101562,18.419164657592773,18.397615432739258,18.414377212524414,18.429813385009766,18.476795196533203,18.42926788330078,18.464649200439453,18.484453201293945,18.44677734375,18.459131240844727,18.416967391967773,18.51515769958496
7.55,18.38537,0.2047,18.354522705078125,18.41506004333496,18.44151496887207,18.385181427001953,18.318870544433594,18.45054054260254,18.388376235961914,18.462142944335938,18.430036544799805,18.446197509765625,18.424161911010742,18.489818572998047,18.410783767700195,18.427152633666992,18.454282760620117,18.432178497314453,18.40216827392578,18.440046310424805,18.440950393676758,18.338027954101562,18.419164657592773,18.397615432739258,18.414377212524414,18.429813385009766,18.476795196533203,18.42926788330078,18.464649200439453,18.484453201293945,18.44677734375,18.459131240844727,18.416967391967773,18.51515769958496
7.56,18.37827,0.20465,18.354522705078125,18.41506004333496,18.44151496887207,18.385181427001953,18.318870544433594,18.45054054260254,18.388376235961914,18.462142944335938,18.430036544799805,18.446197509765625,18.424161911010742,18.489818572998047,18.410783767700195,18.427152633666992,18.454282760620117,18.432178497314453,18.40216827392578,18.440046310424805,18.440950393676758,18.338027954101562,18.419164657592773,18.397615432739258,18.414377212524414,18.429813385009766,18.476795196533203,18.42926788330078,18.464649200439453,18.484453201293945,18.44677734375,18.459131240844727,18.416967391967773,18.51515769958496
7.57,18.36645,0.20433,18.354522705078125,18.41506004333496,18.44151496887207,18.385181427001953,18.318870544433594,18.45054054260254,18.388376235961914,18.462142944335938,18.430036544799805,18.446197509765625,18.424161911010742,18.489818572998047,18.410783767700195,18.427152633666992,18.454282760620117,18.432178497314453,18.40216827392578,18.440046310424805,18.440950393676758,18.338027954101562,18.419164657592773,18.397615432739258,18.414377212524414,18.429813385009766,18.476795196533203,18.42926788330078,18.464649200439453,18.484453201293945,18.44677734375,18.459131240844727,18.416967391967773,18.51515769958496
7.58,18.35531,0.20384,18.354522705078125,18.41506004333496,18.44151496887207,18.385181427001953,18.318870544433594,18.45054054260254,18.388376235961914,18.462142944335938,18.430036544799805,18.446197509765625,18.424161911010742,18.489818572998047,18.410783767700195,18.427152633666992,18.454282760620117,18.432178497314453,18.40216827392578,18.440046310424805,18.440950393676758,18.338027954101562,18.419164657592773,18.397615432739258,18.414377212524414,18.429813385009766,18.476795196533203,18.42926788330078,18.464649200439453,18.484453201293945,18.44677734375,18.459131240844727,18.416967391967773,18.51515769958496
7.59,18.34284,0.20315,18.320405960083008,18.372882843017578,18.39571189880371,18.34204864501953,18.291807174682617,18.411157608032227,18.347625732421875,18.41271209716797,18.37674331665039,18.39100456237793,18.372879028320312,18.432111740112305,18.366090774536133,18.38661003112793,18.41614532470703,18.393518447875977,18.360044479370117,18.39552879333496,18.397132873535156,18.298494338989258,18.380706787109375,18.35887908935547,18.379091262817383,18.3913516998291,18.419193267822266,18.366445541381836,18.407257080078125,18.42794418334961,18.407133102416992,18.41356086730957,18.370019912719727,18.472673416137695
7.6,18.33178,0.20245,18.320405960083008,18.372882843017578,18.39571189880371,18.34204864501953,18.291807174682617,18.411157608032227,18.347625732421875,18.41271209716797,18.37674331665039,18.39100456237793,18.372879028320312,18.432111740112305,18.366090774536133,18.38661003112793,18.41614532470703,18.393518447875977,18.360044479370117,18.39552879333496,18.397132873535156,18.298494338989258,18.380706787109375,18.35887908935547,18.379091262817383,18.3913516998291,18.419193267822266,18.366445541381836,18.407257080078125,18.42794418334961,18.407133102416992,18.41356086730957,18.370019912719727,18.472673416137695
7.61,18.31325,0.20118,18.320405960083008,18.372882843017578,18.39571189880371,18.34204864501953,18.291807174682617,18.411157608032227,18.347625732421875,18.41271209716797,18.37674331665039,18.39100456237793,18.372879028320312,18.432111740112305,18.366090774536133,18.38661003112793,18.41614532470703,18.393518447875977,18.360044479370117,18.39552879333496,18.397132873535156,18.298494338989258,18.380706787109375,18.35887908935547,18.379091262817383,18.3913516998291,18.419193267822266,18.366445541381836,18.407257080078125,18.42794418334961,18.407133102416992,18.41356086730957,18.370019912719727,18.472673416137695
7.62,18.29581,0.19992,18.320405960083008,18.372882843017578,18.39571189880371,18.34204864501953,18.291807174682617,18.411157608032227,18.347625732421875,18.41271209716797,18.37674331665039,18.39100456237793,18.372879028320312,18.432111740112305,18.366090774536133,18.38661003112793,18.41614532470703,18.393518447875977,18.360044479370117,18.39552879333496,18.397132873535156,18.298494338989258,18.380706787109375,18.35887908935547,18.379091262817383,18.3913516998291,18.419193267822266,18.366445541381836,18.407257080078125,18.42794418334961,18.407133102416992,18.41356086730957,18.370019912719727,18.472673416137695
7.63,18.27642,0.19847,18.320405960083008,18.372882843017578,18.39571189880371,18.34204864501953,18.291807174682617,18.411157608032227,18.347625732421875,18.41271209716797,18.37674331665039,18.39100456237793,18.372879028320312,18.432111740112305,18.366090774536133,18.38661003112793,18.41614532470703,18.393518447875977,18.360044479370117,18.39552879333496,18.397132873535156,18.298494338989258,18.380706787109375,18.35887908935547,18.379091262817383,18.3913516998291,18.419193267822266,18.366445541381836,18.407257080078125,18.42794418334961,18.407133102416992,18.41356086730957,18.370019912719727,18.472673416137695
7.64,18.25938,0.19719,18.224620819091797,18.250690460205078,18.25733184814453,18.21613121032715,18.220287322998047,18.301183700561523,18.241008758544922,18.295799255371094,18.276912689208984,18.29142951965332,18.268869400024414,18.308256149291992,18.27593421936035,18.30668067932129,18.323902130126953,18.298269271850586,18.2712459564209,18.300155639648438,18.295944213867188,18.19865608215332,18.256954193115234,18.248178482055664,18.259174346923828,18.26849937438965,18.288379669189453,18.22709846496582,18.266193389892578,18.28765106201172,18.316919326782227,18.277727127075195,18.247180938720703,18.33391571044922
7.65,18.2312,0.19509,18.224620819091797,18.250690460205078,18.25733184814453,18.21613121032715,18.220287322998047,18.301183700561523,18.241008758544922,18.295799255371094,18.276912689208984,18.29142951965332,18.268869400024414,18.308256149291992,18.27593421936035,18.30668067932129,18.323902130126953,18.298269271850586,18.2712459564209,18.300155639648438,18.295944213867188,18.19865608215332,18.256954193115234,18.248178482055664,18.259174346923828,18.26849937438965,18.288379669189453,18.22709846496582,18.266193389892578,18.28765106201172,18.316919326782227,18.277727127075195,18.247180938720703,18.33391571044922
7.66,18.20511,0.19317,18.224620819091797,18.250690460205078,18.25733184814453,18.21613121032715,18.220287322998047,18.301183700561523,18.241008758544922,18.295799255371094,18.276912689208984,18.29142951965332,18.268869400024414,18.308256149291992,18.27593421936035,18.30668067932129,18.323902130126953,18.298269271850586,18.2712459564209,18.300155639648438,18.295944213867188,18.19865608215332,18.256954193115234,18.248178482055664,18.259174346923828,18.26849937438965,18.288379669189453,18.22709846496582,18.266193389892578,18.28765106201172,18.316919326782227,18.277727127075195,18.247180938720703,18.33391571044922
7.67,18.17655,0.19112,18.224620819091797,18.250690460205078,18.25733184814453,18.21613121032715,18.220287322998047,18.301183700561523,18.241008758544922,18.295799255371094,18.276912689208984,18.29142951965332,18.268869400024414,18.308256149291992,18.27593421936035,18.30668067932129,18.323902130126953,18.298269271850586,18.2712459564209,18.300155639648438,18.295944213867188,18.19865608215332,18.256954193115234,18.248178482055664,18.259174346923828,18.26849937438965,18.288379669189453,18.22709846496582,18.266193389892578,18.28765106201172,18.316919326782227,18.277727127075195,18.247180938720703,18.33391571044922
7.68,18.14544,0.18895,18.224620819091797,18.250690460205078,18.25733184814453,18.21613121032715,18.220287322998047,18.301183700561523,18.241008758544922,18.295799255371094,18.276912689208984,18.29142951965332,18.268869400024414,18.308256149291992,18.27593421936035,18.30668067932129,18.323902130126953,18.298269271850586,18.2712459564209,18.300155639648438,18.295944213867188,18.19865608215332,18.256954193115234,18.248178482055664,18.259174346923828,18.26849937438965,18.288379669189453,18.22709846496582,18.266193389892578,18.28765106201172,18.316919326782227,18.277727127075195,18.247180938720703,18.33391571044922
7.69,18.11168,0.18668,18.02724838256836,18.061277389526367,18.058975219726562,18.022722244262695,18.069297790527344,18.107105255126953,18.06974983215332,18.121337890625,18.117542266845703,18.135562896728516,18.10637092590332,18.13715934753418,18.129871368408203,18.16731834411621,18.169879913330078,18.14647674560547,18.080976486206055,18.10260009765625,18.08016586303711,17.981658935546875,18.009532928466797,18.013486862182617,18.004262924194336,18.00994300842285,18.0141544342041,17.953128814697266,17.99268341064453,17.999460220336914,18.118635177612305,18.013648986816406,17.984439849853516,18.036823272705078
7.7,18.0752,0.18432,18.02724838256836,18.061277389526367,18.058975219726562,18.022722244262695,18.069297790527344,18.107105255126953,18.06974983215332,18.121337890625,18.117542266845703,18.135562896728516,18.10637092590332,18.13715934753418,18.129871368408203,18.16731834411621,18.169879913330078,18.14647674560547,18.080976486206055,18.10260009765625,18.08016586303711,17.981658935546875,18.009532928466797,18.013486862182617,18.004262924194336,18.00994300842285,18.0141544342041,17.953128814697266,17.99268341064453,17.999460220336914,18.118635177612305,18.013648986816406,17.984439849853516,18.036823272705078
7.71,18.03595,0.18189,18.02724838256836,18.061277389526367,18.058975219726562,18.022722244262695,18.069297790527344,18.107105255126953,18.06974983215332,18.121337890625,18.117542266845703,18.135562896728516,18.10637092590332,18.13715934753418,18.129871368408203,18.16731834411621,18.169879913330078,18.14647674560547,18.080976486206055,18.10260009765625,18.08016586303711,17.981658935546875,18.009532928466797,18.013486862182617,18.004262924194336,18.00994300842285,18.0141544342041,17.953128814697266,17.99268341064453,17.999460220336914,18.118635177612305,18.013648986816406,17.984439849853516,18.036823272705078
7.72,17.99388,0.17941,18.02724838256836,18.061277389526367,18.058975219726562,18.022722244262695,18.069297790527344,18.107105255126953,18.06974983215332,18.121337890625,18.117542266845703,18.135562896728516,18.10637092590332,18.13715934753418,18.129871368408203,18.16731834411621,18.169879913330078,18.14647674560547,18.080976486206055,18.10260009765625,18.08016586303711,17.981658935546875,18.009532928466797,18.013486862182617,18.004262924194336,18.00994300842285,18.0141544342041,17.953128814697266,17.99268341064453,17.999460220336914,18.118635177612305,18.013648986816406,17.984439849853516,18.036823272705078
7.73,17.94899,0.17689,18.02724838256836,18.061277389526367,18.058975219726562,18.022722244262695,18.069297790527344,18.107105255126953,18.06974983215332,18.121337890625,18.117542266845703,18.135562896728516,18.10637092590332,18.13715934753418,18.129871368408203,18.16731834411621,18.169879913330078,18.14647674560547,18.080976486206055,18.10260009765625,18.08016586303711,17.981658935546875,18.009532928466797,18.013486862182617,18.004262924194336,18.00994300842285,18.0141544342041,17.953128814697266,17.99268341064453,17.999460220336914,18.118635177612305,18.013648986816406,17.984439849853516,18.036823272705078
7.74,17.90127,0.17434,17.655654907226562,17.758760452270508,17.73906135559082,17.715660095214844,17.735774993896484,17.77225685119629,17.787826538085938,17.841110229492188,17.81670379638672,17.84461212158203,17.795883178710938,17.814380645751953,17.834014892578125,17.878284454345703,17.864242553710938,17.830249786376953,17.69858169555664,17.74067497253418,17.665264129638672,17.59560203552246,17.47199058532715,17.508115768432617,17.449928283691406,17.416343688964844,17.37942886352539,17.28866195678711,17.33774757385254,17.294857025146484,17.738388061523438,17.42536163330078,17.41431999206543,17.411020278930664
7.75,17.85072,0.17179,17.655654907226562,17.758760452270508,17.73906135559082,17.715660095214844,17.735774993896484,17.77225685119629,17.787826538085938,17.841110229492188,17.81670379638672,17.84461212158203,17.795883178710938,17.814380645751953,17.834014892578125,17.878284454345703,17.864242553710938,17.830249786376953,17.69858169555664,17.74067497253418,17.665264129638672,17.59560203552246,17.47199058532715,17.508115768432617,17.449928283691406,17.416343688964844,17.37942886352539,17.28866195678711,17.33774757385254,17.294857025146484,17.738388061523438,17.42536163330078,17.41431999206543,17.411020278930664
7.76,17.79738,0.16926,17.655654907226562,17.758760452270508,17.73906135559082,17.715660095214844,17.735774993896484,17.77225685119629,17.787826538085938,17.841110229492188,17.81670379638672,17.84461212158203,17.795883178710938,17.814380645751953,17.834014892578125,17.878284454345703,17.864242553710938,17.830249786376953,17.69858169555664,17.74067497253418,17.665264129638672,17.59560203552246,17.47199058532715,17.508115768432617,17.449928283691406,17.416343688964844,17.37942886352539,17.28866195678711,17.33774757385254,17.294857025146484,17.738388061523438,17.42536163330078,17.41431999206543,17.411020278930664
7.77,17.75273,0.16725,17.655654907226562,17.758760452270508,17.73906135559082,17.715660095214844,17.735774993896484,17.77225685119629,17.787826538085938,17.841110229492188,17.81670379638672,17.84461212158203,17.795883178710938,17.814380645751953,17.834014892578125,17.878284454345703,17.864242553710938,17.830249786376953,17.69858169555664,17.74067497253418,17.665264129638672,17.59560203552246,17.47199058532715,17.508115768432617,17.449928283691406,17.416343688964844,17.37942886352539,17.28866195678711,17.33774757385254,17.294857025146484,17.738388061523438,17.42536163330078,17.41431999206543,17.411020278930664
7.78,17.68252,0.16427,17.655654907226562,17.758760452270508,17.73906135559082,17.715660095214844,17.735774993896484,17.77225685119629,17.787826538085938,17.841110229492188,17.81670379638672,17.84461212158203,17.795883178710938,17.814380645751953,17.834014892578125,17.878284454345703,17.864242553710938,17.830249786376953,17.69858169555664,17.74067497253418,17.665264129638672,17.59560203552246,17.47199058532715,17.508115768432617,17.449928283691406,17.416343688964844,17.37942886352539,17.28866195678711,17.33774757385254,17.294857025146484,17.738388061523438,17.42536163330078,17.41431999206543,17.411020278930664
7.79,17.62113,0.16185,16.857864379882812,17.028566360473633,16.99396514892578,16.97105598449707,17.141952514648438,17.128173828125,17.286319732666016,17.305774688720703,17.221315383911133,17.252323150634766,17.1663875579834,17.157934188842773,17.198463439941406,17.20054054260254,17.124603271484375,17.131593704223633,16.839920043945312,16.92438316345215,16.818050384521484,16.823760986328125,16.700881958007812,16.771757125854492,16.775863647460938,16.680992126464844,16.80057144165039,16.65188217163086,16.665111541748047,16.734519958496094,16.98584747314453,16.838891983032227,16.820005416870117,16.844118118286133
7.8,17.55722,0.1595,16.857864379882812,17.028566360473633,16.99396514892578,16.97105598449707,17.141952514648438,17.128173828125,17.286319732666016,17.305774688720703,17.221315383911133,17.252323150634766,17.1663875579834,17.157934188842773,17.198463439941406,17.20054054260254,17.124603271484375,17.131593704223633,16.839920043945312,16.92438316345215,16.818050384521484,16.823760986328125,16.700881958007812,16.771757125854492,16.775863647460938,16.680992126464844,16.80057144165039,16.65188217163086,16.665111541748047,16.734519958496094,16.98584747314453,16.838891983032227,16.820005416870117,16.844118118286133
7.81,17.50433,0.15767,16.857864379882812,17.028566360473633,16.99396514892578,16.97105598449707,17.141952514648438,17.128173828125,17.286319732666016,17.305774688720703,17.221315383911133,17.252323150634766,17.1663875579834,17.157934188842773,17.198463439941406,17.20054054260254,17.124603271484375,17.131593704223633,16.839920043945312,16.92438316345215,16.818050384521484,16.823760986328125,16.700881958007812,16.771757125854492,16.775863647460938,16.680992126464844,16.80057144165039,16.65188217163086,16.665111541748047,16.734519958496094,16.98584747314453,16.838891983032227,16.820005416870117,16.844118118286133
7.82,17.42223,0.15502,16.857864379882812,17.028566360473633,16.99396514892578,16.97105598449707,17.141952514648438,17.128173828125,17.286319732666016,17.305774688720703,17.221315383911133,17.252323150634766,17.1663875579834,17.157934188842773,17.198463439941406,17.20054054260254,17.124603271484375,17.131593704223633,16.839920043945312,16.92438316345215,16.818050384521484,16.823760986328125,16.700881958007812,16.771757125854492,16.775863647460938,16.680992126464844,16.80057144165039,16.65188217163086,16.665111541748047,16.734519958496094,16.98584747314453,16.838891983032227,16.820005416870117,16.844118118286133
7.83,17.3514,0.15292,16.857864379882812,17.028566360473633,16.99396514892578,16.97105598449707,17.141952514648438,17.128173828125,17.286319732666016,17.305774688720703,17.221315383911133,17.252323150634766,17.1663875579834,17.157934188842773,17.198463439941406,17.20054054260254,17.124603271484375,17.131593704223633,16.839920043945312,16.92438316345215,16.818050384521484,16.823760986328125,16.700881958007812,16.771757125854492,16.775863647460938,16.680992126464844,16.80057144165039,16.65188217163086,16.665111541748047,16.734519958496094,16.98584747314453,16.838891983032227,16.820005416870117,16.844118118286133
7.84,17.27851,0.15091,16.43999671936035,16.729578018188477,16.722633361816406,16.71282386779785,16.604522705078125,16.768415451049805,16.923871994018555,16.909347534179688,16.786170959472656,16.820789337158203,16.76138687133789,16.73757553100586,16.5987491607666,16.511226654052734,16.477649688720703,16.50542449951172,16.5577392578125,16.660320281982422,16.603382110595703,16.65276527404785,16.445796966552734,16.40718650817871,16.451873779296875,16.330387115478516,16.59947967529297,16.61435317993164,16.60173797607422,16.672395706176758,16.15987205505371,16.41725730895996,16.330442428588867,16.444904327392578
7.85,17.21881,0.14937,16.43999671936035,16.729578018188477,16.722633361816406,16.71282386779785,16.604522705078125,16.768415451049805,16.923871994018555,16.909347534179688,16.786170959472656,16.820789337158203,16.76138687133789,16.73757553100586,16.5987491607666,16.511226654052734,16.477649688720703,16.50542449951172,16.5577392578125,16.660320281982422,16.603382110595703,16.65276527404785,16.445796966552734,16.40718650817871,16.451873779296875,16.330387115478516,16.59947967529297,16.61435317993164,16.60173797607422,16.672395706176758,16.15987205505371,16.41725730895996,16.330442428588867,16.444904327392578
7.86,17.12713,0.14719,16.43999671936035,16.729578018188477,16.722633361816406,16.71282386779785,16.604522705078125,16.768415451049805,16.923871994018555,16.909347534179688,16.786170959472656,16.820789337158203,16.76138687133789,16.73757553100586,16.5987491607666,16.511226654052734,16.477649688720703,16.50542449951172,16.5577392578125,16.660320281982422,16.603382110595703,16.65276527404785,16.445796966552734,16.40718650817871,16.451873779296875,16.330387115478516,16.59947967529297,16.61435317993164,16.60173797607422,16.672395706176758,16.15987205505371,16.41725730895996,16.330442428588867,16.444904327392578
7.87,17.04895,0.14548,16.43999671936035,16.729578018188477,16.722633361816406,16.71282386779785,16.604522705078125,16.768415451049805,16.923871994018555,16.909347534179688,16.786170959472656,16.820789337158203,16.76138687133789,16.73757553100586,16.5987491607666,16.511226654052734,16.477649688720703,16.50542449951172,16.5577392578125,16.660320281982422,16.603382110595703,16.65276527404785,16.445796966552734,16.40718650817871,16.451873779296875,16.330387115478516,16.59947967529297,16.61435317993164,16.60173797607422,16.672395706176758,16.15987205505371,16.41725730895996,16.330442428588867,16.444904327392578
7.88,16.9693,0.14387,16.43999671936035,16.729578018188477,16.722633361816406,16.71282386779785,16.604522705078125,16.768415451049805,16.923871994018555,16.909347534179688,16.786170959472656,16.820789337158203,16.76138687133789,16.73757553100586,16.5987491607666,16.511226654052734,16.477649688720703,16.50542449951172,16.5577392578125,16.660320281982422,16.603382110595703,16.65276527404785,16.445796966552734,16.40718650817871,16.451873779296875,16.330387115478516,16.59947967529297,16.61435317993164,16.60173797607422,16.672395706176758,16.15987205505371,16.41725730895996,16.330442428588867,16.444904327392578
7.89,16.90463,0.14265,16.50688362121582,16.855806350708008,16.90277099609375,16.88823699951172,16.452983856201172,16.81207847595215,16.949630737304688,16.97879981994629,16.746095657348633,16.79507827758789,16.740041732788086,16.82097816467285,16.557802200317383,16.473201751708984,16.571176528930664,16.53398895263672,16.844120025634766,16.982189178466797,16.922346115112305,16.95949935913086,17.116724014282227,17.08060646057129,17.18852996826172,17.07400131225586,17.221281051635742,17.20086097717285,17.143455505371094,17.24993133544922,16.89156723022461,17.185317993164062,17.088878631591797,17.178665161132812
7.9,16.80625,0.14092,16.50688362121582,16.855806350708008,16.90277099609375,16.88823699951172,16.452983856201172,16.81207847595215,16.949630737304688,16.97879981994629,16.746095657348633,16.79507827758789,16.740041732788086,16.82097816467285,16.557802200317383,16.473201751708984,16.571176528930664,16.53398895263672,16.844120025634766,16.982189178466797,16.922346115112305,16.95949935913086,17.116724014282227,17.08060646057129,17.18852996826172,17.07400131225586,17.221281051635742,17.20086097717285,17.143455505371094,17.24993133544922,16.89156723022461,17.185317993164062,17.088878631591797,17.178665161132812
7.91,16.72317,0.13958,16.50688362121582,16.855806350708008,16.90277099609375,16.88823699951172,16.452983856201172,16.81207847595215,16.949630737304688,16.97879981994629,16.746095657348633,16.79507827758789,16.740041732788086,16.82097816467285,16.557802200317383,16.473201751708984,16.571176528930664,16.53398895263672,16.844120025634766,16.982189178466797,16.922346115112305,16.95949935913086,17.116724014282227,17.08060646057129,17.18852996826172,17.07400131225586,17.221281051635742,17.20086097717285,17.143455505371094,17.24993133544922,16.89156723022461,17.185317993164062,17.088878631591797,17.178665161132812
7.92,16.63924,0.13829,16.50688362121582,16.855806350708008,16.90277099609375,16.88823699951172,16.452983856201172,16.81207847595215,16.949630737304688,16.97879981994629,16.746095657348633,16.79507827758789,16.740041732788086,16.82097816467285,16.557802200317383,16.473201751708984,16.571176528930664,16.53398895263672,16.844120025634766,16.982189178466797,16.922346115112305,16.95949935913086,17.116724014282227,17.08060646057129,17.18852996826172,17.07400131225586,17.221281051635742,17.20086097717285,17.143455505371094,17.24993133544922,16.89156723022461,17.185317993164062,17.088878631591797,17.178665161132812
7.93,16.57162,0.13731,16.50688362121582,16.855806350708008,16.90277099609375,16.88823699951172,16.452983856201172,16.81207847595215,16.949630737304688,16.97879981994629,16.746095657348633,16.79507827758789,16.740041732788086,16.82097816467285,16.557802200317383,16.473201751708984,16.571176528930664,16.53398895263672,16.844120025634766,16.982189178466797,16.922346115112305,16.95949935913086,17.116724014282227,17.08060646057129,17.18852996826172,17.07400131225586,17.221281051635742,17.20086097717285,17.143455505371094,17.24993133544922,16.89156723022461,17.185317993164062,17.088878631591797,17.178665161132812
7.94,16.4695,0.1359,16.385244369506836,16.720460891723633,16.748083114624023,16.72724151611328,16.237661361694336,16.648534774780273,16.76497459411621,16.788780212402344,16.57337760925293,16.626665115356445,16.581071853637695,16.684429168701172,16.44232940673828,16.315189361572266,16.418773651123047,16.399749755859375,16.623191833496094,16.70402717590332,16.612205505371094,16.643848419189453,16.635515213012695,16.610336303710938,16.579145431518555,16.49594497680664,16.632646560668945,16.61250877380371,16.64997673034668,16.640827178955078,16.51698112487793,16.479228973388672,16.39936637878418,16.432754516601562
7.95,16.38397,0.13475,16.385244369506836,16.720460891723633,16.748083114624023,16.72724151611328,16.237661361694336,16.648534774780273,16.76497459411621,16.788780212402344,16.57337760925293,16.626665115356445,16.581071853637695,16.684429168701172,16.44232940673828,16.315189361572266,16.418773651123047,16.399749755859375,16.623191833496094,16.70402717590332,16.612205505371094,16.643848419189453,16.635515213012695,16.610336303710938,16.579145431518555,16.49594497680664,16.632646560668945,16.61250877380371,16.64997673034668,16.640827178955078,16.51698112487793,16.479228973388672,16.39936637878418,16.432754516601562
7.96,16.29814,0.13362,16.385244369506836,16.720460891723633,16.748083114624023,16.72724151611328,16.237661361694336,16.648534774780273,16.76497459411621,16.788780212402344,16.57337760925293,16.626665115356445,16.581071853637695,16.684429168701172,16.44232940673828,16.315189361572266,16.418773651123047,16.399749755859375,16.623191833496094,16.70402717590332,16.612205505371094,16.643848419189453,16.635515213012695,16.610336303710938,16.579145431518555,16.49594497680664,16.632646560668945,16.61250877380371,16.64997673034668,16.640827178955078,16.51698112487793,16.479228973388672,16.39936637878418,16.432754516601562
7.97,16.21221,0.13249,16.385244369506836,16.720460891723633,16.748083114624023,16.72724151611328,16.237661361694336,16.648534774780273,16.76497459411621,16.788780212402344,16.57337760925293,16.626665115356445,16.581071853637695,16.684429168701172,16.44232940673828,16.315189361572266,16.418773651123047,16.399749755859375,16.623191833496094,16.70402717590332,16.612205505371094,16.643848419189453,16.635515213012695,16.610336303710938,16.579145431518555,16.49594497680664,16.632646560668945,16.61250877380371,16.64997673034668,16.640827178955078,16.51698112487793,16.479228973388672,16.39936637878418,16.432754516601562
7.98,16.12626,0.13135,16.385244369506836,16.720460891723633,16.748083114624023,16.72724151611328,16.237661361694336,16.648534774780273,16.76497459411621,16.788780212402344,16.57337760925293,16.626665115356445,16.581071853637695,16.684429168701172,16.44232940673828,16.315189361572266,16.418773651123047,16.399749755859375,16.623191833496094,16.70402717590332,16.612205505371094,16.643848419189453,16.635515213012695,16.610336303710938,16.579145431518555,16.49594497680664,16.632646560668945,16.61250877380371,16.64997673034668,16.640827178955078,16.51698112487793,16.479228973388672,16.39936637878418,16.432754516601562
7.99,16.04034,0.13017,16.01886749267578,16.289432525634766,16.295251846313477,16.274763107299805,15.954842567443848,16.248384475708008,16.329238891601562,16.33325958251953,16.13119888305664,16.190183639526367,16.154733657836914,16.209604263305664,16.12075424194336,16.042964935302734,16.116409301757812,16.074045181274414,16.129047393798828,16.186115264892578,16.08812141418457,16.126371383666992,16.073345184326172,16.096492767333984,16.07084846496582,15.954901695251465,16.0324649810791,15.952885627746582,16.007200241088867,16.029373168945312,16.133045196533203,16.031248092651367,15.9555082321167,15.941255569458008
8.0,15.95467,0.12894,16.01886749267578,16.289432525634766,16.295251846313477,16.274763107299805,15.954842567443848,16.248384475708008,16.329238891601562,16.33325958251953,16.13119888305664,16.190183639526367,16.154733657836914,16.209604263305664,16.12075424194336,16.042964935302734,16.116409301757812,16.074045181274414,16.129047393798828,16.186115264892578,16.08812141418457,16.126371383666992,16.073345184326172,16.096492767333984,16.07084846496582,15.954901695251465,16.0324649810791,15.952885627746582,16.007200241088867,16.029373168945312,16.133045196533203,16.031248092651367,15.9555082321167,15.941255569458008
8.01,15.86923,0.12764,16.01886749267578,16.289432525634766,16.295251846313477,16.274763107299805,15.954842567443848,16.248384475708008,16.329238891601562,16.33325958251953,16.13119888305664,16.190183639526367,16.154733657836914,16.209604263305664,16.12075424194336,16.042964935302734,16.116409301757812,16.074045181274414,16.129047393798828,16.186115264892578,16.08812141418457,16.126371383666992,16.073345184326172,16.096492767333984,16.07084846496582,15.954901695251465,16.0324649810791,15.952885627746582,16.007200241088867,16.029373168945312,16.133045196533203,16.031248092651367,15.9555082321167,15.941255569458008
8.02,15.78414,0.12626,16.01886749267578,16.289432525634766,16.295251846313477,16.274763107299805,15.954842567443848,16.248384475708008,16.329238891601562,16.33325958251953,16.13119888305664,16.190183639526367,16.154733657836914,16.209604263305664,16.12075424194336,16.042964935302734,16.116409301757812,16.074045181274414,16.129047393798828,16.186115264892578,16.08812141418457,16.126371383666992,16.073345184326172,16.096492767333984,16.07084846496582,15.954901695251465,16.0324649810791,15.952885627746582,16.007200241088867,16.029373168945312,16.133045196533203,16.031248092651367,15.9555082321167,15.941255569458008
8.03,15.69945,0.12478,16.01886749267578,16.289432525634766,16.295251846313477,16.274763107299805,15.954842567443848,16.248384475708008,16.329238891601562,16.33325958251953,16.13119888305664,16.190183639526367,16.154733657836914,16.209604263305664,16.12075424194336,16.042964935302734,16.116409301757812,16.074045181274414,16.129047393798828,16.186115264892578,16.08812141418457,16.126371383666992,16.073345184326172,16.096492767333984,16.07084846496582,15.954901695251465,16.0324649810791,15.952885627746582,16.007200241088867,16.029373168945312,16.133045196533203,16.031248092651367,15.9555082321167,15.941255569458008
8.04,15.63196,0.12352,15.551453590393066,15.7783203125,15.780667304992676,15.765849113464355,15.597216606140137,15.76654052734375,15.826055526733398,15.833850860595703,15.632237434387207,15.698880195617676,15.664649963378906,15.67249584197998,15.656525611877441,15.61267375946045,15.633150100708008,15.576892852783203,15.629173278808594,15.702024459838867,15.613031387329102,15.674517631530762,15.60093879699707,15.656065940856934,15.660118103027344,15.513155937194824,15.694167137145996,15.620469093322754,15.611540794372559,15.628948211669922,15.672623634338379,15.629959106445312,15.63203239440918,15.632822036743164
8.05,15.5482,0.12183,15.551453590393066,15.7783203125,15.780667304992676,15.765849113464355,15.597216606140137,15.76654052734375,15.826055526733398,15.833850860595703,15.632237434387207,15.698880195617676,15.664649963378906,15.67249584197998,15.656525611877441,15.61267375946045,15.633150100708008,15.576892852783203,15.629173278808594,15.702024459838867,15.613031387329102,15.674517631530762,15.60093879699707,15.656065940856934,15.660118103027344,15.513155937194824,15.694167137145996,15.620469093322754,15.611540794372559,15.628948211669922,15.672623634338379,15.629959106445312,15.63203239440918,15.632822036743164
8.06,15.46483,0.12,15.551453590393066,15.7783203125,15.780667304992676,15.765849113464355,15.597216606140137,15.76654052734375,15.826055526733398,15.833850860595703,15.632237434387207,15.698880195617676,15.664649963378906,15.67249584197998,15.656525611877441,15.61267375946045,15.633150100708008,15.576892852783203,15.629173278808594,15.702024459838867,15.613031387329102,15.674517631530762,15.60093879699707,15.656065940856934,15.660118103027344,15.513155937194824,15.694167137145996,15.620469093322754,15.611540794372559,15.628948211669922,15.672623634338379,15.629959106445312,15.63203239440918,15.632822036743164
8.07,15.36565,0.11761,15.551453590393066,15.7783203125,15.780667304992676,15.765849113464355,15.597216606140137,15.76654052734375,15.826055526733398,15.833850860595703,15.632237434387207,15.698880195617676,15.664649963378906,15.67249584197998,15.656525611877441,15.61267375946045,15.633150100708008,15.576892852783203,15.629173278808594,15.702024459838867,15.613031387329102,15.674517631530762,15.60093879699707,15.656065940856934,15.660118103027344,15.513155937194824,15.694167137145996,15.620469093322754,15.611540794372559,15.628948211669922,15.672623634338379,15.629959106445312,15.63203239440918,15.632822036743164
8.08,15.28357,0.11544,15.551453590393066,15.7783203125,15.780667304992676,15.765849113464355,15.597216606140137,15.76654052734375,15.826055526733398,15.833850860595703,15.632237434387207,15.698880195617676,15.664649963378906,15.67249584197998,15.656525611877441,15.61267375946045,15.633150100708008,15.576892852783203,15.629173278808594,15.702024459838867,15.613031387329102,15.674517631530762,15.60093879699707,15.656065940856934,15.660118103027344,15.513155937194824,15.694167137145996,15.620469093322754,15.611540794372559,15.628948211669922,15.672623634338379,15.629959106445312,15.63203239440918,15.632822036743164
8.09,15.20201,0.11311,14.795389175415039,14.820061683654785,14.81449031829834,14.769153594970703,14.875812530517578,14.78929328918457,14.818809509277344,14.770712852478027,14.739656448364258,14.79025936126709,14.770098686218262,14.649377822875977,14.832071304321289,14.819602012634277,14.614800453186035,14.590335845947266,14.768857955932617,14.751253128051758,14.642478942871094,14.717737197875977,14.467896461486816,14.547715187072754,14.529463768005371,14.390596389770508,14.694195747375488,14.65074348449707,14.654927253723145,14.733525276184082,14.401554107666016,14.4448881149292,14.383679389953613,14.27301025390625
8.1,15.12107,0.11061,14.795389175415039,14.820061683654785,14.81449031829834,14.769153594970703,14.875812530517578,14.78929328918457,14.818809509277344,14.770712852478027,14.739656448364258,14.79025936126709,14.770098686218262,14.649377822875977,14.832071304321289,14.819602012634277,14.614800453186035,14.590335845947266,14.768857955932617,14.751253128051758,14.642478942871094,14.717737197875977,14.467896461486816,14.547715187072754,14.529463768005371,14.390596389770508,14.694195747375488,14.65074348449707,14.654927253723145,14.733525276184082,14.401554107666016,14.4448881149292,14.383679389953613,14.27301025390625
8.11,15.04063,0.10794,14.795389175415039,14.820061683654785,14.81449031829834,14.769153594970703,14.875812530517578,14.78929328918457,14.818809509277344,14.770712852478027,14.739656448364258,14.79025936126709,14.770098686218262,14.649377822875977,14.832071304321289,14.819602012634277,14.614800453186035,14.590335845947266,14.768857955932617,14.751253128051758,14.642478942871094,14.717737197875977,14.467896461486816,14.547715187072754,14.529463768005371,14.390596389770508,14.694195747375488,14.65074348449707,14.654927253723145,14.733525276184082,14.401554107666016,14.4448881149292,14.383679389953613,14.27301025390625
8.12,14.97657,0.10567,14.795389175415039,14.820061683654785,14.81449031829834,14.769153594970703,14.875812530517578,14.78929328918457,14.818809509277344,14.770712852478027,14.739656448364258,14.79025936126709,14.770098686218262,14.649377822875977,14.832071304321289,14.819602012634277,14.614800453186035,14.590335845947266,14.768857955932617,14.751253128051758,14.642478942871094,14.717737197875977,14.467896461486816,14.547715187072754,14.529463768005371,14.390596389770508,14.694195747375488,14.65074348449707,14.654927253723145,14.733525276184082,14.401554107666016,14.4448881149292,14.383679389953613,14.27301025390625
8.13,14.89705,0.10269,14.795389175415039,14.820061683654785,14.81449031829834,14.769153594970703,14.875812530517578,14.78929328918457,14.818809509277344,14.770712852478027,14.739656448364258,14.79025936126709,14.770098686218262,14.649377822875977,14.832071304321289,14.819602012634277,14.614800453186035,14.590335845947266,14.768857955932617,14.751253128051758,14.642478942871094,14.717737197875977,14.467896461486816,14.547715187072754,14.529463768005371,14.390596389770508,14.694195747375488,14.65074348449707,14.654927253723145,14.733525276184082,14.401554107666016,14.4448881149292,14.383679389953613,14.27301025390625
8.14,14.81785,0.09954,14.641828536987305,14.774500846862793,14.800329208374023,14.78467082977295,14.666512489318848,14.63697338104248,14.679474830627441,14.720146179199219,14.597996711730957,14.618672370910645,14.60804557800293,14.6209077835083,14.5515718460083,14.55871295928955,14.594746589660645,14.516489028930664,14.830728530883789,14.941286087036133,14.906553268432617,14.981218338012695,15.133993148803711,15.086416244506836,15.235932350158691,15.105941772460938,15.138726234436035,15.053400993347168,15.003256797790527,15.010456085205078,14.816097259521484,15.128190040588379,15.104438781738281,15.213603019714355
8.15,14.72344,0.09555,14.641828536987305,14.774500846862793,14.800329208374023,14.78467082977295,14.666512489318848,14.63697338104248,14.679474830627441,14.720146179199219,14.597996711730957,14.618672370910645,14.60804557800293,14.6209077835083,14.5515718460083,14.55871295928955,14.594746589660645,14.516489028930664,14.830728530883789,14.941286087036133,14.906553268432617,14.981218338012695,15.133993148803711,15.086416244506836,15.235932350158691,15.105941772460938,15.138726234436035,15.053400993347168,15.003256797790527,15.010456085205078,14.816097259521484,15.128190040588379,15.104438781738281,15.213603019714355
8.16,14.64508,0.09205,14.641828536987305,14.774500846862793,14.800329208374023,14.78467082977295,14.666512489318848,14.63697338104248,14.679474830627441,14.720146179199219,14.597996711730957,14.618672370910645,14.60804557800293,14.6209077835083,14.5515718460083,14.55871295928955,14.594746589660645,14.516489028930664,14.830728530883789,14.941286087036133,14.906553268432617,14.981218338012695,15.133993148803711,15.086416244506836,15.235932350158691,15.105941772460938,15.138726234436035,15.053400993347168,15.003256797790527,15.010456085205078,14.816097259521484,15.128190040588379,15.104438781738281,15.213603019714355
8.17,14.56697,0.08842,14.641828536987305,14.774500846862793,14.800329208374023,14.78467082977295,14.666512489318848,14.63697338104248,14.679474830627441,14.720146179199219,14.597996711730957,14.618672370910645,14.60804557800293,14.6209077835083,14.5515718460083,14.55871295928955,14.594746589660645,14.516489028930664,14.830728530883789,14.941286087036133,14.906553268432617,14.981218338012695,15.133993148803711,15.086416244506836,15.235932350158691,15.105941772460938,15.138726234436035,15.053400993347168,15.003256797790527,15.010456085205078,14.816097259521484,15.128190040588379,15.104438781738281,15.213603019714355
8.18,14.48905,0.08466,14.641828536987305,14.774500846862793,14.800329208374023,14.78467082977295,14.666512489318848,14.63697338104248,14.679474830627441,14.720146179199219,14.597996711730957,14.618672370910645,14.60804557800293,14.6209077835083,14.5515718460083,14.55871295928955,14.594746589660645,14.516489028930664,14.830728530883789,14.941286087036133,14.906553268432617,14.981218338012695,15.133993148803711,15.086416244506836,15.235932350158691,15.105941772460938,15.138726234436035,15.053400993347168,15.003256797790527,15.010456085205078,14.816097259521484,15.128190040588379,15.104438781738281,15.213603019714355
8.19,14.41127,0.08078,13.776738166809082,13.864694595336914,13.89360237121582,13.854659080505371,14.22774887084961,13.99454116821289,14.076338768005371,14.03076457977295,13.829092025756836,13.872450828552246,13.828756332397461,13.74252986907959,13.86196517944336,13.759910583496094,13.70025634765625,13.678617477416992,13.583958625793457,13.56477165222168,13.462940216064453,13.519720077514648,13.450000762939453,13.500171661376953,13.459391593933105,13.36906909942627,13.396743774414062,13.204875946044922,13.321277618408203,13.39273738861084,13.792380332946777,13.686384201049805,13.565200805664062,13.556370735168457
8.2,14.33354,0.07681,13.776738166809082,13.864694595336914,13.89360237121582,13.854659080505371,14.22774887084961,13.99454116821289,14.076338768005371,14.03076457977295,13.829092025756836,13.872450828552246,13.828756332397461,13.74252986907959,13.86196517944336,13.759910583496094,13.70025634765625,13.678617477416992,13.583958625793457,13.56477165222168,13.462940216064453,13.519720077514648,13.450000762939453,13.500171661376953,13.459391593933105,13.36906909942627,13.396743774414062,13.204875946044922,13.321277618408203,13.39273738861084,13.792380332946777,13.686384201049805,13.565200805664062,13.556370735168457
8.21,14.25581,0.07276,13.776738166809082,13.864694595336914,13.89360237121582,13.854659080505371,14.22774887084961,13.99454116821289,14.076338768005371,14.03076457977295,13.829092025756836,13.872450828552246,13.828756332397461,13.74252986907959,13.86196517944336,13.759910583496094,13.70025634765625,13.678617477416992,13.583958625793457,13.56477165222168,13.462940216064453,13.519720077514648,13.450000762939453,13.500171661376953,13.459391593933105,13.36906909942627,13.396743774414062,13.204875946044922,13.321277618408203,13.39273738861084,13.792380332946777,13.686384201049805,13.565200805664062,13.556370735168457
8.22,14.17799,0.06865,13.776738166809082,13.864694595336914,13.89360237121582,13.854659080505371,14.22774887084961,13.99454116821289,14.076338768005371,14.03076457977295,13.829092025756836,13.872450828552246,13.828756332397461,13.74252986907959,13.86196517944336,13.759910583496094,13.70025634765625,13.678617477416992,13.583958625793457,13.56477165222168,13.462940216064453,13.519720077514648,13.450000762939453,13.500171661376953,13.459391593933105,13.36906909942627,13.396743774414062,13.204875946044922,13.321277618408203,13.39273738861084,13.792380332946777,13.686384201049805,13.565200805664062,13.556370735168457
8.23,14.10002,0.0645,13.776738166809082,13.864694595336914,13.89360237121582,13.854659080505371,14.22774887084961,13.99454116821289,14.076338768005371,14.03076457977295,13.829092025756836,13.872450828552246,13.828756332397461,13.74252986907959,13.86196517944336,13.759910583496094,13.70025634765625,13.678617477416992,13.583958625793457,13.56477165222168,13.462940216064453,13.519720077514648,13.450000762939453,13.500171661376953,13.459391593933105,13.36906909942627,13.396743774414062,13.204875946044922,13.321277618408203,13.39273738861084,13.792380332946777,13.686384201049805,13.565200805664062,13.556370735168457
8.24,14.02184,0.06034,13.864531517028809,14.016037940979004,14.07139778137207,14.114045143127441,14.136393547058105,14.021759033203125,14.12170124053955,14.163809776306152,13.800087928771973,13.889248847961426,13.85817813873291,13.973196029663086,13.800792694091797,13.608797073364258,13.85177230834961,13.813949584960938,14.009988784790039,14.227109909057617,14.190415382385254,14.288374900817871,14.613697052001953,14.56266975402832,14.613931655883789,14.443326950073242,14.77951717376709,14.761934280395508,14.622051239013672,14.629525184631348,14.448190689086914,14.731170654296875,14.770745277404785,14.923661231994629
8.25,13.94336,0.05618,13.864531517028809,14.016037940979004,14.07139778137207,14.114045143127441,14.136393547058105,14.021759033203125,14.12170124053955,14.163809776306152,13.800087928771973,13.889248847961426,13.85817813873291,13.973196029663086,13.800792694091797,13.608797073364258,13.85177230834961,13.813949584960938,14.009988784790039,14.227109909057617,14.190415382385254,14.288374900817871,14.613697052001953,14.56266975402832,14.613931655883789,14.443326950073242,14.77951717376709,14.761934280395508,14.622051239013672,14.629525184631348,14.448190689086914,14.731170654296875,14.770745277404785,14.923661231994629
8.26,13.86453,0.05205,13.864531517028809,14.016037940979004,14.07139778137207,14.114045143127441,14.136393547058105,14.021759033203125,14.12170124053955,14.163809776306152,13.800087928771973,13.889248847961426,13.85817813873291,13.973196029663086,13.800792694091797,13.608797073364258,13.85177230834961,13.813949584960938,14.009988784790039,14.227109909057617,14.190415382385254,14.288374900817871,14.613697052001953,14.56266975402832,14.613931655883789,14.443326950073242,14.77951717376709,14.761934280395508,14.622051239013672,14.629525184631348,14.448190689086914,14.731170654296875,14.770745277404785,14.923661231994629
8.27,13.78528,0.04797,13.864531517028809,14.016037940979004,14.07139778137207,14.114045143127441,14.136393547058105,14.021759033203125,14.12170124053955,14.163809776306152,13.800087928771973,13.889248847961426,13.85817813873291,13.973196029663086,13.800792694091797,13.608797073364258,13.85177230834961,13.813949584960938,14.009988784790039,14.227109909057617,14.190415382385254,14.288374900817871,14.613697052001953,14.56266975402832,14.613931655883789,14.443326950073242,14.77951717376709,14.761934280395508,14.622051239013672,14.629525184631348,14.448190689086914,14.731170654296875,14.770745277404785,14.923661231994629
8.28,13.70554,0.04396,13.864531517028809,14.016037940979004,14.07139778137207,14.114045143127441,14.136393547058105,14.021759033203125,14.12170124053955,14.163809776306152,13.800087928771973,13.889248847961426,13.85817813873291,13.973196029663086,13.800792694091797,13.608797073364258,13.85177230834961,13.813949584960938,14.009988784790039,14.227109909057617,14.190415382385254,14.288374900817871,14.613697052001953,14.56266975402832,14.613931655883789,14.443326950073242,14.77951717376709,14.761934280395508,14.622051239013672,14.629525184631348,14.448190689086914,14.731170654296875,14.770745277404785,14.923661231994629
8.29,13.64133,0.04081,13.464005470275879,13.538558959960938,13.573732376098633,13.583507537841797,13.782934188842773,13.569695472717285,13.669029235839844,13.688468933105469,13.428840637207031,13.517162322998047,13.485533714294434,13.56116008758545,13.437187194824219,13.248594284057617,13.399808883666992,13.385799407958984,13.378836631774902,13.413013458251953,13.295572280883789,13.36264705657959,13.340476036071777,13.35672378540039,13.301824569702148,13.160981178283691,13.436182975769043,13.349784851074219,13.363438606262207,13.320844650268555,13.522446632385254,13.391092300415039,13.300390243530273,13.226503372192383
8.3,13.54442,0.03625,13.464005470275879,13.538558959960938,13.573732376098633,13.583507537841797,13.782934188842773,13.569695472717285,13.669029235839844,13.688468933105469,13.428840637207031,13.517162322998047,13.485533714294434,13.56116008758545,13.437187194824219,13.248594284057617,13.399808883666992,13.385799407958984,13.378836631774902,13.413013458251953,13.295572280883789,13.36264705657959,13.340476036071777,13.35672378540039,13.301824569702148,13.160981178283691,13.436182975769043,13.349784851074219,13.363438606262207,13.320844650268555,13.522446632385254,13.391092300415039,13.300390243530273,13.226503372192383
8.31,13.46293,0.03259,13.464005470275879,13.538558959960938,13.573732376098633,13.583507537841797,13.782934188842773,13.569695472717285,13.669029235839844,13.688468933105469,13.428840637207031,13.517162322998047,13.485533714294434,13.56116008758545,13.437187194824219,13.248594284057617,13.399808883666992,13.385799407958984,13.378836631774902,13.413013458251953,13.295572280883789,13.36264705657959,13.340476036071777,13.35672378540039,13.301824569702148,13.160981178283691,13.436182975769043,13.349784851074219,13.363438606262207,13.320844650268555,13.522446632385254,13.391092300415039,13.300390243530273,13.226503372192383
8.32,13.38076,0.02909,13.464005470275879,13.538558959960938,13.573732376098633,13.583507537841797,13.782934188842773,13.569695472717285,13.669029235839844,13.688468933105469,13.428840637207031,13.517162322998047,13.485533714294434,13.56116008758545,13.437187194824219,13.248594284057617,13.399808883666992,13.385799407958984,13.378836631774902,13.413013458251953,13.295572280883789,13.36264705657959,13.340476036071777,13.35672378540039,13.301824569702148,13.160981178283691,13.436182975769043,13.349784851074219,13.363438606262207,13.320844650268555,13.522446632385254,13.391092300415039,13.300390243530273,13.226503372192383
8.33,13.29788,0.02576,13.464005470275879,13.538558959960938,13.573732376098633,13.583507537841797,13.782934188842773,13.569695472717285,13.669029235839844,13.688468933105469,13.428840637207031,13.517162322998047,13.485533714294434,13.56116008758545,13.437187194824219,13.248594284057617,13.399808883666992,13.385799407958984,13.378836631774902,13.413013458251953,13.295572280883789,13.36264705657959,13.340476036071777,13.35672378540039,13.301824569702148,13.160981178283691,13.436182975769043,13.349784851074219,13.363438606262207,13.320844650268555,13.522446632385254,13.391092300415039,13.300390243530273,13.226503372192383
8.34,13.21424,0.02263,13.101214408874512,13.198808670043945,13.225971221923828,13.223288536071777,13.38886547088623,13.230466842651367,13.292664527893066,13.31279182434082,13.065227508544922,13.143543243408203,13.125937461853027,13.158346176147461,13.07180404663086,12.872800827026367,12.986309051513672,12.960542678833008,13.075213432312012,13.170195579528809,13.098991394042969,13.180292129516602,13.350115776062012,13.315895080566406,13.374932289123535,13.224302291870117,13.393072128295898,13.35254192352295,13.364053726196289,13.382651329040527,13.053764343261719,13.314393997192383,13.263894081115723,13.25875473022461
8.35,13.12983,0.0197,13.101214408874512,13.198808670043945,13.225971221923828,13.223288536071777,13.38886547088623,13.230466842651367,13.292664527893066,13.31279182434082,13.065227508544922,13.143543243408203,13.125937461853027,13.158346176147461,13.07180404663086,12.872800827026367,12.986309051513672,12.960542678833008,13.075213432312012,13.170195579528809,13.098991394042969,13.180292129516602,13.350115776062012,13.315895080566406,13.374932289123535,13.224302291870117,13.393072128295898,13.35254192352295,13.364053726196289,13.382651329040527,13.053764343261719,13.314393997192383,13.263894081115723,13.25875473022461
8.36,13.04463,0.017,13.101214408874512,13.198808670043945,13.225971221923828,13.223288536071777,13.38886547088623,13.230466842651367,13.292664527893066,13.31279182434082,13.065227508544922,13.143543243408203,13.125937461853027,13.158346176147461,13.07180404663086,12.872800827026367,12.986309051513672,12.960542678833008,13.075213432312012,13.170195579528809,13.098991394042969,13.180292129516602,13.350115776062012,13.315895080566406,13.374932289123535,13.224302291870117,13.393072128295898,13.35254192352295,13.364053726196289,13.382651329040527,13.053764343261719,13.314393997192383,13.263894081115723,13.25875473022461
8.37,12.97587,0.01501,13.101214408874512,13.198808670043945,13.225971221923828,13.223288536071777,13.38886547088623,13.230466842651367,13.292664527893066,13.31279182434082,13.065227508544922,13.143543243408203,13.125937461853027,13.158346176147461,13.07180404663086,12.872800827026367,12.986309051513672,12.960542678833008,13.075213432312012,13.170195579528809,13.098991394042969,13.180292129516602,13.350115776062012,13.315895080566406,13.374932289123535,13.224302291870117,13.393072128295898,13.35254192352295,13.364053726196289,13.382651329040527,13.053764343261719,13.314393997192383,13.263894081115723,13.25875473022461
8.38,12.87176,0.01231,13.101214408874512,13.198808670043945,13.225971221923828,13.223288536071777,13.38886547088623,13.230466842651367,13.292664527893066,13.31279182434082,13.065227508544922,13.143543243408203,13.125937461853027,13.158346176147461,13.07180404663086,12.872800827026367,12.986309051513672,12.960542678833008,13.075213432312012,13.170195579528809,13.098991394042969,13.180292129516602,13.350115776062012,13.315895080566406,13.374932289123535,13.224302291870117,13.393072128295898,13.35254192352295,13.364053726196289,13.382651329040527,13.053764343261719,13.314393997192383,13.263894081115723,13.25875473022461
8.39,12.78404,0.01034,12.750732421875,12.837987899780273,12.866087913513184,12.863221168518066,12.95142650604248,12.841414451599121,12.91958999633789,12.944596290588379,12.686219215393066,12.778844833374023,12.767995834350586,12.828786849975586,12.714558601379395,12.531209945678711,12.723064422607422,12.686305046081543,12.742862701416016,12.822049140930176,12.708555221557617,12.766926765441895,12.82681655883789,12.837172508239746,12.805843353271484,12.657206535339355,12.939750671386719,12.882574081420898,12.864376068115234,12.83226203918457,12.864485740661621,12.852206230163574,12.819711685180664,12.788201332092285
8.4,12.69559,0.00862,12.750732421875,12.837987899780273,12.866087913513184,12.863221168518066,12.95142650604248,12.841414451599121,12.91958999633789,12.944596290588379,12.686219215393066,12.778844833374023,12.767995834350586,12.828786849975586,12.714558601379395,12.531209945678711,12.723064422607422,12.686305046081543,12.742862701416016,12.822049140930176,12.708555221557617,12.766926765441895,12.82681655883789,12.837172508239746,12.805843353271484,12.657206535339355,12.939750671386719,12.882574081420898,12.864376068115234,12.83226203918457,12.864485740661621,12.852206230163574,12.819711685180664,12.788201332092285
8.41,12.60628,0.00717,12.750732421875,12.837987899780273,12.866087913513184,12.863221168518066,12.95142650604248,12.841414451599121,12.91958999633789,12.944596290588379,12.686219215393066,12.778844833374023,12.767995834350586,12.828786849975586,12.714558601379395,12.531209945678711,12.723064422607422,12.686305046081543,12.742862701416016,12.822049140930176,12.708555221557617,12.766926765441895,12.82681655883789,12.837172508239746,12.805843353271484,12.657206535339355,12.939750671386719,12.882574081420898,12.864376068115234,12.83226203918457,12.864485740661621,12.852206230163574,12.819711685180664,12.788201332092285
8.42,12.51616,0.00598,12.750732421875,12.837987899780273,12.866087913513184,12.863221168518066,12.95142650604248,12.841414451599121,12.91958999633789,12.944596290588379,12.686219215393066,12.778844833374023,12.767995834350586,12.828786849975586,12.714558601379395,12.531209945678711,12.723064422607422,12.686305046081543,12.742862701416016,12.822049140930176,12.708555221557617,12.766926765441895,12.82681655883789,12.837172508239746,12.805843353271484,12.657206535339355,12.939750671386719,12.882574081420898,12.864376068115234,12.83226203918457,12.864485740661621,12.852206230163574,12.819711685180664,12.788201332092285
8.43,12.42525,0.00504,12.750732421875,12.837987899780273,12.866087913513184,12.863221168518066,12.95142650604248,12.841414451599121,12.91958999633789,12.944596290588379,12.686219215393066,12.778844833374023,12.767995834350586,12.828786849975586,12.714558601379395,12.531209945678711,12.723064422607422,12.686305046081543,12.742862701416016,12.822049140930176,12.708555221557617,12.766926765441895,12.82681655883789,12.837172508239746,12.805843353271484,12.657206535339355,12.939750671386719,12.882574081420898,12.864376068115234,12.83226203918457,12.864485740661621,12.852206230163574,12.819711685180664,12.788201332092285
8.44,12.33358,0.00436,12.075977325439453,12.11632251739502,12.123485565185547,12.08144760131836,12.279783248901367,12.20808219909668,12.20125675201416,12.179210662841797,12.032051086425781,12.106412887573242,12.101914405822754,12.061453819274902,12.121232032775879,11.93778133392334,11.988824844360352,11.954326629638672,11.980278015136719,12.005036354064941,11.873388290405273,11.929665565490723,11.797021865844727,11.827169418334961,11.833983421325684,11.680253982543945,11.989676475524902,11.89413833618164,11.95438003540039,11.993429183959961,11.801756858825684,11.888894081115723,11.81710433959961,11.694303512573242
8.45,12.24117,0.00394,12.075977325439453,12.11632251739502,12.123485565185547,12.08144760131836,12.279783248901367,12.20808219909668,12.20125675201416,12.179210662841797,12.032051086425781,12.106412887573242,12.101914405822754,12.061453819274902,12.121232032775879,11.93778133392334,11.988824844360352,11.954326629638672,11.980278015136719,12.005036354064941,11.873388290405273,11.929665565490723,11.797021865844727,11.827169418334961,11.833983421325684,11.680253982543945,11.989676475524902,11.89413833618164,11.95438003540039,11.993429183959961,11.801756858825684,11.888894081115723,11.81710433959961,11.694303512573242
8.46,12.14806,0.00375,12.075977325439453,12.11632251739502,12.123485565185547,12.08144760131836,12.279783248901367,12.20808219909668,12.20125675201416,12.179210662841797,12.032051086425781,12.106412887573242,12.101914405822754,12.061453819274902,12.121232032775879,11.93778133392334,11.988824844360352,11.954326629638672,11.980278015136719,12.005036354064941,11.873388290405273,11.929665565490723,11.797021865844727,11.827169418334961,11.833983421325684,11.680253982543945,11.989676475524902,11.89413833618164,11.95438003540039,11.993429183959961,11.801756858825684,11.888894081115723,11.81710433959961,11.694303512573242
8.47,12.05429,0.00381,12.075977325439453,12.11632251739502,12.123485565185547,12.08144760131836,12.279783248901367,12.20808219909668,12.20125675201416,12.179210662841797,12.032051086425781,12.106412887573242,12.101914405822754,12.061453819274902,12.121232032775879,11.93778133392334,11.988824844360352,11.954326629638672,11.980278015136719,12.005036354064941,11.873388290405273,11.929665565490723,11.797021865844727,11.827169418334961,11.833983421325684,11.680253982543945,11.989676475524902,11.89413833618164,11.95438003540039,11.993429183959961,11.801756858825684,11.888894081115723,11.81710433959961,11.694303512573242
8.48,11.95988,0.00408,12.075977325439453,12.11632251739502,12.123485565185547,12.08144760131836,12.279783248901367,12.20808219909668,12.20125675201416,12.179210662841797,12.032051086425781,12.106412887573242,12.101914405822754,12.061453819274902,12.121232032775879,11.93778133392334,11.988824844360352,11.954326629638672,11.980278015136719,12.005036354064941,11.873388290405273,11.929665565490723,11.797021865844727,11.827169418334961,11.833983421325684,11.680253982543945,11.989676475524902,11.89413833618164,11.95438003540039,11.993429183959961,11.801756858825684,11.888894081115723,11.81710433959961,11.694303512573242
8.49,11.86491,0.00456,11.712371826171875,11.82481861114502,11.848880767822266,11.842347145080566,11.872517585754395,11.846802711486816,11.883301734924316,11.883089065551758,11.60421085357666,11.694046020507812,11.700174331665039,11.727107048034668,11.699591636657715,11.472647666931152,11.663640975952148,11.614313125610352,11.775240898132324,11.892837524414062,11.816043853759766,11.905728340148926,12.18601131439209,12.169285774230957,12.203028678894043,12.053025245666504,12.221794128417969,12.192887306213379,12.141427993774414,12.130605697631836,11.936767578125,12.19166374206543,12.207038879394531,12.202093124389648
8.5,11.7694,0.00524,11.712371826171875,11.82481861114502,11.848880767822266,11.842347145080566,11.872517585754395,11.846802711486816,11.883301734924316,11.883089065551758,11.60421085357666,11.694046020507812,11.700174331665039,11.727107048034668,11.699591636657715,11.472647666931152,11.663640975952148,11.614313125610352,11.775240898132324,11.892837524414062,11.816043853759766,11.905728340148926,12.18601131439209,12.169285774230957,12.203028678894043,12.053025245666504,12.221794128417969,12.192887306213379,12.141427993774414,12.130605697631836,11.936767578125,12.19166374206543,12.207038879394531,12.202093124389648
8.51,11.67343,0.0061,11.712371826171875,11.82481861114502,11.848880767822266,11.842347145080566,11.872517585754395,11.846802711486816,11.883301734924316,11.883089065551758,11.60421085357666,11.694046020507812,11.700174331665039,11.727107048034668,11.699591636657715,11.472647666931152,11.663640975952148,11.614313125610352,11.775240898132324,11.892837524414062,11.816043853759766,11.905728340148926,12.18601131439209,12.169285774230957,12.203028678894043,12.053025245666504,12.221794128417969,12.192887306213379,12.141427993774414,12.130605697631836,11.936767578125,12.19166374206543,12.207038879394531,12.202093124389648
8.52,11.57703,0.00713,11.712371826171875,11.82481861114502,11.848880767822266,11.842347145080566,11.872517585754395,11.846802711486816,11.883301734924316,11.883089065551758,11.60421085357666,11.694046020507812,11.700174331665039,11.727107048034668,11.699591636657715,11.472647666931152,11.663640975952148,11.614313125610352,11.775240898132324,11.892837524414062,11.816043853759766,11.905728340148926,12.18601131439209,12.169285774230957,12.203028678894043,12.053025245666504,12.221794128417969,12.192887306213379,12.141427993774414,12.130605697631836,11.936767578125,12.19166374206543,12.207038879394531,12.202093124389648
8.53,11.48028,0.0083,11.712371826171875,11.82481861114502,11.848880767822266,11.842347145080566,11.872517585754395,11.846802711486816,11.883301734924316,11.883089065551758,11.60421085357666,11.694046020507812,11.700174331665039,11.727107048034668,11.699591636657715,11.472647666931152,11.663640975952148,11.614313125610352,11.775240898132324,11.892837524414062,11.816043853759766,11.905728340148926,12.18601131439209,12.169285774230957,12.203028678894043,12.053025245666504,12.221794128417969,12.192887306213379,12.141427993774414,12.130605697631836,11.936767578125,12.19166374206543,12.207038879394531,12.202093124389648
8.54,11.4026,0.00932,11.08756160736084,11.24013900756836,11.260753631591797,11.243361473083496,11.358443260192871,11.289076805114746,11.29178524017334,11.287787437438965,11.046396255493164,11.137811660766602,11.146829605102539,11.156659126281738,11.143738746643066,10.880511283874512,11.0506591796875,11.010945320129395,11.12232780456543,11.15113639831543,11.019453048706055,11.09217643737793,11.034625053405762,11.063828468322754,11.019340515136719,10.85828685760498,11.12556266784668,11.072761535644531,11.140905380249023,11.085579872131348,11.075103759765625,11.088345527648926,11.014244079589844,10.925239562988281
8.55,11.28597,0.01099,11.08756160736084,11.24013900756836,11.260753631591797,11.243361473083496,11.358443260192871,11.289076805114746,11.29178524017334,11.287787437438965,11.046396255493164,11.137811660766602,11.146829605102539,11.156659126281738,11.143738746643066,10.880511283874512,11.0506591796875,11.010945320129395,11.12232780456543,11.15113639831543,11.019453048706055,11.09217643737793,11.034625053405762,11.063828468322754,11.019340515136719,10.85828685760498,11.12556266784668,11.072761535644531,11.140905380249023,11.085579872131348,11.075103759765625,11.088345527648926,11.014244079589844,10.925239562988281
8.56,11.18852,0.01248,11.08756160736084,11.24013900756836,11.260753631591797,11.243361473083496,11.358443260192871,11.289076805114746,11.29178524017334,11.287787437438965,11.046396255493164,11.137811660766602,11.146829605102539,11.156659126281738,11.143738746643066,10.880511283874512,11.0506591796875,11.010945320129395,11.12232780456543,11.15113639831543,11.019453048706055,11.09217643737793,11.034625053405762,11.063828468322754,11.019340515136719,10.85828685760498,11.12556266784668,11.072761535644531,11.140905380249023,11.085579872131348,11.075103759765625,11.088345527648926,11.014244079589844,10.925239562988281
8.57,11.091,0.01404,11.08756160736084,11.24013900756836,11.260753631591797,11.243361473083496,11.358443260192871,11.289076805114746,11.29178524017334,11.287787437438965,11.046396255493164,11.137811660766602,11.146829605102539,11.156659126281738,11.143738746643066,10.880511283874512,11.0506591796875,11.010945320129395,11.12232780456543,11.15113639831543,11.019453048706055,11.09217643737793,11.034625053405762,11.063828468322754,11.019340515136719,10.85828685760498,11.12556266784668,11.072761535644531,11.140905380249023,11.085579872131348,11.075103759765625,11.088345527648926,11.014244079589844,10.925239562988281
8.58,10.99344,0.01564,11.08756160736084,11.24013900756836,11.260753631591797,11.243361473083496,11.358443260192871,11.289076805114746,11.29178524017334,11.287787437438965,11.046396255493164,11.137811660766602,11.146829605102539,11.156659126281738,11.143738746643066,10.880511283874512,11.0506591796875,11.010945320129395,11.12232780456543,11.15113639831543,11.019453048706055,11.09217643737793,11.034625053405762,11.063828468322754,11.019340515136719,10.85828685760498,11.12556266784668,11.072761535644531,11.140905380249023,11.085579872131348,11.075103759765625,11.088345527648926,11.014244079589844,10.925239562988281
8.59,10.8959,0.01727,10.538422584533691,10.79160213470459,10.818645477294922,10.812106132507324,10.864850997924805,10.8163480758667,10.832862854003906,10.847114562988281,10.56935977935791,10.660978317260742,10.686591148376465,10.730467796325684,10.633963584899902,10.330595016479492,10.618130683898926,10.571723937988281,10.688899040222168,10.79112434387207,10.695610046386719,10.798286437988281,10.870638847351074,10.878926277160645,10.883016586303711,10.707332611083984,10.927315711975098,10.850420951843262,10.856616973876953,10.865459442138672,10.765963554382324,10.902291297912598,10.900471687316895,10.804884910583496
8.6,10.7985,0.0189,10.538422584533691,10.79160213470459,10.818645477294922,10.812106132507324,10.864850997924805,10.8163480758667,10.832862854003906,10.847114562988281,10.56935977935791,10.660978317260742,10.686591148376465,10.730467796325684,10.633963584899902,10.330595016479492,10.618130683898926,10.571723937988281,10.688899040222168,10.79112434387207,10.695610046386719,10.798286437988281,10.870638847351074,10.878926277160645,10.883016586303711,10.707332611083984,10.927315711975098,10.850420951843262,10.856616973876953,10.865459442138672,10.765963554382324,10.902291297912598,10.900471687316895,10.804884910583496
8.61,10.70127,0.02053,10.538422584533691,10.79160213470459,10.818645477294922,10.812106132507324,10.864850997924805,10.8163480758667,10.832862854003906,10.847114562988281,10.56935977935791,10.660978317260742,10.686591148376465,10.730467796325684,10.633963584899902,10.330595016479492,10.618130683898926,10.571723937988281,10.688899040222168,10.79112434387207,10.695610046386719,10.798286437988281,10.870638847351074,10.878926277160645,10.883016586303711,10.707332611083984,10.927315711975098,10.850420951843262,10.856616973876953,10.865459442138672,10.765963554382324,10.902291297912598,10.900471687316895,10.804884910583496
8.62,10.62358,0.0218,10.538422584533691,10.79160213470459,10.818645477294922,10.812106132507324,10.864850997924805,10.8163480758667,10.832862854003906,10.847114562988281,10.56935977935791,10.660978317260742,10.686591148376465,10.730467796325684,10.633963584899902,10.330595016479492,10.618130683898926,10.571723937988281,10.688899040222168,10.79112434387207,10.695610046386719,10.798286437988281,10.870638847351074,10.878926277160645,10.883016586303711,10.707332611083984,10.927315711975098,10.850420951843262,10.856616973876953,10.865459442138672,10.765963554382324,10.902291297912598,10.900471687316895,10.804884910583496
8.63,10.5076,0.02365,10.538422584533691,10.79160213470459,10.818645477294922,10.812106132507324,10.864850997924805,10.8163480758667,10.832862854003906,10.847114562988281,10.56935977935791,10.660978317260742,10.686591148376465,10.730467796325684,10.633963584899902,10.330595016479492,10.618130683898926,10.571723937988281,10.688899040222168,10.79112434387207,10.695610046386719,10.798286437988281,10.870638847351074,10.878926277160645,10.883016586303711,10.707332611083984,10.927315711975098,10.850420951843262,10.856616973876953,10.865459442138672,10.765963554382324,10.902291297912598,10.900471687316895,10.804884910583496
8.64,10.41129,0.02512,9.808669090270996,10.135397911071777,10.159076690673828,10.146023750305176,10.256986618041992,10.201827049255371,10.19865894317627,10.202690124511719,9.985244750976562,10.07210922241211,10.109501838684082,10.141007423400879,10.024767875671387,9.686161041259766,10.015632629394531,9.980008125305176,10.0180025100708,10.087851524353027,9.968908309936523,10.067083358764648,10.056559562683105,10.111437797546387,10.0765962600708,9.904865264892578,10.174609184265137,10.151772499084473,10.18080997467041,10.166534423828125,10.084162712097168,10.092589378356934,10.108648300170898,9.923562049865723
8.65,10.31542,0.0265,9.808669090270996,10.135397911071777,10.159076690673828,10.146023750305176,10.256986618041992,10.201827049255371,10.19865894317627,10.202690124511719,9.985244750976562,10.07210922241211,10.109501838684082,10.141007423400879,10.024767875671387,9.686161041259766,10.015632629394531,9.980008125305176,10.0180025100708,10.087851524353027,9.968908309936523,10.067083358764648,10.056559562683105,10.111437797546387,10.0765962600708,9.904865264892578,10.174609184265137,10.151772499084473,10.18080997467041,10.166534423828125,10.084162712097168,10.092589378356934,10.108648300170898,9.923562049865723
8.66,10.22003,0.02777,9.808669090270996,10.135397911071777,10.159076690673828,10.146023750305176,10.256986618041992,10.201827049255371,10.19865894317627,10.202690124511719,9.985244750976562,10.07210922241211,10.109501838684082,10.141007423400879,10.024767875671387,9.686161041259766,10.015632629394531,9.980008125305176,10.0180025100708,10.087851524353027,9.968908309936523,10.067083358764648,10.056559562683105,10.111437797546387,10.0765962600708,9.904865264892578,10.174609184265137,10.151772499084473,10.18080997467041,10.166534423828125,10.084162712097168,10.092589378356934,10.108648300170898,9.923562049865723
8.67,10.1252,0.02892,9.808669090270996,10.135397911071777,10.159076690673828,10.146023750305176,10.256986618041992,10.201827049255371,10.19865894317627,10.202690124511719,9.985244750976562,10.07210922241211,10.109501838684082,10.141007423400879,10.024767875671387,9.686161041259766,10.015632629394531,9.980008125305176,10.0180025100708,10.087851524353027,9.968908309936523,10.067083358764648,10.056559562683105,10.111437797546387,10.0765962600708,9.904865264892578,10.174609184265137,10.151772499084473,10.18080997467041,10.166534423828125,10.084162712097168,10.092589378356934,10.108648300170898,9.923562049865723
8.68,10.03095,0.02994,9.808669090270996,10.135397911071777,10.159076690673828,10.146023750305176,10.256986618041992,10.201827049255371,10.19865894317627,10.202690124511719,9.985244750976562,10.07210922241211,10.109501838684082,10.141007423400879,10.024767875671387,9.686161041259766,10.015632629394531,9.980008125305176,10.0180025100708,10.087851524353027,9.968908309936523,10.067083358764648,10.056559562683105,10.111437797546387,10.0765962600708,9.904865264892578,10.174609184265137,10.151772499084473,10.18080997467041,10.166534423828125,10.084162712097168,10.092589378356934,10.108648300170898,9.923562049865723
8.69,9.93736,0.03081,8.924044609069824,9.305290222167969,9.319644927978516,9.28994083404541,9.411433219909668,9.367775917053223,9.277039527893066,9.265887260437012,9.248754501342773,9.295967102050781,9.338120460510254,9.273394584655762,9.189223289489746,8.768851280212402,9.066747665405273,9.036500930786133,9.212757110595703,9.23930835723877,9.1309175491333,9.233315467834473,9.029698371887207,9.09540843963623,9.084576606750488,8.926323890686035,9.1409330368042,9.168558120727539,9.261326789855957,9.28532886505127,8.947456359863281,9.087672233581543,9.067451477050781,8.826841354370117
8.7,9.86288,0.03139,8.924044609069824,9.305290222167969,9.319644927978516,9.28994083404541,9.411433219909668,9.367775917053223,9.277039527893066,9.265887260437012,9.248754501342773,9.295967102050781,9.338120460510254,9.273394584655762,9.189223289489746,8.768851280212402,9.066747665405273,9.036500930786133,9.212757110595703,9.23930835723877,9.1309175491333,9.233315467834473,9.029698371887207,9.09540843963623,9.084576606750488,8.926323890686035,9.1409330368042,9.168558120727539,9.261326789855957,9.28532886505127,8.947456359863281,9.087672233581543,9.067451477050781,8.826841354370117
8.71,9.75223,0.03204,8.924044609069824,9.305290222167969,9.319644927978516,9.28994083404541,9.411433219909668,9.367775917053223,9.277039527893066,9.265887260437012,9.248754501342773,9.295967102050781,9.338120460510254,9.273394584655762,9.189223289489746,8.768851280212402,9.066747665405273,9.036500930786133,9.212757110595703,9.23930835723877,9.1309175491333,9.233315467834473,9.029698371887207,9.09540843963623,9.084576606750488,8.926323890686035,9.1409330368042,9.168558120727539,9.261326789855957,9.28532886505127,8.947456359863281,9.087672233581543,9.067451477050781,8.826841354370117
8.72,9.66076,0.03239,8.924044609069824,9.305290222167969,9.319644927978516,9.28994083404541,9.411433219909668,9.367775917053223,9.277039527893066,9.265887260437012,9.248754501342773,9.295967102050781,9.338120460510254,9.273394584655762,9.189223289489746,8.768851280212402,9.066747665405273,9.036500930786133,9.212757110595703,9.23930835723877,9.1309175491333,9.233315467834473,9.029698371887207,9.09540843963623,9.084576606750488,8.926323890686035,9.1409330368042,9.168558120727539,9.261326789855957,9.28532886505127,8.947456359863281,9.087672233581543,9.067451477050781,8.826841354370117
8.73,9.57007,0.03254,8.924044609069824,9.305290222167969,9.319644927978516,9.28994083404541,9.411433219909668,9.367775917053223,9.277039527893066,9.265887260437012,9.248754501342773,9.295967102050781,9.338120460510254,9.273394584655762,9.189223289489746,8.768851280212402,9.066747665405273,9.036500930786133,9.212757110595703,9.23930835723877,9.1309175491333,9.233315467834473,9.029698371887207,9.09540843963623,9.084576606750488,8.926323890686035,9.1409330368042,9.168558120727539,9.261326789855957,9.28532886505127,8.947456359863281,9.087672233581543,9.067451477050781,8.826841354370117
8.74,9.48014,0.03248,8.66678237915039,9.029376029968262,9.060474395751953,9.069849014282227,8.81544017791748,8.939945220947266,8.9486083984375,8.983165740966797,8.841880798339844,8.863516807556152,8.914793968200684,8.943033218383789,8.605358123779297,8.260123252868652,8.839686393737793,8.791739463806152,9.126019477844238,9.24677562713623,9.20628547668457,9.314311027526855,9.295515060424805,9.26298713684082,9.347879409790039,9.191033363342285,9.460163116455078,9.344670295715332,9.306047439575195,9.319475173950195,9.044716835021973,9.348762512207031,9.335232734680176,9.276144981384277
8.75,9.391,0.03222,8.66678237915039,9.029376029968262,9.060474395751953,9.069849014282227,8.81544017791748,8.939945220947266,8.9486083984375,8.983165740966797,8.841880798339844,8.863516807556152,8.914793968200684,8.943033218383789,8.605358123779297,8.260123252868652,8.839686393737793,8.791739463806152,9.126019477844238,9.24677562713623,9.20628547668457,9.314311027526855,9.295515060424805,9.26298713684082,9.347879409790039,9.191033363342285,9.460163116455078,9.344670295715332,9.306047439575195,9.319475173950195,9.044716835021973,9.348762512207031,9.335232734680176,9.276144981384277
8.76,9.30267,0.03174,8.66678237915039,9.029376029968262,9.060474395751953,9.069849014282227,8.81544017791748,8.939945220947266,8.9486083984375,8.983165740966797,8.841880798339844,8.863516807556152,8.914793968200684,8.943033218383789,8.605358123779297,8.260123252868652,8.839686393737793,8.791739463806152,9.126019477844238,9.24677562713623,9.20628547668457,9.314311027526855,9.295515060424805,9.26298713684082,9.347879409790039,9.191033363342285,9.460163116455078,9.344670295715332,9.306047439575195,9.319475173950195,9.044716835021973,9.348762512207031,9.335232734680176,9.276144981384277
8.77,9.21511,0.03104,8.66678237915039,9.029376029968262,9.060474395751953,9.069849014282227,8.81544017791748,8.939945220947266,8.9486083984375,8.983165740966797,8.841880798339844,8.863516807556152,8.914793968200684,8.943033218383789,8.605358123779297,8.260123252868652,8.839686393737793,8.791739463806152,9.126019477844238,9.24677562713623,9.20628547668457,9.314311027526855,9.295515060424805,9.26298713684082,9.347879409790039,9.191033363342285,9.460163116455078,9.344670295715332,9.306047439575195,9.319475173950195,9.044716835021973,9.348762512207031,9.335232734680176,9.276144981384277
8.78,9.12831,0.03013,8.66678237915039,9.029376029968262,9.060474395751953,9.069849014282227,8.81544017791748,8.939945220947266,8.9486083984375,8.983165740966797,8.841880798339844,8.863516807556152,8.914793968200684,8.943033218383789,8.605358123779297,8.260123252868652,8.839686393737793,8.791739463806152,9.126019477844238,9.24677562713623,9.20628547668457,9.314311027526855,9.295515060424805,9.26298713684082,9.347879409790039,9.191033363342285,9.460163116455078,9.344670295715332,9.306047439575195,9.319475173950195,9.044716835021973,9.348762512207031,9.335232734680176,9.276144981384277
8.79,9.05942,0.02923,8.32338809967041,8.728121757507324,8.741132736206055,8.758293151855469,8.716191291809082,8.669998168945312,8.822863578796387,8.848718643188477,8.618021011352539,8.653287887573242,8.701866149902344,8.852931022644043,8.358316421508789,8.179200172424316,8.824379920959473,8.811738967895508,8.754117965698242,8.858049392700195,8.744133949279785,8.844331741333008,8.88277530670166,8.881814002990723,8.896315574645996,8.768080711364746,8.878721237182617,8.826597213745117,8.796062469482422,8.773628234863281,9.095467567443848,8.947497367858887,9.04194450378418,8.998976707458496
8.8,8.95695,0.02763,8.32338809967041,8.728121757507324,8.741132736206055,8.758293151855469,8.716191291809082,8.669998168945312,8.822863578796387,8.848718643188477,8.618021011352539,8.653287887573242,8.701866149902344,8.852931022644043,8.358316421508789,8.179200172424316,8.824379920959473,8.811738967895508,8.754117965698242,8.858049392700195,8.744133949279785,8.844331741333008,8.88277530670166,8.881814002990723,8.896315574645996,8.768080711364746,8.878721237182617,8.826597213745117,8.796062469482422,8.773628234863281,9.095467567443848,8.947497367858887,9.04194450378418,8.998976707458496
8.81,8.87231,0.02605,8.32338809967041,8.728121757507324,8.741132736206055,8.758293151855469,8.716191291809082,8.669998168945312,8.822863578796387,8.848718643188477,8.618021011352539,8.653287887573242,8.701866149902344,8.852931022644043,8.358316421508789,8.179200172424316,8.824379920959473,8.811738967895508,8.754117965698242,8.858049392700195,8.744133949279785,8.844331741333008,8.88277530670166,8.881814002990723,8.896315574645996,8.768080711364746,8.878721237182617,8.826597213745117,8.796062469482422,8.773628234863281,9.095467567443848,8.947497367858887,9.04194450378418,8.998976707458496
8.82,8.78832,0.02425,8.32338809967041,8.728121757507324,8.741132736206055,8.758293151855469,8.716191291809082,8.669998168945312,8.822863578796387,8.848718643188477,8.618021011352539,8.653287887573242,8.701866149902344,8.852931022644043,8.358316421508789,8.179200172424316,8.824379920959473,8.811738967895508,8.754117965698242,8.858049392700195,8.744133949279785,8.844331741333008,8.88277530670166,8.881814002990723,8.896315574645996,8.768080711364746,8.878721237182617,8.826597213745117,8.796062469482422,8.773628234863281,9.095467567443848,8.947497367858887,9.04194450378418,8.998976707458496
8.83,8.70491,0.02225,8.32338809967041,8.728121757507324,8.741132736206055,8.758293151855469,8.716191291809082,8.669998168945312,8.822863578796387,8.848718643188477,8.618021011352539,8.653287887573242,8.701866149902344,8.852931022644043,8.358316421508789,8.179200172424316,8.824379920959473,8.811738967895508,8.754117965698242,8.858049392700195,8.744133949279785,8.844331741333008,8.88277530670166,8.881814002990723,8.896315574645996,8.768080711364746,8.878721237182617,8.826597213745117,8.796062469482422,8.773628234863281,9.095467567443848,8.947497367858887,9.04194450378418,8.998976707458496
8.84,8.62205,0.02005,7.651144504547119,8.307055473327637,8.330501556396484,8.335474014282227,8.490735054016113,8.319984436035156,8.374419212341309,8.380659103393555,8.140040397644043,8.17088508605957,8.207676887512207,8.202120780944824,7.946552753448486,7.591986656188965,8.033417701721191,8.0077486038208,8.193533897399902,8.312331199645996,8.244989395141602,8.356518745422363,8.37546443939209,8.385071754455566,8.406745910644531,8.258591651916504,8.4652738571167,8.415241241455078,8.454371452331543,8.46273422241211,8.251304626464844,8.639752388000488,8.543126106262207,8.409308433532715
8.85,8.53966,0.01765,7.651144504547119,8.307055473327637,8.330501556396484,8.335474014282227,8.490735054016113,8.319984436035156,8.374419212341309,8.380659103393555,8.140040397644043,8.17088508605957,8.207676887512207,8.202120780944824,7.946552753448486,7.591986656188965,8.033417701721191,8.0077486038208,8.193533897399902,8.312331199645996,8.244989395141602,8.356518745422363,8.37546443939209,8.385071754455566,8.406745910644531,8.258591651916504,8.4652738571167,8.415241241455078,8.454371452331543,8.46273422241211,8.251304626464844,8.639752388000488,8.543126106262207,8.409308433532715
8.86,8.45769,0.01508,7.651144504547119,8.307055473327637,8.330501556396484,8.335474014282227,8.490735054016113,8.319984436035156,8.374419212341309,8.380659103393555,8.140040397644043,8.17088508605957,8.207676887512207,8.202120780944824,7.946552753448486,7.591986656188965,8.033417701721191,8.0077486038208,8.193533897399902,8.312331199645996,8.244989395141602,8.356518745422363,8.37546443939209,8.385071754455566,8.406745910644531,8.258591651916504,8.4652738571167,8.415241241455078,8.454371452331543,8.46273422241211,8.251304626464844,8.639752388000488,8.543126106262207,8.409308433532715
8.87,8.39236,0.0129,7.651144504547119,8.307055473327637,8.330501556396484,8.335474014282227,8.490735054016113,8.319984436035156,8.374419212341309,8.380659103393555,8.140040397644043,8.17088508605957,8.207676887512207,8.202120780944824,7.946552753448486,7.591986656188965,8.033417701721191,8.0077486038208,8.193533897399902,8.312331199645996,8.244989395141602,8.356518745422363,8.37546443939209,8.385071754455566,8.406745910644531,8.258591651916504,8.4652738571167,8.415241241455078,8.454371452331543,8.46273422241211,8.251304626464844,8.639752388000488,8.543126106262207,8.409308433532715
8.88,8.29467,0.00944,7.651144504547119,8.307055473327637,8.330501556396484,8.335474014282227,8.490735054016113,8.319984436035156,8.374419212341309,8.380659103393555,8.140040397644043,8.17088508605957,8.207676887512207,8.202120780944824,7.946552753448486,7.591986656188965,8.033417701721191,8.0077486038208,8.193533897399902,8.312331199645996,8.244989395141602,8.356518745422363,8.37546443939209,8.385071754455566,8.406745910644531,8.258591651916504,8.4652738571167,8.415241241455078,8.454371452331543,8.46273422241211,8.251304626464844,8.639752388000488,8.543126106262207,8.409308433532715
8.89,8.21344,0.0064,7.814905643463135,8.177177429199219,8.206839561462402,8.247757911682129,8.425012588500977,8.12499713897705,8.227452278137207,8.236940383911133,7.9551496505737305,8.010191917419434,8.072059631347656,8.230944633483887,7.8038835525512695,7.410396099090576,8.07919692993164,8.083823204040527,8.191654205322266,8.342653274536133,8.25290298461914,8.343234062194824,8.513757705688477,8.508700370788574,8.473977088928223,8.321144104003906,8.547932624816895,8.469316482543945,8.45285415649414,8.505844116210938,8.442509651184082,8.42756462097168,8.476113319396973,8.330618858337402
8.9,8.13239,0.00325,7.814905643463135,8.177177429199219,8.206839561462402,8.247757911682129,8.425012588500977,8.12499713897705,8.227452278137207,8.236940383911133,7.9551496505737305,8.010191917419434,8.072059631347656,8.230944633483887,7.8038835525512695,7.410396099090576,8.07919692993164,8.083823204040527,8.191654205322266,8.342653274536133,8.25290298461914,8.343234062194824,8.513757705688477,8.508700370788574,8.473977088928223,8.321144104003906,8.547932624816895,8.469316482543945,8.45285415649414,8.505844116210938,8.442509651184082,8.42756462097168,8.476113319396973,8.330618858337402
8.91,8.05133,0.0,7.814905643463135,8.177177429199219,8.206839561462402,8.247757911682129,8.425012588500977,8.12499713897705,8.227452278137207,8.236940383911133,7.9551496505737305,8.010191917419434,8.072059631347656,8.230944633483887,7.8038835525512695,7.410396099090576,8.07919692993164,8.083823204040527,8.191654205322266,8.342653274536133,8.25290298461914,8.343234062194824,8.513757705688477,8.508700370788574,8.473977088928223,8.321144104003906,8.547932624816895,8.469316482543945,8.45285415649414,8.505844116210938,8.442509651184082,8.42756462097168,8.476113319396973,8.330618858337402
8.92,7.97022,0.0,7.814905643463135,8.177177429199219,8.206839561462402,8.247757911682129,8.425012588500977,8.12499713897705,8.227452278137207,8.236940383911133,7.9551496505737305,8.010191917419434,8.072059631347656,8.230944633483887,7.8038835525512695,7.410396099090576,8.07919692993164,8.083823204040527,8.191654205322266,8.342653274536133,8.25290298461914,8.343234062194824,8.513757705688477,8.508700370788574,8.473977088928223,8.321144104003906,8.547932624816895,8.469316482543945,8.45285415649414,8.505844116210938,8.442509651184082,8.42756462097168,8.476113319396973,8.330618858337402
8.93,7.88896,0.0,7.814905643463135,8.177177429199219,8.206839561462402,8.247757911682129,8.425012588500977,8.12499713897705,8.227452278137207,8.236940383911133,7.9551496505737305,8.010191917419434,8.072059631347656,8.230944633483887,7.8038835525512695,7.410396099090576,8.07919692993164,8.083823204040527,8.191654205322266,8.342653274536133,8.25290298461914,8.343234062194824,8.513757705688477,8.508700370788574,8.473977088928223,8.321144104003906,8.547932624816895,8.469316482543945,8.45285415649414,8.505844116210938,8.442509651184082,8.42756462097168,8.476113319396973,8.330618858337402
8.94,7.80748,0.0,7.375149726867676,7.779026508331299,7.795374870300293,7.808973789215088,8.183053970336914,7.76620626449585,7.782268524169922,7.80247688293457,7.60612154006958,7.65220832824707,7.712843418121338,7.76870059967041,7.500339031219482,7.1385498046875,7.5371527671813965,7.524234294891357,7.674973011016846,7.748842716217041,7.6358561515808105,7.7208404541015625,7.680846214294434,7.725768089294434,7.700667381286621,7.5634636878967285,7.75502347946167,7.800704479217529,7.855391502380371,7.788464069366455,7.712189197540283,7.801619052886963,7.825079917907715,7.50543737411499
8.95,7.74208,0.0,7.375149726867676,7.779026508331299,7.795374870300293,7.808973789215088,8.183053970336914,7.76620626449585,7.782268524169922,7.80247688293457,7.60612154006958,7.65220832824707,7.712843418121338,7.76870059967041,7.500339031219482,7.1385498046875,7.5371527671813965,7.524234294891357,7.674973011016846,7.748842716217041,7.6358561515808105,7.7208404541015625,7.680846214294434,7.725768089294434,7.700667381286621,7.5634636878967285,7.75502347946167,7.800704479217529,7.855391502380371,7.788464069366455,7.712189197540283,7.801619052886963,7.825079917907715,7.50543737411499
8.96,7.64358,0.0,7.375149726867676,7.779026508331299,7.795374870300293,7.808973789215088,8.183053970336914,7.76620626449585,7.782268524169922,7.80247688293457,7.60612154006958,7.65220832824707,7.712843418121338,7.76870059967041,7.500339031219482,7.1385498046875,7.5371527671813965,7.524234294891357,7.674973011016846,7.748842716217041,7.6358561515808105,7.7208404541015625,7.680846214294434,7.725768089294434,7.700667381286621,7.5634636878967285,7.75502347946167,7.800704479217529,7.855391502380371,7.788464069366455,7.712189197540283,7.801619052886963,7.825079917907715,7.50543737411499
8.97,7.561,0.0,7.375149726867676,7.779026508331299,7.795374870300293,7.808973789215088,8.183053970336914,7.76620626449585,7.782268524169922,7.80247688293457,7.60612154006958,7.65220832824707,7.712843418121338,7.76870059967041,7.500339031219482,7.1385498046875,7.5371527671813965,7.524234294891357,7.674973011016846,7.748842716217041,7.6358561515808105,7.7208404541015625,7.680846214294434,7.725768089294434,7.700667381286621,7.5634636878967285,7.75502347946167,7.800704479217529,7.855391502380371,7.788464069366455,7.712189197540283,7.801619052886963,7.825079917907715,7.50543737411499
8.98,7.47793,0.0,7.375149726867676,7.779026508331299,7.795374870300293,7.808973789215088,8.183053970336914,7.76620626449585,7.782268524169922,7.80247688293457,7.60612154006958,7.65220832824707,7.712843418121338,7.76870059967041,7.500339031219482,7.1385498046875,7.5371527671813965,7.524234294891357,7.674973011016846,7.748842716217041,7.6358561515808105,7.7208404541015625,7.680846214294434,7.725768089294434,7.700667381286621,7.5634636878967285,7.75502347946167,7.800704479217529,7.855391502380371,7.788464069366455,7.712189197540283,7.801619052886963,7.825079917907715,7.50543737411499
8.99,7.39426,0.0,6.9831438064575195,7.3953938484191895,7.410971164703369,7.424822807312012,7.883428573608398,7.398470878601074,7.409689903259277,7.43092155456543,7.251151084899902,7.278763294219971,7.339626312255859,7.387633323669434,7.141424655914307,6.722663879394531,7.191638946533203,7.18865442276001,7.272878170013428,7.391520023345947,7.31507682800293,7.417574405670166,7.4553093910217285,7.4697184562683105,7.470862865447998,7.3253912925720215,7.454733848571777,7.3776140213012695,7.452284812927246,7.507816791534424,7.414126396179199,7.530479907989502,7.536510467529297,7.421013355255127
9.0,7.31005,0.0,6.9831438064575195,7.3953938484191895,7.410971164703369,7.424822807312012,7.883428573608398,7.398470878601074,7.409689903259277,7.43092155456543,7.251151084899902,7.278763294219971,7.339626312255859,7.387633323669434,7.141424655914307,6.722663879394531,7.191638946533203,7.18865442276001,7.272878170013428,7.391520023345947,7.31507682800293,7.417574405670166,7.4553093910217285,7.4697184562683105,7.470862865447998,7.3253912925720215,7.454733848571777,7.3776140213012695,7.452284812927246,7.507816791534424,7.414126396179199,7.530479907989502,7.536510467529297,7.421013355255127
9.01,7.22516,0.0,6.9831438064575195,7.3953938484191895,7.410971164703369,7.424822807312012,7.883428573608398,7.398470878601074,7.409689903259277,7.43092155456543,7.251151084899902,7.278763294219971,7.339626312255859,7.387633323669434,7.141424655914307,6.722663879394531,7.191638946533203,7.18865442276001,7.272878170013428,7.391520023345947,7.31507682800293,7.417574405670166,7.4553093910217285,7.4697184562683105,7.470862865447998,7.3253912925720215,7.454733848571777,7.3776140213012695,7.452284812927246,7.507816791534424,7.414126396179199,7.530479907989502,7.536510467529297,7.421013355255127
9.02,7.13958,0.0,6.9831438064575195,7.3953938484191895,7.410971164703369,7.424822807312012,7.883428573608398,7.398470878601074,7.409689903259277,7.43092155456543,7.251151084899902,7.278763294219971,7.339626312255859,7.387633323669434,7.141424655914307,6.722663879394531,7.191638946533203,7.18865442276001,7.272878170013428,7.391520023345947,7.31507682800293,7.417574405670166,7.4553093910217285,7.4697184562683105,7.470862865447998,7.3253912925720215,7.454733848571777,7.3776140213012695,7.452284812927246,7.507816791534424,7.414126396179199,7.530479907989502,7.536510467529297,7.421013355255127
9.03,7.0533,0.0,6.9831438064575195,7.3953938484191895,7.410971164703369,7.424822807312012,7.883428573608398,7.398470878601074,7.409689903259277,7.43092155456543,7.251151084899902,7.278763294219971,7.339626312255859,7.387633323669434,7.141424655914307,6.722663879394531,7.191638946533203,7.18865442276001,7.272878170013428,7.391520023345947,7.31507682800293,7.417574405670166,7.4553093910217285,7.4697184562683105,7.470862865447998,7.3253912925720215,7.454733848571777,7.3776140213012695,7.452284812927246,7.507816791534424,7.414126396179199,7.530479907989502,7.536510467529297,7.421013355255127
9.04,6.98368,0.0,6.7355780601501465,6.957799911499023,6.969179153442383,6.981119155883789,7.565221786499023,6.971747398376465,6.972084999084473,6.991058349609375,6.839323997497559,6.856935501098633,6.916877746582031,6.9501848220825195,6.797367095947266,6.33731746673584,6.738231182098389,6.731656074523926,6.821471214294434,6.927669048309326,6.8399271965026855,6.934292316436768,6.943807125091553,6.966043949127197,6.961038112640381,6.820870876312256,7.020876884460449,6.9648919105529785,7.008218765258789,7.036404609680176,6.964447975158691,7.030259132385254,7.037164688110352,6.836853504180908
9.05,6.87857,0.0,6.7355780601501465,6.957799911499023,6.969179153442383,6.981119155883789,7.565221786499023,6.971747398376465,6.972084999084473,6.991058349609375,6.839323997497559,6.856935501098633,6.916877746582031,6.9501848220825195,6.797367095947266,6.33731746673584,6.738231182098389,6.731656074523926,6.821471214294434,6.927669048309326,6.8399271965026855,6.934292316436768,6.943807125091553,6.966043949127197,6.961038112640381,6.820870876312256,7.020876884460449,6.9648919105529785,7.008218765258789,7.036404609680176,6.964447975158691,7.030259132385254,7.037164688110352,6.836853504180908
9.06,6.79013,0.0,6.7355780601501465,6.957799911499023,6.969179153442383,6.981119155883789,7.565221786499023,6.971747398376465,6.972084999084473,6.991058349609375,6.839323997497559,6.856935501098633,6.916877746582031,6.9501848220825195,6.797367095947266,6.33731746673584,6.738231182098389,6.731656074523926,6.821471214294434,6.927669048309326,6.8399271965026855,6.934292316436768,6.943807125091553,6.966043949127197,6.961038112640381,6.820870876312256,7.020876884460449,6.9648919105529785,7.008218765258789,7.036404609680176,6.964447975158691,7.030259132385254,7.037164688110352,6.836853504180908
9.07,6.70097,0.0,6.7355780601501465,6.957799911499023,6.969179153442383,6.981119155883789,7.565221786499023,6.971747398376465,6.972084999084473,6.991058349609375,6.839323997497559,6.856935501098633,6.916877746582031,6.9501848220825195,6.797367095947266,6.33731746673584,6.738231182098389,6.731656074523926,6.821471214294434,6.927669048309326,6.8399271965026855,6.934292316436768,6.943807125091553,6.966043949127197,6.961038112640381,6.820870876312256,7.020876884460449,6.9648919105529785,7.008218765258789,7.036404609680176,6.964447975158691,7.030259132385254,7.037164688110352,6.836853504180908
9.08,6.61115,0.0,6.7355780601501465,6.957799911499023,6.969179153442383,6.981119155883789,7.565221786499023,6.971747398376465,6.972084999084473,6.991058349609375,6.839323997497559,6.856935501098633,6.916877746582031,6.9501848220825195,6.797367095947266,6.33731746673584,6.738231182098389,6.731656074523926,6.821471214294434,6.927669048309326,6.8399271965026855,6.934292316436768,6.943807125091553,6.966043949127197,6.961038112640381,6.820870876312256,7.020876884460449,6.9648919105529785,7.008218765258789,7.036404609680176,6.964447975158691,7.030259132385254,7.037164688110352,6.836853504180908
9.09,6.52062,0.0,6.385198593139648,6.453892707824707,6.455590724945068,6.464056015014648,7.164919853210449,6.444707870483398,6.459211826324463,6.472742080688477,6.378484725952148,6.3916826248168945,6.445047378540039,6.483819007873535,6.405802249908447,5.981772422790527,6.257193565368652,6.26340389251709,6.393409252166748,6.522680759429932,6.406338691711426,6.481729984283447,6.346314430236816,6.381494522094727,6.365333557128906,6.214446544647217,6.382740020751953,6.374022483825684,6.4150390625,6.439484119415283,6.472932815551758,6.432469844818115,6.4872331619262695,6.229549884796143
9.1,6.42962,0.0,6.385198593139648,6.453892707824707,6.455590724945068,6.464056015014648,7.164919853210449,6.444707870483398,6.459211826324463,6.472742080688477,6.378484725952148,6.3916826248168945,6.445047378540039,6.483819007873535,6.405802249908447,5.981772422790527,6.257193565368652,6.26340389251709,6.393409252166748,6.522680759429932,6.406338691711426,6.481729984283447,6.346314430236816,6.381494522094727,6.365333557128906,6.214446544647217,6.382740020751953,6.374022483825684,6.4150390625,6.439484119415283,6.472932815551758,6.432469844818115,6.4872331619262695,6.229549884796143
9.11,6.33802,0.0,6.385198593139648,6.453892707824707,6.455590724945068,6.464056015014648,7.164919853210449,6.444707870483398,6.459211826324463,6.472742080688477,6.378484725952148,6.3916826248168945,6.445047378540039,6.483819007873535,6.405802249908447,5.981772422790527,6.257193565368652,6.26340389251709,6.393409252166748,6.522680759429932,6.406338691711426,6.481729984283447,6.346314430236816,6.381494522094727,6.365333557128906,6.214446544647217,6.382740020751953,6.374022483825684,6.4150390625,6.439484119415283,6.472932815551758,6.432469844818115,6.4872331619262695,6.229549884796143
9.12,6.26432,0.0,6.385198593139648,6.453892707824707,6.455590724945068,6.464056015014648,7.164919853210449,6.444707870483398,6.459211826324463,6.472742080688477,6.378484725952148,6.3916826248168945,6.445047378540039,6.483819007873535,6.405802249908447,5.981772422790527,6.257193565368652,6.26340389251709,6.393409252166748,6.522680759429932,6.406338691711426,6.481729984283447,6.346314430236816,6.381494522094727,6.365333557128906,6.214446544647217,6.382740020751953,6.374022483825684,6.4150390625,6.439484119415283,6.472932815551758,6.432469844818115,6.4872331619262695,6.229549884796143
9.13,6.15346,0.0,6.385198593139648,6.453892707824707,6.455590724945068,6.464056015014648,7.164919853210449,6.444707870483398,6.459211826324463,6.472742080688477,6.378484725952148,6.3916826248168945,6.445047378540039,6.483819007873535,6.405802249908447,5.981772422790527,6.257193565368652,6.26340389251709,6.393409252166748,6.522680759429932,6.406338691711426,6.481729984283447,6.346314430236816,6.381494522094727,6.365333557128906,6.214446544647217,6.382740020751953,6.374022483825684,6.4150390625,6.439484119415283,6.472932815551758,6.432469844818115,6.4872331619262695,6.229549884796143
9.14,6.06067,0.0,5.816127777099609,5.796660900115967,5.781225681304932,5.778386116027832,6.73049259185791,5.790755748748779,5.752994537353516,5.7755513191223145,5.779694557189941,5.735480308532715,5.79384708404541,5.796031951904297,5.941680431365967,5.450085639953613,5.474286079406738,5.5028510093688965,5.828614711761475,5.969433307647705,5.82816219329834,5.934940814971924,6.015848159790039,6.007568836212158,5.998377799987793,5.8531270027160645,6.071201324462891,6.055711269378662,6.0714569091796875,6.130885601043701,5.850025177001953,6.009620666503906,6.110559463500977,5.8787031173706055
9.15,5.96763,0.0,5.816127777099609,5.796660900115967,5.781225681304932,5.778386116027832,6.73049259185791,5.790755748748779,5.752994537353516,5.7755513191223145,5.779694557189941,5.735480308532715,5.79384708404541,5.796031951904297,5.941680431365967,5.450085639953613,5.474286079406738,5.5028510093688965,5.828614711761475,5.969433307647705,5.82816219329834,5.934940814971924,6.015848159790039,6.007568836212158,5.998377799987793,5.8531270027160645,6.071201324462891,6.055711269378662,6.0714569091796875,6.130885601043701,5.850025177001953,6.009620666503906,6.110559463500977,5.8787031173706055
9.16,5.87444,0.0,5.816127777099609,5.796660900115967,5.781225681304932,5.778386116027832,6.73049259185791,5.790755748748779,5.752994537353516,5.7755513191223145,5.779694557189941,5.735480308532715,5.79384708404541,5.796031951904297,5.941680431365967,5.450085639953613,5.474286079406738,5.5028510093688965,5.828614711761475,5.969433307647705,5.82816219329834,5.934940814971924,6.015848159790039,6.007568836212158,5.998377799987793,5.8531270027160645,6.071201324462891,6.055711269378662,6.0714569091796875,6.130885601043701,5.850025177001953,6.009620666503906,6.110559463500977,5.8787031173706055
9.17,5.78119,0.0,5.816127777099609,5.796660900115967,5.781225681304932,5.778386116027832,6.73049259185791,5.790755748748779,5.752994537353516,5.7755513191223145,5.779694557189941,5.735480308532715,5.79384708404541,5.796031951904297,5.941680431365967,5.450085639953613,5.474286079406738,5.5028510093688965,5.828614711761475,5.969433307647705,5.82816219329834,5.934940814971924,6.015848159790039,6.007568836212158,5.998377799987793,5.8531270027160645,6.071201324462891,6.055711269378662,6.0714569091796875,6.130885601043701,5.850025177001953,6.009620666503906,6.110559463500977,5.8787031173706055
9.18,5.68798,0.0,5.816127777099609,5.796660900115967,5.781225681304932,5.778386116027832,6.73049259185791,5.790755748748779,5.752994537353516,5.7755513191223145,5.779694557189941,5.735480308532715,5.79384708404541,5.796031951904297,5.941680431365967,5.450085639953613,5.474286079406738,5.5028510093688965,5.828614711761475,5.969433307647705,5.82816219329834,5.934940814971924,6.015848159790039,6.007568836212158,5.998377799987793,5.8531270027160645,6.071201324462891,6.055711269378662,6.0714569091796875,6.130885601043701,5.850025177001953,6.009620666503906,6.110559463500977,5.8787031173706055
9.19,5.5949,0.0,5.417497634887695,5.092277526855469,5.095870494842529,5.086199760437012,6.169625282287598,5.230749607086182,4.960940361022949,5.058802604675293,5.137542247772217,5.019937038421631,5.0855560302734375,5.018965244293213,5.514251232147217,5.046807765960693,4.810662269592285,4.749340534210205,5.041017532348633,5.147689342498779,5.066857814788818,5.164601802825928,4.915902614593506,4.935429096221924,4.963921546936035,4.780516147613525,4.811100482940674,4.86037015914917,5.015561580657959,4.987574100494385,4.783602237701416,4.934993267059326,4.855382442474365,4.464126110076904
9.2,5.52052,0.0,5.417497634887695,5.092277526855469,5.095870494842529,5.086199760437012,6.169625282287598,5.230749607086182,4.960940361022949,5.058802604675293,5.137542247772217,5.019937038421631,5.0855560302734375,5.018965244293213,5.514251232147217,5.046807765960693,4.810662269592285,4.749340534210205,5.041017532348633,5.147689342498779,5.066857814788818,5.164601802825928,4.915902614593506,4.935429096221924,4.963921546936035,4.780516147613525,4.811100482940674,4.86037015914917,5.015561580657959,4.987574100494385,4.783602237701416,4.934993267059326,4.855382442474365,4.464126110076904
9.21,5.40953,0.0,5.417497634887695,5.092277526855469,5.095870494842529,5.086199760437012,6.169625282287598,5.230749607086182,4.960940361022949,5.058802604675293,5.137542247772217,5.019937038421631,5.0855560302734375,5.018965244293213,5.514251232147217,5.046807765960693,4.810662269592285,4.749340534210205,5.041017532348633,5.147689342498779,5.066857814788818,5.164601802825928,4.915902614593506,4.935429096221924,4.963921546936035,4.780516147613525,4.811100482940674,4.86037015914917,5.015561580657959,4.987574100494385,4.783602237701416,4.934993267059326,4.855382442474365,4.464126110076904
9.22,5.31742,0.0,5.417497634887695,5.092277526855469,5.095870494842529,5.086199760437012,6.169625282287598,5.230749607086182,4.960940361022949,5.058802604675293,5.137542247772217,5.019937038421631,5.0855560302734375,5.018965244293213,5.514251232147217,5.046807765960693,4.810662269592285,4.749340534210205,5.041017532348633,5.147689342498779,5.066857814788818,5.164601802825928,4.915902614593506,4.935429096221924,4.963921546936035,4.780516147613525,4.811100482940674,4.86037015914917,5.015561580657959,4.987574100494385,4.783602237701416,4.934993267059326,4.855382442474365,4.464126110076904
9.23,5.22582,0.0,5.417497634887695,5.092277526855469,5.095870494842529,5.086199760437012,6.169625282287598,5.230749607086182,4.960940361022949,5.058802604675293,5.137542247772217,5.019937038421631,5.0855560302734375,5.018965244293213,5.514251232147217,5.046807765960693,4.810662269592285,4.749340534210205,5.041017532348633,5.147689342498779,5.066857814788818,5.164601802825928,4.915902614593506,4.935429096221924,4.963921546936035,4.780516147613525,4.811100482940674,4.86037015914917,5.015561580657959,4.987574100494385,4.783602237701416,4.934993267059326,4.855382442474365,4.464126110076904
9.24,5.13478,0.0,6.0049662590026855,4.551540374755859,4.5552897453308105,4.579404830932617,6.00532341003418,4.664187908172607,4.6716203689575195,4.712008953094482,4.6231889724731445,4.587577819824219,4.664679527282715,4.707413196563721,5.473455905914307,5.43071985244751,4.706116676330566,4.63701868057251,4.65786075592041,4.795214653015137,4.74055290222168,4.888975620269775,5.046462059020996,5.035176753997803,5.021993160247803,4.887768745422363,5.186797618865967,4.969295978546143,4.940141201019287,5.159718990325928,4.912623405456543,4.81873083114624,4.913659572601318,4.631335258483887
9.25,5.04442,0.0,6.0049662590026855,4.551540374755859,4.5552897453308105,4.579404830932617,6.00532341003418,4.664187908172607,4.6716203689575195,4.712008953094482,4.6231889724731445,4.587577819824219,4.664679527282715,4.707413196563721,5.473455905914307,5.43071985244751,4.706116676330566,4.63701868057251,4.65786075592041,4.795214653015137,4.74055290222168,4.888975620269775,5.046462059020996,5.035176753997803,5.021993160247803,4.887768745422363,5.186797618865967,4.969295978546143,4.940141201019287,5.159718990325928,4.912623405456543,4.81873083114624,4.913659572601318,4.631335258483887
9.26,4.95476,0.0,6.0049662590026855,4.551540374755859,4.5552897453308105,4.579404830932617,6.00532341003418,4.664187908172607,4.6716203689575195,4.712008953094482,4.6231889724731445,4.587577819824219,4.664679527282715,4.707413196563721,5.473455905914307,5.43071985244751,4.706116676330566,4.63701868057251,4.65786075592041,4.795214653015137,4.74055290222168,4.888975620269775,5.046462059020996,5.035176753997803,5.021993160247803,4.887768745422363,5.186797618865967,4.969295978546143,4.940141201019287,5.159718990325928,4.912623405456543,4.81873083114624,4.913659572601318,4.631335258483887
9.27,4.86588,0.0,6.0049662590026855,4.551540374755859,4.5552897453308105,4.579404830932617,6.00532341003418,4.664187908172607,4.6716203689575195,4.712008953094482,4.6231889724731445,4.587577819824219,4.664679527282715,4.707413196563721,5.473455905914307,5.43071985244751,4.706116676330566,4.63701868057251,4.65786075592041,4.795214653015137,4.74055290222168,4.888975620269775,5.046462059020996,5.035176753997803,5.021993160247803,4.887768745422363,5.186797618865967,4.969295978546143,4.940141201019287,5.159718990325928,4.912623405456543,4.81873083114624,4.913659572601318,4.631335258483887
9.28,4.77783,0.0,6.0049662590026855,4.551540374755859,4.5552897453308105,4.579404830932617,6.00532341003418,4.664187908172607,4.6716203689575195,4.712008953094482,4.6231889724731445,4.587577819824219,4.664679527282715,4.707413196563721,5.473455905914307,5.43071985244751,4.706116676330566,4.63701868057251,4.65786075592041,4.795214653015137,4.74055290222168,4.888975620269775,5.046462059020996,5.035176753997803,5.021993160247803,4.887768745422363,5.186797618865967,4.969295978546143,4.940141201019287,5.159718990325928,4.912623405456543,4.81873083114624,4.913659572601318,4.631335258483887
9.29,4.70795,0.0,4.655965328216553,4.141765594482422,4.161955833435059,4.171242713928223,4.954664707183838,4.139707088470459,3.9630448818206787,4.029519081115723,4.171452045440674,4.127725601196289,4.186327934265137,4.10451078414917,5.005049228668213,4.766790866851807,3.8408384323120117,3.7264621257781982,4.011587142944336,4.117904186248779,4.1099348068237305,4.181906223297119,3.8138930797576904,3.8498024940490723,3.9126169681549072,3.7498631477355957,4.038740158081055,4.185473918914795,4.24105167388916,4.145672798156738,3.725998640060425,3.6951651573181152,3.673975706100464,3.075303077697754
9.3,4.6043,0.0,4.655965328216553,4.141765594482422,4.161955833435059,4.171242713928223,4.954664707183838,4.139707088470459,3.9630448818206787,4.029519081115723,4.171452045440674,4.127725601196289,4.186327934265137,4.10451078414917,5.005049228668213,4.766790866851807,3.8408384323120117,3.7264621257781982,4.011587142944336,4.117904186248779,4.1099348068237305,4.181906223297119,3.8138930797576904,3.8498024940490723,3.9126169681549072,3.7498631477355957,4.038740158081055,4.185473918914795,4.24105167388916,4.145672798156738,3.725998640060425,3.6951651573181152,3.673975706100464,3.075303077697754
9.31,4.51884,0.0,4.655965328216553,4.141765594482422,4.161955833435059,4.171242713928223,4.954664707183838,4.139707088470459,3.9630448818206787,4.029519081115723,4.171452045440674,4.127725601196289,4.186327934265137,4.10451078414917,5.005049228668213,4.766790866851807,3.8408384323120117,3.7264621257781982,4.011587142944336,4.117904186248779,4.1099348068237305,4.181906223297119,3.8138930797576904,3.8498024940490723,3.9126169681549072,3.7498631477355957,4.038740158081055,4.185473918914795,4.24105167388916,4.145672798156738,3.725998640060425,3.6951651573181152,3.673975706100464,3.075303077697754
9.32,4.43425,0.0,4.655965328216553,4.141765594482422,4.161955833435059,4.171242713928223,4.954664707183838,4.139707088470459,3.9630448818206787,4.029519081115723,4.171452045440674,4.127725601196289,4.186327934265137,4.10451078414917,5.005049228668213,4.766790866851807,3.8408384323120117,3.7264621257781982,4.011587142944336,4.117904186248779,4.1099348068237305,4.181906223297119,3.8138930797576904,3.8498024940490723,3.9126169681549072,3.7498631477355957,4.038740158081055,4.185473918914795,4.24105167388916,4.145672798156738,3.725998640060425,3.6951651573181152,3.673975706100464,3.075303077697754
9.33,4.35051,0.0,4.655965328216553,4.141765594482422,4.161955833435059,4.171242713928223,4.954664707183838,4.139707088470459,3.9630448818206787,4.029519081115723,4.171452045440674,4.127725601196289,4.186327934265137,4.10451078414917,5.005049228668213,4.766790866851807,3.8408384323120117,3.7264621257781982,4.011587142944336,4.117904186248779,4.1099348068237305,4.181906223297119,3.8138930797576904,3.8498024940490723,3.9126169681549072,3.7498631477355957,4.038740158081055,4.185473918914795,4.24105167388916,4.145672798156738,3.725998640060425,3.6951651573181152,3.673975706100464,3.075303077697754
9.34,4.26757,0.0,5.1222333908081055,3.9802255630493164,4.010217189788818,4.048187255859375,4.092132568359375,3.9398934841156006,4.175436019897461,4.196389675140381,3.8604791164398193,3.9222869873046875,3.989942789077759,4.068465232849121,4.235128402709961,4.47406005859375,4.184172630310059,4.067722320556641,4.017202377319336,4.163201808929443,4.09190034866333,4.223328113555908,4.373167514801025,4.40580415725708,4.3140974044799805,4.216024875640869,4.153116226196289,3.9893758296966553,3.9679384231567383,4.265739917755127,4.313021659851074,3.967864513397217,4.1455278396606445,3.913895606994629
9.35,4.18539,0.0,5.1222333908081055,3.9802255630493164,4.010217189788818,4.048187255859375,4.092132568359375,3.9398934841156006,4.175436019897461,4.196389675140381,3.8604791164398193,3.9222869873046875,3.989942789077759,4.068465232849121,4.235128402709961,4.47406005859375,4.184172630310059,4.067722320556641,4.017202377319336,4.163201808929443,4.09190034866333,4.223328113555908,4.373167514801025,4.40580415725708,4.3140974044799805,4.216024875640869,4.153116226196289,3.9893758296966553,3.9679384231567383,4.265739917755127,4.313021659851074,3.967864513397217,4.1455278396606445,3.913895606994629
9.36,4.1039,0.0,5.1222333908081055,3.9802255630493164,4.010217189788818,4.048187255859375,4.092132568359375,3.9398934841156006,4.175436019897461,4.196389675140381,3.8604791164398193,3.9222869873046875,3.989942789077759,4.068465232849121,4.235128402709961,4.47406005859375,4.184172630310059,4.067722320556641,4.017202377319336,4.163201808929443,4.09190034866333,4.223328113555908,4.373167514801025,4.40580415725708,4.3140974044799805,4.216024875640869,4.153116226196289,3.9893758296966553,3.9679384231567383,4.265739917755127,4.313021659851074,3.967864513397217,4.1455278396606445,3.913895606994629
9.37,4.03916,0.0,5.1222333908081055,3.9802255630493164,4.010217189788818,4.048187255859375,4.092132568359375,3.9398934841156006,4.175436019897461,4.196389675140381,3.8604791164398193,3.9222869873046875,3.989942789077759,4.068465232849121,4.235128402709961,4.47406005859375,4.184172630310059,4.067722320556641,4.017202377319336,4.163201808929443,4.09190034866333,4.223328113555908,4.373167514801025,4.40580415725708,4.3140974044799805,4.216024875640869,4.153116226196289,3.9893758296966553,3.9679384231567383,4.265739917755127,4.313021659851074,3.967864513397217,4.1455278396606445,3.913895606994629
9.38,3.94265,0.0,5.1222333908081055,3.9802255630493164,4.010217189788818,4.048187255859375,4.092132568359375,3.9398934841156006,4.175436019897461,4.196389675140381,3.8604791164398193,3.9222869873046875,3.989942789077759,4.068465232849121,4.235128402709961,4.47406005859375,4.184172630310059,4.067722320556641,4.017202377319336,4.163201808929443,4.09190034866333,4.223328113555908,4.373167514801025,4.40580415725708,4.3140974044799805,4.216024875640869,4.153116226196289,3.9893758296966553,3.9679384231567383,4.265739917755127,4.313021659851074,3.967864513397217,4.1455278396606445,3.913895606994629
9.39,3.86263,0.0,3.755797863006592,3.4906280040740967,3.492216110229492,3.472978115081787,3.280575752258301,3.545271158218384,3.3499581813812256,3.4152262210845947,3.4827539920806885,3.4877777099609375,3.520124673843384,3.4452102184295654,3.556297540664673,4.7675461769104,3.1522390842437744,3.1281111240386963,3.5535309314727783,3.6116397380828857,3.500420093536377,3.612230062484741,3.40551495552063,3.3691086769104004,3.432312250137329,3.295893430709839,3.6993489265441895,3.780829668045044,3.7591707706451416,3.594431161880493,3.3640923500061035,3.7159245014190674,3.8765244483947754,3.6640403270721436
9.4,3.78303,0.0,3.755797863006592,3.4906280040740967,3.492216110229492,3.472978115081787,3.280575752258301,3.545271158218384,3.3499581813812256,3.4152262210845947,3.4827539920806885,3.4877777099609375,3.520124673843384,3.4452102184295654,3.556297540664673,4.7675461769104,3.1522390842437744,3.1281111240386963,3.5535309314727783,3.6116397380828857,3.500420093536377,3.612230062484741,3.40551495552063,3.3691086769104004,3.432312250137329,3.295893430709839,3.6993489265441895,3.780829668045044,3.7591707706451416,3.594431161880493,3.3640923500061035,3.7159245014190674,3.8765244483947754,3.6640403270721436
9.41,3.70354,0.0,3.755797863006592,3.4906280040740967,3.492216110229492,3.472978115081787,3.280575752258301,3.545271158218384,3.3499581813812256,3.4152262210845947,3.4827539920806885,3.4877777099609375,3.520124673843384,3.4452102184295654,3.556297540664673,4.7675461769104,3.1522390842437744,3.1281111240386963,3.5535309314727783,3.6116397380828857,3.500420093536377,3.612230062484741,3.40551495552063,3.3691086769104004,3.432312250137329,3.295893430709839,3.6993489265441895,3.780829668045044,3.7591707706451416,3.594431161880493,3.3640923500061035,3.7159245014190674,3.8765244483947754,3.6640403270721436
9.42,3.62407,0.0,3.755797863006592,3.4906280040740967,3.492216110229492,3.472978115081787,3.280575752258301,3.545271158218384,3.3499581813812256,3.4152262210845947,3.4827539920806885,3.4877777099609375,3.520124673843384,3.4452102184295654,3.556297540664673,4.7675461769104,3.1522390842437744,3.1281111240386963,3.5535309314727783,3.6116397380828857,3.500420093536377,3.612230062484741,3.40551495552063,3.3691086769104004,3.432312250137329,3.295893430709839,3.6993489265441895,3.780829668045044,3.7591707706451416,3.594431161880493,3.3640923500061035,3.7159245014190674,3.8765244483947754,3.6640403270721436
9.43,3.54447,0.0,3.755797863006592,3.4906280040740967,3.492216110229492,3.472978115081787,3.280575752258301,3.545271158218384,3.3499581813812256,3.4152262210845947,3.4827539920806885,3.4877777099609375,3.520124673843384,3.4452102184295654,3.556297540664673,4.7675461769104,3.1522390842437744,3.1281111240386963,3.5535309314727783,3.6116397380828857,3.500420093536377,3.612230062484741,3.40551495552063,3.3691086769104004,3.432312250137329,3.295893430709839,3.6993489265441895,3.780829668045044,3.7591707706451416,3.594431161880493,3.3640923500061035,3.7159245014190674,3.8765244483947754,3.6640403270721436
9.44,3.4646,0.0,2.762241840362549,3.2515366077423096,3.2819344997406006,3.291684865951538,2.1976308822631836,3.245213031768799,3.32206654548645,3.3360543251037598,3.2044591903686523,3.2613556385040283,3.2939999103546143,3.316427707672119,3.0365161895751953,4.709918975830078,3.402930736541748,3.263434648513794,3.2636969089508057,3.384290933609009,3.366159439086914,3.472938299179077,3.246182680130005,3.32297945022583,3.3150577545166016,3.170832633972168,3.358250141143799,3.2481577396392822,3.282161235809326,3.4152586460113525,3.3448140621185303,3.3072850704193115,3.1063928604125977,3.0343804359436035
9.45,3.40042,0.0,2.762241840362549,3.2515366077423096,3.2819344997406006,3.291684865951538,2.1976308822631836,3.245213031768799,3.32206654548645,3.3360543251037598,3.2044591903686523,3.2613556385040283,3.2939999103546143,3.316427707672119,3.0365161895751953,4.709918975830078,3.402930736541748,3.263434648513794,3.2636969089508057,3.384290933609009,3.366159439086914,3.472938299179077,3.246182680130005,3.32297945022583,3.3150577545166016,3.170832633972168,3.358250141143799,3.2481577396392822,3.282161235809326,3.4152586460113525,3.3448140621185303,3.3072850704193115,3.1063928604125977,3.0343804359436035
9.46,3.30346,0.0,2.762241840362549,3.2515366077423096,3.2819344997406006,3.291684865951538,2.1976308822631836,3.245213031768799,3.32206654548645,3.3360543251037598,3.2044591903686523,3.2613556385040283,3.2939999103546143,3.316427707672119,3.0365161895751953,4.709918975830078,3.402930736541748,3.263434648513794,3.2636969089508057,3.384290933609009,3.366159439086914,3.472938299179077,3.246182680130005,3.32297945022583,3.3150577545166016,3.170832633972168,3.358250141143799,3.2481577396392822,3.282161235809326,3.4152586460113525,3.3448140621185303,3.3072850704193115,3.1063928604125977,3.0343804359436035
9.47,3.22184,0.0,2.762241840362549,3.2515366077423096,3.2819344997406006,3.291684865951538,2.1976308822631836,3.245213031768799,3.32206654548645,3.3360543251037598,3.2044591903686523,3.2613556385040283,3.2939999103546143,3.316427707672119,3.0365161895751953,4.709918975830078,3.402930736541748,3.263434648513794,3.2636969089508057,3.384290933609009,3.366159439086914,3.472938299179077,3.246182680130005,3.32297945022583,3.3150577545166016,3.170832633972168,3.358250141143799,3.2481577396392822,3.282161235809326,3.4152586460113525,3.3448140621185303,3.3072850704193115,3.1063928604125977,3.0343804359436035
9.48,3.13936,0.0,2.762241840362549,3.2515366077423096,3.2819344997406006,3.291684865951538,2.1976308822631836,3.245213031768799,3.32206654548645,3.3360543251037598,3.2044591903686523,3.2613556385040283,3.2939999103546143,3.316427707672119,3.0365161895751953,4.709918975830078,3.402930736541748,3.263434648513794,3.2636969089508057,3.384290933609009,3.366159439086914,3.472938299179077,3.246182680130005,3.32297945022583,3.3150577545166016,3.170832633972168,3.358250141143799,3.2481577396392822,3.282161235809326,3.4152586460113525,3.3448140621185303,3.3072850704193115,3.1063928604125977,3.0343804359436035
9.49,3.05584,0.0,2.3934836387634277,2.7428431510925293,2.7686574459075928,2.754429817199707,1.192026138305664,2.8138179779052734,2.7309629917144775,2.7684669494628906,2.7642886638641357,2.8080265522003174,2.837484836578369,2.7753965854644775,2.6393909454345703,3.5288898944854736,2.597226619720459,2.5472893714904785,2.859421968460083,2.940474271774292,2.8552958965301514,2.965183973312378,2.730877637863159,2.7311718463897705,2.7838377952575684,2.6512601375579834,2.9030258655548096,2.870326519012451,2.8795931339263916,2.9032912254333496,2.7043840885162354,2.6044225692749023,2.7467899322509766,2.153284788131714
9.5,2.9711,0.0,2.3934836387634277,2.7428431510925293,2.7686574459075928,2.754429817199707,1.192026138305664,2.8138179779052734,2.7309629917144775,2.7684669494628906,2.7642886638641357,2.8080265522003174,2.837484836578369,2.7753965854644775,2.6393909454345703,3.5288898944854736,2.597226619720459,2.5472893714904785,2.859421968460083,2.940474271774292,2.8552958965301514,2.965183973312378,2.730877637863159,2.7311718463897705,2.7838377952575684,2.6512601375579834,2.9030258655548096,2.870326519012451,2.8795931339263916,2.9032912254333496,2.7043840885162354,2.6044225692749023,2.7467899322509766,2.153284788131714
9.51,2.88514,0.0,2.3934836387634277,2.7428431510925293,2.7686574459075928,2.754429817199707,1.192026138305664,2.8138179779052734,2.7309629917144775,2.7684669494628906,2.7642886638641357,2.8080265522003174,2.837484836578369,2.7753965854644775,2.6393909454345703,3.5288898944854736,2.597226619720459,2.5472893714904785,2.859421968460083,2.940474271774292,2.8552958965301514,2.965183973312378,2.730877637863159,2.7311718463897705,2.7838377952575684,2.6512601375579834,2.9030258655548096,2.870326519012451,2.8795931339263916,2.9032912254333496,2.7043840885162354,2.6044225692749023,2.7467899322509766,2.153284788131714
9.52,2.79772,0.0,2.3934836387634277,2.7428431510925293,2.7686574459075928,2.754429817199707,1.192026138305664,2.8138179779052734,2.7309629917144775,2.7684669494628906,2.7642886638641357,2.8080265522003174,2.837484836578369,2.7753965854644775,2.6393909454345703,3.5288898944854736,2.597226619720459,2.5472893714904785,2.859421968460083,2.940474271774292,2.8552958965301514,2.965183973312378,2.730877637863159,2.7311718463897705,2.7838377952575684,2.6512601375579834,2.9030258655548096,2.870326519012451,2.8795931339263916,2.9032912254333496,2.7043840885162354,2.6044225692749023,2.7467899322509766,2.153284788131714
9.53,2.70877,0.0,2.3934836387634277,2.7428431510925293,2.7686574459075928,2.754429817199707,1.192026138305664,2.8138179779052734,2.7309629917144775,2.7684669494628906,2.7642886638641357,2.8080265522003174,2.837484836578369,2.7753965854644775,2.6393909454345703,3.5288898944854736,2.597226619720459,2.5472893714904785,2.859421968460083,2.940474271774292,2.8552958965301514,2.965183973312378,2.730877637863159,2.7311718463897705,2.7838377952575684,2.6512601375579834,2.9030258655548096,2.870326519012451,2.8795931339263916,2.9032912254333496,2.7043840885162354,2.6044225692749023,2.7467899322509766,2.153284788131714
9.54,2.63638,0.0,2.242227792739868,2.2908246517181396,2.320941686630249,2.3089139461517334,1.3787710666656494,2.3149683475494385,2.299755334854126,2.316514015197754,2.3041722774505615,2.3221237659454346,2.3551063537597656,2.3446340560913086,2.1836705207824707,3.6563003063201904,2.236260175704956,2.1492111682891846,2.4117701053619385,2.499631643295288,2.4346187114715576,2.559061050415039,2.3163013458251953,2.3511300086975098,2.3598315715789795,2.2099547386169434,2.5003294944763184,2.474503755569458,2.4547486305236816,2.4976608753204346,2.237400531768799,2.2764670848846436,2.3934929370880127,1.9632538557052612
9.55,2.52599,0.0,2.242227792739868,2.2908246517181396,2.320941686630249,2.3089139461517334,1.3787710666656494,2.3149683475494385,2.299755334854126,2.316514015197754,2.3041722774505615,2.3221237659454346,2.3551063537597656,2.3446340560913086,2.1836705207824707,3.6563003063201904,2.236260175704956,2.1492111682891846,2.4117701053619385,2.499631643295288,2.4346187114715576,2.559061050415039,2.3163013458251953,2.3511300086975098,2.3598315715789795,2.2099547386169434,2.5003294944763184,2.474503755569458,2.4547486305236816,2.4976608753204346,2.237400531768799,2.2764670848846436,2.3934929370880127,1.9632538557052612
9.56,2.43205,0.0,2.242227792739868,2.2908246517181396,2.320941686630249,2.3089139461517334,1.3787710666656494,2.3149683475494385,2.299755334854126,2.316514015197754,2.3041722774505615,2.3221237659454346,2.3551063537597656,2.3446340560913086,2.1836705207824707,3.6563003063201904,2.236260175704956,2.1492111682891846,2.4117701053619385,2.499631643295288,2.4346187114715576,2.559061050415039,2.3163013458251953,2.3511300086975098,2.3598315715789795,2.2099547386169434,2.5003294944763184,2.474503755569458,2.4547486305236816,2.4976608753204346,2.237400531768799,2.2764670848846436,2.3934929370880127,1.9632538557052612
9.57,2.33636,0.0,2.242227792739868,2.2908246517181396,2.320941686630249,2.3089139461517334,1.3787710666656494,2.3149683475494385,2.299755334854126,2.316514015197754,2.3041722774505615,2.3221237659454346,2.3551063537597656,2.3446340560913086,2.1836705207824707,3.6563003063201904,2.236260175704956,2.1492111682891846,2.4117701053619385,2.499631643295288,2.4346187114715576,2.559061050415039,2.3163013458251953,2.3511300086975098,2.3598315715789795,2.2099547386169434,2.5003294944763184,2.474503755569458,2.4547486305236816,2.4976608753204346,2.237400531768799,2.2764670848846436,2.3934929370880127,1.9632538557052612
9.58,2.23896,0.0,2.242227792739868,2.2908246517181396,2.320941686630249,2.3089139461517334,1.3787710666656494,2.3149683475494385,2.299755334854126,2.316514015197754,2.3041722774505615,2.3221237659454346,2.3551063537597656,2.3446340560913086,2.1836705207824707,3.6563003063201904,2.236260175704956,2.1492111682891846,2.4117701053619385,2.499631643295288,2.4346187114715576,2.559061050415039,2.3163013458251953,2.3511300086975098,2.3598315715789795,2.2099547386169434,2.5003294944763184,2.474503755569458,2.4547486305236816,2.4976608753204346,2.237400531768799,2.2764670848846436,2.3934929370880127,1.9632538557052612
9.59,2.13985,0.0,1.8517131805419922,1.7674775123596191,1.8024922609329224,1.7818411588668823,1.8528062105178833,1.7577786445617676,1.7764374017715454,1.7841702699661255,1.8247857093811035,1.8546185493469238,1.885753870010376,1.8834288120269775,1.7631194591522217,2.882295846939087,1.7057812213897705,1.6379879713058472,1.8615957498550415,1.946433424949646,1.8833870887756348,2.016197919845581,1.6535828113555908,1.689724087715149,1.7649801969528198,1.6079479455947876,1.8776111602783203,1.8912162780761719,1.8962371349334717,1.9014590978622437,1.6691999435424805,1.6969952583312988,1.6851800680160522,1.5664708614349365
9.6,2.03911,0.0,1.8517131805419922,1.7674775123596191,1.8024922609329224,1.7818411588668823,1.8528062105178833,1.7577786445617676,1.7764374017715454,1.7841702699661255,1.8247857093811035,1.8546185493469238,1.885753870010376,1.8834288120269775,1.7631194591522217,2.882295846939087,1.7057812213897705,1.6379879713058472,1.8615957498550415,1.946433424949646,1.8833870887756348,2.016197919845581,1.6535828113555908,1.689724087715149,1.7649801969528198,1.6079479455947876,1.8776111602783203,1.8912162780761719,1.8962371349334717,1.9014590978622437,1.6691999435424805,1.6969952583312988,1.6851800680160522,1.5664708614349365
9.61,1.93684,0.0,1.8517131805419922,1.7674775123596191,1.8024922609329224,1.7818411588668823,1.8528062105178833,1.7577786445617676,1.7764374017715454,1.7841702699661255,1.8247857093811035,1.8546185493469238,1.885753870010376,1.8834288120269775,1.7631194591522217,2.882295846939087,1.7057812213897705,1.6379879713058472,1.8615957498550415,1.946433424949646,1.8833870887756348,2.016197919845581,1.6535828113555908,1.689724087715149,1.7649801969528198,1.6079479455947876,1.8776111602783203,1.8912162780761719,1.8962371349334717,1.9014590978622437,1.6691999435424805,1.6969952583312988,1.6851800680160522,1.5664708614349365
9.62,1.85391,0.0,1.8517131805419922,1.7674775123596191,1.8024922609329224,1.7818411588668823,1.8528062105178833,1.7577786445617676,1.7764374017715454,1.7841702699661255,1.8247857093811035,1.8546185493469238,1.885753870010376,1.8834288120269775,1.7631194591522217,2.882295846939087,1.7057812213897705,1.6379879713058472,1.8615957498550415,1.946433424949646,1.8833870887756348,2.016197919845581,1.6535828113555908,1.689724087715149,1.7649801969528198,1.6079479455947876,1.8776111602783203,1.8912162780761719,1.8962371349334717,1.9014590978622437,1.6691999435424805,1.6969952583312988,1.6851800680160522,1.5664708614349365
9.63,1.72818,0.0,1.8517131805419922,1.7674775123596191,1.8024922609329224,1.7818411588668823,1.8528062105178833,1.7577786445617676,1.7764374017715454,1.7841702699661255,1.8247857093811035,1.8546185493469238,1.885753870010376,1.8834288120269775,1.7631194591522217,2.882295846939087,1.7057812213897705,1.6379879713058472,1.8615957498550415,1.946433424949646,1.8833870887756348,2.016197919845581,1.6535828113555908,1.689724087715149,1.7649801969528198,1.6079479455947876,1.8776111602783203,1.8912162780761719,1.8962371349334717,1.9014590978622437,1.6691999435424805,1.6969952583312988,1.6851800680160522,1.5664708614349365
9.64,1.62213,0.0,1.77260422706604,1.4610953330993652,1.4969881772994995,1.4399855136871338,1.8552929162979126,1.267235279083252,1.2729378938674927,1.269773244857788,1.391288161277771,1.373121738433838,1.35796058177948,1.3133623600006104,1.6125985383987427,0.8622385859489441,1.058354377746582,1.0541841983795166,1.4922292232513428,1.5701645612716675,1.5540893077850342,1.7084381580352783,0.9655389189720154,1.04790198802948,1.2570252418518066,1.1060400009155273,1.131074070930481,1.231139898300171,1.2775474786758423,1.3162485361099243,0.9620773792266846,1.2007511854171753,1.236228585243225,1.0266362428665161
9.65,1.5152,0.0,1.77260422706604,1.4610953330993652,1.4969881772994995,1.4399855136871338,1.8552929162979126,1.267235279083252,1.2729378938674927,1.269773244857788,1.391288161277771,1.373121738433838,1.35796058177948,1.3133623600006104,1.6125985383987427,0.8622385859489441,1.058354377746582,1.0541841983795166,1.4922292232513428,1.5701645612716675,1.5540893077850342,1.7084381580352783,0.9655389189720154,1.04790198802948,1.2570252418518066,1.1060400009155273,1.131074070930481,1.231139898300171,1.2775474786758423,1.3162485361099243,0.9620773792266846,1.2007511854171753,1.236228585243225,1.0266362428665161
9.66,1.40765,0.0,1.77260422706604,1.4610953330993652,1.4969881772994995,1.4399855136871338,1.8552929162979126,1.267235279083252,1.2729378938674927,1.269773244857788,1.391288161277771,1.373121738433838,1.35796058177948,1.3133623600006104,1.6125985383987427,0.8622385859489441,1.058354377746582,1.0541841983795166,1.4922292232513428,1.5701645612716675,1.5540893077850342,1.7084381580352783,0.9655389189720154,1.04790198802948,1.2570252418518066,1.1060400009155273,1.131074070930481,1.231139898300171,1.2775474786758423,1.3162485361099243,0.9620773792266846,1.2007511854171753,1.236228585243225,1.0266362428665161
9.67,1.29973,0.0,1.77260422706604,1.4610953330993652,1.4969881772994995,1.4399855136871338,1.8552929162979126,1.267235279083252,1.2729378938674927,1.269773244857788,1.391288161277771,1.373121738433838,1.35796058177948,1.3133623600006104,1.6125985383987427,0.8622385859489441,1.058354377746582,1.0541841983795166,1.4922292232513428,1.5701645612716675,1.5540893077850342,1.7084381580352783,0.9655389189720154,1.04790198802948,1.2570252418518066,1.1060400009155273,1.131074070930481,1.231139898300171,1.2775474786758423,1.3162485361099243,0.9620773792266846,1.2007511854171753,1.236228585243225,1.0266362428665161
9.68,1.19175,0.0,1.77260422706604,1.4610953330993652,1.4969881772994995,1.4399855136871338,1.8552929162979126,1.267235279083252,1.2729378938674927,1.269773244857788,1.391288161277771,1.373121738433838,1.35796058177948,1.3133623600006104,1.6125985383987427,0.8622385859489441,1.058354377746582,1.0541841983795166,1.4922292232513428,1.5701645612716675,1.5540893077850342,1.7084381580352783,0.9655389189720154,1.04790198802948,1.2570252418518066,1.1060400009155273,1.131074070930481,1.231139898300171,1.2775474786758423,1.3162485361099243,0.9620773792266846,1.2007511854171753,1.236228585243225,1.0266362428665161
9.69,1.08399,0.0,1.1891534328460693,1.4158234596252441,1.4724805355072021,1.3812909126281738,1.7149266004562378,1.1724457740783691,1.4197102785110474,1.4497828483581543,1.2931305170059204,1.302260398864746,1.2445247173309326,1.294530987739563,1.3430520296096802,0.6420097947120667,1.5270752906799316,1.4331789016723633,1.3725323677062988,1.4642866849899292,1.3854408264160156,1.489305853843689,1.1235854625701904,1.166923999786377,1.261637568473816,1.163098931312561,1.0387853384017944,1.0590976476669312,1.0225003957748413,1.0847761631011963,1.2915325164794922,1.1446890830993652,1.3319706916809082,1.1108555793762207
9.7,0.99818,0.0,1.1891534328460693,1.4158234596252441,1.4724805355072021,1.3812909126281738,1.7149266004562378,1.1724457740783691,1.4197102785110474,1.4497828483581543,1.2931305170059204,1.302260398864746,1.2445247173309326,1.294530987739563,1.3430520296096802,0.6420097947120667,1.5270752906799316,1.4331789016723633,1.3725323677062988,1.4642866849899292,1.3854408264160156,1.489305853843689,1.1235854625701904,1.166923999786377,1.261637568473816,1.163098931312561,1.0387853384017944,1.0590976476669312,1.0225003957748413,1.0847761631011963,1.2915325164794922,1.1446890830993652,1.3319706916809082,1.1108555793762207
9.71,0.87074,0.0,1.1891534328460693,1.4158234596252441,1.4724805355072021,1.3812909126281738,1.7149266004562378,1.1724457740783691,1.4197102785110474,1.4497828483581543,1.2931305170059204,1.302260398864746,1.2445247173309326,1.294530987739563,1.3430520296096802,0.6420097947120667,1.5270752906799316,1.4331789016723633,1.3725323677062988,1.4642866849899292,1.3854408264160156,1.489305853843689,1.1235854625701904,1.166923999786377,1.261637568473816,1.163098931312561,1.0387853384017944,1.0590976476669312,1.0225003957748413,1.0847761631011963,1.2915325164794922,1.1446890830993652,1.3319706916809082,1.1108555793762207
9.72,0.76594,0.0,1.1891534328460693,1.4158234596252441,1.4724805355072021,1.3812909126281738,1.7149266004562378,1.1724457740783691,1.4197102785110474,1.4497828483581543,1.2931305170059204,1.302260398864746,1.2445247173309326,1.294530987739563,1.3430520296096802,0.6420097947120667,1.5270752906799316,1.4331789016723633,1.3725323677062988,1.4642866849899292,1.3854408264160156,1.489305853843689,1.1235854625701904,1.166923999786377,1.261637568473816,1.163098931312561,1.0387853384017944,1.0590976476669312,1.0225003957748413,1.0847761631011963,1.2915325164794922,1.1446890830993652,1.3319706916809082,1.1108555793762207
9.73,0.66286,0.0,1.1891534328460693,1.4158234596252441,1.4724805355072021,1.3812909126281738,1.7149266004562378,1.1724457740783691,1.4197102785110474,1.4497828483581543,1.2931305170059204,1.302260398864746,1.2445247173309326,1.294530987739563,1.3430520296096802,0.6420097947120667,1.5270752906799316,1.4331789016723633,1.3725323677062988,1.4642866849899292,1.3854408264160156,1.489305853843689,1.1235854625701904,1.166923999786377,1.261637568473816,1.163098931312561,1.0387853384017944,1.0590976476669312,1.0225003957748413,1.0847761631011963,1.2915325164794922,1.1446890830993652,1.3319706916809082,1.1108555793762207
9.74,0.56191,0.0,0.7930886149406433,0.7314417958259583,0.7870501279830933,0.6853945255279541,0.2087622582912445,0.9070612788200378,0.5820332765579224,0.6315343976020813,0.9731762409210205,0.9652295112609863,0.9045698046684265,0.7963915467262268,0.8701392412185669,0.9389449954032898,0.7478647232055664,0.7415890693664551,0.7279456853866577,0.8458420038223267,0.7487359046936035,0.8301006555557251,0.45301175117492676,0.41513264179229736,0.5312111377716064,0.3545292019844055,0.401623398065567,0.5234124064445496,0.46705713868141174,0.46726375818252563,0.5372085571289062,0.46663016080856323,0.4828873872756958,0.20839864015579224
9.75,0.46352,0.00178,0.7930886149406433,0.7314417958259583,0.7870501279830933,0.6853945255279541,0.2087622582912445,0.9070612788200378,0.5820332765579224,0.6315343976020813,0.9731762409210205,0.9652295112609863,0.9045698046684265,0.7963915467262268,0.8701392412185669,0.9389449954032898,0.7478647232055664,0.7415890693664551,0.7279456853866577,0.8458420038223267,0.7487359046936035,0.8301006555557251,0.45301175117492676,0.41513264179229736,0.5312111377716064,0.3545292019844055,0.401623398065567,0.5234124064445496,0.46705713868141174,0.46726375818252563,0.5372085571289062,0.46663016080856323,0.4828873872756958,0.20839864015579224
9.76,0.36807,0.0028,0.7930886149406433,0.7314417958259583,0.7870501279830933,0.6853945255279541,0.2087622582912445,0.9070612788200378,0.5820332765579224,0.6315343976020813,0.9731762409210205,0.9652295112609863,0.9045698046684265,0.7963915467262268,0.8701392412185669,0.9389449954032898,0.7478647232055664,0.7415890693664551,0.7279456853866577,0.8458420038223267,0.7487359046936035,0.8301006555557251,0.45301175117492676,0.41513264179229736,0.5312111377716064,0.3545292019844055,0.401623398065567,0.5234124064445496,0.46705713868141174,0.46726375818252563,0.5372085571289062,0.46663016080856323,0.4828873872756958,0.20839864015579224
9.77,0.27599,0.00377,0.7930886149406433,0.7314417958259583,0.7870501279830933,0.6853945255279541,0.2087622582912445,0.9070612788200378,0.5820332765579224,0.6315343976020813,0.9731762409210205,0.9652295112609863,0.9045698046684265,0.7963915467262268,0.8701392412185669,0.9389449954032898,0.7478647232055664,0.7415890693664551,0.7279456853866577,0.8458420038223267,0.7487359046936035,0.8301006555557251,0.45301175117492676,0.41513264179229736,0.5312111377716064,0.3545292019844055,0.401623398065567,0.5234124064445496,0.46705713868141174,0.46726375818252563,0.5372085571289062,0.46663016080856323,0.4828873872756958,0.20839864015579224
9.78,0.18765,0.00466,0.7930886149406433,0.7314417958259583,0.7870501279830933,0.6853945255279541,0.2087622582912445,0.9070612788200378,0.5820332765579224,0.6315343976020813,0.9731762409210205,0.9652295112609863,0.9045698046684265,0.7963915467262268,0.8701392412185669,0.9389449954032898,0.7478647232055664,0.7415890693664551,0.7279456853866577,0.8458420038223267,0.7487359046936035,0.8301006555557251,0.45301175117492676,0.41513264179229736,0.5312111377716064,0.3545292019844055,0.401623398065567,0.5234124064445496,0.46705713868141174,0.46726375818252563,0.5372085571289062,0.46663016080856323,0.4828873872756958,0.20839864015579224
9.79,0.11989,0.00533,0.5468946099281311,0.237476646900177,0.3087729513645172,0.3000786006450653,-0.7520244121551514,0.3952069878578186,0.4439631402492523,0.4633629322052002,0.43995168805122375,0.31890997290611267,0.29092341661453247,0.2912854552268982,0.4108440577983856,0.23299795389175415,0.25984734296798706,0.2905295789241791,-0.03372156620025635,0.23746782541275024,0.3388116955757141,0.49203258752822876,0.17705845832824707,0.246647909283638,0.3251834809780121,0.168048694729805,0.3179732859134674,0.3469877541065216,0.24433794617652893,0.40777188539505005,-0.02817545086145401,0.1713184118270874,0.16008518636226654,-0.09566361457109451
9.8,0.02406,0.00624,0.5468946099281311,0.237476646900177,0.3087729513645172,0.3000786006450653,-0.7520244121551514,0.3952069878578186,0.4439631402492523,0.4633629322052002,0.43995168805122375,0.31890997290611267,0.29092341661453247,0.2912854552268982,0.4108440577983856,0.23299795389175415,0.25984734296798706,0.2905295789241791,-0.03372156620025635,0.23746782541275024,0.3388116955757141,0.49203258752822876,0.17705845832824707,0.246647909283638,0.3251834809780121,0.168048694729805,0.3179732859134674,0.3469877541065216,0.24433794617652893,0.40777188539505005,-0.02817545086145401,0.1713184118270874,0.16008518636226654,-0.09566361457109451
9.81,0.0,0.00692,0.5468946099281311,0.237476646900177,0.3087729513645172,0.3000786006450653,-0.7520244121551514,0.3952069878578186,0.4439631402492523,0.4633629322052002,0.43995168805122375,0.31890997290611267,0.29092341661453247,0.2912854552268982,0.4108440577983856,0.23299795389175415,0.25984734296798706,0.2905295789241791,-0.03372156620025635,0.23746782541275024,0.3388116955757141,0.49203258752822876,0.17705845832824707,0.246647909283638,0.3251834809780121,0.168048694729805,0.3179732859134674,0.3469877541065216,0.24433794617652893,0.40777188539505005,-0.02817545086145401,0.1713184118270874,0.16008518636226654,-0.09566361457109451
9.82,0.0,0.00751,0.5468946099281311,0.237476646900177,0.3087729513645172,0.3000786006450653,-0.7520244121551514,0.3952069878578186,0.4439631402492523,0.4633629322052002,0.43995168805122375,0.31890997290611267,0.29092341661453247,0.2912854552268982,0.4108440577983856,0.23299795389175415,0.25984734296798706,0.2905295789241791,-0.03372156620025635,0.23746782541275024,0.3388116955757141,0.49203258752822876,0.17705845832824707,0.246647909283638,0.3251834809780121,0.168048694729805,0.3179732859134674,0.3469877541065216,0.24433794617652893,0.40777188539505005,-0.02817545086145401,0.1713184118270874,0.16008518636226654,-0.09566361457109451
9.83,0.0,0.00802,0.5468946099281311,0.237476646900177,0.3087729513645172,0.3000786006450653,-0.7520244121551514,0.3952069878578186,0.4439631402492523,0.4633629322052002,0.43995168805122375,0.31890997290611267,0.29092341661453247,0.2912854552268982,0.4108440577983856,0.23299795389175415,0.25984734296798706,0.2905295789241791,-0.03372156620025635,0.23746782541275024,0.3388116955757141,0.49203258752822876,0.17705845832824707,0.246647909283638,0.3251834809780121,0.168048694729805,0.3179732859134674,0.3469877541065216,0.24433794617652893,0.40777188539505005,-0.02817545086145401,0.1713184118270874,0.16008518636226654,-0.09566361457109451
9.84,0.0,0.00845,0.5168706178665161,0.2724696397781372,0.3624277710914612,0.352221816778183,-1.4937397241592407,0.09477418661117554,0.32109031081199646,0.33928394317626953,0.15641872584819794,0.011895734816789627,0.029015686362981796,0.215985506772995,0.3533667027950287,0.09545940160751343,0.3530873656272888,0.26839372515678406,-0.049016088247299194,0.16605889797210693,0.24853411316871643,0.42294275760650635,0.17978757619857788,0.1647159606218338,0.2643488347530365,0.07696481049060822,0.34003642201423645,0.40102264285087585,0.21836331486701965,0.24543164670467377,-0.035113416612148285,0.2340618520975113,0.3237834572792053,0.2163541316986084
9.85,0.0,0.00879,0.5168706178665161,0.2724696397781372,0.3624277710914612,0.352221816778183,-1.4937397241592407,0.09477418661117554,0.32109031081199646,0.33928394317626953,0.15641872584819794,0.011895734816789627,0.029015686362981796,0.215985506772995,0.3533667027950287,0.09545940160751343,0.3530873656272888,0.26839372515678406,-0.049016088247299194,0.16605889797210693,0.24853411316871643,0.42294275760650635,0.17978757619857788,0.1647159606218338,0.2643488347530365,0.07696481049060822,0.34003642201423645,0.40102264285087585,0.21836331486701965,0.24543164670467377,-0.035113416612148285,0.2340618520975113,0.3237834572792053,0.2163541316986084
9.86,0.0,0.00905,0.5168706178665161,0.2724696397781372,0.3624277710914612,0.352221816778183,-1.4937397241592407,0.09477418661117554,0.32109031081199646,0.33928394317626953,0.15641872584819794,0.011895734816789627,0.029015686362981796,0.215985506772995,0.3533667027950287,0.09545940160751343,0.3530873656272888,0.26839372515678406,-0.049016088247299194,0.16605889797210693,0.24853411316871643,0.42294275760650635,0.17978757619857788,0.1647159606218338,0.2643488347530365,0.07696481049060822,0.34003642201423645,0.40102264285087585,0.21836331486701965,0.24543164670467377,-0.035113416612148285,0.2340618520975113,0.3237834572792053,0.2163541316986084
9.87,0.0,0.00919,0.5168706178665161,0.2724696397781372,0.3624277710914612,0.352221816778183,-1.4937397241592407,0.09477418661117554,0.32109031081199646,0.33928394317626953,0.15641872584819794,0.011895734816789627,0.029015686362981796,0.215985506772995,0.3533667027950287,0.09545940160751343,0.3530873656272888,0.26839372515678406,-0.049016088247299194,0.16605889797210693,0.24853411316871643,0.42294275760650635,0.17978757619857788,0.1647159606218338,0.2643488347530365,0.07696481049060822,0.34003642201423645,0.40102264285087585,0.21836331486701965,0.24543164670467377,-0.035113416612148285,0.2340618520975113,0.3237834572792053,0.2163541316986084
9.88,0.0,0.00931,0.5168706178665161,0.2724696397781372,0.3624277710914612,0.352221816778183,-1.4937397241592407,0.09477418661117554,0.32109031081199646,0.33928394317626953,0.15641872584819794,0.011895734816789627,0.029015686362981796,0.215985506772995,0.3533667027950287,0.09545940160751343,0.3530873656272888,0.26839372515678406,-0.049016088247299194,0.16605889797210693,0.24853411316871643,0.42294275760650635,0.17978757619857788,0.1647159606218338,0.2643488347530365,0.07696481049060822,0.34003642201423645,0.40102264285087585,0.21836331486701965,0.24543164670467377,-0.035113416612148285,0.2340618520975113,0.3237834572792053,0.2163541316986084
9.89,0.0,0.00931,-0.0073119401931762695,0.022337675094604492,0.07183477282524109,-0.011385530233383179,-1.533511996269226,-0.013282537460327148,-0.1463431417942047,-0.09641682356595993,0.03115816041827202,-0.022023748606443405,0.0002819262444972992,-0.02739078179001808,0.03840862959623337,-0.019963352009654045,-0.11213690787553787,-0.1330854445695877,0.07019951939582825,0.23675253987312317,0.1263250708580017,0.32054296135902405,0.2813708186149597,0.2917708158493042,0.3483046591281891,0.19217517971992493,0.33593448996543884,0.39774468541145325,0.2232619822025299,0.22302156686782837,0.16715973615646362,0.3140377700328827,0.4870035648345947,0.4962719678878784
9.9,0.0,0.00924,-0.0073119401931762695,0.022337675094604492,0.07183477282524109,-0.011385530233383179,-1.533511996269226,-0.013282537460327148,-0.1463431417942047,-0.09641682356595993,0.03115816041827202,-0.022023748606443405,0.0002819262444972992,-0.02739078179001808,0.03840862959623337,-0.019963352009654045,-0.11213690787553787,-0.1330854445695877,0.07019951939582825,0.23675253987312317,0.1263250708580017,0.32054296135902405,0.2813708186149597,0.2917708158493042,0.3483046591281891,0.19217517971992493,0.33593448996543884,0.39774468541145325,0.2232619822025299,0.22302156686782837,0.16715973615646362,0.3140377700328827,0.4870035648345947,0.4962719678878784
9.91,0.0,0.00908,-0.0073119401931762695,0.022337675094604492,0.07183477282524109,-0.011385530233383179,-1.533511996269226,-0.013282537460327148,-0.1463431417942047,-0.09641682356595993,0.03115816041827202,-0.022023748606443405,0.0002819262444972992,-0.02739078179001808,0.03840862959623337,-0.019963352009654045,-0.11213690787553787,-0.1330854445695877,0.07019951939582825,0.23675253987312317,0.1263250708580017,0.32054296135902405,0.2813708186149597,0.2917708158493042,0.3483046591281891,0.19217517971992493,0.33593448996543884,0.39774468541145325,0.2232619822025299,0.22302156686782837,0.16715973615646362,0.3140377700328827,0.4870035648345947,0.4962719678878784
9.92,0.0,0.00886,-0.0073119401931762695,0.022337675094604492,0.07183477282524109,-0.011385530233383179,-1.533511996269226,-0.013282537460327148,-0.1463431417942047,-0.09641682356595993,0.03115816041827202,-0.022023748606443405,0.0002819262444972992,-0.02739078179001808,0.03840862959623337,-0.019963352009654045,-0.11213690787553787,-0.1330854445695877,0.07019951939582825,0.23675253987312317,0.1263250708580017,0.32054296135902405,0.2813708186149597,0.2917708158493042,0.3483046591281891,0.19217517971992493,0.33593448996543884,0.39774468541145325,0.2232619822025299,0.22302156686782837,0.16715973615646362,0.3140377700328827,0.4870035648345947,0.4962719678878784
9.93,0.0,0.00856,-0.0073119401931762695,0.022337675094604492,0.07183477282524109,-0.011385530233383179,-1.533511996269226,-0.013282537460327148,-0.1463431417942047,-0.09641682356595993,0.03115816041827202,-0.022023748606443405,0.0002819262444972992,-0.02739078179001808,0.03840862959623337,-0.019963352009654045,-0.11213690787553787,-0.1330854445695877,0.07019951939582825,0.23675253987312317,0.1263250708580017,0.32054296135902405,0.2813708186149597,0.2917708158493042,0.3483046591281891,0.19217517971992493,0.33593448996543884,0.39774468541145325,0.2232619822025299,0.22302156686782837,0.16715973615646362,0.3140377700328827,0.4870035648345947,0.4962719678878784
9.94,0.0,0.0082,0.1069037914276123,0.006717711687088013,0.09359747171401978,0.05368945002555847,0.18742519617080688,0.08261758089065552,0.17350217700004578,0.17300176620483398,0.11120198667049408,0.10724841058254242,0.10304927825927734,-0.006157342344522476,-0.05820799618959427,-0.10712899267673492,0.08815151453018188,0.013329455628991127,0.08730718493461609,0.28349581360816956,0.16756638884544373,0.3663289546966553,0.012762606143951416,0.005783095955848694,0.09759899973869324,-0.10661028325557709,0.18261805176734924,0.29139867424964905,0.17982617020606995,0.0947112888097763,0.04684213548898697,-0.04268111661076546,0.05105287954211235,-0.2528476417064667
9.95,0.0,0.00786,0.1069037914276123,0.006717711687088013,0.09359747171401978,0.05368945002555847,0.18742519617080688,0.08261758089065552,0.17350217700004578,0.17300176620483398,0.11120198667049408,0.10724841058254242,0.10304927825927734,-0.006157342344522476,-0.05820799618959427,-0.10712899267673492,0.08815151453018188,0.013329455628991127,0.08730718493461609,0.28349581360816956,0.16756638884544373,0.3663289546966553,0.012762606143951416,0.005783095955848694,0.09759899973869324,-0.10661028325557709,0.18261805176734924,0.29139867424964905,0.17982617020606995,0.0947112888097763,0.04684213548898697,-0.04268111661076546,0.05105287954211235,-0.2528476417064667
9.96,0.0,0.00729,0.1069037914276123,0.006717711687088013,0.09359747171401978,0.05368945002555847,0.18742519617080688,0.08261758089065552,0.17350217700004578,0.17300176620483398,0.11120198667049408,0.10724841058254242,0.10304927825927734,-0.006157342344522476,-0.05820799618959427,-0.10712899267673492,0.08815151453018188,0.013329455628991127,0.08730718493461609,0.28349581360816956,0.16756638884544373,0.3663289546966553,0.012762606143951416,0.005783095955848694,0.09759899973869324,-0.10661028325557709,0.18261805176734924,0.29139867424964905,0.17982617020606995,0.0947112888097763,0.04684213548898697,-0.04268111661076546,0.05105287954211235,-0.2528476417064667
9.97,0.0,0.00676,0.1069037914276123,0.006717711687088013,0.09359747171401978,0.05368945002555847,0.18742519617080688,0.08261758089065552,0.17350217700004578,0.17300176620483398,0.11120198667049408,0.10724841058254242,0.10304927825927734,-0.006157342344522476,-0.05820799618959427,-0.10712899267673492,0.08815151453018188,0.013329455628991127,0.08730718493461609,0.28349581360816956,0.16756638884544373,0.3663289546966553,0.012762606143951416,0.005783095955848694,0.09759899973869324,-0.10661028325557709,0.18261805176734924,0.29139867424964905,0.17982617020606995,0.0947112888097763,0.04684213548898697,-0.04268111661076546,0.05105287954211235,-0.2528476417064667
9.98,0.0,0.00618,0.1069037914276123,0.006717711687088013,0.09359747171401978,0.05368945002555847,0.18742519617080688,0.08261758089065552,0.17350217700004578,0.17300176620483398,0.11120198667049408,0.10724841058254242,0.10304927825927734,-0.006157342344522476,-0.05820799618959427,-0.10712899267673492,0.08815151453018188,0.013329455628991127,0.08730718493461609,0.28349581360816956,0.16756638884544373,0.3663289546966553,0.012762606143951416,0.005783095955848694,0.09759899973869324,-0.10661028325557709,0.18261805176734924,0.29139867424964905,0.17982617020606995,0.0947112888097763,0.04684213548898697,-0.04268111661076546,0.05105287954211235,-0.2528476417064667
9.99,0.0,0.00556,0.239080548286438,0.3705034852027893,0.45581063628196716,0.42100512981414795,0.2576170563697815,0.2974540591239929,0.32755348086357117,0.3252187967300415,0.26500678062438965,0.2539924383163452,0.29821258783340454,0.27799323201179504,0.12380611151456833,0.23162470757961273,0.36841636896133423,0.22430992126464844,0.1634083390235901,0.4381997883319855,0.1988779604434967,0.312490850687027,0.46973833441734314,0.4870297312736511,0.4137718379497528,0.2910251021385193,0.16925892233848572,0.3127667009830475,0.24481096863746643,0.2498222440481186,0.23096969723701477,0.2780020833015442,0.3841257691383362,0.12874794006347656
10.0,0.0,0.0049,0.239080548286438,0.3705034852027893,0.45581063628196716,0.42100512981414795,0.2576170563697815,0.2974540591239929,0.32755348086357117,0.3252187967300415,0.26500678062438965,0.2539924383163452,0.29821258783340454,0.27799323201179504,0.12380611151456833,0.23162470757961273,0.36841636896133423,0.22430992126464844,0.1634083390235901,0.4381997883319855,0.1988779604434967,0.312490850687027,0.46973833441734314,0.4870297312736511,0.4137718379497528,0.2910251021385193,0.16925892233848572,0.3127667009830475,0.24481096863746643,0.2498222440481186,0.23096969723701477,0.2780020833015442,0.3841257691383362,0.12874794006347656
10.01,0.0,0.00422,0.239080548286438,0.3705034852027893,0.45581063628196716,0.42100512981414795,0.2576170563697815,0.2974540591239929,0.32755348086357117,0.3252187967300415,0.26500678062438965,0.2539924383163452,0.29821258783340454,0.27799323201179504,0.12380611151456833,0.23162470757961273,0.36841636896133423,0.22430992126464844,0.1634083390235901,0.4381997883319855,0.1988779604434967,0.312490850687027,0.46973833441734314,0.4870297312736511,0.4137718379497528,0.2910251021385193,0.16925892233848572,0.3127667009830475,0.24481096863746643,0.2498222440481186,0.23096969723701477,0.2780020833015442,0.3841257691383362,0.12874794006347656
10.02,0.0,0.00351,0.239080548286438,0.3705034852027893,0.45581063628196716,0.42100512981414795,0.2576170563697815,0.2974540591239929,0.32755348086357117,0.3252187967300415,0.26500678062438965,0.2539924383163452,0.29821258783340454,0.27799323201179504,0.12380611151456833,0.23162470757961273,0.36841636896133423,0.22430992126464844,0.1634083390235901,0.4381997883319855,0.1988779604434967,0.312490850687027,0.46973833441734314,0.4870297312736511,0.4137718379497528,0.2910251021385193,0.16925892233848572,0.3127667009830475,0.24481096863746643,0.2498222440481186,0.23096969723701477,0.2780020833015442,0.3841257691383362,0.12874794006347656
10.03,0.0,0.00279,0.239080548286438,0.3705034852027893,0.45581063628196716,0.42100512981414795,0.2576170563697815,0.2974540591239929,0.32755348086357117,0.3252187967300415,0.26500678062438965,0.2539924383163452,0.29821258783340454,0.27799323201179504,0.12380611151456833,0.23162470757961273,0.36841636896133423,0.22430992126464844,0.1634083390235901,0.4381997883319855,0.1988779604434967,0.312490850687027,0.46973833441734314,0.4870297312736511,0.4137718379497528,0.2910251021385193,0.16925892233848572,0.3127667009830475,0.24481096863746643,0.2498222440481186,0.23096969723701477,0.2780020833015442,0.3841257691383362,0.12874794006347656
10.04,0.0,0.00219,0.18990284204483032,0.33292436599731445,0.34832581877708435,0.24952366948127747,-0.3469496965408325,0.3843439817428589,0.19470980763435364,0.22669744491577148,0.34305527806282043,0.30281874537467957,0.3704259395599365,0.30196136236190796,0.34060755372047424,0.10398945212364197,0.19931815564632416,0.2053142935037613,0.20029929280281067,0.37140098214149475,0.1725035011768341,0.26892152428627014,0.3895827531814575,0.23174215853214264,0.20574912428855896,0.06955905258655548,0.2462364137172699,0.3192410171031952,0.22157815098762512,0.16229639947414398,0.22379156947135925,0.174646258354187,0.2571810185909271,0.3494586646556854
10.05,0.0,0.0013,0.18990284204483032,0.33292436599731445,0.34832581877708435,0.24952366948127747,-0.3469496965408325,0.3843439817428589,0.19470980763435364,0.22669744491577148,0.34305527806282043,0.30281874537467957,0.3704259395599365,0.30196136236190796,0.34060755372047424,0.10398945212364197,0.19931815564632416,0.2053142935037613,0.20029929280281067,0.37140098214149475,0.1725035011768341,0.26892152428627014,0.3895827531814575,0.23174215853214264,0.20574912428855896,0.06955905258655548,0.2462364137172699,0.3192410171031952,0.22157815098762512,0.16229639947414398,0.22379156947135925,0.174646258354187,0.2571810185909271,0.3494586646556854
10.06,0.0,0.0,0.18990284204483032,0.33292436599731445,0.34832581877708435,0.24952366948127747,-0.3469496965408325,0.3843439817428589,0.19470980763435364,0.22669744491577148,0.34305527806282043,0.30281874537467957,0.3704259395599365,0.30196136236190796,0.34060755372047424,0.10398945212364197,0.19931815564632416,0.2053142935037613,0.20029929280281067,0.37140098214149475,0.1725035011768341,0.26892152428627014,0.3895827531814575,0.23174215853214264,0.20574912428855896,0.06955905258655548,0.2462364137172699,0.3192410171031952,0.22157815098762512,0.16229639947414398,0.22379156947135925,0.174646258354187,0.2571810185909271,0.3494586646556854
10.07,0.0,0.0,0.18990284204483032,0.33292436599731445,0.34832581877708435,0.24952366948127747,-0.3469496965408325,0.3843439817428589,0.19470980763435364,0.22669744491577148,0.34305527806282043,0.30281874537467957,0.3704259395599365,0.30196136236190796,0.34060755372047424,0.10398945212364197,0.19931815564632416,0.2053142935037613,0.20029929280281067,0.37140098214149475,0.1725035011768341,0.26892152428627014,0.3895827531814575,0.23174215853214264,0.20574912428855896,0.06955905258655548,0.2462364137172699,0.3192410171031952,0.22157815098762512,0.16229639947414398,0.22379156947135925,0.174646258354187,0.2571810185909271,0.3494586646556854
10.08,0.0,0.0,0.18990284204483032,0.33292436599731445,0.34832581877708435,0.24952366948127747,-0.3469496965408325,0.3843439817428589,0.19470980763435364,0.22669744491577148,0.34305527806282043,0.30281874537467957,0.3704259395599365,0.30196136236190796,0.34060755372047424,0.10398945212364197,0.19931815564632416,0.2053142935037613,0.20029929280281067,0.37140098214149475,0.1725035011768341,0.26892152428627014,0.3895827531814575,0.23174215853214264,0.20574912428855896,0.06955905258655548,0.2462364137172699,0.3192410171031952,0.22157815098762512,0.16229639947414398,0.22379156947135925,0.174646258354187,0.2571810185909271,0.3494586646556854
10.09,0.0,0.0,0.1321914792060852,-0.1665164828300476,-0.13521495461463928,-0.21218517422676086,-0.4134242534637451,0.1285027265548706,0.0974639356136322,0.05162961035966873,0.1492016762495041,-0.0031457357108592987,-0.029674086719751358,-0.03929108753800392,0.39052608609199524,0.34591570496559143,-0.12346696108579636,-0.05797082185745239,0.1591322422027588,0.1773514449596405,0.22410839796066284,0.33816012740135193,0.15734314918518066,0.1265939623117447,0.24232861399650574,0.1444629579782486,0.2725585401058197,0.31376913189888,0.2786776125431061,0.3058505654335022,0.0972847267985344,0.177553191781044,0.22420114278793335,-0.0011474043130874634
10.1,0.04186,0.0,0.1321914792060852,-0.1665164828300476,-0.13521495461463928,-0.21218517422676086,-0.4134242534637451,0.1285027265548706,0.0974639356136322,0.05162961035966873,0.1492016762495041,-0.0031457357108592987,-0.029674086719751358,-0.03929108753800392,0.39052608609199524,0.34591570496559143,-0.12346696108579636,-0.05797082185745239,0.1591322422027588,0.1773514449596405,0.22410839796066284,0.33816012740135193,0.15734314918518066,0.1265939623117447,0.24232861399650574,0.1444629579782486,0.2725585401058197,0.31376913189888,0.2786776125431061,0.3058505654335022,0.0972847267985344,0.177553191781044,0.22420114278793335,-0.0011474043130874634
10.11,0.08012,0.0,0.1321914792060852,-0.1665164828300476,-0.13521495461463928,-0.21218517422676086,-0.4134242534637451,0.1285027265548706,0.0974639356136322,0.05162961035966873,0.1492016762495041,-0.0031457357108592987,-0.029674086719751358,-0.03929108753800392,0.39052608609199524,0.34591570496559143,-0.12346696108579636,-0.05797082185745239,0.1591322422027588,0.1773514449596405,0.22410839796066284,0.33816012740135193,0.15734314918518066,0.1265939623117447,0.24232861399650574,0.1444629579782486,0.2725585401058197,0.31376913189888,0.2786776125431061,0.3058505654335022,0.0972847267985344,0.177553191781044,0.22420114278793335,-0.0011474043130874634
10.12,0.10914,0.0,0.1321914792060852,-0.1665164828300476,-0.13521495461463928,-0.21218517422676086,-0.4134242534637451,0.1285027265548706,0.0974639356136322,0.05162961035966873,0.1492016762495041,-0.0031457357108592987,-0.029674086719751358,-0.03929108753800392,0.39052608609199524,0.34591570496559143,-0.12346696108579636,-0.05797082185745239,0.1591322422027588,0.1773514449596405,0.22410839796066284,0.33816012740135193,0.15734314918518066,0.1265939623117447,0.24232861399650574,0.1444629579782486,0.2725585401058197,0.31376913189888,0.2786776125431061,0.3058505654335022,0.0972847267985344,0.177553191781044,0.22420114278793335,-0.0011474043130874634
10.13,0.14948,0.0,0.1321914792060852,-0.1665164828300476,-0.13521495461463928,-0.21218517422676086,-0.4134242534637451,0.1285027265548706,0.0974639356136322,0.05162961035966873,0.1492016762495041,-0.0031457357108592987,-0.029674086719751358,-0.03929108753800392,0.39052608609199524,0.34591570496559143,-0.12346696108579636,-0.05797082185745239,0.1591322422027588,0.1773514449596405,0.22410839796066284,0.33816012740135193,0.15734314918518066,0.1265939623117447,0.24232861399650574,0.1444629579782486,0.2725585401058197,0.31376913189888,0.2786776125431061,0.3058505654335022,0.0972847267985344,0.177553191781044,0.22420114278793335,-0.0011474043130874634
10.14,0.17987,0.0,0.059922993183135986,-0.1411190629005432,0.0060079991817474365,0.010167121887207031,-0.25792378187179565,-0.0035185813903808594,0.09051665663719177,0.11727447062730789,-0.0019212253391742706,-0.2097541242837906,-0.2625006139278412,-0.025240395218133926,0.38059040904045105,0.25416380167007446,0.09865998476743698,0.033750325441360474,0.1133352518081665,0.07537949085235596,0.19084632396697998,0.2405230700969696,0.10455870628356934,0.131815567612648,0.14650925993919373,0.054224029183387756,0.04268326982855797,0.15531085431575775,0.19280365109443665,0.03084944561123848,0.20668622851371765,0.030990522354841232,0.11140383780002594,-0.21898889541625977
10.15,0.20701,0.0,0.059922993183135986,-0.1411190629005432,0.0060079991817474365,0.010167121887207031,-0.25792378187179565,-0.0035185813903808594,0.09051665663719177,0.11727447062730789,-0.0019212253391742706,-0.2097541242837906,-0.2625006139278412,-0.025240395218133926,0.38059040904045105,0.25416380167007446,0.09865998476743698,0.033750325441360474,0.1133352518081665,0.07537949085235596,0.19084632396697998,0.2405230700969696,0.10455870628356934,0.131815567612648,0.14650925993919373,0.054224029183387756,0.04268326982855797,0.15531085431575775,0.19280365109443665,0.03084944561123848,0.20668622851371765,0.030990522354841232,0.11140383780002594,-0.21898889541625977
10.16,0.23065,0.0,0.059922993183135986,-0.1411190629005432,0.0060079991817474365,0.010167121887207031,-0.25792378187179565,-0.0035185813903808594,0.09051665663719177,0.11727447062730789,-0.0019212253391742706,-0.2097541242837906,-0.2625006139278412,-0.025240395218133926,0.38059040904045105,0.25416380167007446,0.09865998476743698,0.033750325441360474,0.1133352518081665,0.07537949085235596,0.19084632396697998,0.2405230700969696,0.10455870628356934,0.131815567612648,0.14650925993919373,0.054224029183387756,0.04268326982855797,0.15531085431575775,0.19280365109443665,0.03084944561123848,0.20668622851371765,0.030990522354841232,0.11140383780002594,-0.21898889541625977
10.17,0.25059,0.0,0.059922993183135986,-0.1411190629005432,0.0060079991817474365,0.010167121887207031,-0.25792378187179565,-0.0035185813903808594,0.09051665663719177,0.11727447062730789,-0.0019212253391742706,-0.2097541242837906,-0.2625006139278412,-0.025240395218133926,0.38059040904045105,0.25416380167007446,0.09865998476743698,0.033750325441360474,0.1133352518081665,0.07537949085235596,0.19084632396697998,0.2405230700969696,0.10455870628356934,0.131815567612648,0.14650925993919373,0.054224029183387756,0.04268326982855797,0.15531085431575775,0.19280365109443665,0.03084944561123848,0.20668622851371765,0.030990522354841232,0.11140383780002594,-0.21898889541625977
10.18,0.26669,0.0,0.059922993183135986,-0.1411190629005432,0.0060079991817474365,0.010167121887207031,-0.25792378187179565,-0.0035185813903808594,0.09051665663719177,0.11727447062730789,-0.0019212253391742706,-0.2097541242837906,-0.2625006139278412,-0.025240395218133926,0.38059040904045105,0.25416380167007446,0.09865998476743698,0.033750325441360474,0.1133352518081665,0.07537949085235596,0.19084632396697998,0.2405230700969696,0.10455870628356934,0.131815567612648,0.14650925993919373,0.054224029183387756,0.04268326982855797,0.15531085431575775,0.19280365109443665,0.03084944561123848,0.20668622851371765,0.030990522354841232,0.11140383780002594,-0.21898889541625977
10.19,0.27886,0.0,0.025982201099395752,0.008308857679367065,0.13385000824928284,0.05019783973693848,-0.2319132685661316,-0.023063063621520996,-0.08293476700782776,-0.07199554890394211,-0.05581556633114815,-0.1865009218454361,-0.16276925802230835,-0.0191270150244236,0.21137872338294983,0.08631733059883118,-0.11258096247911453,-0.08601640164852142,0.07414847612380981,0.06061390042304993,0.10874637961387634,0.15088948607444763,0.061964333057403564,0.06685175001621246,0.11449715495109558,0.057065919041633606,-0.08914217352867126,0.011660438030958176,0.0835583433508873,0.07313631474971771,0.18520283699035645,0.03125691041350365,0.11707597970962524,-0.05580184608697891
10.2,0.28573,0.0,0.025982201099395752,0.008308857679367065,0.13385000824928284,0.05019783973693848,-0.2319132685661316,-0.023063063621520996,-0.08293476700782776,-0.07199554890394211,-0.05581556633114815,-0.1865009218454361,-0.16276925802230835,-0.0191270150244236,0.21137872338294983,0.08631733059883118,-0.11258096247911453,-0.08601640164852142,0.07414847612380981,0.06061390042304993,0.10874637961387634,0.15088948607444763,0.061964333057403564,0.06685175001621246,0.11449715495109558,0.057065919041633606,-0.08914217352867126,0.011660438030958176,0.0835583433508873,0.07313631474971771,0.18520283699035645,0.03125691041350365,0.11707597970962524,-0.05580184608697891
10.21,0.29124,0.0,0.025982201099395752,0.008308857679367065,0.13385000824928284,0.05019783973693848,-0.2319132685661316,-0.023063063621520996,-0.08293476700782776,-0.07199554890394211,-0.05581556633114815,-0.1865009218454361,-0.16276925802230835,-0.0191270150244236,0.21137872338294983,0.08631733059883118,-0.11258096247911453,-0.08601640164852142,0.07414847612380981,0.06061390042304993,0.10874637961387634,0.15088948607444763,0.061964333057403564,0.06685175001621246,0.11449715495109558,0.057065919041633606,-0.08914217352867126,0.011660438030958176,0.0835583433508873,0.07313631474971771,0.18520283699035645,0.03125691041350365,0.11707597970962524,-0.05580184608697891
10.22,0.29152,0.0,0.025982201099395752,0.008308857679367065,0.13385000824928284,0.05019783973693848,-0.2319132685661316,-0.023063063621520996,-0.08293476700782776,-0.07199554890394211,-0.05581556633114815,-0.1865009218454361,-0.16276925802230835,-0.0191270150244236,0.21137872338294983,0.08631733059883118,-0.11258096247911453,-0.08601640164852142,0.07414847612380981,0.06061390042304993,0.10874637961387634,0.15088948607444763,0.061964333057403564,0.06685175001621246,0.11449715495109558,0.057065919041633606,-0.08914217352867126,0.011660438030958176,0.0835583433508873,0.07313631474971771,0.18520283699035645,0.03125691041350365,0.11707597970962524,-0.05580184608697891
10.23,0.28797,0.0,0.025982201099395752,0.008308857679367065,0.13385000824928284,0.05019783973693848,-0.2319132685661316,-0.023063063621520996,-0.08293476700782776,-0.07199554890394211,-0.05581556633114815,-0.1865009218454361,-0.16276925802230835,-0.0191270150244236,0.21137872338294983,0.08631733059883118,-0.11258096247911453,-0.08601640164852142,0.07414847612380981,0.06061390042304993,0.10874637961387634,0.15088948607444763,0.061964333057403564,0.06685175001621246,0.11449715495109558,0.057065919041633606,-0.08914217352867126,0.011660438030958176,0.0835583433508873,0.07313631474971771,0.18520283699035645,0.03125691041350365,0.11707597970962524,-0.05580184608697891
10.24,0.28075,0.0,0.11045843362808228,0.02725851535797119,0.04341405630111694,-0.060094982385635376,1.0232042074203491,-0.0029450654983520508,0.020980805158615112,0.013107605278491974,-0.07275502383708954,-0.031517188996076584,0.0011436603963375092,-0.005814645439386368,-0.063963882625103,-0.01962192915380001,-0.1654011756181717,-0.1581028252840042,0.14225736260414124,0.11745932698249817,0.06383433938026428,0.11567932367324829,-0.0708993673324585,-0.08715616166591644,-0.08063331246376038,-0.1751333326101303,-0.0320570208132267,0.012860458344221115,-0.03491882234811783,-0.12346698343753815,0.06782063096761703,-0.12714986503124237,0.049337636679410934,-0.1588822603225708
10.25,0.27005,0.0,0.11045843362808228,0.02725851535797119,0.04341405630111694,-0.060094982385635376,1.0232042074203491,-0.0029450654983520508,0.020980805158615112,0.013107605278491974,-0.07275502383708954,-0.031517188996076584,0.0011436603963375092,-0.005814645439386368,-0.063963882625103,-0.01962192915380001,-0.1654011756181717,-0.1581028252840042,0.14225736260414124,0.11745932698249817,0.06383433938026428,0.11567932367324829,-0.0708993673324585,-0.08715616166591644,-0.08063331246376038,-0.1751333326101303,-0.0320570208132267,0.012860458344221115,-0.03491882234811783,-0.12346698343753815,0.06782063096761703,-0.12714986503124237,0.049337636679410934,-0.1588822603225708
10.26,0.25608,0.0,0.11045843362808228,0.02725851535797119,0.04341405630111694,-0.060094982385635376,1.0232042074203491,-0.0029450654983520508,0.020980805158615112,0.013107605278491974,-0.07275502383708954,-0.031517188996076584,0.0011436603963375092,-0.005814645439386368,-0.063963882625103,-0.01962192915380001,-0.1654011756181717,-0.1581028252840042,0.14225736260414124,0.11745932698249817,0.06383433938026428,0.11567932367324829,-0.0708993673324585,-0.08715616166591644,-0.08063331246376038,-0.1751333326101303,-0.0320570208132267,0.012860458344221115,-0.03491882234811783,-0.12346698343753815,0.06782063096761703,-0.12714986503124237,0.049337636679410934,-0.1588822603225708
10.27,0.23911,0.0,0.11045843362808228,0.02725851535797119,0.04341405630111694,-0.060094982385635376,1.0232042074203491,-0.0029450654983520508,0.020980805158615112,0.013107605278491974,-0.07275502383708954,-0.031517188996076584,0.0011436603963375092,-0.005814645439386368,-0.063963882625103,-0.01962192915380001,-0.1654011756181717,-0.1581028252840042,0.14225736260414124,0.11745932698249817,0.06383433938026428,0.11567932367324829,-0.0708993673324585,-0.08715616166591644,-0.08063331246376038,-0.1751333326101303,-0.0320570208132267,0.012860458344221115,-0.03491882234811783,-0.12346698343753815,0.06782063096761703,-0.12714986503124237,0.049337636679410934,-0.1588822603225708
10.28,0.21944,0.0,0.11045843362808228,0.02725851535797119,0.04341405630111694,-0.060094982385635376,1.0232042074203491,-0.0029450654983520508,0.020980805158615112,0.013107605278491974,-0.07275502383708954,-0.031517188996076584,0.0011436603963375092,-0.005814645439386368,-0.063963882625103,-0.01962192915380001,-0.1654011756181717,-0.1581028252840042,0.14225736260414124,0.11745932698249817,0.06383433938026428,0.11567932367324829,-0.0708993673324585,-0.08715616166591644,-0.08063331246376038,-0.1751333326101303,-0.0320570208132267,0.012860458344221115,-0.03491882234811783,-0.12346698343753815,0.06782063096761703,-0.12714986503124237,0.049337636679410934,-0.1588822603225708
10.29,0.20196,0.0,0.01782137155532837,0.0033164024353027344,0.04686817526817322,0.04920494556427002,2.190249443054199,-0.02654021978378296,0.007205337285995483,0.019684620201587677,-0.11511556804180145,0.006975371390581131,-0.045364949852228165,-0.021402869373559952,-0.2140326201915741,-0.140364408493042,-0.15946818888187408,-0.23643799126148224,0.12454769015312195,0.1439538598060608,0.01533392071723938,0.06512013077735901,0.07328885793685913,0.0069587379693984985,0.03587117791175842,-0.042152389883995056,0.16208472847938538,0.19189254939556122,0.05406644195318222,0.09740208089351654,-0.007464848458766937,0.03132295235991478,0.10274891555309296,-0.013090535998344421
10.3,0.1733,0.0,0.01782137155532837,0.0033164024353027344,0.04686817526817322,0.04920494556427002,2.190249443054199,-0.02654021978378296,0.007205337285995483,0.019684620201587677,-0.11511556804180145,0.006975371390581131,-0.045364949852228165,-0.021402869373559952,-0.2140326201915741,-0.140364408493042,-0.15946818888187408,-0.23643799126148224,0.12454769015312195,0.1439538598060608,0.01533392071723938,0.06512013077735901,0.07328885793685913,0.0069587379693984985,0.03587117791175842,-0.042152389883995056,0.16208472847938538,0.19189254939556122,0.05406644195318222,0.09740208089351654,-0.007464848458766937,0.03132295235991478,0.10274891555309296,-0.013090535998344421
10.31,0.14753,0.0,0.01782137155532837,0.0033164024353027344,0.04686817526817322,0.04920494556427002,2.190249443054199,-0.02654021978378296,0.007205337285995483,0.019684620201587677,-0.11511556804180145,0.006975371390581131,-0.045364949852228165,-0.021402869373559952,-0.2140326201915741,-0.140364408493042,-0.15946818888187408,-0.23643799126148224,0.12454769015312195,0.1439538598060608,0.01533392071723938,0.06512013077735901,0.07328885793685913,0.0069587379693984985,0.03587117791175842,-0.042152389883995056,0.16208472847938538,0.19189254939556122,0.05406644195318222,0.09740208089351654,-0.007464848458766937,0.03132295235991478,0.10274891555309296,-0.013090535998344421
10.32,0.12047,0.0,0.01782137155532837,0.0033164024353027344,0.04686817526817322,0.04920494556427002,2.190249443054199,-0.02654021978378296,0.007205337285995483,0.019684620201587677,-0.11511556804180145,0.006975371390581131,-0.045364949852228165,-0.021402869373559952,-0.2140326201915741,-0.140364408493042,-0.15946818888187408,-0.23643799126148224,0.12454769015312195,0.1439538598060608,0.01533392071723938,0.06512013077735901,0.07328885793685913,0.0069587379693984985,0.03587117791175842,-0.042152389883995056,0.16208472847938538,0.19189254939556122,0.05406644195318222,0.09740208089351654,-0.007464848458766937,0.03132295235991478,0.10274891555309296,-0.013090535998344421
10.33,0.09248,0.0,0.01782137155532837,0.0033164024353027344,0.04686817526817322,0.04920494556427002,2.190249443054199,-0.02654021978378296,0.007205337285995483,0.019684620201587677,-0.11511556804180145,0.006975371390581131,-0.045364949852228165,-0.021402869373559952,-0.2140326201915741,-0.140364408493042,-0.15946818888187408,-0.23643799126148224,0.12454769015312195,0.1439538598060608,0.01533392071723938,0.06512013077735901,0.07328885793685913,0.0069587379693984985,0.03587117791175842,-0.042152389883995056,0.16208472847938538,0.19189254939556122,0.05406644195318222,0.09740208089351654,-0.007464848458766937,0.03132295235991478,0.10274891555309296,-0.013090535998344421
10.34,0.06396,0.0,-0.03978842496871948,-0.01513606309890747,0.08978453278541565,0.03642493486404419,0.9003239870071411,-0.0820273756980896,-0.03753778338432312,-0.008176378905773163,-0.1424887329339981,-0.09192411601543427,-0.17354780435562134,-0.06817439198493958,-0.23433035612106323,0.09268869459629059,-0.21523086726665497,-0.2262633740901947,0.04164406657218933,0.09342539310455322,0.012660294771194458,0.06501561403274536,0.003757953643798828,0.004627004265785217,-0.004065603017807007,-0.09174089133739471,0.05172124132514,0.10678766667842865,0.026019059121608734,-0.08684958517551422,-0.060355640947818756,-0.12205497920513153,-0.006874609738588333,-0.21611908078193665
10.35,0.03529,0.0,-0.03978842496871948,-0.01513606309890747,0.08978453278541565,0.03642493486404419,0.9003239870071411,-0.0820273756980896,-0.03753778338432312,-0.008176378905773163,-0.1424887329339981,-0.09192411601543427,-0.17354780435562134,-0.06817439198493958,-0.23433035612106323,0.09268869459629059,-0.21523086726665497,-0.2262633740901947,0.04164406657218933,0.09342539310455322,0.012660294771194458,0.06501561403274536,0.003757953643798828,0.004627004265785217,-0.004065603017807007,-0.09174089133739471,0.05172124132514,0.10678766667842865,0.026019059121608734,-0.08684958517551422,-0.060355640947818756,-0.12205497920513153,-0.006874609738588333,-0.21611908078193665
10.36,0.0,0.0,-0.03978842496871948,-0.01513606309890747,0.08978453278541565,0.03642493486404419,0.9003239870071411,-0.0820273756980896,-0.03753778338432312,-0.008176378905773163,-0.1424887329339981,-0.09192411601543427,-0.17354780435562134,-0.06817439198493958,-0.23433035612106323,0.09268869459629059,-0.21523086726665497,-0.2262633740901947,0.04164406657218933,0.09342539310455322,0.012660294771194458,0.06501561403274536,0.003757953643798828,0.004627004265785217,-0.004065603017807007,-0.09174089133739471,0.05172124132514,0.10678766667842865,0.026019059121608734,-0.08684958517551422,-0.060355640947818756,-0.12205497920513153,-0.006874609738588333,-0.21611908078193665
10.37,0.0,0.0,-0.03978842496871948,-0.01513606309890747,0.08978453278541565,0.03642493486404419,0.9003239870071411,-0.0820273756980896,-0.03753778338432312,-0.008176378905773163,-0.1424887329339981,-0.09192411601543427,-0.17354780435562134,-0.06817439198493958,-0.23433035612106323,0.09268869459629059,-0.21523086726665497,-0.2262633740901947,0.04164406657218933,0.09342539310455322,0.012660294771194458,0.06501561403274536,0.003757953643798828,0.004627004265785217,-0.004065603017807007,-0.09174089133739471,0.05172124132514,0.10678766667842865,0.026019059121608734,-0.08684958517551422,-0.060355640947818756,-0.12205497920513153,-0.006874609738588333,-0.21611908078193665
10.38,0.0,0.0,-0.03978842496871948,-0.01513606309890747,0.08978453278541565,0.03642493486404419,0.9003239870071411,-0.0820273756980896,-0.03753778338432312,-0.008176378905773163,-0.1424887329339981,-0.09192411601543427,-0.17354780435562134,-0.06817439198493958,-0.23433035612106323,0.09268869459629059,-0.21523086726665497,-0.2262633740901947,0.04164406657218933,0.09342539310455322,0.012660294771194458,0.06501561403274536,0.003757953643798828,0.004627004265785217,-0.004065603017807007,-0.09174089133739471,0.05172124132514,0.10678766667842865,0.026019059121608734,-0.08684958517551422,-0.060355640947818756,-0.12205497920513153,-0.006874609738588333,-0.21611908078193665
10.39,0.0,0.0,-0.14011597633361816,-0.14470940828323364,-0.06909450888633728,-0.16988256573677063,0.27518072724342346,-0.1261742115020752,-0.08675113320350647,-0.076675646007061,-0.17067985236644745,-0.1855999082326889,-0.19966506958007812,-0.1640133261680603,-0.22246277332305908,0.03356097638607025,-0.2029380351305008,-0.2391166090965271,-0.07854482531547546,-0.0489560067653656,-0.07440653443336487,0.007841885089874268,-0.036219894886016846,0.013657107949256897,0.020353466272354126,-0.0604775995016098,-0.1532701551914215,-0.10396642982959747,-0.07807580381631851,-0.08338011801242828,-0.054413266479969025,-0.12053701281547546,-0.039480019360780716,-0.22393468022346497
10.4,0.0,0.0,-0.14011597633361816,-0.14470940828323364,-0.06909450888633728,-0.16988256573677063,0.27518072724342346,-0.1261742115020752,-0.08675113320350647,-0.076675646007061,-0.17067985236644745,-0.1855999082326889,-0.19966506958007812,-0.1640133261680603,-0.22246277332305908,0.03356097638607025,-0.2029380351305008,-0.2391166090965271,-0.07854482531547546,-0.0489560067653656,-0.07440653443336487,0.007841885089874268,-0.036219894886016846,0.013657107949256897,0.020353466272354126,-0.0604775995016098,-0.1532701551914215,-0.10396642982959747,-0.07807580381631851,-0.08338011801242828,-0.054413266479969025,-0.12053701281547546,-0.039480019360780716,-0.22393468022346497
10.41,0.0,0.0,-0.14011597633361816,-0.14470940828323364,-0.06909450888633728,-0.16988256573677063,0.27518072724342346,-0.1261742115020752,-0.08675113320350647,-0.076675646007061,-0.17067985236644745,-0.1855999082326889,-0.19966506958007812,-0.1640133261680603,-0.22246277332305908,0.03356097638607025,-0.2029380351305008,-0.2391166090965271,-0.07854482531547546,-0.0489560067653656,-0.07440653443336487,0.007841885089874268,-0.036219894886016846,0.013657107949256897,0.020353466272354126,-0.0604775995016098,-0.1532701551914215,-0.10396642982959747,-0.07807580381631851,-0.08338011801242828,-0.054413266479969025,-0.12053701281547546,-0.039480019360780716,-0.22393468022346497
10.42,0.0,0.0,-0.14011597633361816,-0.14470940828323364,-0.06909450888633728,-0.16988256573677063,0.27518072724342346,-0.1261742115020752,-0.08675113320350647,-0.076675646007061,-0.17067985236644745,-0.1855999082326889,-0.19966506958007812,-0.1640133261680603,-0.22246277332305908,0.03356097638607025,-0.2029380351305008,-0.2391166090965271,-0.07854482531547546,-0.0489560067653656,-0.07440653443336487,0.007841885089874268,-0.036219894886016846,0.013657107949256897,0.020353466272354126,-0.0604775995016098,-0.1532701551914215,-0.10396642982959747,-0.07807580381631851,-0.08338011801242828,-0.054413266479969025,-0.12053701281547546,-0.039480019360780716,-0.22393468022346497
10.43,0.0,0.0,-0.14011597633361816,-0.14470940828323364,-0.06909450888633728,-0.16988256573677063,0.27518072724342346,-0.1261742115020752,-0.08675113320350647,-0.076675646007061,-0.17067985236644745,-0.1855999082326889,-0.19966506958007812,-0.1640133261680603,-0.22246277332305908,0.03356097638607025,-0.2029380351305008,-0.2391166090965271,-0.07854482531547546,-0.0489560067653656,-0.07440653443336487,0.007841885089874268,-0.036219894886016846,0.013657107949256897,0.020353466272354126,-0.0604775995016098,-0.1532701551914215,-0.10396642982959747,-0.07807580381631851,-0.08338011801242828,-0.054413266479969025,-0.12053701281547546,-0.039480019360780716,-0.22393468022346497
10.44,0.0,0.0,-0.12246626615524292,-0.21658509969711304,-0.13057056069374084,-0.14250943064689636,-0.4590357542037964,-0.03194922208786011,-0.12635019421577454,-0.09480410069227219,-0.12341703474521637,-0.1714729219675064,-0.14124223589897156,-0.1602655053138733,-0.0814938172698021,0.1666819453239441,-0.04954933375120163,-0.12503214180469513,-0.08082488179206848,-0.09636232256889343,-0.07981619238853455,0.024034470319747925,-0.0004481077194213867,0.05318500101566315,0.04171302914619446,-0.03748123347759247,-0.15053454041481018,-0.15278185904026031,-0.11091116815805435,-0.04656190797686577,0.0030020102858543396,0.01699916645884514,0.07274863123893738,-0.0013732761144638062
10.45,0.0,0.0,-0.12246626615524292,-0.21658509969711304,-0.13057056069374084,-0.14250943064689636,-0.4590357542037964,-0.03194922208786011,-0.12635019421577454,-0.09480410069227219,-0.12341703474521637,-0.1714729219675064,-0.14124223589897156,-0.1602655053138733,-0.0814938172698021,0.1666819453239441,-0.04954933375120163,-0.12503214180469513,-0.08082488179206848,-0.09636232256889343,-0.07981619238853455,0.024034470319747925,-0.0004481077194213867,0.05318500101566315,0.04171302914619446,-0.03748123347759247,-0.15053454041481018,-0.15278185904026031,-0.11091116815805435,-0.04656190797686577,0.0030020102858543396,0.01699916645884514,0.07274863123893738,-0.0013732761144638062
10.46,0.0,0.0,-0.12246626615524292,-0.21658509969711304,-0.13057056069374084,-0.14250943064689636,-0.4590357542037964,-0.03194922208786011,-0.12635019421577454,-0.09480410069227219,-0.12341703474521637,-0.1714729219675064,-0.14124223589897156,-0.1602655053138733,-0.0814938172698021,0.1666819453239441,-0.04954933375120163,-0.12503214180469513,-0.08082488179206848,-0.09636232256889343,-0.07981619238853455,0.024034470319747925,-0.0004481077194213867,0.05318500101566315,0.04171302914619446,-0.03748123347759247,-0.15053454041481018,-0.15278185904026031,-0.11091116815805435,-0.04656190797686577,0.0030020102858543396,0.01699916645884514,0.07274863123893738,-0.0013732761144638062
10.47,0.0,0.0,-0.12246626615524292,-0.21658509969711304,-0.13057056069374084,-0.14250943064689636,-0.4590357542037964,-0.03194922208786011,-0.12635019421577454,-0.09480410069227219,-0.12341703474521637,-0.1714729219675064,-0.14124223589897156,-0.1602655053138733,-0.0814938172698021,0.1666819453239441,-0.04954933375120163,-0.12503214180469513,-0.08082488179206848,-0.09636232256889343,-0.07981619238853455,0.024034470319747925,-0.0004481077194213867,0.05318500101566315,0.04171302914619446,-0.03748123347759247,-0.15053454041481018,-0.15278185904026031,-0.11091116815805435,-0.04656190797686577,0.0030020102858543396,0.01699916645884514,0.07274863123893738,-0.0013732761144638062
10.48,0.0,0.0,-0.12246626615524292,-0.21658509969711304,-0.13057056069374084,-0.14250943064689636,-0.4590357542037964,-0.03194922208786011,-0.12635019421577454,-0.09480410069227219,-0.12341703474521637,-0.1714729219675064,-0.14124223589897156,-0.1602655053138733,-0.0814938172698021,0.1666819453239441,-0.04954933375120163,-0.12503214180469513,-0.08082488179206848,-0.09636232256889343,-0.07981619238853455,0.024034470319747925,-0.0004481077194213867,0.05318500101566315,0.04171302914619446,-0.03748123347759247,-0.15053454041481018,-0.15278185904026031,-0.11091116815805435,-0.04656190797686577,0.0030020102858543396,0.01699916645884514,0.07274863123893738,-0.0013732761144638062
10.49,0.0,0.0,-0.082669198513031,-0.08304214477539062,0.01577499508857727,-0.004609197378158569,-0.4714614152908325,0.022788941860198975,-0.08509412407875061,-0.08477365225553513,-0.04438619688153267,-0.07877503335475922,-0.09094560146331787,-0.03645322099328041,0.044423870742321014,0.08526264131069183,-0.0653897300362587,-0.06622683256864548,0.04157307744026184,-0.011071830987930298,-0.0327201783657074,0.0512063205242157,-0.032438814640045166,-0.06770949065685272,-0.0343802273273468,-0.11475096642971039,-0.1125858724117279,-0.0779237300157547,-0.12526097893714905,-0.1015133410692215,0.048291780054569244,-0.10319551825523376,0.0031333528459072113,-0.1720942258834839
10.5,0.0,0.0,-0.082669198513031,-0.08304214477539062,0.01577499508857727,-0.004609197378158569,-0.4714614152908325,0.022788941860198975,-0.08509412407875061,-0.08477365225553513,-0.04438619688153267,-0.07877503335475922,-0.09094560146331787,-0.03645322099328041,0.044423870742321014,0.08526264131069183,-0.0653897300362587,-0.06622683256864548,0.04157307744026184,-0.011071830987930298,-0.0327201783657074,0.0512063205242157,-0.032438814640045166,-0.06770949065685272,-0.0343802273273468,-0.11475096642971039,-0.1125858724117279,-0.0779237300157547,-0.12526097893714905,-0.1015133410692215,0.048291780054569244,-0.10319551825523376,0.0031333528459072113,-0.1720942258834839
10.51,0.0,0.0,-0.082669198513031,-0.08304214477539062,0.01577499508857727,-0.004609197378158569,-0.4714614152908325,0.022788941860198975,-0.08509412407875061,-0.08477365225553513,-0.04438619688153267,-0.07877503335475922,-0.09094560146331787,-0.03645322099328041,0.044423870742321014,0.08526264131069183,-0.0653897300362587,-0.06622683256864548,0.04157307744026184,-0.011071830987930298,-0.0327201783657074,0.0512063205242157,-0.032438814640045166,-0.06770949065685272,-0.0343802273273468,-0.11475096642971039,-0.1125858724117279,-0.0779237300157547,-0.12526097893714905,-0.1015133410692215,0.048291780054569244,-0.10319551825523376,0.0031333528459072113,-0.1720942258834839
10.52,0.0,0.0,-0.082669198513031,-0.08304214477539062,0.01577499508857727,-0.004609197378158569,-0.4714614152908325,0.022788941860198975,-0.08509412407875061,-0.08477365225553513,-0.04438619688153267,-0.07877503335475922,-0.09094560146331787,-0.03645322099328041,0.044423870742321014,0.08526264131069183,-0.0653897300362587,-0.06622683256864548,0.04157307744026184,-0.011071830987930298,-0.0327201783657074,0.0512063205242157,-0.032438814640045166,-0.06770949065685272,-0.0343802273273468,-0.11475096642971039,-0.1125858724117279,-0.0779237300157547,-0.12526097893714905,-0.1015133410692215,0.048291780054569244,-0.10319551825523376,0.0031333528459072113,-0.1720942258834839
10.53,0.0,0.0,-0.082669198513031,-0.08304214477539062,0.01577499508857727,-0.004609197378158569,-0.4714614152908325,0.022788941860198975,-0.08509412407875061,-0.08477365225553513,-0.04438619688153267,-0.07877503335475922,-0.09094560146331787,-0.03645322099328041,0.044423870742321014,0.08526264131069183,-0.0653897300362587,-0.06622683256864548,0.04157307744026184,-0.011071830987930298,-0.0327201783657074,0.0512063205242157,-0.032438814640045166,-0.06770949065685272,-0.0343802273273468,-0.11475096642971039,-0.1125858724117279,-0.0779237300157547,-0.12526097893714905,-0.1015133410692215,0.048291780054569244,-0.10319551825523376,0.0031333528459072113,-0.1720942258834839
10.54,0.0,0.0,-0.06318587064743042,-0.021508455276489258,0.03767934441566467,-0.06450256705284119,-0.6539418697357178,0.03958582878112793,-0.04919615387916565,-0.026447944343090057,0.006546448916196823,-0.010100673884153366,-0.0590921975672245,-0.025487039238214493,0.031836263835430145,0.12673085927963257,-0.0916038379073143,-0.10997101664543152,0.06077423691749573,0.06082409620285034,-0.03470602631568909,0.034930914640426636,0.08558773994445801,0.05151744186878204,0.024564892053604126,-0.05522172152996063,-0.02556154504418373,0.06982885301113129,-0.02518085390329361,0.015563834458589554,0.06397376209497452,-3.169849514961243e-05,0.0748368501663208,-0.10381140559911728
10.55,0.0,0.0,-0.06318587064743042,-0.021508455276489258,0.03767934441566467,-0.06450256705284119,-0.6539418697357178,0.03958582878112793,-0.04919615387916565,-0.026447944343090057,0.006546448916196823,-0.010100673884153366,-0.0590921975672245,-0.025487039238214493,0.031836263835430145,0.12673085927963257,-0.0916038379073143,-0.10997101664543152,0.06077423691749573,0.06082409620285034,-0.03470602631568909,0.034930914640426636,0.08558773994445801,0.05151744186878204,0.024564892053604126,-0.05522172152996063,-0.02556154504418373,0.06982885301113129,-0.02518085390329361,0.015563834458589554,0.06397376209497452,-3.169849514961243e-05,0.0748368501663208,-0.10381140559911728
10.56,0.0,0.0,-0.06318587064743042,-0.021508455276489258,0.03767934441566467,-0.06450256705284119,-0.6539418697357178,0.03958582878112793,-0.04919615387916565,-0.026447944343090057,0.006546448916196823,-0.010100673884153366,-0.0590921975672245,-0.025487039238214493,0.031836263835430145,0.12673085927963257,-0.0916038379073143,-0.10997101664543152,0.06077423691749573,0.06082409620285034,-0.03470602631568909,0.034930914640426636,0.08558773994445801,0.05151744186878204,0.024564892053604126,-0.05522172152996063,-0.02556154504418373,0.06982885301113129,-0.02518085390329361,0.015563834458589554,0.06397376209497452,-3.169849514961243e-05,0.0748368501663208,-0.10381140559911728
10.57,0.0,0.0,-0.06318587064743042,-0.021508455276489258,0.03767934441566467,-0.06450256705284119,-0.6539418697357178,0.03958582878112793,-0.04919615387916565,-0.026447944343090057,0.006546448916196823,-0.010100673884153366,-0.0590921975672245,-0.025487039238214493,0.031836263835430145,0.12673085927963257,-0.0916038379073143,-0.10997101664543152,0.06077423691749573,0.06082409620285034,-0.03470602631568909,0.034930914640426636,0.08558773994445801,0.05151744186878204,0.024564892053604126,-0.05522172152996063,-0.02556154504418373,0.06982885301113129,-0.02518085390329361,0.015563834458589554,0.06397376209497452,-3.169849514961243e-05,0.0748368501663208,-0.10381140559911728
10.58,0.0,0.0,-0.06318587064743042,-0.021508455276489258,0.03767934441566467,-0.06450256705284119,-0.6539418697357178,0.03958582878112793,-0.04919615387916565,-0.026447944343090057,0.006546448916196823,-0.010100673884153366,-0.0590921975672245,-0.025487039238214493,0.031836263835430145,0.12673085927963257,-0.0916038379073143,-0.10997101664543152,0.06077423691749573,0.06082409620285034,-0.03470602631568909,0.034930914640426636,0.08558773994445801,0.05151744186878204,0.024564892053604126,-0.05522172152996063,-0.02556154504418373,0.06982885301113129,-0.02518085390329361,0.015563834458589554,0.06397376209497452,-3.169849514961243e-05,0.0748368501663208,-0.10381140559911728
10.59,0.0,0.0,-0.010909557342529297,-0.04789531230926514,0.0026333630084991455,-0.04971766471862793,-0.26044756174087524,0.07776814699172974,0.033404916524887085,0.06152457743883133,0.05291734263300896,0.01571233943104744,-0.01483825221657753,0.012763436883687973,0.057060979306697845,0.03315703570842743,0.06667958199977875,0.013824598863720894,0.06232529878616333,0.0767902135848999,0.018430501222610474,0.0937504768371582,0.11242038011550903,0.05861498415470123,0.06956246495246887,0.0040279775857925415,0.04150637611746788,0.12711690366268158,0.07932700961828232,0.03034811094403267,0.08785013109445572,0.07240548729896545,0.12096570432186127,0.07735241204500198
10.6,0.0,0.00126,-0.010909557342529297,-0.04789531230926514,0.0026333630084991455,-0.04971766471862793,-0.26044756174087524,0.07776814699172974,0.033404916524887085,0.06152457743883133,0.05291734263300896,0.01571233943104744,-0.01483825221657753,0.012763436883687973,0.057060979306697845,0.03315703570842743,0.06667958199977875,0.013824598863720894,0.06232529878616333,0.0767902135848999,0.018430501222610474,0.0937504768371582,0.11242038011550903,0.05861498415470123,0.06956246495246887,0.0040279775857925415,0.04150637611746788,0.12711690366268158,0.07932700961828232,0.03034811094403267,0.08785013109445572,0.07240548729896545,0.12096570432186127,0.07735241204500198
10.61,0.0,0.00149,-0.010909557342529297,-0.04789531230926514,0.0026333630084991455,-0.04971766471862793,-0.26044756174087524,0.07776814699172974,0.033404916524887085,0.06152457743883133,0.05291734263300896,0.01571233943104744,-0.01483825221657753,0.012763436883687973,0.057060979306697845,0.03315703570842743,0.06667958199977875,0.013824598863720894,0.06232529878616333,0.0767902135848999,0.018430501222610474,0.0937504768371582,0.11242038011550903,0.05861498415470123,0.06956246495246887,0.0040279775857925415,0.04150637611746788,0.12711690366268158,0.07932700961828232,0.03034811094403267,0.08785013109445572,0.07240548729896545,0.12096570432186127,0.07735241204500198
10.62,0.0,0.00166,-0.010909557342529297,-0.04789531230926514,0.0026333630084991455,-0.04971766471862793,-0.26044756174087524,0.07776814699172974,0.033404916524887085,0.06152457743883133,0.05291734263300896,0.01571233943104744,-0.01483825221657753,0.012763436883687973,0.057060979306697845,0.03315703570842743,0.06667958199977875,0.013824598863720894,0.06232529878616333,0.0767902135848999,0.018430501222610474,0.0937504768371582,0.11242038011550903,0.05861498415470123,0.06956246495246887,0.0040279775857925415,0.04150637611746788,0.12711690366268158,0.07932700961828232,0.03034811094403267,0.08785013109445572,0.07240548729896545,0.12096570432186127,0.07735241204500198
10.63,0.0,0.00189,-0.010909557342529297,-0.04789531230926514,0.0026333630084991455,-0.04971766471862793,-0.26044756174087524,0.07776814699172974,0.033404916524887085,0.06152457743883133,0.05291734263300896,0.01571233943104744,-0.01483825221657753,0.012763436883687973,0.057060979306697845,0.03315703570842743,0.06667958199977875,0.013824598863720894,0.06232529878616333,0.0767902135848999,0.018430501222610474,0.0937504768371582,0.11242038011550903,0.05861498415470123,0.06956246495246887,0.0040279775857925415,0.04150637611746788,0.12711690366268158,0.07932700961828232,0.03034811094403267,0.08785013109445572,0.07240548729896545,0.12096570432186127,0.07735241204500198
10.64,0.0,0.00206,0.019169151782989502,-0.014273852109909058,0.06360769271850586,0.04829072952270508,-0.03373664617538452,0.11676400899887085,0.05433282256126404,0.06486058980226517,0.07754535973072052,0.04404674842953682,0.013990726321935654,0.07686915993690491,0.07729115337133408,0.14168505370616913,0.013642772100865841,0.02128584124147892,0.09137654304504395,0.06393536925315857,0.05858173966407776,0.11255449056625366,0.13726049661636353,0.12444759905338287,0.10458329319953918,0.048057809472084045,0.022440042346715927,0.07282321155071259,0.08458121865987778,0.06427012383937836,0.14214393496513367,0.048595789819955826,0.1211952418088913,-0.0240633487701416
10.65,0.02587,0.0022,0.019169151782989502,-0.014273852109909058,0.06360769271850586,0.04829072952270508,-0.03373664617538452,0.11676400899887085,0.05433282256126404,0.06486058980226517,0.07754535973072052,0.04404674842953682,0.013990726321935654,0.07686915993690491,0.07729115337133408,0.14168505370616913,0.013642772100865841,0.02128584124147892,0.09137654304504395,0.06393536925315857,0.05858173966407776,0.11255449056625366,0.13726049661636353,0.12444759905338287,0.10458329319953918,0.048057809472084045,0.022440042346715927,0.07282321155071259,0.08458121865987778,0.06427012383937836,0.14214393496513367,0.048595789819955826,0.1211952418088913,-0.0240633487701416
10.66,0.04515,0.00231,0.019169151782989502,-0.014273852109909058,0.06360769271850586,0.04829072952270508,-0.03373664617538452,0.11676400899887085,0.05433282256126404,0.06486058980226517,0.07754535973072052,0.04404674842953682,0.013990726321935654,0.07686915993690491,0.07729115337133408,0.14168505370616913,0.013642772100865841,0.02128584124147892,0.09137654304504395,0.06393536925315857,0.05858173966407776,0.11255449056625366,0.13726049661636353,0.12444759905338287,0.10458329319953918,0.048057809472084045,0.022440042346715927,0.07282321155071259,0.08458121865987778,0.06427012383937836,0.14214393496513367,0.048595789819955826,0.1211952418088913,-0.0240633487701416
10.67,0.06344,0.0024,0.019169151782989502,-0.014273852109909058,0.06360769271850586,0.04829072952270508,-0.03373664617538452,0.11676400899887085,0.05433282256126404,0.06486058980226517,0.07754535973072052,0.04404674842953682,0.013990726321935654,0.07686915993690491,0.07729115337133408,0.14168505370616913,0.013642772100865841,0.02128584124147892,0.09137654304504395,0.06393536925315857,0.05858173966407776,0.11255449056625366,0.13726049661636353,0.12444759905338287,0.10458329319953918,0.048057809472084045,0.022440042346715927,0.07282321155071259,0.08458121865987778,0.06427012383937836,0.14214393496513367,0.048595789819955826,0.1211952418088913,-0.0240633487701416
10.68,0.08056,0.00247,0.019169151782989502,-0.014273852109909058,0.06360769271850586,0.04829072952270508,-0.03373664617538452,0.11676400899887085,0.05433282256126404,0.06486058980226517,0.07754535973072052,0.04404674842953682,0.013990726321935654,0.07686915993690491,0.07729115337133408,0.14168505370616913,0.013642772100865841,0.02128584124147892,0.09137654304504395,0.06393536925315857,0.05858173966407776,0.11255449056625366,0.13726049661636353,0.12444759905338287,0.10458329319953918,0.048057809472084045,0.022440042346715927,0.07282321155071259,0.08458121865987778,0.06427012383937836,0.14214393496513367,0.048595789819955826,0.1211952418088913,-0.0240633487701416
10.69,0.09631,0.00251,0.0005409717559814453,-0.01656767725944519,0.05372747778892517,-0.031090885400772095,-0.024353057146072388,0.08852565288543701,0.02625533938407898,0.056480057537555695,0.05064980313181877,0.038735050708055496,-0.030966106802225113,0.033297862857580185,0.056940533220767975,0.13556233048439026,-0.030070573091506958,-0.025248272344470024,0.13561084866523743,0.06339806318283081,0.07724979519844055,0.13360103964805603,0.13401705026626587,0.09983523190021515,0.11752119660377502,0.054072216153144836,0.059074606746435165,0.08590637147426605,0.0877167209982872,0.04229246452450752,0.16061410307884216,0.09789745509624481,0.18116337060928345,0.0018053874373435974
10.7,0.1078,0.00253,0.0005409717559814453,-0.01656767725944519,0.05372747778892517,-0.031090885400772095,-0.024353057146072388,0.08852565288543701,0.02625533938407898,0.056480057537555695,0.05064980313181877,0.038735050708055496,-0.030966106802225113,0.033297862857580185,0.056940533220767975,0.13556233048439026,-0.030070573091506958,-0.025248272344470024,0.13561084866523743,0.06339806318283081,0.07724979519844055,0.13360103964805603,0.13401705026626587,0.09983523190021515,0.11752119660377502,0.054072216153144836,0.059074606746435165,0.08590637147426605,0.0877167209982872,0.04229246452450752,0.16061410307884216,0.09789745509624481,0.18116337060928345,0.0018053874373435974
10.71,0.12303,0.00253,0.0005409717559814453,-0.01656767725944519,0.05372747778892517,-0.031090885400772095,-0.024353057146072388,0.08852565288543701,0.02625533938407898,0.056480057537555695,0.05064980313181877,0.038735050708055496,-0.030966106802225113,0.033297862857580185,0.056940533220767975,0.13556233048439026,-0.030070573091506958,-0.025248272344470024,0.13561084866523743,0.06339806318283081,0.07724979519844055,0.13360103964805603,0.13401705026626587,0.09983523190021515,0.11752119660377502,0.054072216153144836,0.059074606746435165,0.08590637147426605,0.0877167209982872,0.04229246452450752,0.16061410307884216,0.09789745509624481,0.18116337060928345,0.0018053874373435974
10.72,0.13377,0.00251,0.0005409717559814453,-0.01656767725944519,0.05372747778892517,-0.031090885400772095,-0.024353057146072388,0.08852565288543701,0.02625533938407898,0.056480057537555695,0.05064980313181877,0.038735050708055496,-0.030966106802225113,0.033297862857580185,0.056940533220767975,0.13556233048439026,-0.030070573091506958,-0.025248272344470024,0.13561084866523743,0.06339806318283081,0.07724979519844055,0.13360103964805603,0.13401705026626587,0.09983523190021515,0.11752119660377502,0.054072216153144836,0.059074606746435165,0.08590637147426605,0.0877167209982872,0.04229246452450752,0.16061410307884216,0.09789745509624481,0.18116337060928345,0.0018053874373435974
10.73,0.14262,0.00247,0.0005409717559814453,-0.01656767725944519,0.05372747778892517,-0.031090885400772095,-0.024353057146072388,0.08852565288543701,0.02625533938407898,0.056480057537555695,0.05064980313181877,0.038735050708055496,-0.030966106802225113,0.033297862857580185,0.056940533220767975,0.13556233048439026,-0.030070573091506958,-0.025248272344470024,0.13561084866523743,0.06339806318283081,0.07724979519844055,0.13360103964805603,0.13401705026626587,0.09983523190021515,0.11752119660377502,0.054072216153144836,0.059074606746435165,0.08590637147426605,0.0877167209982872,0.04229246452450752,0.16061410307884216,0.09789745509624481,0.18116337060928345,0.0018053874373435974
10.74,0.14953,0.00241,0.08386534452438354,-0.04375004768371582,0.0028126537799835205,-0.0697762668132782,0.38711339235305786,0.016704559326171875,-0.008184105157852173,0.0059411004185676575,-0.01041455939412117,-0.009250711649656296,-0.10982927680015564,-0.01919463649392128,0.030500106513500214,0.07684142887592316,-0.007586301304399967,-0.04034804552793503,0.14425256848335266,0.07218354940414429,0.071051687002182,0.13131585717201233,0.08644229173660278,0.05342461168766022,0.08131137490272522,0.010584190487861633,0.11099192500114441,0.1359981745481491,0.07992710918188095,0.0864371508359909,0.13263705372810364,0.05790478363633156,0.14985141158103943,0.009110644459724426
10.75,0.15445,0.00232,0.08386534452438354,-0.04375004768371582,0.0028126537799835205,-0.0697762668132782,0.38711339235305786,0.016704559326171875,-0.008184105157852173,0.0059411004185676575,-0.01041455939412117,-0.009250711649656296,-0.10982927680015564,-0.01919463649392128,0.030500106513500214,0.07684142887592316,-0.007586301304399967,-0.04034804552793503,0.14425256848335266,0.07218354940414429,0.071051687002182,0.13131585717201233,0.08644229173660278,0.05342461168766022,0.08131137490272522,0.010584190487861633,0.11099192500114441,0.1359981745481491,0.07992710918188095,0.0864371508359909,0.13263705372810364,0.05790478363633156,0.14985141158103943,0.009110644459724426
10.76,0.15737,0.00222,0.08386534452438354,-0.04375004768371582,0.0028126537799835205,-0.0697762668132782,0.38711339235305786,0.016704559326171875,-0.008184105157852173,0.0059411004185676575,-0.01041455939412117,-0.009250711649656296,-0.10982927680015564,-0.01919463649392128,0.030500106513500214,0.07684142887592316,-0.007586301304399967,-0.04034804552793503,0.14425256848335266,0.07218354940414429,0.071051687002182,0.13131585717201233,0.08644229173660278,0.05342461168766022,0.08131137490272522,0.010584190487861633,0.11099192500114441,0.1359981745481491,0.07992710918188095,0.0864371508359909,0.13263705372810364,0.05790478363633156,0.14985141158103943,0.009110644459724426
10.77,0.15832,0.00211,0.08386534452438354,-0.04375004768371582,0.0028126537799835205,-0.0697762668132782,0.38711339235305786,0.016704559326171875,-0.008184105157852173,0.0059411004185676575,-0.01041455939412117,-0.009250711649656296,-0.10982927680015564,-0.01919463649392128,0.030500106513500214,0.07684142887592316,-0.007586301304399967,-0.04034804552793503,0.14425256848335266,0.07218354940414429,0.071051687002182,0.13131585717201233,0.08644229173660278,0.05342461168766022,0.08131137490272522,0.010584190487861633,0.11099192500114441,0.1359981745481491,0.07992710918188095,0.0864371508359909,0.13263705372810364,0.05790478363633156,0.14985141158103943,0.009110644459724426
10.78,0.15733,0.00198,0.08386534452438354,-0.04375004768371582,0.0028126537799835205,-0.0697762668132782,0.38711339235305786,0.016704559326171875,-0.008184105157852173,0.0059411004185676575,-0.01041455939412117,-0.009250711649656296,-0.10982927680015564,-0.01919463649392128,0.030500106513500214,0.07684142887592316,-0.007586301304399967,-0.04034804552793503,0.14425256848335266,0.07218354940414429,0.071051687002182,0.13131585717201233,0.08644229173660278,0.05342461168766022,0.08131137490272522,0.010584190487861633,0.11099192500114441,0.1359981745481491,0.07992710918188095,0.0864371508359909,0.13263705372810364,0.05790478363633156,0.14985141158103943,0.009110644459724426
10.79,0.15516,0.00186,-0.019099116325378418,-0.050228774547576904,-0.00032508373260498047,-0.015829235315322876,-0.03997772932052612,-0.06907159090042114,-0.06971630454063416,-0.054987840354442596,-0.06859998404979706,-0.055307786911726,-0.13017243146896362,-0.040364477783441544,-0.06020671874284744,-0.09971003234386444,-0.14092139899730682,-0.14123894274234772,0.05086672306060791,0.025317341089248657,0.004727452993392944,0.05574515461921692,0.028450310230255127,0.007465258240699768,0.03447416424751282,-0.04009203612804413,0.04079398140311241,0.09616462886333466,0.033226750791072845,-0.0403905026614666,0.05562330037355423,-0.010398928076028824,0.09331777691841125,-0.10006817430257797
10.8,0.14979,0.00167,-0.019099116325378418,-0.050228774547576904,-0.00032508373260498047,-0.015829235315322876,-0.03997772932052612,-0.06907159090042114,-0.06971630454063416,-0.054987840354442596,-0.06859998404979706,-0.055307786911726,-0.13017243146896362,-0.040364477783441544,-0.06020671874284744,-0.09971003234386444,-0.14092139899730682,-0.14123894274234772,0.05086672306060791,0.025317341089248657,0.004727452993392944,0.05574515461921692,0.028450310230255127,0.007465258240699768,0.03447416424751282,-0.04009203612804413,0.04079398140311241,0.09616462886333466,0.033226750791072845,-0.0403905026614666,0.05562330037355423,-0.010398928076028824,0.09331777691841125,-0.10006817430257797
10.81,0.14343,0.0015,-0.019099116325378418,-0.050228774547576904,-0.00032508373260498047,-0.015829235315322876,-0.03997772932052612,-0.06907159090042114,-0.06971630454063416,-0.054987840354442596,-0.06859998404979706,-0.055307786911726,-0.13017243146896362,-0.040364477783441544,-0.06020671874284744,-0.09971003234386444,-0.14092139899730682,-0.14123894274234772,0.05086672306060791,0.025317341089248657,0.004727452993392944,0.05574515461921692,0.028450310230255127,0.007465258240699768,0.03447416424751282,-0.04009203612804413,0.04079398140311241,0.09616462886333466,0.033226750791072845,-0.0403905026614666,0.05562330037355423,-0.010398928076028824,0.09331777691841125,-0.10006817430257797
10.82,0.13551,0.00133,-0.019099116325378418,-0.050228774547576904,-0.00032508373260498047,-0.015829235315322876,-0.03997772932052612,-0.06907159090042114,-0.06971630454063416,-0.054987840354442596,-0.06859998404979706,-0.055307786911726,-0.13017243146896362,-0.040364477783441544,-0.06020671874284744,-0.09971003234386444,-0.14092139899730682,-0.14123894274234772,0.05086672306060791,0.025317341089248657,0.004727452993392944,0.05574515461921692,0.028450310230255127,0.007465258240699768,0.03447416424751282,-0.04009203612804413,0.04079398140311241,0.09616462886333466,0.033226750791072845,-0.0403905026614666,0.05562330037355423,-0.010398928076028824,0.09331777691841125,-0.10006817430257797
10.83,0.12616,0.00115,-0.019099116325378418,-0.050228774547576904,-0.00032508373260498047,-0.015829235315322876,-0.03997772932052612,-0.06907159090042114,-0.06971630454063416,-0.054987840354442596,-0.06859998404979706,-0.055307786911726,-0.13017243146896362,-0.040364477783441544,-0.06020671874284744,-0.09971003234386444,-0.14092139899730682,-0.14123894274234772,0.05086672306060791,0.025317341089248657,0.004727452993392944,0.05574515461921692,0.028450310230255127,0.007465258240699768,0.03447416424751282,-0.04009203612804413,0.04079398140311241,0.09616462886333466,0.033226750791072845,-0.0403905026614666,0.05562330037355423,-0.010398928076028824,0.09331777691841125,-0.10006817430257797
10.84,0.11554,0.0,-0.07725822925567627,-0.054676949977874756,0.00646480917930603,-0.045736342668533325,0.08250969648361206,-0.07451760768890381,-0.04390820860862732,-0.006947211921215057,-0.06006770208477974,-0.03696770593523979,-0.07547062635421753,-0.03947785869240761,-0.12197128683328629,-0.1436050683259964,-0.09472008794546127,-0.12922583520412445,-0.022785216569900513,-0.014572948217391968,-0.04189315438270569,0.01667410135269165,-0.0016794800758361816,-0.010858282446861267,-0.004753798246383667,-0.07481805980205536,-0.0480022169649601,-0.003980714827775955,-0.0333048477768898,-0.01691741868853569,-0.0028312578797340393,-0.058567825704813004,0.019466456025838852,-0.14235591888427734
10.85,0.10381,0.0,-0.07725822925567627,-0.054676949977874756,0.00646480917930603,-0.045736342668533325,0.08250969648361206,-0.07451760768890381,-0.04390820860862732,-0.006947211921215057,-0.06006770208477974,-0.03696770593523979,-0.07547062635421753,-0.03947785869240761,-0.12197128683328629,-0.1436050683259964,-0.09472008794546127,-0.12922583520412445,-0.022785216569900513,-0.014572948217391968,-0.04189315438270569,0.01667410135269165,-0.0016794800758361816,-0.010858282446861267,-0.004753798246383667,-0.07481805980205536,-0.0480022169649601,-0.003980714827775955,-0.0333048477768898,-0.01691741868853569,-0.0028312578797340393,-0.058567825704813004,0.019466456025838852,-0.14235591888427734
10.86,0.09116,0.0,-0.07725822925567627,-0.054676949977874756,0.00646480917930603,-0.045736342668533325,0.08250969648361206,-0.07451760768890381,-0.04390820860862732,-0.006947211921215057,-0.06006770208477974,-0.03696770593523979,-0.07547062635421753,-0.03947785869240761,-0.12197128683328629,-0.1436050683259964,-0.09472008794546127,-0.12922583520412445,-0.022785216569900513,-0.014572948217391968,-0.04189315438270569,0.01667410135269165,-0.0016794800758361816,-0.010858282446861267,-0.004753798246383667,-0.07481805980205536,-0.0480022169649601,-0.003980714827775955,-0.0333048477768898,-0.01691741868853569,-0.0028312578797340393,-0.058567825704813004,0.019466456025838852,-0.14235591888427734
10.87,0.08048,0.0,-0.07725822925567627,-0.054676949977874756,0.00646480917930603,-0.045736342668533325,0.08250969648361206,-0.07451760768890381,-0.04390820860862732,-0.006947211921215057,-0.06006770208477974,-0.03696770593523979,-0.07547062635421753,-0.03947785869240761,-0.12197128683328629,-0.1436050683259964,-0.09472008794546127,-0.12922583520412445,-0.022785216569900513,-0.014572948217391968,-0.04189315438270569,0.01667410135269165,-0.0016794800758361816,-0.010858282446861267,-0.004753798246383667,-0.07481805980205536,-0.0480022169649601,-0.003980714827775955,-0.0333048477768898,-0.01691741868853569,-0.0028312578797340393,-0.058567825704813004,0.019466456025838852,-0.14235591888427734
10.88,0.06376,0.0,-0.07725822925567627,-0.054676949977874756,0.00646480917930603,-0.045736342668533325,0.08250969648361206,-0.07451760768890381,-0.04390820860862732,-0.006947211921215057,-0.06006770208477974,-0.03696770593523979,-0.07547062635421753,-0.03947785869240761,-0.12197128683328629,-0.1436050683259964,-0.09472008794546127,-0.12922583520412445,-0.022785216569900513,-0.014572948217391968,-0.04189315438270569,0.01667410135269165,-0.0016794800758361816,-0.010858282446861267,-0.004753798246383667,-0.07481805980205536,-0.0480022169649601,-0.003980714827775955,-0.0333048477768898,-0.01691741868853569,-0.0028312578797340393,-0.058567825704813004,0.019466456025838852,-0.14235591888427734
10.89,0.04938,0.0,-0.08437997102737427,-0.04723942279815674,0.00790289044380188,-0.0627278983592987,0.36099064350128174,-0.01977670192718506,-0.016596049070358276,-0.0044771358370780945,-0.031411100178956985,0.00802837684750557,-0.050006214529275894,-0.02899051085114479,-0.12667009234428406,-0.14659211039543152,-0.039680808782577515,-0.09365608543157578,-0.0010899007320404053,-0.022171080112457275,-0.03475913405418396,0.037090033292770386,-0.017394602298736572,-0.028653547167778015,-0.0030365288257598877,-0.06899534165859222,-0.03079983964562416,-0.02404053881764412,-0.046821750700473785,-0.040440093725919724,-0.0061100199818611145,-0.040133286267519,0.039105694741010666,-0.09438441693782806
10.9,0.03482,0.0,-0.08437997102737427,-0.04723942279815674,0.00790289044380188,-0.0627278983592987,0.36099064350128174,-0.01977670192718506,-0.016596049070358276,-0.0044771358370780945,-0.031411100178956985,0.00802837684750557,-0.050006214529275894,-0.02899051085114479,-0.12667009234428406,-0.14659211039543152,-0.039680808782577515,-0.09365608543157578,-0.0010899007320404053,-0.022171080112457275,-0.03475913405418396,0.037090033292770386,-0.017394602298736572,-0.028653547167778015,-0.0030365288257598877,-0.06899534165859222,-0.03079983964562416,-0.02404053881764412,-0.046821750700473785,-0.040440093725919724,-0.0061100199818611145,-0.040133286267519,0.039105694741010666,-0.09438441693782806
10.91,0.02024,0.0,-0.08437997102737427,-0.04723942279815674,0.00790289044380188,-0.0627278983592987,0.36099064350128174,-0.01977670192718506,-0.016596049070358276,-0.0044771358370780945,-0.031411100178956985,0.00802837684750557,-0.050006214529275894,-0.02899051085114479,-0.12667009234428406,-0.14659211039543152,-0.039680808782577515,-0.09365608543157578,-0.0010899007320404053,-0.022171080112457275,-0.03475913405418396,0.037090033292770386,-0.017394602298736572,-0.028653547167778015,-0.0030365288257598877,-0.06899534165859222,-0.03079983964562416,-0.02404053881764412,-0.046821750700473785,-0.040440093725919724,-0.0061100199818611145,-0.040133286267519,0.039105694741010666,-0.09438441693782806
10.92,0.0,0.0,-0.08437997102737427,-0.04723942279815674,0.00790289044380188,-0.0627278983592987,0.36099064350128174,-0.01977670192718506,-0.016596049070358276,-0.0044771358370780945,-0.031411100178956985,0.00802837684750557,-0.050006214529275894,-0.02899051085114479,-0.12667009234428406,-0.14659211039543152,-0.039680808782577515,-0.09365608543157578,-0.0010899007320404053,-0.022171080112457275,-0.03475913405418396,0.037090033292770386,-0.017394602298736572,-0.028653547167778015,-0.0030365288257598877,-0.06899534165859222,-0.03079983964562416,-0.02404053881764412,-0.046821750700473785,-0.040440093725919724,-0.0061100199818611145,-0.040133286267519,0.039105694741010666,-0.09438441693782806
10.93,0.0,0.0,-0.08437997102737427,-0.04723942279815674,0.00790289044380188,-0.0627278983592987,0.36099064350128174,-0.01977670192718506,-0.016596049070358276,-0.0044771358370780945,-0.031411100178956985,0.00802837684750557,-0.050006214529275894,-0.02899051085114479,-0.12667009234428406,-0.14659211039543152,-0.039680808782577515,-0.09365608543157578,-0.0010899007320404053,-0.022171080112457275,-0.03475913405418396,0.037090033292770386,-0.017394602298736572,-0.028653547167778015,-0.0030365288257598877,-0.06899534165859222,-0.03079983964562416,-0.02404053881764412,-0.046821750700473785,-0.040440093725919724,-0.0061100199818611145,-0.040133286267519,0.039105694741010666,-0.09438441693782806
10.94,0.0,0.0,-0.12519335746765137,-0.06500327587127686,-0.01779457926750183,-0.052159398794174194,0.34726494550704956,-0.011312365531921387,-0.07993963360786438,-0.05725943297147751,-0.04072405770421028,0.010079879313707352,-0.08609086275100708,-0.05031580105423927,-0.11910054832696915,-0.12408079206943512,-0.1300632506608963,-0.13307411968708038,-0.01049351692199707,-0.03528621792793274,-0.04902210831642151,0.01810389757156372,0.02460646629333496,0.028210535645484924,0.03310397267341614,-0.0349569171667099,-0.012236688286066055,0.01332954689860344,-0.027291394770145416,-0.00645286962389946,0.016217656433582306,-0.04732247069478035,0.02595433220267296,-0.0987335741519928
10.95,0.0,0.0,-0.12519335746765137,-0.06500327587127686,-0.01779457926750183,-0.052159398794174194,0.34726494550704956,-0.011312365531921387,-0.07993963360786438,-0.05725943297147751,-0.04072405770421028,0.010079879313707352,-0.08609086275100708,-0.05031580105423927,-0.11910054832696915,-0.12408079206943512,-0.1300632506608963,-0.13307411968708038,-0.01049351692199707,-0.03528621792793274,-0.04902210831642151,0.01810389757156372,0.02460646629333496,0.028210535645484924,0.03310397267341614,-0.0349569171667099,-0.012236688286066055,0.01332954689860344,-0.027291394770145416,-0.00645286962389946,0.016217656433582306,-0.04732247069478035,0.02595433220267296,-0.0987335741519928
10.96,0.0,0.0,-0.12519335746765137,-0.06500327587127686,-0.01779457926750183,-0.052159398794174194,0.34726494550704956,-0.011312365531921387,-0.07993963360786438,-0.05725943297147751,-0.04072405770421028,0.010079879313707352,-0.08609086275100708,-0.05031580105423927,-0.11910054832696915,-0.12408079206943512,-0.1300632506608963,-0.13307411968708038,-0.01049351692199707,-0.03528621792793274,-0.04902210831642151,0.01810389757156372,0.02460646629333496,0.028210535645484924,0.03310397267341614,-0.0349569171667099,-0.012236688286066055,0.01332954689860344,-0.027291394770145416,-0.00645286962389946,0.016217656433582306,-0.04732247069478035,0.02595433220267296,-0.0987335741519928
10.97,0.0,0.0,-0.12519335746765137,-0.06500327587127686,-0.01779457926750183,-0.052159398794174194,0.34726494550704956,-0.011312365531921387,-0.07993963360786438,-0.05725943297147751,-0.04072405770421028,0.010079879313707352,-0.08609086275100708,-0.05031580105423927,-0.11910054832696915,-0.12408079206943512,-0.1300632506608963,-0.13307411968708038,-0.01049351692199707,-0.03528621792793274,-0.04902210831642151,0.01810389757156372,0.02460646629333496,0.028210535645484924,0.03310397267341614,-0.0349569171667099,-0.012236688286066055,0.01332954689860344,-0.027291394770145416,-0.00645286962389946,0.016217656433582306,-0.04732247069478035,0.02595433220267296,-0.0987335741519928
10.98,0.0,0.0,-0.12519335746765137,-0.06500327587127686,-0.01779457926750183,-0.052159398794174194,0.34726494550704956,-0.011312365531921387,-0.07993963360786438,-0.05725943297147751,-0.04072405770421028,0.010079879313707352,-0.08609086275100708,-0.05031580105423927,-0.11910054832696915,-0.12408079206943512,-0.1300632506608963,-0.13307411968708038,-0.01049351692199707,-0.03528621792793274,-0.04902210831642151,0.01810389757156372,0.02460646629333496,0.028210535645484924,0.03310397267341614,-0.0349569171667099,-0.012236688286066055,0.01332954689860344,-0.027291394770145416,-0.00645286962389946,0.016217656433582306,-0.04732247069478035,0.02595433220267296,-0.0987335741519928
10.99,0.0,0.0,-0.11214625835418701,-0.11179238557815552,-0.05891376733779907,-0.10181990265846252,0.24384969472885132,-0.00893181562423706,-0.046136289834976196,-0.007844023406505585,-0.030969280749559402,-0.0339156799018383,-0.10272431373596191,-0.06222224608063698,-0.07605601102113724,-0.06274808943271637,-0.024225566536188126,-0.06754101812839508,-0.014476746320724487,-0.013529211282730103,-0.026536554098129272,0.04935607314109802,0.06399494409561157,0.061023369431495667,0.04778704047203064,-0.01708589494228363,-0.016154978424310684,0.03499368950724602,-0.008172906935214996,-0.021736394613981247,0.03134386986494064,0.031151767820119858,0.09598490595817566,-0.02995660901069641
11.0,0.0,0.0,-0.11214625835418701,-0.11179238557815552,-0.05891376733779907,-0.10181990265846252,0.24384969472885132,-0.00893181562423706,-0.046136289834976196,-0.007844023406505585,-0.030969280749559402,-0.0339156799018383,-0.10272431373596191,-0.06222224608063698,-0.07605601102113724,-0.06274808943271637,-0.024225566536188126,-0.06754101812839508,-0.014476746320724487,-0.013529211282730103,-0.026536554098129272,0.04935607314109802,0.06399494409561157,0.061023369431495667,0.04778704047203064,-0.01708589494228363,-0.016154978424310684,0.03499368950724602,-0.008172906935214996,-0.021736394613981247,0.03134386986494064,0.031151767820119858,0.09598490595817566,-0.02995660901069641
11.01,0.0,0.0,-0.11214625835418701,-0.11179238557815552,-0.05891376733779907,-0.10181990265846252,0.24384969472885132,-0.00893181562423706,-0.046136289834976196,-0.007844023406505585,-0.030969280749559402,-0.0339156799018383,-0.10272431373596191,-0.06222224608063698,-0.07605601102113724,-0.06274808943271637,-0.024225566536188126,-0.06754101812839508,-0.014476746320724487,-0.013529211282730103,-0.026536554098129272,0.04935607314109802,0.06399494409561157,0.061023369431495667,0.04778704047203064,-0.01708589494228363,-0.016154978424310684,0.03499368950724602,-0.008172906935214996,-0.021736394613981247,0.03134386986494064,0.031151767820119858,0.09598490595817566,-0.02995660901069641
11.02,0.0,0.0,-0.11214625835418701,-0.11179238557815552,-0.05891376733779907,-0.10181990265846252,0.24384969472885132,-0.00893181562423706,-0.046136289834976196,-0.007844023406505585,-0.030969280749559402,-0.0339156799018383,-0.10272431373596191,-0.06222224608063698,-0.07605601102113724,-0.06274808943271637,-0.024225566536188126,-0.06754101812839508,-0.014476746320724487,-0.013529211282730103,-0.026536554098129272,0.04935607314109802,0.06399494409561157,0.061023369431495667,0.04778704047203064,-0.01708589494228363,-0.016154978424310684,0.03499368950724602,-0.008172906935214996,-0.021736394613981247,0.03134386986494064,0.031151767820119858,0.09598490595817566,-0.02995660901069641
11.03,0.0,0.0,-0.11214625835418701,-0.11179238557815552,-0.05891376733779907,-0.10181990265846252,0.24384969472885132,-0.00893181562423706,-0.046136289834976196,-0.007844023406505585,-0.030969280749559402,-0.0339156799018383,-0.10272431373596191,-0.06222224608063698,-0.07605601102113724,-0.06274808943271637,-0.024225566536188126,-0.06754101812839508,-0.014476746320724487,-0.013529211282730103,-0.026536554098129272,0.04935607314109802,0.06399494409561157,0.061023369431495667,0.04778704047203064,-0.01708589494228363,-0.016154978424310684,0.03499368950724602,-0.008172906935214996,-0.021736394613981247,0.03134386986494064,0.031151767820119858,0.09598490595817566,-0.02995660901069641
11.04,0.0,0.0,-0.08256036043167114,-0.0751621425151825,-0.021290481090545654,-0.08083269000053406,-0.02378271520137787,-0.01656949520111084,-0.04917958378791809,-0.05469708889722824,-0.007414389401674271,-0.03920210525393486,-0.0620444156229496,-0.023280087858438492,-0.01788703352212906,-0.04598046839237213,-0.010951121337711811,-0.04916565865278244,0.013735324144363403,0.006793111562728882,-0.011510401964187622,0.05650922656059265,-0.014171481132507324,-0.025133416056632996,-0.00851789116859436,-0.07453463971614838,-0.04457119479775429,0.009585540741682053,-0.022024191915988922,-0.00378413125872612,0.012293748557567596,-0.034633997827768326,0.04160388931632042,-0.11239185184240341
11.05,0.0,0.0,-0.08256036043167114,-0.0751621425151825,-0.021290481090545654,-0.08083269000053406,-0.02378271520137787,-0.01656949520111084,-0.04917958378791809,-0.05469708889722824,-0.007414389401674271,-0.03920210525393486,-0.0620444156229496,-0.023280087858438492,-0.01788703352212906,-0.04598046839237213,-0.010951121337711811,-0.04916565865278244,0.013735324144363403,0.006793111562728882,-0.011510401964187622,0.05650922656059265,-0.014171481132507324,-0.025133416056632996,-0.00851789116859436,-0.07453463971614838,-0.04457119479775429,0.009585540741682053,-0.022024191915988922,-0.00378413125872612,0.012293748557567596,-0.034633997827768326,0.04160388931632042,-0.11239185184240341
11.06,0.0,0.0,-0.08256036043167114,-0.0751621425151825,-0.021290481090545654,-0.08083269000053406,-0.02378271520137787,-0.01656949520111084,-0.04917958378791809,-0.05469708889722824,-0.007414389401674271,-0.03920210525393486,-0.0620444156229496,-0.023280087858438492,-0.01788703352212906,-0.04598046839237213,-0.010951121337711811,-0.04916565865278244,0.013735324144363403,0.006793111562728882,-0.011510401964187622,0.05650922656059265,-0.014171481132507324,-0.025133416056632996,-0.00851789116859436,-0.07453463971614838,-0.04457119479775429,0.009585540741682053,-0.022024191915988922,-0.00378413125872612,0.012293748557567596,-0.034633997827768326,0.04160388931632042,-0.11239185184240341
11.07,0.0,0.0,-0.08256036043167114,-0.0751621425151825,-0.021290481090545654,-0.08083269000053406,-0.02378271520137787,-0.01656949520111084,-0.04917958378791809,-0.05469708889722824,-0.007414389401674271,-0.03920210525393486,-0.0620444156229496,-0.023280087858438492,-0.01788703352212906,-0.04598046839237213,-0.010951121337711811,-0.04916565865278244,0.013735324144363403,0.006793111562728882,-0.011510401964187622,0.05650922656059265,-0.014171481132507324,-0.025133416056632996,-0.00851789116859436,-0.07453463971614838,-0.04457119479775429,0.009585540741682053,-0.022024191915988922,-0.00378413125872612,0.012293748557567596,-0.034633997827768326,0.04160388931632042,-0.11239185184240341
11.08,0.0,0.0,-0.08256036043167114,-0.0751621425151825,-0.021290481090545654,-0.08083269000053406,-0.02378271520137787,-0.01656949520111084,-0.04917958378791809,-0.05469708889722824,-0.007414389401674271,-0.03920210525393486,-0.0620444156229496,-0.023280087858438492,-0.01788703352212906,-0.04598046839237213,-0.010951121337711811,-0.04916565865278244,0.013735324144363403,0.006793111562728882,-0.011510401964187622,0.05650922656059265,-0.014171481132507324,-0.025133416056632996,-0.00851789116859436,-0.07453463971614838,-0.04457119479775429,0.009585540741682053,-0.022024191915988922,-0.00378413125872612,0.012293748557567596,-0.034633997827768326,0.04160388931632042,-0.11239185184240341
11.09,0.0,0.0,-0.08544087409973145,-0.048844754695892334,-0.011954069137573242,-0.06003504991531372,-0.44033896923065186,-0.03120356798171997,-0.09404459595680237,-0.07553266733884811,0.01214180514216423,-0.013797055929899216,-0.032531920820474625,-0.02565440908074379,0.029419533908367157,-0.016667796298861504,-0.11095160990953445,-0.09433171898126602,-0.0015991628170013428,0.009756654500961304,-0.0035035908222198486,0.03931340575218201,0.008091092109680176,0.015220299363136292,0.011648684740066528,-0.034255251288414,-0.030981454998254776,0.024066727608442307,0.017565809190273285,0.031150389462709427,0.0003842189908027649,0.022364553064107895,0.07682102918624878,-0.07763288170099258
11.1,0.0,0.0,-0.08544087409973145,-0.048844754695892334,-0.011954069137573242,-0.06003504991531372,-0.44033896923065186,-0.03120356798171997,-0.09404459595680237,-0.07553266733884811,0.01214180514216423,-0.013797055929899216,-0.032531920820474625,-0.02565440908074379,0.029419533908367157,-0.016667796298861504,-0.11095160990953445,-0.09433171898126602,-0.0015991628170013428,0.009756654500961304,-0.0035035908222198486,0.03931340575218201,0.008091092109680176,0.015220299363136292,0.011648684740066528,-0.034255251288414,-0.030981454998254776,0.024066727608442307,0.017565809190273285,0.031150389462709427,0.0003842189908027649,0.022364553064107895,0.07682102918624878,-0.07763288170099258
11.11,0.0,0.0,-0.08544087409973145,-0.048844754695892334,-0.011954069137573242,-0.06003504991531372,-0.44033896923065186,-0.03120356798171997,-0.09404459595680237,-0.07553266733884811,0.01214180514216423,-0.013797055929899216,-0.032531920820474625,-0.02565440908074379,0.029419533908367157,-0.016667796298861504,-0.11095160990953445,-0.09433171898126602,-0.0015991628170013428,0.009756654500961304,-0.0035035908222198486,0.03931340575218201,0.008091092109680176,0.015220299363136292,0.011648684740066528,-0.034255251288414,-0.030981454998254776,0.024066727608442307,0.017565809190273285,0.031150389462709427,0.0003842189908027649,0.022364553064107895,0.07682102918624878,-0.07763288170099258
11.12,0.0,0.0,-0.08544087409973145,-0.048844754695892334,-0.011954069137573242,-0.06003504991531372,-0.44033896923065186,-0.03120356798171997,-0.09404459595680237,-0.07553266733884811,0.01214180514216423,-0.013797055929899216,-0.032531920820474625,-0.02565440908074379,0.029419533908367157,-0.016667796298861504,-0.11095160990953445,-0.09433171898126602,-0.0015991628170013428,0.009756654500961304,-0.0035035908222198486,0.03931340575218201,0.008091092109680176,0.015220299363136292,0.011648684740066528,-0.034255251288414,-0.030981454998254776,0.024066727608442307,0.017565809190273285,0.031150389462709427,0.0003842189908027649,0.022364553064107895,0.07682102918624878,-0.07763288170099258
11.13,0.0,0.0,-0.08544087409973145,-0.048844754695892334,-0.011954069137573242,-0.06003504991531372,-0.44033896923065186,-0.03120356798171997,-0.09404459595680237,-0.07553266733884811,0.01214180514216423,-0.013797055929899216,-0.032531920820474625,-0.02565440908074379,0.029419533908367157,-0.016667796298861504,-0.11095160990953445,-0.09433171898126602,-0.0015991628170013428,0.009756654500961304,-0.0035035908222198486,0.03931340575218201,0.008091092109680176,0.015220299363136292,0.011648684740066528,-0.034255251288414,-0.030981454998254776,0.024066727608442307,0.017565809190273285,0.031150389462709427,0.0003842189908027649,0.022364553064107895,0.07682102918624878,-0.07763288170099258
11.14,0.0,0.00109,-0.048896849155426025,-0.07539746165275574,-0.031854987144470215,-0.06582614779472351,-0.3486078679561615,0.010804057121276855,0.0074339210987091064,0.041135020554065704,0.05421186611056328,0.020306754857301712,-0.025750819593667984,0.01823258027434349,0.06848836690187454,0.03573736548423767,0.035427264869213104,0.008073369041085243,-0.035206764936447144,-0.02300626039505005,0.009442895650863647,0.027409344911575317,-0.02210170030593872,-0.023523256182670593,-0.03979411721229553,-0.05489526689052582,-0.11660733819007874,-0.046275753527879715,-0.004387177526950836,-0.015221785753965378,-0.0013202950358390808,-0.027013275772333145,-0.004845265299081802,-0.12860015034675598
11.15,0.0,0.00126,-0.048896849155426025,-0.07539746165275574,-0.031854987144470215,-0.06582614779472351,-0.3486078679561615,0.010804057121276855,0.0074339210987091064,0.041135020554065704,0.05421186611056328,0.020306754857301712,-0.025750819593667984,0.01823258027434349,0.06848836690187454,0.03573736548423767,0.035427264869213104,0.008073369041085243,-0.035206764936447144,-0.02300626039505005,0.009442895650863647,0.027409344911575317,-0.02210170030593872,-0.023523256182670593,-0.03979411721229553,-0.05489526689052582,-0.11660733819007874,-0.046275753527879715,-0.004387177526950836,-0.015221785753965378,-0.0013202950358390808,-0.027013275772333145,-0.004845265299081802,-0.12860015034675598
11.16,0.0,0.00143,-0.048896849155426025,-0.07539746165275574,-0.031854987144470215,-0.06582614779472351,-0.3486078679561615,0.010804057121276855,0.0074339210987091064,0.041135020554065704,0.05421186611056328,0.020306754857301712,-0.025750819593667984,0.01823258027434349,0.06848836690187454,0.03573736548423767,0.035427264869213104,0.008073369041085243,-0.035206764936447144,-0.02300626039505005,0.009442895650863647,0.027409344911575317,-0.02210170030593872,-0.023523256182670593,-0.03979411721229553,-0.05489526689052582,-0.11660733819007874,-0.046275753527879715,-0.004387177526950836,-0.015221785753965378,-0.0013202950358390808,-0.027013275772333145,-0.004845265299081802,-0.12860015034675598
11.17,0.0,0.00159,-0.048896849155426025,-0.07539746165275574,-0.031854987144470215,-0.06582614779472351,-0.3486078679561615,0.010804057121276855,0.0074339210987091064,0.041135020554065704,0.05421186611056328,0.020306754857301712,-0.025750819593667984,0.01823258027434349,0.06848836690187454,0.03573736548423767,0.035427264869213104,0.008073369041085243,-0.035206764936447144,-0.02300626039505005,0.009442895650863647,0.027409344911575317,-0.02210170030593872,-0.023523256182670593,-0.03979411721229553,-0.05489526689052582,-0.11660733819007874,-0.046275753527879715,-0.004387177526950836,-0.015221785753965378,-0.0013202950358390808,-0.027013275772333145,-0.004845265299081802,-0.12860015034675598
11.18,0.0,0.00174,-0.048896849155426025,-0.07539746165275574,-0.031854987144470215,-0.06582614779472351,-0.3486078679561615,0.010804057121276855,0.0074339210987091064,0.041135020554065704,0.05421186611056328,0.020306754857301712,-0.025750819593667984,0.01823258027434349,0.06848836690187454,0.03573736548423767,0.035427264869213104,0.008073369041085243,-0.035206764936447144,-0.02300626039505005,0.009442895650863647,0.027409344911575317,-0.02210170030593872,-0.023523256182670593,-0.03979411721229553,-0.05489526689052582,-0.11660733819007874,-0.046275753527879715,-0.004387177526950836,-0.015221785753965378,-0.0013202950358390808,-0.027013275772333145,-0.004845265299081802,-0.12860015034675598
11.19,0.0,0.00188,-0.02294546365737915,-0.07900243997573853,-0.015805602073669434,-0.04806721210479736,-0.15780794620513916,0.06477421522140503,0.004407316446304321,0.007324583828449249,0.07352019846439362,0.033483076840639114,-0.03235724940896034,0.04950740560889244,0.09603191167116165,0.05631601810455322,0.006897772662341595,0.0066793207079172134,0.013567894697189331,-0.01388278603553772,0.06341812014579773,0.07237255573272705,0.02071481943130493,0.03395213186740875,0.025223881006240845,0.03683425486087799,-0.04711166396737099,-0.00014581158757209778,0.04114832729101181,0.06638507544994354,0.04384785145521164,0.04313576593995094,0.0784301906824112,-0.03931795060634613
11.2,0.0,0.00199,-0.02294546365737915,-0.07900243997573853,-0.015805602073669434,-0.04806721210479736,-0.15780794620513916,0.06477421522140503,0.004407316446304321,0.007324583828449249,0.07352019846439362,0.033483076840639114,-0.03235724940896034,0.04950740560889244,0.09603191167116165,0.05631601810455322,0.006897772662341595,0.0066793207079172134,0.013567894697189331,-0.01388278603553772,0.06341812014579773,0.07237255573272705,0.02071481943130493,0.03395213186740875,0.025223881006240845,0.03683425486087799,-0.04711166396737099,-0.00014581158757209778,0.04114832729101181,0.06638507544994354,0.04384785145521164,0.04313576593995094,0.0784301906824112,-0.03931795060634613
11.21,0.0,0.00214,-0.02294546365737915,-0.07900243997573853,-0.015805602073669434,-0.04806721210479736,-0.15780794620513916,0.06477421522140503,0.004407316446304321,0.007324583828449249,0.07352019846439362,0.033483076840639114,-0.03235724940896034,0.04950740560889244,0.09603191167116165,0.05631601810455322,0.006897772662341595,0.0066793207079172134,0.013567894697189331,-0.01388278603553772,0.06341812014579773,0.07237255573272705,0.02071481943130493,0.03395213186740875,0.025223881006240845,0.03683425486087799,-0.04711166396737099,-0.00014581158757209778,0.04114832729101181,0.06638507544994354,0.04384785145521164,0.04313576593995094,0.0784301906824112,-0.03931795060634613
11.22,0.0,0.00225,-0.02294546365737915,-0.07900243997573853,-0.015805602073669434,-0.04806721210479736,-0.15780794620513916,0.06477421522140503,0.004407316446304321,0.007324583828449249,0.07352019846439362,0.033483076840639114,-0.03235724940896034,0.04950740560889244,0.09603191167116165,0.05631601810455322,0.006897772662341595,0.0066793207079172134,0.013567894697189331,-0.01388278603553772,0.06341812014579773,0.07237255573272705,0.02071481943130493,0.03395213186740875,0.025223881006240845,0.03683425486087799,-0.04711166396737099,-0.00014581158757209778,0.04114832729101181,0.06638507544994354,0.04384785145521164,0.04313576593995094,0.0784301906824112,-0.03931795060634613
11.23,0.0,0.00234,-0.02294546365737915,-0.07900243997573853,-0.015805602073669434,-0.04806721210479736,-0.15780794620513916,0.06477421522140503,0.004407316446304321,0.007324583828449249,0.07352019846439362,0.033483076840639114,-0.03235724940896034,0.04950740560889244,0.09603191167116165,0.05631601810455322,0.006897772662341595,0.0066793207079172134,0.013567894697189331,-0.01388278603553772,0.06341812014579773,0.07237255573272705,0.02071481943130493,0.03395213186740875,0.025223881006240845,0.03683425486087799,-0.04711166396737099,-0.00014581158757209778,0.04114832729101181,0.06638507544994354,0.04384785145521164,0.04313576593995094,0.0784301906824112,-0.03931795060634613
11.24,0.0,0.00243,0.0019850730895996094,-0.04797455668449402,0.0014094710350036621,-0.034353166818618774,0.03503422439098358,0.06598687171936035,-0.06133422255516052,-0.025168292224407196,0.04798046872019768,0.019579816609621048,-0.03892141953110695,0.024258669465780258,0.09003730863332748,0.054989755153656006,-0.055442068725824356,-0.023070020601153374,0.07414767146110535,0.0243108868598938,0.0846775472164154,0.08078411221504211,0.07815355062484741,0.07286347448825836,0.05903932452201843,0.06986500322818756,0.05670037493109703,0.09841571748256683,0.09804113954305649,0.055366385728120804,0.08000919967889786,0.07272480428218842,0.12743598222732544,0.03826891630887985
11.25,0.0,0.0025,0.0019850730895996094,-0.04797455668449402,0.0014094710350036621,-0.034353166818618774,0.03503422439098358,0.06598687171936035,-0.06133422255516052,-0.025168292224407196,0.04798046872019768,0.019579816609621048,-0.03892141953110695,0.024258669465780258,0.09003730863332748,0.054989755153656006,-0.055442068725824356,-0.023070020601153374,0.07414767146110535,0.0243108868598938,0.0846775472164154,0.08078411221504211,0.07815355062484741,0.07286347448825836,0.05903932452201843,0.06986500322818756,0.05670037493109703,0.09841571748256683,0.09804113954305649,0.055366385728120804,0.08000919967889786,0.07272480428218842,0.12743598222732544,0.03826891630887985
11.26,0.01458,0.00256,0.0019850730895996094,-0.04797455668449402,0.0014094710350036621,-0.034353166818618774,0.03503422439098358,0.06598687171936035,-0.06133422255516052,-0.025168292224407196,0.04798046872019768,0.019579816609621048,-0.03892141953110695,0.024258669465780258,0.09003730863332748,0.054989755153656006,-0.055442068725824356,-0.023070020601153374,0.07414767146110535,0.0243108868598938,0.0846775472164154,0.08078411221504211,0.07815355062484741,0.07286347448825836,0.05903932452201843,0.06986500322818756,0.05670037493109703,0.09841571748256683,0.09804113954305649,0.055366385728120804,0.08000919967889786,0.07272480428218842,0.12743598222732544,0.03826891630887985
11.27,0.02063,0.00261,0.0019850730895996094,-0.04797455668449402,0.0014094710350036621,-0.034353166818618774,0.03503422439098358,0.06598687171936035,-0.06133422255516052,-0.025168292224407196,0.04798046872019768,0.019579816609621048,-0.03892141953110695,0.024258669465780258,0.09003730863332748,0.054989755153656006,-0.055442068725824356,-0.023070020601153374,0.07414767146110535,0.0243108868598938,0.0846775472164154,0.08078411221504211,0.07815355062484741,0.07286347448825836,0.05903932452201843,0.06986500322818756,0.05670037493109703,0.09841571748256683,0.09804113954305649,0.055366385728120804,0.08000919967889786,0.07272480428218842,0.12743598222732544,0.03826891630887985
11.28,0.02618,0.00264,0.0019850730895996094,-0.04797455668449402,0.0014094710350036621,-0.034353166818618774,0.03503422439098358,0.06598687171936035,-0.06133422255516052,-0.025168292224407196,0.04798046872019768,0.019579816609621048,-0.03892141953110695,0.024258669465780258,0.09003730863332748,0.054989755153656006,-0.055442068725824356,-0.023070020601153374,0.07414767146110535,0.0243108868598938,0.0846775472164154,0.08078411221504211,0.07815355062484741,0.07286347448825836,0.05903932452201843,0.06986500322818756,0.05670037493109703,0.09841571748256683,0.09804113954305649,0.055366385728120804,0.08000919967889786,0.07272480428218842,0.12743598222732544,0.03826891630887985
11.29,0.03023,0.00266,0.03654998540878296,-0.0575219988822937,-0.028763532638549805,-0.05500933527946472,0.35139796137809753,0.040759503841400146,-0.013257056474685669,0.016610868275165558,0.034831803292036057,0.011324871331453323,-0.03788948431611061,0.028482642024755478,0.08188342303037643,0.049245476722717285,0.0438406839966774,0.01887965388596058,0.04293122887611389,0.031652241945266724,0.0638628900051117,0.0471358597278595,0.059788525104522705,0.059193745255470276,0.029489964246749878,0.054119184613227844,0.012167539447546005,0.08101372420787811,0.08008464425802231,0.05356942489743233,0.04883568733930588,0.03170890733599663,0.08638082444667816,-0.052000075578689575
11.3,0.03565,0.00268,0.03654998540878296,-0.0575219988822937,-0.028763532638549805,-0.05500933527946472,0.35139796137809753,0.040759503841400146,-0.013257056474685669,0.016610868275165558,0.034831803292036057,0.011324871331453323,-0.03788948431611061,0.028482642024755478,0.08188342303037643,0.049245476722717285,0.0438406839966774,0.01887965388596058,0.04293122887611389,0.031652241945266724,0.0638628900051117,0.0471358597278595,0.059788525104522705,0.059193745255470276,0.029489964246749878,0.054119184613227844,0.012167539447546005,0.08101372420787811,0.08008464425802231,0.05356942489743233,0.04883568733930588,0.03170890733599663,0.08638082444667816,-0.052000075578689575
11.31,0.03956,0.00268,0.03654998540878296,-0.0575219988822937,-0.028763532638549805,-0.05500933527946472,0.35139796137809753,0.040759503841400146,-0.013257056474685669,0.016610868275165558,0.034831803292036057,0.011324871331453323,-0.03788948431611061,0.028482642024755478,0.08188342303037643,0.049245476722717285,0.0438406839966774,0.01887965388596058,0.04293122887611389,0.031652241945266724,0.0638628900051117,0.0471358597278595,0.059788525104522705,0.059193745255470276,0.029489964246749878,0.054119184613227844,0.012167539447546005,0.08101372420787811,0.08008464425802231,0.05356942489743233,0.04883568733930588,0.03170890733599663,0.08638082444667816,-0.052000075578689575
11.32,0.04293,0.00267,0.03654998540878296,-0.0575219988822937,-0.028763532638549805,-0.05500933527946472,0.35139796137809753,0.040759503841400146,-0.013257056474685669,0.016610868275165558,0.034831803292036057,0.011324871331453323,-0.03788948431611061,0.028482642024755478,0.08188342303037643,0.049245476722717285,0.0438406839966774,0.01887965388596058,0.04293122887611389,0.031652241945266724,0.0638628900051117,0.0471358597278595,0.059788525104522705,0.059193745255470276,0.029489964246749878,0.054119184613227844,0.012167539447546005,0.08101372420787811,0.08008464425802231,0.05356942489743233,0.04883568733930588,0.03170890733599663,0.08638082444667816,-0.052000075578689575
11.33,0.04576,0.00264,0.03654998540878296,-0.0575219988822937,-0.028763532638549805,-0.05500933527946472,0.35139796137809753,0.040759503841400146,-0.013257056474685669,0.016610868275165558,0.034831803292036057,0.011324871331453323,-0.03788948431611061,0.028482642024755478,0.08188342303037643,0.049245476722717285,0.0438406839966774,0.01887965388596058,0.04293122887611389,0.031652241945266724,0.0638628900051117,0.0471358597278595,0.059788525104522705,0.059193745255470276,0.029489964246749878,0.054119184613227844,0.012167539447546005,0.08101372420787811,0.08008464425802231,0.05356942489743233,0.04883568733930588,0.03170890733599663,0.08638082444667816,-0.052000075578689575
11.34,0.04807,0.00261,0.02804511785507202,-0.05953755974769592,-0.026693135499954224,-0.033165931701660156,0.10680954903364182,0.03498435020446777,-0.02009919285774231,-0.00645088404417038,0.04350842162966728,0.01666860654950142,-0.025599602609872818,0.05436786636710167,0.06520397216081619,0.04217284917831421,0.006345066241919994,0.004854680970311165,0.009071767330169678,0.01817724108695984,0.05413132905960083,0.043618083000183105,0.03718447685241699,0.03862549364566803,0.028969138860702515,0.04750247299671173,-0.008466217666864395,0.04559813067317009,0.055914245545864105,0.03614943102002144,0.02999531477689743,0.06224435940384865,0.13204722106456757,0.004396669566631317
11.35,0.04989,0.00257,0.02804511785507202,-0.05953755974769592,-0.026693135499954224,-0.033165931701660156,0.10680954903364182,0.03498435020446777,-0.02009919285774231,-0.00645088404417038,0.04350842162966728,0.01666860654950142,-0.025599602609872818,0.05436786636710167,0.06520397216081619,0.04217284917831421,0.006345066241919994,0.004854680970311165,0.009071767330169678,0.01817724108695984,0.05413132905960083,0.043618083000183105,0.03718447685241699,0.03862549364566803,0.028969138860702515,0.04750247299671173,-0.008466217666864395,0.04559813067317009,0.055914245545864105,0.03614943102002144,0.02999531477689743,0.06224435940384865,0.13204722106456757,0.004396669566631317
11.36,0.05126,0.00252,0.02804511785507202,-0.05953755974769592,-0.026693135499954224,-0.033165931701660156,0.10680954903364182,0.03498435020446777,-0.02009919285774231,-0.00645088404417038,0.04350842162966728,0.01666860654950142,-0.025599602609872818,0.05436786636710167,0.06520397216081619,0.04217284917831421,0.006345066241919994,0.004854680970311165,0.009071767330169678,0.01817724108695984,0.05413132905960083,0.043618083000183105,0.03718447685241699,0.03862549364566803,0.028969138860702515,0.04750247299671173,-0.008466217666864395,0.04559813067317009,0.055914245545864105,0.03614943102002144,0.02999531477689743,0.06224435940384865,0.13204722106456757,0.004396669566631317
11.37,0.05204,0.00247,0.02804511785507202,-0.05953755974769592,-0.026693135499954224,-0.033165931701660156,0.10680954903364182,0.03498435020446777,-0.02009919285774231,-0.00645088404417038,0.04350842162966728,0.01666860654950142,-0.025599602609872818,0.05436786636710167,0.06520397216081619,0.04217284917831421,0.006345066241919994,0.004854680970311165,0.009071767330169678,0.01817724108695984,0.05413132905960083,0.043618083000183105,0.03718447685241699,0.03862549364566803,0.028969138860702515,0.04750247299671173,-0.008466217666864395,0.04559813067317009,0.055914245545864105,0.03614943102002144,0.02999531477689743,0.06224435940384865,0.13204722106456757,0.004396669566631317
11.38,0.05277,0.00238,0.02804511785507202,-0.05953755974769592,-0.026693135499954224,-0.033165931701660156,0.10680954903364182,0.03498435020446777,-0.02009919285774231,-0.00645088404417038,0.04350842162966728,0.01666860654950142,-0.025599602609872818,0.05436786636710167,0.06520397216081619,0.04217284917831421,0.006345066241919994,0.004854680970311165,0.009071767330169678,0.01817724108695984,0.05413132905960083,0.043618083000183105,0.03718447685241699,0.03862549364566803,0.028969138860702515,0.04750247299671173,-0.008466217666864395,0.04559813067317009,0.055914245545864105,0.03614943102002144,0.02999531477689743,0.06224435940384865,0.13204722106456757,0.004396669566631317
11.39,0.053,0.0023,0.010716259479522705,-0.04758673906326294,-0.0002688169479370117,-0.018321841955184937,-0.04871746897697449,0.04721963405609131,-0.048700183629989624,-0.010287217795848846,0.04850662872195244,0.02348201349377632,-0.013490591198205948,0.03495064005255699,0.052480973303318024,0.04288525879383087,-0.01760030910372734,-0.008024593815207481,0.018132179975509644,0.01186320185661316,0.05656397342681885,0.05093398690223694,0.08145797252655029,0.06895191967487335,0.06310191750526428,0.08785511553287506,0.03911563381552696,0.0520012192428112,0.05586852878332138,0.08642278611660004,0.0424916073679924,0.06508363783359528,0.11902759969234467,0.05878707766532898
11.4,0.05295,0.00221,0.010716259479522705,-0.04758673906326294,-0.0002688169479370117,-0.018321841955184937,-0.04871746897697449,0.04721963405609131,-0.048700183629989624,-0.010287217795848846,0.04850662872195244,0.02348201349377632,-0.013490591198205948,0.03495064005255699,0.052480973303318024,0.04288525879383087,-0.01760030910372734,-0.008024593815207481,0.018132179975509644,0.01186320185661316,0.05656397342681885,0.05093398690223694,0.08145797252655029,0.06895191967487335,0.06310191750526428,0.08785511553287506,0.03911563381552696,0.0520012192428112,0.05586852878332138,0.08642278611660004,0.0424916073679924,0.06508363783359528,0.11902759969234467,0.05878707766532898
11.41,0.05266,0.0021,0.010716259479522705,-0.04758673906326294,-0.0002688169479370117,-0.018321841955184937,-0.04871746897697449,0.04721963405609131,-0.048700183629989624,-0.010287217795848846,0.04850662872195244,0.02348201349377632,-0.013490591198205948,0.03495064005255699,0.052480973303318024,0.04288525879383087,-0.01760030910372734,-0.008024593815207481,0.018132179975509644,0.01186320185661316,0.05656397342681885,0.05093398690223694,0.08145797252655029,0.06895191967487335,0.06310191750526428,0.08785511553287506,0.03911563381552696,0.0520012192428112,0.05586852878332138,0.08642278611660004,0.0424916073679924,0.06508363783359528,0.11902759969234467,0.05878707766532898
11.42,0.05219,0.00199,0.010716259479522705,-0.04758673906326294,-0.0002688169479370117,-0.018321841955184937,-0.04871746897697449,0.04721963405609131,-0.048700183629989624,-0.010287217795848846,0.04850662872195244,0.02348201349377632,-0.013490591198205948,0.03495064005255699,0.052480973303318024,0.04288525879383087,-0.01760030910372734,-0.008024593815207481,0.018132179975509644,0.01186320185661316,0.05656397342681885,0.05093398690223694,0.08145797252655029,0.06895191967487335,0.06310191750526428,0.08785511553287506,0.03911563381552696,0.0520012192428112,0.05586852878332138,0.08642278611660004,0.0424916073679924,0.06508363783359528,0.11902759969234467,0.05878707766532898
11.43,0.05158,0.00186,0.010716259479522705,-0.04758673906326294,-0.0002688169479370117,-0.018321841955184937,-0.04871746897697449,0.04721963405609131,-0.048700183629989624,-0.010287217795848846,0.04850662872195244,0.02348201349377632,-0.013490591198205948,0.03495064005255699,0.052480973303318024,0.04288525879383087,-0.01760030910372734,-0.008024593815207481,0.018132179975509644,0.01186320185661316,0.05656397342681885,0.05093398690223694,0.08145797252655029,0.06895191967487335,0.06310191750526428,0.08785511553287506,0.03911563381552696,0.0520012192428112,0.05586852878332138,0.08642278611660004,0.0424916073679924,0.06508363783359528,0.11902759969234467,0.05878707766532898
11.44,0.05089,0.00172,0.023141443729400635,-0.049782007932662964,-0.012603402137756348,-0.047308772802352905,-0.1214170753955841,0.06380337476730347,0.003964513540267944,0.015119977295398712,0.053399037569761276,0.0192081518471241,-0.005017612129449844,0.037732210010290146,0.056782178580760956,0.05418567359447479,0.06548812240362167,0.025676080957055092,0.04418361186981201,0.02776661515235901,0.06402811408042908,0.05510056018829346,0.09260809421539307,0.06779851019382477,0.06183597445487976,0.0824599415063858,0.05874451622366905,0.08141319453716278,0.0726863369345665,0.05738591030240059,0.0570942685008049,0.08011060953140259,0.1487956941127777,0.028322279453277588
11.45,0.0503,0.0016,0.023141443729400635,-0.049782007932662964,-0.012603402137756348,-0.047308772802352905,-0.1214170753955841,0.06380337476730347,0.003964513540267944,0.015119977295398712,0.053399037569761276,0.0192081518471241,-0.005017612129449844,0.037732210010290146,0.056782178580760956,0.05418567359447479,0.06548812240362167,0.025676080957055092,0.04418361186981201,0.02776661515235901,0.06402811408042908,0.05510056018829346,0.09260809421539307,0.06779851019382477,0.06183597445487976,0.0824599415063858,0.05874451622366905,0.08141319453716278,0.0726863369345665,0.05738591030240059,0.0570942685008049,0.08011060953140259,0.1487956941127777,0.028322279453277588
11.46,0.04944,0.00141,0.023141443729400635,-0.049782007932662964,-0.012603402137756348,-0.047308772802352905,-0.1214170753955841,0.06380337476730347,0.003964513540267944,0.015119977295398712,0.053399037569761276,0.0192081518471241,-0.005017612129449844,0.037732210010290146,0.056782178580760956,0.05418567359447479,0.06548812240362167,0.025676080957055092,0.04418361186981201,0.02776661515235901,0.06402811408042908,0.05510056018829346,0.09260809421539307,0.06779851019382477,0.06183597445487976,0.0824599415063858,0.05874451622366905,0.08141319453716278,0.0726863369345665,0.05738591030240059,0.0570942685008049,0.08011060953140259,0.1487956941127777,0.028322279453277588
11.47,0.04877,0.00123,0.023141443729400635,-0.049782007932662964,-0.012603402137756348,-0.047308772802352905,-0.1214170753955841,0.06380337476730347,0.003964513540267944,0.015119977295398712,0.053399037569761276,0.0192081518471241,-0.005017612129449844,0.037732210010290146,0.056782178580760956,0.05418567359447479,0.06548812240362167,0.025676080957055092,0.04418361186981201,0.02776661515235901,0.06402811408042908,0.05510056018829346,0.09260809421539307,0.06779851019382477,0.06183597445487976,0.0824599415063858,0.05874451622366905,0.08141319453716278,0.0726863369345665,0.05738591030240059,0.0570942685008049,0.08011060953140259,0.1487956941127777,0.028322279453277588
11.48,0.0482,0.00104,0.023141443729400635,-0.049782007932662964,-0.012603402137756348,-0.047308772802352905,-0.1214170753955841,0.06380337476730347,0.003964513540267944,0.015119977295398712,0.053399037569761276,0.0192081518471241,-0.005017612129449844,0.037732210010290146,0.056782178580760956,0.05418567359447479,0.06548812240362167,0.025676080957055092,0.04418361186981201,0.02776661515235901,0.06402811408042908,0.05510056018829346,0.09260809421539307,0.06779851019382477,0.06183597445487976,0.0824599415063858,0.05874451622366905,0.08141319453716278,0.0726863369345665,0.05738591030240059,0.0570942685008049,0.08011060953140259,0.1487956941127777,0.028322279453277588
11.49,0.04777,0.0,0.05242234468460083,-0.035304099321365356,-0.0009402930736541748,-0.014924377202987671,-0.11042821407318115,0.07273411750793457,0.014658898115158081,0.011007435619831085,0.06269223988056183,0.022776026278734207,0.01113789901137352,0.06402558088302612,0.06386218219995499,0.0668153166770935,0.03495875373482704,0.02334725297987461,0.05793207883834839,0.03523200750350952,0.07286551594734192,0.06392985582351685,0.05599457025527954,0.038927093148231506,0.0320189893245697,0.05131669342517853,0.04775747284293175,0.08742915093898773,0.07517936080694199,0.06540851294994354,0.04644753783941269,0.05017310753464699,0.10200457274913788,-0.017186366021633148
11.5,0.0475,0.0,0.05242234468460083,-0.035304099321365356,-0.0009402930736541748,-0.014924377202987671,-0.11042821407318115,0.07273411750793457,0.014658898115158081,0.011007435619831085,0.06269223988056183,0.022776026278734207,0.01113789901137352,0.06402558088302612,0.06386218219995499,0.0668153166770935,0.03495875373482704,0.02334725297987461,0.05793207883834839,0.03523200750350952,0.07286551594734192,0.06392985582351685,0.05599457025527954,0.038927093148231506,0.0320189893245697,0.05131669342517853,0.04775747284293175,0.08742915093898773,0.07517936080694199,0.06540851294994354,0.04644753783941269,0.05017310753464699,0.10200457274913788,-0.017186366021633148
11.51,0.04744,0.0,0.05242234468460083,-0.035304099321365356,-0.0009402930736541748,-0.014924377202987671,-0.11042821407318115,0.07273411750793457,0.014658898115158081,0.011007435619831085,0.06269223988056183,0.022776026278734207,0.01113789901137352,0.06402558088302612,0.06386218219995499,0.0668153166770935,0.03495875373482704,0.02334725297987461,0.05793207883834839,0.03523200750350952,0.07286551594734192,0.06392985582351685,0.05599457025527954,0.038927093148231506,0.0320189893245697,0.05131669342517853,0.04775747284293175,0.08742915093898773,0.07517936080694199,0.06540851294994354,0.04644753783941269,0.05017310753464699,0.10200457274913788,-0.017186366021633148
11.52,0.04759,0.0,0.05242234468460083,-0.035304099321365356,-0.0009402930736541748,-0.014924377202987671,-0.11042821407318115,0.07273411750793457,0.014658898115158081,0.011007435619831085,0.06269223988056183,0.022776026278734207,0.01113789901137352,0.06402558088302612,0.06386218219995499,0.0668153166770935,0.03495875373482704,0.02334725297987461,0.05793207883834839,0.03523200750350952,0.07286551594734192,0.06392985582351685,0.05599457025527954,0.038927093148231506,0.0320189893245697,0.05131669342517853,0.04775747284293175,0.08742915093898773,0.07517936080694199,0.06540851294994354,0.04644753783941269,0.05017310753464699,0.10200457274913788,-0.017186366021633148
11.53,0.048,0.0,0.05242234468460083,-0.035304099321365356,-0.0009402930736541748,-0.014924377202987671,-0.11042821407318115,0.07273411750793457,0.014658898115158081,0.011007435619831085,0.06269223988056183,0.022776026278734207,0.01113789901137352,0.06402558088302612,0.06386218219995499,0.0668153166770935,0.03495875373482704,0.02334725297987461,0.05793207883834839,0.03523200750350952,0.07286551594734192,0.06392985582351685,0.05599457025527954,0.038927093148231506,0.0320189893245697,0.05131669342517853,0.04775747284293175,0.08742915093898773,0.07517936080694199,0.06540851294994354,0.04644753783941269,0.05017310753464699,0.10200457274913788,-0.017186366021633148
11.54,0.04851,0.0,0.04678231477737427,-0.028855621814727783,0.0004958808422088623,-0.014505863189697266,-0.16092270612716675,0.06648886203765869,-0.027999430894851685,-0.01842426508665085,0.060147982090711594,0.03243454173207283,0.020001884549856186,0.04450398311018944,0.0704139843583107,0.06405822932720184,0.0101783974096179,-0.003334915265440941,0.05321115255355835,0.03750813007354736,0.07035130262374878,0.06033709645271301,0.10727864503860474,0.08558483421802521,0.08687451481819153,0.10909773409366608,0.05238678678870201,0.08144555985927582,0.07898243516683578,0.06862841546535492,0.061048127710819244,0.08943071961402893,0.14478276669979095,0.05516382306814194
11.55,0.04961,0.0,0.04678231477737427,-0.028855621814727783,0.0004958808422088623,-0.014505863189697266,-0.16092270612716675,0.06648886203765869,-0.027999430894851685,-0.01842426508665085,0.060147982090711594,0.03243454173207283,0.020001884549856186,0.04450398311018944,0.0704139843583107,0.06405822932720184,0.0101783974096179,-0.003334915265440941,0.05321115255355835,0.03750813007354736,0.07035130262374878,0.06033709645271301,0.10727864503860474,0.08558483421802521,0.08687451481819153,0.10909773409366608,0.05238678678870201,0.08144555985927582,0.07898243516683578,0.06862841546535492,0.061048127710819244,0.08943071961402893,0.14478276669979095,0.05516382306814194
11.56,0.05085,0.0,0.04678231477737427,-0.028855621814727783,0.0004958808422088623,-0.014505863189697266,-0.16092270612716675,0.06648886203765869,-0.027999430894851685,-0.01842426508665085,0.060147982090711594,0.03243454173207283,0.020001884549856186,0.04450398311018944,0.0704139843583107,0.06405822932720184,0.0101783974096179,-0.003334915265440941,0.05321115255355835,0.03750813007354736,0.07035130262374878,0.06033709645271301,0.10727864503860474,0.08558483421802521,0.08687451481819153,0.10909773409366608,0.05238678678870201,0.08144555985927582,0.07898243516683578,0.06862841546535492,0.061048127710819244,0.08943071961402893,0.14478276669979095,0.05516382306814194
11.57,0.05238,0.0,0.04678231477737427,-0.028855621814727783,0.0004958808422088623,-0.014505863189697266,-0.16092270612716675,0.06648886203765869,-0.027999430894851685,-0.01842426508665085,0.060147982090711594,0.03243454173207283,0.020001884549856186,0.04450398311018944,0.0704139843583107,0.06405822932720184,0.0101783974096179,-0.003334915265440941,0.05321115255355835,0.03750813007354736,0.07035130262374878,0.06033709645271301,0.10727864503860474,0.08558483421802521,0.08687451481819153,0.10909773409366608,0.05238678678870201,0.08144555985927582,0.07898243516683578,0.06862841546535492,0.061048127710819244,0.08943071961402893,0.14478276669979095,0.05516382306814194
11.58,0.0542,0.0,0.04678231477737427,-0.028855621814727783,0.0004958808422088623,-0.014505863189697266,-0.16092270612716675,0.06648886203765869,-0.027999430894851685,-0.01842426508665085,0.060147982090711594,0.03243454173207283,0.020001884549856186,0.04450398311018944,0.0704139843583107,0.06405822932720184,0.0101783974096179,-0.003334915265440941,0.05321115255355835,0.03750813007354736,0.07035130262374878,0.06033709645271301,0.10727864503860474,0.08558483421802521,0.08687451481819153,0.10909773409366608,0.05238678678870201,0.08144555985927582,0.07898243516683578,0.06862841546535492,0.061048127710819244,0.08943071961402893,0.14478276669979095,0.05516382306814194
11.59,0.05633,0.0,0.05689650774002075,-0.03476092219352722,-0.017549067735671997,-0.04891708493232727,-0.23854964971542358,0.06637823581695557,0.021819323301315308,0.010644860565662384,0.05631227418780327,0.028755415230989456,0.0066715143620967865,0.039435263723134995,0.07704181224107742,0.06649057567119598,0.07179582118988037,0.021891528740525246,0.04148906469345093,0.01999548077583313,0.06423571705818176,0.05812990665435791,0.0781015157699585,0.0359506756067276,0.03437355160713196,0.0497715026140213,0.05908205732703209,0.05812529847025871,0.06210603564977646,0.06425432860851288,0.05287105590105057,0.04692300036549568,0.1059444397687912,0.00045258551836013794
11.6,0.05874,0.0,0.05689650774002075,-0.03476092219352722,-0.017549067735671997,-0.04891708493232727,-0.23854964971542358,0.06637823581695557,0.021819323301315308,0.010644860565662384,0.05631227418780327,0.028755415230989456,0.0066715143620967865,0.039435263723134995,0.07704181224107742,0.06649057567119598,0.07179582118988037,0.021891528740525246,0.04148906469345093,0.01999548077583313,0.06423571705818176,0.05812990665435791,0.0781015157699585,0.0359506756067276,0.03437355160713196,0.0497715026140213,0.05908205732703209,0.05812529847025871,0.06210603564977646,0.06425432860851288,0.05287105590105057,0.04692300036549568,0.1059444397687912,0.00045258551836013794
11.61,0.06144,0.0,0.05689650774002075,-0.03476092219352722,-0.017549067735671997,-0.04891708493232727,-0.23854964971542358,0.06637823581695557,0.021819323301315308,0.010644860565662384,0.05631227418780327,0.028755415230989456,0.0066715143620967865,0.039435263723134995,0.07704181224107742,0.06649057567119598,0.07179582118988037,0.021891528740525246,0.04148906469345093,0.01999548077583313,0.06423571705818176,0.05812990665435791,0.0781015157699585,0.0359506756067276,0.03437355160713196,0.0497715026140213,0.05908205732703209,0.05812529847025871,0.06210603564977646,0.06425432860851288,0.05287105590105057,0.04692300036549568,0.1059444397687912,0.00045258551836013794
11.62,0.0638,0.0,0.05689650774002075,-0.03476092219352722,-0.017549067735671997,-0.04891708493232727,-0.23854964971542358,0.06637823581695557,0.021819323301315308,0.010644860565662384,0.05631227418780327,0.028755415230989456,0.0066715143620967865,0.039435263723134995,0.07704181224107742,0.06649057567119598,0.07179582118988037,0.021891528740525246,0.04148906469345093,0.01999548077583313,0.06423571705818176,0.05812990665435791,0.0781015157699585,0.0359506756067276,0.03437355160713196,0.0497715026140213,0.05908205732703209,0.05812529847025871,0.06210603564977646,0.06425432860851288,0.05287105590105057,0.04692300036549568,0.1059444397687912,0.00045258551836013794
11.63,0.06766,0.0,0.05689650774002075,-0.03476092219352722,-0.017549067735671997,-0.04891708493232727,-0.23854964971542358,0.06637823581695557,0.021819323301315308,0.010644860565662384,0.05631227418780327,0.028755415230989456,0.0066715143620967865,0.039435263723134995,0.07704181224107742,0.06649057567119598,0.07179582118988037,0.021891528740525246,0.04148906469345093,0.01999548077583313,0.06423571705818176,0.05812990665435791,0.0781015157699585,0.0359506756067276,0.03437355160713196,0.0497715026140213,0.05908205732703209,0.05812529847025871,0.06210603564977646,0.06425432860851288,0.05287105590105057,0.04692300036549568,0.1059444397687912,0.00045258551836013794
11.64,0.07115,0.0,0.07073098421096802,-0.011023163795471191,0.0004589259624481201,-0.00709959864616394,-0.2385692298412323,0.07346749305725098,0.027249783277511597,0.013488538563251495,0.06599466502666473,0.02798675373196602,0.013794269412755966,0.06285125017166138,0.08174710720777512,0.07111291587352753,0.04624133184552193,0.021260904148221016,0.0451694130897522,0.016472935676574707,0.06809970736503601,0.061028480529785156,0.060530781745910645,0.021991625428199768,0.0386105477809906,0.05833210051059723,0.05207880958914757,0.05668185278773308,0.05210312455892563,0.056323934346437454,0.04560037702322006,0.060114551335573196,0.10853205621242523,-0.0018258243799209595
11.65,0.07489,0.0,0.07073098421096802,-0.011023163795471191,0.0004589259624481201,-0.00709959864616394,-0.2385692298412323,0.07346749305725098,0.027249783277511597,0.013488538563251495,0.06599466502666473,0.02798675373196602,0.013794269412755966,0.06285125017166138,0.08174710720777512,0.07111291587352753,0.04624133184552193,0.021260904148221016,0.0451694130897522,0.016472935676574707,0.06809970736503601,0.061028480529785156,0.060530781745910645,0.021991625428199768,0.0386105477809906,0.05833210051059723,0.05207880958914757,0.05668185278773308,0.05210312455892563,0.056323934346437454,0.04560037702322006,0.060114551335573196,0.10853205621242523,-0.0018258243799209595
11.66,0.07886,0.0,0.07073098421096802,-0.011023163795471191,0.0004589259624481201,-0.00709959864616394,-0.2385692298412323,0.07346749305725098,0.027249783277511597,0.013488538563251495,0.06599466502666473,0.02798675373196602,0.013794269412755966,0.06285125017166138,0.08174710720777512,0.07111291587352753,0.04624133184552193,0.021260904148221016,0.0451694130897522,0.016472935676574707,0.06809970736503601,0.061028480529785156,0.060530781745910645,0.021991625428199768,0.0386105477809906,0.05833210051059723,0.05207880958914757,0.05668185278773308,0.05210312455892563,0.056323934346437454,0.04560037702322006,0.060114551335573196,0.10853205621242523,-0.0018258243799209595
11.67,0.08304,0.0,0.07073098421096802,-0.011023163795471191,0.0004589259624481201,-0.00709959864616394,-0.2385692298412323,0.07346749305725098,0.027249783277511597,0.013488538563251495,0.06599466502666473,0.02798675373196602,0.013794269412755966,0.06285125017166138,0.08174710720777512,0.07111291587352753,0.04624133184552193,0.021260904148221016,0.0451694130897522,0.016472935676574707,0.06809970736503601,0.061028480529785156,0.060530781745910645,0.021991625428199768,0.0386105477809906,0.05833210051059723,0.05207880958914757,0.05668185278773308,0.05210312455892563,0.056323934346437454,0.04560037702322006,0.060114551335573196,0.10853205621242523,-0.0018258243799209595
11.68,0.08742,0.0,0.07073098421096802,-0.011023163795471191,0.0004589259624481201,-0.00709959864616394,-0.2385692298412323,0.07346749305725098,0.027249783277511597,0.013488538563251495,0.06599466502666473,0.02798675373196602,0.013794269412755966,0.06285125017166138,0.08174710720777512,0.07111291587352753,0.04624133184552193,0.021260904148221016,0.0451694130897522,0.016472935676574707,0.06809970736503601,0.061028480529785156,0.060530781745910645,0.021991625428199768,0.0386105477809906,0.05833210051059723,0.05207880958914757,0.05668185278773308,0.05210312455892563,0.056323934346437454,0.04560037702322006,0.060114551335573196,0.10853205621242523,-0.0018258243799209595
11.69,0.09199,0.0,0.07478958368301392,0.009932607412338257,0.02132400870323181,0.006529510021209717,-0.1920013427734375,0.08326566219329834,0.002507418394088745,-0.003246597945690155,0.07505421340465546,0.04389141872525215,0.04365169629454613,0.056202735751867294,0.08792277425527573,0.08233155310153961,0.04729713127017021,0.013730952516198158,0.05181792378425598,0.02256152033805847,0.07002466917037964,0.062141239643096924,0.06764674186706543,0.03179539740085602,0.042575448751449585,0.058737412095069885,0.04582568630576134,0.07046137750148773,0.05321981757879257,0.06280700862407684,0.046205244958400726,0.05251188948750496,0.10232433676719666,0.014642834663391113
11.7,0.09578,0.0,0.07478958368301392,0.009932607412338257,0.02132400870323181,0.006529510021209717,-0.1920013427734375,0.08326566219329834,0.002507418394088745,-0.003246597945690155,0.07505421340465546,0.04389141872525215,0.04365169629454613,0.056202735751867294,0.08792277425527573,0.08233155310153961,0.04729713127017021,0.013730952516198158,0.05181792378425598,0.02256152033805847,0.07002466917037964,0.062141239643096924,0.06764674186706543,0.03179539740085602,0.042575448751449585,0.058737412095069885,0.04582568630576134,0.07046137750148773,0.05321981757879257,0.06280700862407684,0.046205244958400726,0.05251188948750496,0.10232433676719666,0.014642834663391113
11.71,0.10165,0.0,0.07478958368301392,0.009932607412338257,0.02132400870323181,0.006529510021209717,-0.1920013427734375,0.08326566219329834,0.002507418394088745,-0.003246597945690155,0.07505421340465546,0.04389141872525215,0.04365169629454613,0.056202735751867294,0.08792277425527573,0.08233155310153961,0.04729713127017021,0.013730952516198158,0.05181792378425598,0.02256152033805847,0.07002466917037964,0.062141239643096924,0.06764674186706543,0.03179539740085602,0.042575448751449585,0.058737412095069885,0.04582568630576134,0.07046137750148773,0.05321981757879257,0.06280700862407684,0.046205244958400726,0.05251188948750496,0.10232433676719666,0.014642834663391113
11.72,0.10672,0.0,0.07478958368301392,0.009932607412338257,0.02132400870323181,0.006529510021209717,-0.1920013427734375,0.08326566219329834,0.002507418394088745,-0.003246597945690155,0.07505421340465546,0.04389141872525215,0.04365169629454613,0.056202735751867294,0.08792277425527573,0.08233155310153961,0.04729713127017021,0.013730952516198158,0.05181792378425598,0.02256152033805847,0.07002466917037964,0.062141239643096924,0.06764674186706543,0.03179539740085602,0.042575448751449585,0.058737412095069885,0.04582568630576134,0.07046137750148773,0.05321981757879257,0.06280700862407684,0.046205244958400726,0.05251188948750496,0.10232433676719666,0.014642834663391113
11.73,0.11194,0.0,0.07478958368301392,0.009932607412338257,0.02132400870323181,0.006529510021209717,-0.1920013427734375,0.08326566219329834,0.002507418394088745,-0.003246597945690155,0.07505421340465546,0.04389141872525215,0.04365169629454613,0.056202735751867294,0.08792277425527573,0.08233155310153961,0.04729713127017021,0.013730952516198158,0.05181792378425598,0.02256152033805847,0.07002466917037964,0.062141239643096924,0.06764674186706543,0.03179539740085602,0.042575448751449585,0.058737412095069885,0.04582568630576134,0.07046137750148773,0.05321981757879257,0.06280700862407684,0.046205244958400726,0.05251188948750496,0.10232433676719666,0.014642834663391113
11.74,0.11729,0.0,0.09363806247711182,0.011000275611877441,0.021076083183288574,-0.02472516894340515,-0.13045112788677216,0.08595466613769531,0.045791178941726685,0.027105994522571564,0.07317157089710236,0.0542268343269825,0.046485718339681625,0.05088042840361595,0.0928255096077919,0.10011442005634308,0.0803382471203804,0.02942265011370182,0.04951834678649902,0.02468019723892212,0.07051685452461243,0.06246751546859741,0.06429779529571533,0.020984426140785217,0.038258522748947144,0.05594088137149811,0.04352607950568199,0.0776088684797287,0.05770202726125717,0.055168140679597855,0.04878965765237808,0.05158333107829094,0.1016826331615448,-0.00142601877450943
11.75,0.12279,0.0,0.09363806247711182,0.011000275611877441,0.021076083183288574,-0.02472516894340515,-0.13045112788677216,0.08595466613769531,0.045791178941726685,0.027105994522571564,0.07317157089710236,0.0542268343269825,0.046485718339681625,0.05088042840361595,0.0928255096077919,0.10011442005634308,0.0803382471203804,0.02942265011370182,0.04951834678649902,0.02468019723892212,0.07051685452461243,0.06246751546859741,0.06429779529571533,0.020984426140785217,0.038258522748947144,0.05594088137149811,0.04352607950568199,0.0776088684797287,0.05770202726125717,0.055168140679597855,0.04878965765237808,0.05158333107829094,0.1016826331615448,-0.00142601877450943
11.76,0.12841,0.0,0.09363806247711182,0.011000275611877441,0.021076083183288574,-0.02472516894340515,-0.13045112788677216,0.08595466613769531,0.045791178941726685,0.027105994522571564,0.07317157089710236,0.0542268343269825,0.046485718339681625,0.05088042840361595,0.0928255096077919,0.10011442005634308,0.0803382471203804,0.02942265011370182,0.04951834678649902,0.02468019723892212,0.07051685452461243,0.06246751546859741,0.06429779529571533,0.020984426140785217,0.038258522748947144,0.05594088137149811,0.04352607950568199,0.0776088684797287,0.05770202726125717,0.055168140679597855,0.04878965765237808,0.05158333107829094,0.1016826331615448,-0.00142601877450943
11.77,0.13416,0.0,0.09363806247711182,0.011000275611877441,0.021076083183288574,-0.02472516894340515,-0.13045112788677216,0.08595466613769531,0.045791178941726685,0.027105994522571564,0.07317157089710236,0.0542268343269825,0.046485718339681625,0.05088042840361595,0.0928255096077919,0.10011442005634308,0.0803382471203804,0.02942265011370182,0.04951834678649902,0.02468019723892212,0.07051685452461243,0.06246751546859741,0.06429779529571533,0.020984426140785217,0.038258522748947144,0.05594088137149811,0.04352607950568199,0.0776088684797287,0.05770202726125717,0.055168140679597855,0.04878965765237808,0.05158333107829094,0.1016826331615448,-0.00142601877450943
11.78,0.14005,0.0,0.09363806247711182,0.011000275611877441,0.021076083183288574,-0.02472516894340515,-0.13045112788677216,0.08595466613769531,0.045791178941726685,0.027105994522571564,0.07317157089710236,0.0542268343269825,0.046485718339681625,0.05088042840361595,0.0928255096077919,0.10011442005634308,0.0803382471203804,0.02942265011370182,0.04951834678649902,0.02468019723892212,0.07051685452461243,0.06246751546859741,0.06429779529571533,0.020984426140785217,0.038258522748947144,0.05594088137149811,0.04352607950568199,0.0776088684797287,0.05770202726125717,0.055168140679597855,0.04878965765237808,0.05158333107829094,0.1016826331615448,-0.00142601877450943
11.79,0.14485,0.0,0.09911841154098511,0.012559115886688232,0.014717012643814087,-0.009435057640075684,-0.17614787817001343,0.083412766456604,0.02299436926841736,0.002926953136920929,0.07098673284053802,0.04728250578045845,0.03020283207297325,0.05846404656767845,0.09713999181985855,0.11498622596263885,0.03832437843084335,0.01695905812084675,0.039139509201049805,0.019634634256362915,0.06797322630882263,0.0607476532459259,0.05731731653213501,0.023266568779945374,0.035249263048172,0.050270333886146545,0.02922126278281212,0.061631184071302414,0.05104555934667587,0.055178094655275345,0.041246213018894196,0.05320942774415016,0.0982598215341568,0.0020540282130241394
11.8,0.15222,0.0,0.09911841154098511,0.012559115886688232,0.014717012643814087,-0.009435057640075684,-0.17614787817001343,0.083412766456604,0.02299436926841736,0.002926953136920929,0.07098673284053802,0.04728250578045845,0.03020283207297325,0.05846404656767845,0.09713999181985855,0.11498622596263885,0.03832437843084335,0.01695905812084675,0.039139509201049805,0.019634634256362915,0.06797322630882263,0.0607476532459259,0.05731731653213501,0.023266568779945374,0.035249263048172,0.050270333886146545,0.02922126278281212,0.061631184071302414,0.05104555934667587,0.055178094655275345,0.041246213018894196,0.05320942774415016,0.0982598215341568,0.0020540282130241394
11.81,0.15851,0.0,0.09911841154098511,0.012559115886688232,0.014717012643814087,-0.009435057640075684,-0.17614787817001343,0.083412766456604,0.02299436926841736,0.002926953136920929,0.07098673284053802,0.04728250578045845,0.03020283207297325,0.05846404656767845,0.09713999181985855,0.11498622596263885,0.03832437843084335,0.01695905812084675,0.039139509201049805,0.019634634256362915,0.06797322630882263,0.0607476532459259,0.05731731653213501,0.023266568779945374,0.035249263048172,0.050270333886146545,0.02922126278281212,0.061631184071302414,0.05104555934667587,0.055178094655275345,0.041246213018894196,0.05320942774415016,0.0982598215341568,0.0020540282130241394
11.82,0.16494,0.0,0.09911841154098511,0.012559115886688232,0.014717012643814087,-0.009435057640075684,-0.17614787817001343,0.083412766456604,0.02299436926841736,0.002926953136920929,0.07098673284053802,0.04728250578045845,0.03020283207297325,0.05846404656767845,0.09713999181985855,0.11498622596263885,0.03832437843084335,0.01695905812084675,0.039139509201049805,0.019634634256362915,0.06797322630882263,0.0607476532459259,0.05731731653213501,0.023266568779945374,0.035249263048172,0.050270333886146545,0.02922126278281212,0.061631184071302414,0.05104555934667587,0.055178094655275345,0.041246213018894196,0.05320942774415016,0.0982598215341568,0.0020540282130241394
11.83,0.17153,0.0,0.09911841154098511,0.012559115886688232,0.014717012643814087,-0.009435057640075684,-0.17614787817001343,0.083412766456604,0.02299436926841736,0.002926953136920929,0.07098673284053802,0.04728250578045845,0.03020283207297325,0.05846404656767845,0.09713999181985855,0.11498622596263885,0.03832437843084335,0.01695905812084675,0.039139509201049805,0.019634634256362915,0.06797322630882263,0.0607476532459259,0.05731731653213501,0.023266568779945374,0.035249263048172,0.050270333886146545,0.02922126278281212,0.061631184071302414,0.05104555934667587,0.055178094655275345,0.041246213018894196,0.05320942774415016,0.0982598215341568,0.0020540282130241394
11.84,0.17827,0.0,0.10179227590560913,0.037058234214782715,0.03711980581283569,0.02367997169494629,-0.18372273445129395,0.09428471326828003,0.03257480263710022,0.025927849113941193,0.0800175815820694,0.05035142973065376,0.03569137677550316,0.06384170055389404,0.10688946396112442,0.12310582399368286,0.06289274990558624,0.029900046065449715,0.04307979345321655,0.021404892206192017,0.07431560754776001,0.06816279888153076,0.04979586601257324,0.003340974450111389,0.026248246431350708,0.04084111750125885,0.028788652271032333,0.05651084706187248,0.04744686931371689,0.054765988141298294,0.03885497897863388,0.04382618889212608,0.08704245090484619,-0.006464868783950806
11.85,0.18517,0.0,0.10179227590560913,0.037058234214782715,0.03711980581283569,0.02367997169494629,-0.18372273445129395,0.09428471326828003,0.03257480263710022,0.025927849113941193,0.0800175815820694,0.05035142973065376,0.03569137677550316,0.06384170055389404,0.10688946396112442,0.12310582399368286,0.06289274990558624,0.029900046065449715,0.04307979345321655,0.021404892206192017,0.07431560754776001,0.06816279888153076,0.04979586601257324,0.003340974450111389,0.026248246431350708,0.04084111750125885,0.028788652271032333,0.05651084706187248,0.04744686931371689,0.054765988141298294,0.03885497897863388,0.04382618889212608,0.08704245090484619,-0.006464868783950806
11.86,0.19224,0.0,0.10179227590560913,0.037058234214782715,0.03711980581283569,0.02367997169494629,-0.18372273445129395,0.09428471326828003,0.03257480263710022,0.025927849113941193,0.0800175815820694,0.05035142973065376,0.03569137677550316,0.06384170055389404,0.10688946396112442,0.12310582399368286,0.06289274990558624,0.029900046065449715,0.04307979345321655,0.021404892206192017,0.07431560754776001,0.06816279888153076,0.04979586601257324,0.003340974450111389,0.026248246431350708,0.04084111750125885,0.028788652271032333,0.05651084706187248,0.04744686931371689,0.054765988141298294,0.03885497897863388,0.04382618889212608,0.08704245090484619,-0.006464868783950806
11.87,0.19802,0.0,0.10179227590560913,0.037058234214782715,0.03711980581283569,0.02367997169494629,-0.18372273445129395,0.09428471326828003,0.03257480263710022,0.025927849113941193,0.0800175815820694,0.05035142973065376,0.03569137677550316,0.06384170055389404,0.10688946396112442,0.12310582399368286,0.06289274990558624,0.029900046065449715,0.04307979345321655,0.021404892206192017,0.07431560754776001,0.06816279888153076,0.04979586601257324,0.003340974450111389,0.026248246431350708,0.04084111750125885,0.028788652271032333,0.05651084706187248,0.04744686931371689,0.054765988141298294,0.03885497897863388,0.04382618889212608,0.08704245090484619,-0.006464868783950806
11.88,0.20691,0.0,0.10179227590560913,0.037058234214782715,0.03711980581283569,0.02367997169494629,-0.18372273445129395,0.09428471326828003,0.03257480263710022,0.025927849113941193,0.0800175815820694,0.05035142973065376,0.03569137677550316,0.06384170055389404,0.10688946396112442,0.12310582399368286,0.06289274990558624,0.029900046065449715,0.04307979345321655,0.021404892206192017,0.07431560754776001,0.06816279888153076,0.04979586601257324,0.003340974450111389,0.026248246431350708,0.04084111750125885,0.028788652271032333,0.05651084706187248,0.04744686931371689,0.054765988141298294,0.03885497897863388,0.04382618889212608,0.08704245090484619,-0.006464868783950806
11.89,0.21451,0.0,0.1332072913646698,0.09339171648025513,0.08142289519309998,0.04826965928077698,-0.1498279571533203,0.13098156452178955,0.10276719927787781,0.08147097378969193,0.11147566139698029,0.08778046071529388,0.07976347208023071,0.09571897983551025,0.13182100653648376,0.15988847613334656,0.11477593332529068,0.07092363387346268,0.07402843236923218,0.053571492433547974,0.10370957851409912,0.0960606038570404,0.10283654928207397,0.05322469770908356,0.07439693808555603,0.0889182835817337,0.07222452759742737,0.101687952876091,0.07764377444982529,0.08976130187511444,0.08277253061532974,0.09490244090557098,0.14179310202598572,0.04899023473262787
11.9,0.2223,0.0,0.1332072913646698,0.09339171648025513,0.08142289519309998,0.04826965928077698,-0.1498279571533203,0.13098156452178955,0.10276719927787781,0.08147097378969193,0.11147566139698029,0.08778046071529388,0.07976347208023071,0.09571897983551025,0.13182100653648376,0.15988847613334656,0.11477593332529068,0.07092363387346268,0.07402843236923218,0.053571492433547974,0.10370957851409912,0.0960606038570404,0.10283654928207397,0.05322469770908356,0.07439693808555603,0.0889182835817337,0.07222452759742737,0.101687952876091,0.07764377444982529,0.08976130187511444,0.08277253061532974,0.09490244090557098,0.14179310202598572,0.04899023473262787
11.91,0.23028,0.0,0.1332072913646698,0.09339171648025513,0.08142289519309998,0.04826965928077698,-0.1498279571533203,0.13098156452178955,0.10276719927787781,0.08147097378969193,0.11147566139698029,0.08778046071529388,0.07976347208023071,0.09571897983551025,0.13182100653648376,0.15988847613334656,0.11477593332529068,0.07092363387346268,0.07402843236923218,0.053571492433547974,0.10370957851409912,0.0960606038570404,0.10283654928207397,0.05322469770908356,0.07439693808555603,0.0889182835817337,0.07222452759742737,0.101687952876091,0.07764377444982529,0.08976130187511444,0.08277253061532974,0.09490244090557098,0.14179310202598572,0.04899023473262787
11.92,0.23845,0.0,0.1332072913646698,0.09339171648025513,0.08142289519309998,0.04826965928077698,-0.1498279571533203,0.13098156452178955,0.10276719927787781,0.08147097378969193,0.11147566139698029,0.08778046071529388,0.07976347208023071,0.09571897983551025,0.13182100653648376,0.15988847613334656,0.11477593332529068,0.07092363387346268,0.07402843236923218,0.053571492433547974,0.10370957851409912,0.0960606038570404,0.10283654928207397,0.05322469770908356,0.07439693808555603,0.0889182835817337,0.07222452759742737,0.101687952876091,0.07764377444982529,0.08976130187511444,0.08277253061532974,0.09490244090557098,0.14179310202598572,0.04899023473262787
11.93,0.24679,0.0,0.1332072913646698,0.09339171648025513,0.08142289519309998,0.04826965928077698,-0.1498279571533203,0.13098156452178955,0.10276719927787781,0.08147097378969193,0.11147566139698029,0.08778046071529388,0.07976347208023071,0.09571897983551025,0.13182100653648376,0.15988847613334656,0.11477593332529068,0.07092363387346268,0.07402843236923218,0.053571492433547974,0.10370957851409912,0.0960606038570404,0.10283654928207397,0.05322469770908356,0.07439693808555603,0.0889182835817337,0.07222452759742737,0.101687952876091,0.07764377444982529,0.08976130187511444,0.08277253061532974,0.09490244090557098,0.14179310202598572,0.04899023473262787
11.94,0.25531,0.0,0.1592290997505188,0.12406015396118164,0.10052528977394104,0.07993599772453308,-0.05124402046203613,0.1761183738708496,0.10801300406455994,0.0848555639386177,0.1497531682252884,0.13142089545726776,0.12027537822723389,0.1304973065853119,0.1634916365146637,0.20232443511486053,0.1166168600320816,0.09524159133434296,0.0992799699306488,0.08506396412849426,0.12800654768943787,0.11991170048713684,0.12770402431488037,0.07126952707767487,0.09085407853126526,0.10550321638584137,0.08391377329826355,0.13254593312740326,0.10475911945104599,0.10073988139629364,0.12134408205747604,0.10988244414329529,0.15440484881401062,0.0704243928194046
11.95,0.26225,0.0,0.1592290997505188,0.12406015396118164,0.10052528977394104,0.07993599772453308,-0.05124402046203613,0.1761183738708496,0.10801300406455994,0.0848555639386177,0.1497531682252884,0.13142089545726776,0.12027537822723389,0.1304973065853119,0.1634916365146637,0.20232443511486053,0.1166168600320816,0.09524159133434296,0.0992799699306488,0.08506396412849426,0.12800654768943787,0.11991170048713684,0.12770402431488037,0.07126952707767487,0.09085407853126526,0.10550321638584137,0.08391377329826355,0.13254593312740326,0.10475911945104599,0.10073988139629364,0.12134408205747604,0.10988244414329529,0.15440484881401062,0.0704243928194046
11.96,0.27285,0.0,0.1592290997505188,0.12406015396118164,0.10052528977394104,0.07993599772453308,-0.05124402046203613,0.1761183738708496,0.10801300406455994,0.0848555639386177,0.1497531682252884,0.13142089545726776,0.12027537822723389,0.1304973065853119,0.1634916365146637,0.20232443511486053,0.1166168600320816,0.09524159133434296,0.0992799699306488,0.08506396412849426,0.12800654768943787,0.11991170048713684,0.12770402431488037,0.07126952707767487,0.09085407853126526,0.10550321638584137,0.08391377329826355,0.13254593312740326,0.10475911945104599,0.10073988139629364,0.12134408205747604,0.10988244414329529,0.15440484881401062,0.0704243928194046
11.97,0.28184,0.0,0.1592290997505188,0.12406015396118164,0.10052528977394104,0.07993599772453308,-0.05124402046203613,0.1761183738708496,0.10801300406455994,0.0848555639386177,0.1497531682252884,0.13142089545726776,0.12027537822723389,0.1304973065853119,0.1634916365146637,0.20232443511486053,0.1166168600320816,0.09524159133434296,0.0992799699306488,0.08506396412849426,0.12800654768943787,0.11991170048713684,0.12770402431488037,0.07126952707767487,0.09085407853126526,0.10550321638584137,0.08391377329826355,0.13254593312740326,0.10475911945104599,0.10073988139629364,0.12134408205747604,0.10988244414329529,0.15440484881401062,0.0704243928194046
11.98,0.29096,0.0,0.1592290997505188,0.12406015396118164,0.10052528977394104,0.07993599772453308,-0.05124402046203613,0.1761183738708496,0.10801300406455994,0.0848555639386177,0.1497531682252884,0.13142089545726776,0.12027537822723389,0.1304973065853119,0.1634916365146637,0.20232443511486053,0.1166168600320816,0.09524159133434296,0.0992799699306488,0.08506396412849426,0.12800654768943787,0.11991170048713684,0.12770402431488037,0.07126952707767487,0.09085407853126526,0.10550321638584137,0.08391377329826355,0.13254593312740326,0.10475911945104599,0.10073988139629364,0.12134408205747604,0.10988244414329529,0.15440484881401062,0.0704243928194046
11.99,0.3002,0.0,0.2365877330303192,0.22501632571220398,0.20416712760925293,0.21004241704940796,0.10775226354598999,0.27463382482528687,0.22696080803871155,0.2293626070022583,0.22110284864902496,0.20410583913326263,0.18878191709518433,0.21356844902038574,0.2306932806968689,0.2729962170124054,0.23766541481018066,0.1904536932706833,0.23370617628097534,0.2344544529914856,0.27041205763816833,0.26533737778663635,0.3363804817199707,0.2761991620063782,0.2971314489841461,0.31448042392730713,0.283878892660141,0.30651041865348816,0.26449277997016907,0.2974030375480652,0.29104945063591003,0.33378636837005615,0.38465791940689087,0.3215469717979431
12.0,0.30952,0.00115,0.2365877330303192,0.22501632571220398,0.20416712760925293,0.21004241704940796,0.10775226354598999,0.27463382482528687,0.22696080803871155,0.2293626070022583,0.22110284864902496,0.20410583913326263,0.18878191709518433,0.21356844902038574,0.2306932806968689,0.2729962170124054,0.23766541481018066,0.1904536932706833,0.23370617628097534,0.2344544529914856,0.27041205763816833,0.26533737778663635,0.3363804817199707,0.2761991620063782,0.2971314489841461,0.31448042392730713,0.283878892660141,0.30651041865348816,0.26449277997016907,0.2974030375480652,0.29104945063591003,0.33378636837005615,0.38465791940689087,0.3215469717979431
12.01,0.31891,0.00149,0.2365877330303192,0.22501632571220398,0.20416712760925293,0.21004241704940796,0.10775226354598999,0.27463382482528687,0.22696080803871155,0.2293626070022583,0.22110284864902496,0.20410583913326263,0.18878191709518433,0.21356844902038574,0.2306932806968689,0.2729962170124054,0.23766541481018066,0.1904536932706833,0.23370617628097534,0.2344544529914856,0.27041205763816833,0.26533737778663635,0.3363804817199707,0.2761991620063782,0.2971314489841461,0.31448042392730713,0.283878892660141,0.30651041865348816,0.26449277997016907,0.2974030375480652,0.29104945063591003,0.33378636837005615,0.38465791940689087,0.3215469717979431
12.02,0.32834,0.00182,0.2365877330303192,0.22501632571220398,0.20416712760925293,0.21004241704940796,0.10775226354598999,0.27463382482528687,0.22696080803871155,0.2293626070022583,0.22110284864902496,0.20410583913326263,0.18878191709518433,0.21356844902038574,0.2306932806968689,0.2729962170124054,0.23766541481018066,0.1904536932706833,0.23370617628097534,0.2344544529914856,0.27041205763816833,0.26533737778663635,0.3363804817199707,0.2761991620063782,0.2971314489841461,0.31448042392730713,0.283878892660141,0.30651041865348816,0.26449277997016907,0.2974030375480652,0.29104945063591003,0.33378636837005615,0.38465791940689087,0.3215469717979431
12.03,0.33589,0.00206,0.2365877330303192,0.22501632571220398,0.20416712760925293,0.21004241704940796,0.10775226354598999,0.27463382482528687,0.22696080803871155,0.2293626070022583,0.22110284864902496,0.20410583913326263,0.18878191709518433,0.21356844902038574,0.2306932806968689,0.2729962170124054,0.23766541481018066,0.1904536932706833,0.23370617628097534,0.2344544529914856,0.27041205763816833,0.26533737778663635,0.3363804817199707,0.2761991620063782,0.2971314489841461,0.31448042392730713,0.283878892660141,0.30651041865348816,0.26449277997016907,0.2974030375480652,0.29104945063591003,0.33378636837005615,0.38465791940689087,0.3215469717979431
12.04,0.34533,0.00234,0.301198810338974,0.3538823127746582,0.3272019922733307,0.3117714524269104,0.2375098168849945,0.35755616426467896,0.3340093791484833,0.3064694404602051,0.32205843925476074,0.3199678957462311,0.320639967918396,0.33112600445747375,0.3011009097099304,0.33140280842781067,0.3491804897785187,0.29760098457336426,0.3780088424682617,0.35801026225090027,0.3503442108631134,0.33536043763160706,0.4417623281478882,0.37615394592285156,0.34519162774086,0.3617243766784668,0.40087106823921204,0.4305541217327118,0.38105741143226624,0.340978741645813,0.3835948407649994,0.3321201205253601,0.39213496446609497,0.305697500705719
12.05,0.35659,0.00264,0.301198810338974,0.3538823127746582,0.3272019922733307,0.3117714524269104,0.2375098168849945,0.35755616426467896,0.3340093791484833,0.3064694404602051,0.32205843925476074,0.3199678957462311,0.320639967918396,0.33112600445747375,0.3011009097099304,0.33140280842781067,0.3491804897785187,0.29760098457336426,0.3780088424682617,0.35801026225090027,0.3503442108631134,0.33536043763160706,0.4417623281478882,0.37615394592285156,0.34519162774086,0.3617243766784668,0.40087106823921204,0.4305541217327118,0.38105741143226624,0.340978741645813,0.3835948407649994,0.3321201205253601,0.39213496446609497,0.305697500705719
12.06,0.3659,0.00286,0.301198810338974,0.3538823127746582,0.3272019922733307,0.3117714524269104,0.2375098168849945,0.35755616426467896,0.3340093791484833,0.3064694404602051,0.32205843925476074,0.3199678957462311,0.320639967918396,0.33112600445747375,0.3011009097099304,0.33140280842781067,0.3491804897785187,0.29760098457336426,0.3780088424682617,0.35801026225090027,0.3503442108631134,0.33536043763160706,0.4417623281478882,0.37615394592285156,0.34519162774086,0.3617243766784668,0.40087106823921204,0.4305541217327118,0.38105741143226624,0.340978741645813,0.3835948407649994,0.3321201205253601,0.39213496446609497,0.305697500705719
12.07,0.37509,0.00306,0.301198810338974,0.3538823127746582,0.3272019922733307,0.3117714524269104,0.2375098168849945,0.35755616426467896,0.3340093791484833,0.3064694404602051,0.32205843925476074,0.3199678957462311,0.320639967918396,0.33112600445747375,0.3011009097099304,0.33140280842781067,0.3491804897785187,0.29760098457336426,0.3780088424682617,0.35801026225090027,0.3503442108631134,0.33536043763160706,0.4417623281478882,0.37615394592285156,0.34519162774086,0.3617243766784668,0.40087106823921204,0.4305541217327118,0.38105741143226624,0.340978741645813,0.3835948407649994,0.3321201205253601,0.39213496446609497,0.305697500705719
12.08,0.38415,0.00322,0.301198810338974,0.3538823127746582,0.3272019922733307,0.3117714524269104,0.2375098168849945,0.35755616426467896,0.3340093791484833,0.3064694404602051,0.32205843925476074,0.3199678957462311,0.320639967918396,0.33112600445747375,0.3011009097099304,0.33140280842781067,0.3491804897785187,0.29760098457336426,0.3780088424682617,0.35801026225090027,0.3503442108631134,0.33536043763160706,0.4417623281478882,0.37615394592285156,0.34519162774086,0.3617243766784668,0.40087106823921204,0.4305541217327118,0.38105741143226624,0.340978741645813,0.3835948407649994,0.3321201205253601,0.39213496446609497,0.305697500705719
12.09,0.39303,0.00336,0.3592444062232971,0.37057599425315857,0.32760441303253174,0.29762592911720276,0.19262336194515228,0.38732439279556274,0.30779096484184265,0.29203498363494873,0.37365105748176575,0.374326229095459,0.37073007225990295,0.34506556391716003,0.35281386971473694,0.3740408718585968,0.31128621101379395,0.29748740792274475,0.3808688819408417,0.35344499349594116,0.36423370242118835,0.34856775403022766,0.3354789614677429,0.2793557047843933,0.30489203333854675,0.3112841248512268,0.35514435172080994,0.39938947558403015,0.37840506434440613,0.33342599868774414,0.3697017729282379,0.33194848895072937,0.38951805233955383,0.2484228014945984
12.1,0.40171,0.00348,0.3592444062232971,0.37057599425315857,0.32760441303253174,0.29762592911720276,0.19262336194515228,0.38732439279556274,0.30779096484184265,0.29203498363494873,0.37365105748176575,0.374326229095459,0.37073007225990295,0.34506556391716003,0.35281386971473694,0.3740408718585968,0.31128621101379395,0.29748740792274475,0.3808688819408417,0.35344499349594116,0.36423370242118835,0.34856775403022766,0.3354789614677429,0.2793557047843933,0.30489203333854675,0.3112841248512268,0.35514435172080994,0.39938947558403015,0.37840506434440613,0.33342599868774414,0.3697017729282379,0.33194848895072937,0.38951805233955383,0.2484228014945984
12.11,0.41014,0.00357,0.3592444062232971,0.37057599425315857,0.32760441303253174,0.29762592911720276,0.19262336194515228,0.38732439279556274,0.30779096484184265,0.29203498363494873,0.37365105748176575,0.374326229095459,0.37073007225990295,0.34506556391716003,0.35281386971473694,0.3740408718585968,0.31128621101379395,0.29748740792274475,0.3808688819408417,0.35344499349594116,0.36423370242118835,0.34856775403022766,0.3354789614677429,0.2793557047843933,0.30489203333854675,0.3112841248512268,0.35514435172080994,0.39938947558403015,0.37840506434440613,0.33342599868774414,0.3697017729282379,0.33194848895072937,0.38951805233955383,0.2484228014945984
12.12,0.41671,0.00362,0.3592444062232971,0.37057599425315857,0.32760441303253174,0.29762592911720276,0.19262336194515228,0.38732439279556274,0.30779096484184265,0.29203498363494873,0.37365105748176575,0.374326229095459,0.37073007225990295,0.34506556391716003,0.35281386971473694,0.3740408718585968,0.31128621101379395,0.29748740792274475,0.3808688819408417,0.35344499349594116,0.36423370242118835,0.34856775403022766,0.3354789614677429,0.2793557047843933,0.30489203333854675,0.3112841248512268,0.35514435172080994,0.39938947558403015,0.37840506434440613,0.33342599868774414,0.3697017729282379,0.33194848895072937,0.38951805233955383,0.2484228014945984
12.13,0.4262,0.00368,0.3592444062232971,0.37057599425315857,0.32760441303253174,0.29762592911720276,0.19262336194515228,0.38732439279556274,0.30779096484184265,0.29203498363494873,0.37365105748176575,0.374326229095459,0.37073007225990295,0.34506556391716003,0.35281386971473694,0.3740408718585968,0.31128621101379395,0.29748740792274475,0.3808688819408417,0.35344499349594116,0.36423370242118835,0.34856775403022766,0.3354789614677429,0.2793557047843933,0.30489203333854675,0.3112841248512268,0.35514435172080994,0.39938947558403015,0.37840506434440613,0.33342599868774414,0.3697017729282379,0.33194848895072937,0.38951805233955383,0.2484228014945984
12.14,0.43377,0.00371,0.4143643379211426,0.40921762585639954,0.3833787441253662,0.3941246271133423,0.1958945393562317,0.42033660411834717,0.43721500039100647,0.4339653253555298,0.4221844971179962,0.4006710648536682,0.38753125071525574,0.4154813289642334,0.4085884988307953,0.4165409207344055,0.4440336525440216,0.39489665627479553,0.38517677783966064,0.36308905482292175,0.4166423976421356,0.4070320427417755,0.3724721074104309,0.3441354036331177,0.3726411759853363,0.3803192377090454,0.3590402901172638,0.3832698166370392,0.37809160351753235,0.4030521512031555,0.38835451006889343,0.3952142298221588,0.4282849431037903,0.37168291211128235
12.15,0.44099,0.00372,0.4143643379211426,0.40921762585639954,0.3833787441253662,0.3941246271133423,0.1958945393562317,0.42033660411834717,0.43721500039100647,0.4339653253555298,0.4221844971179962,0.4006710648536682,0.38753125071525574,0.4154813289642334,0.4085884988307953,0.4165409207344055,0.4440336525440216,0.39489665627479553,0.38517677783966064,0.36308905482292175,0.4166423976421356,0.4070320427417755,0.3724721074104309,0.3441354036331177,0.3726411759853363,0.3803192377090454,0.3590402901172638,0.3832698166370392,0.37809160351753235,0.4030521512031555,0.38835451006889343,0.3952142298221588,0.4282849431037903,0.37168291211128235
12.16,0.44786,0.00372,0.4143643379211426,0.40921762585639954,0.3833787441253662,0.3941246271133423,0.1958945393562317,0.42033660411834717,0.43721500039100647,0.4339653253555298,0.4221844971179962,0.4006710648536682,0.38753125071525574,0.4154813289642334,0.4085884988307953,0.4165409207344055,0.4440336525440216,0.39489665627479553,0.38517677783966064,0.36308905482292175,0.4166423976421356,0.4070320427417755,0.3724721074104309,0.3441354036331177,0.3726411759853363,0.3803192377090454,0.3590402901172638,0.3832698166370392,0.37809160351753235,0.4030521512031555,0.38835451006889343,0.3952142298221588,0.4282849431037903,0.37168291211128235
12.17,0.45435,0.0037,0.4143643379211426,0.40921762585639954,0.3833787441253662,0.3941246271133423,0.1958945393562317,0.42033660411834717,0.43721500039100647,0.4339653253555298,0.4221844971179962,0.4006710648536682,0.38753125071525574,0.4154813289642334,0.4085884988307953,0.4165409207344055,0.4440336525440216,0.39489665627479553,0.38517677783966064,0.36308905482292175,0.4166423976421356,0.4070320427417755,0.3724721074104309,0.3441354036331177,0.3726411759853363,0.3803192377090454,0.3590402901172638,0.3832698166370392,0.37809160351753235,0.4030521512031555,0.38835451006889343,0.3952142298221588,0.4282849431037903,0.37168291211128235
12.18,0.46045,0.00367,0.4143643379211426,0.40921762585639954,0.3833787441253662,0.3941246271133423,0.1958945393562317,0.42033660411834717,0.43721500039100647,0.4339653253555298,0.4221844971179962,0.4006710648536682,0.38753125071525574,0.4154813289642334,0.4085884988307953,0.4165409207344055,0.4440336525440216,0.39489665627479553,0.38517677783966064,0.36308905482292175,0.4166423976421356,0.4070320427417755,0.3724721074104309,0.3441354036331177,0.3726411759853363,0.3803192377090454,0.3590402901172638,0.3832698166370392,0.37809160351753235,0.4030521512031555,0.38835451006889343,0.3952142298221588,0.4282849431037903,0.37168291211128235
12.19,0.46615,0.00363,0.47086697816848755,0.5061206817626953,0.49509090185165405,0.4931142032146454,0.28580743074417114,0.48577940464019775,0.48209163546562195,0.4551967978477478,0.4948633015155792,0.46748554706573486,0.46582871675491333,0.502519965171814,0.470264732837677,0.48742055892944336,0.48534896969795227,0.45338496565818787,0.47644439339637756,0.44670340418815613,0.49417081475257874,0.48467880487442017,0.5165877938270569,0.4518812298774719,0.4846270978450775,0.49572378396987915,0.486367791891098,0.4990747272968292,0.46651139855384827,0.48075270652770996,0.4884512424468994,0.4797012507915497,0.526443600654602,0.4767341911792755
12.2,0.47043,0.0036,0.47086697816848755,0.5061206817626953,0.49509090185165405,0.4931142032146454,0.28580743074417114,0.48577940464019775,0.48209163546562195,0.4551967978477478,0.4948633015155792,0.46748554706573486,0.46582871675491333,0.502519965171814,0.470264732837677,0.48742055892944336,0.48534896969795227,0.45338496565818787,0.47644439339637756,0.44670340418815613,0.49417081475257874,0.48467880487442017,0.5165877938270569,0.4518812298774719,0.4846270978450775,0.49572378396987915,0.486367791891098,0.4990747272968292,0.46651139855384827,0.48075270652770996,0.4884512424468994,0.4797012507915497,0.526443600654602,0.4767341911792755
12.21,0.47634,0.00354,0.47086697816848755,0.5061206817626953,0.49509090185165405,0.4931142032146454,0.28580743074417114,0.48577940464019775,0.48209163546562195,0.4551967978477478,0.4948633015155792,0.46748554706573486,0.46582871675491333,0.502519965171814,0.470264732837677,0.48742055892944336,0.48534896969795227,0.45338496565818787,0.47644439339637756,0.44670340418815613,0.49417081475257874,0.48467880487442017,0.5165877938270569,0.4518812298774719,0.4846270978450775,0.49572378396987915,0.486367791891098,0.4990747272968292,0.46651139855384827,0.48075270652770996,0.4884512424468994,0.4797012507915497,0.526443600654602,0.4767341911792755
12.22,0.48082,0.00348,0.47086697816848755,0.5061206817626953,0.49509090185165405,0.4931142032146454,0.28580743074417114,0.48577940464019775,0.48209163546562195,0.4551967978477478,0.4948633015155792,0.46748554706573486,0.46582871675491333,0.502519965171814,0.470264732837677,0.48742055892944336,0.48534896969795227,0.45338496565818787,0.47644439339637756,0.44670340418815613,0.49417081475257874,0.48467880487442017,0.5165877938270569,0.4518812298774719,0.4846270978450775,0.49572378396987915,0.486367791891098,0.4990747272968292,0.46651139855384827,0.48075270652770996,0.4884512424468994,0.4797012507915497,0.526443600654602,0.4767341911792755
12.23,0.48491,0.00343,0.47086697816848755,0.5061206817626953,0.49509090185165405,0.4931142032146454,0.28580743074417114,0.48577940464019775,0.48209163546562195,0.4551967978477478,0.4948633015155792,0.46748554706573486,0.46582871675491333,0.502519965171814,0.470264732837677,0.48742055892944336,0.48534896969795227,0.45338496565818787,0.47644439339637756,0.44670340418815613,0.49417081475257874,0.48467880487442017,0.5165877938270569,0.4518812298774719,0.4846270978450775,0.49572378396987915,0.486367791891098,0.4990747272968292,0.46651139855384827,0.48075270652770996,0.4884512424468994,0.4797012507915497,0.526443600654602,0.4767341911792755
12.24,0.4886,0.00337,0.49626463651657104,0.5154263377189636,0.49243077635765076,0.46647363901138306,0.3861880302429199,0.5399781465530396,0.467885822057724,0.47593045234680176,0.5407618880271912,0.5150237679481506,0.5208178162574768,0.5114229917526245,0.5209060907363892,0.5320378541946411,0.4643983542919159,0.467639684677124,0.5358645915985107,0.5083365440368652,0.5352863073348999,0.5253767967224121,0.5591467618942261,0.5089385509490967,0.5159468650817871,0.522962212562561,0.5391033887863159,0.5732163786888123,0.531853437423706,0.5244678258895874,0.5424496531486511,0.5365267992019653,0.5835931301116943,0.4940008521080017
12.25,0.49191,0.00332,0.49626463651657104,0.5154263377189636,0.49243077635765076,0.46647363901138306,0.3861880302429199,0.5399781465530396,0.467885822057724,0.47593045234680176,0.5407618880271912,0.5150237679481506,0.5208178162574768,0.5114229917526245,0.5209060907363892,0.5320378541946411,0.4643983542919159,0.467639684677124,0.5358645915985107,0.5083365440368652,0.5352863073348999,0.5253767967224121,0.5591467618942261,0.5089385509490967,0.5159468650817871,0.522962212562561,0.5391033887863159,0.5732163786888123,0.531853437423706,0.5244678258895874,0.5424496531486511,0.5365267992019653,0.5835931301116943,0.4940008521080017
12.26,0.49486,0.00327,0.49626463651657104,0.5154263377189636,0.49243077635765076,0.46647363901138306,0.3861880302429199,0.5399781465530396,0.467885822057724,0.47593045234680176,0.5407618880271912,0.5150237679481506,0.5208178162574768,0.5114229917526245,0.5209060907363892,0.5320378541946411,0.4643983542919159,0.467639684677124,0.5358645915985107,0.5083365440368652,0.5352863073348999,0.5253767967224121,0.5591467618942261,0.5089385509490967,0.5159468650817871,0.522962212562561,0.5391033887863159,0.5732163786888123,0.531853437423706,0.5244678258895874,0.5424496531486511,0.5365267992019653,0.5835931301116943,0.4940008521080017
12.27,0.49746,0.00322,0.49626463651657104,0.5154263377189636,0.49243077635765076,0.46647363901138306,0.3861880302429199,0.5399781465530396,0.467885822057724,0.47593045234680176,0.5407618880271912,0.5150237679481506,0.5208178162574768,0.5114229917526245,0.5209060907363892,0.5320378541946411,0.4643983542919159,0.467639684677124,0.5358645915985107,0.5083365440368652,0.5352863073348999,0.5253767967224121,0.5591467618942261,0.5089385509490967,0.5159468650817871,0.522962212562561,0.5391033887863159,0.5732163786888123,0.531853437423706,0.5244678258895874,0.5424496531486511,0.5365267992019653,0.5835931301116943,0.4940008521080017
12.28,0.49931,0.00318,0.49626463651657104,0.5154263377189636,0.49243077635765076,0.46647363901138306,0.3861880302429199,0.5399781465530396,0.467885822057724,0.47593045234680176,0.5407618880271912,0.5150237679481506,0.5208178162574768,0.5114229917526245,0.5209060907363892,0.5320378541946411,0.4643983542919159,0.467639684677124,0.5358645915985107,0.5083365440368652,0.5352863073348999,0.5253767967224121,0.5591467618942261,0.5089385509490967,0.5159468650817871,0.522962212562561,0.5391033887863159,0.5732163786888123,0.531853437423706,0.5244678258895874,0.5424496531486511,0.5365267992019653,0.5835931301116943,0.4940008521080017
12.29,0.50133,0.00314,0.5262778997421265,0.5273600816726685,0.5248715281486511,0.53890061378479,0.6669915318489075,0.5830715894699097,0.5726253986358643,0.579240620136261,0.584686279296875,0.5462795495986938,0.5423564910888672,0.5767478942871094,0.5691207051277161,0.5706066489219666,0.5789198875427246,0.5551540851593018,0.5650348663330078,0.5558417439460754,0.5863997936248779,0.5786746740341187,0.5628024339675903,0.528316855430603,0.5445140600204468,0.5506082773208618,0.5706313252449036,0.608814001083374,0.5822632312774658,0.5795296430587769,0.5736576914787292,0.5495566129684448,0.597252607345581,0.49839746952056885
12.3,0.50338,0.00309,0.5262778997421265,0.5273600816726685,0.5248715281486511,0.53890061378479,0.6669915318489075,0.5830715894699097,0.5726253986358643,0.579240620136261,0.584686279296875,0.5462795495986938,0.5423564910888672,0.5767478942871094,0.5691207051277161,0.5706066489219666,0.5789198875427246,0.5551540851593018,0.5650348663330078,0.5558417439460754,0.5863997936248779,0.5786746740341187,0.5628024339675903,0.528316855430603,0.5445140600204468,0.5506082773208618,0.5706313252449036,0.608814001083374,0.5822632312774658,0.5795296430587769,0.5736576914787292,0.5495566129684448,0.597252607345581,0.49839746952056885
12.31,0.50481,0.00306,0.5262778997421265,0.5273600816726685,0.5248715281486511,0.53890061378479,0.6669915318489075,0.5830715894699097,0.5726253986358643,0.579240620136261,0.584686279296875,0.5462795495986938,0.5423564910888672,0.5767478942871094,0.5691207051277161,0.5706066489219666,0.5789198875427246,0.5551540851593018,0.5650348663330078,0.5558417439460754,0.5863997936248779,0.5786746740341187,0.5628024339675903,0.528316855430603,0.5445140600204468,0.5506082773208618,0.5706313252449036,0.608814001083374,0.5822632312774658,0.5795296430587769,0.5736576914787292,0.5495566129684448,0.597252607345581,0.49839746952056885
12.32,0.506,0.00303,0.5262778997421265,0.5273600816726685,0.5248715281486511,0.53890061378479,0.6669915318489075,0.5830715894699097,0.5726253986358643,0.579240620136261,0.584686279296875,0.5462795495986938,0.5423564910888672,0.5767478942871094,0.5691207051277161,0.5706066489219666,0.5789198875427246,0.5551540851593018,0.5650348663330078,0.5558417439460754,0.5863997936248779,0.5786746740341187,0.5628024339675903,0.528316855430603,0.5445140600204468,0.5506082773208618,0.5706313252449036,0.608814001083374,0.5822632312774658,0.5795296430587769,0.5736576914787292,0.5495566129684448,0.597252607345581,0.49839746952056885
12.33,0.50698,0.003,0.5262778997421265,0.5273600816726685,0.5248715281486511,0.53890061378479,0.6669915318489075,0.5830715894699097,0.5726253986358643,0.579240620136261,0.584686279296875,0.5462795495986938,0.5423564910888672,0.5767478942871094,0.5691207051277161,0.5706066489219666,0.5789198875427246,0.5551540851593018,0.5650348663330078,0.5558417439460754,0.5863997936248779,0.5786746740341187,0.5628024339675903,0.528316855430603,0.5445140600204468,0.5506082773208618,0.5706313252449036,0.608814001083374,0.5822632312774658,0.5795296430587769,0.5736576914787292,0.5495566129684448,0.597252607345581,0.49839746952056885
12.34,0.50778,0.00298,0.580580472946167,0.6157662868499756,0.6421598196029663,0.6494502425193787,0.7283022403717041,0.6367449760437012,0.6079353094100952,0.6121532320976257,0.6478402614593506,0.6019883751869202,0.6042526960372925,0.6587647795677185,0.6185396313667297,0.6151857972145081,0.6034306287765503,0.6064578294754028,0.6120083332061768,0.6098605990409851,0.6498997807502747,0.6413500308990479,0.6107327938079834,0.5725225806236267,0.6084191799163818,0.6122344732284546,0.619883120059967,0.6402028799057007,0.6306732892990112,0.6252622604370117,0.6161520481109619,0.6344605684280396,0.6782507300376892,0.6176019310951233
12.35,0.50842,0.00297,0.580580472946167,0.6157662868499756,0.6421598196029663,0.6494502425193787,0.7283022403717041,0.6367449760437012,0.6079353094100952,0.6121532320976257,0.6478402614593506,0.6019883751869202,0.6042526960372925,0.6587647795677185,0.6185396313667297,0.6151857972145081,0.6034306287765503,0.6064578294754028,0.6120083332061768,0.6098605990409851,0.6498997807502747,0.6413500308990479,0.6107327938079834,0.5725225806236267,0.6084191799163818,0.6122344732284546,0.619883120059967,0.6402028799057007,0.6306732892990112,0.6252622604370117,0.6161520481109619,0.6344605684280396,0.6782507300376892,0.6176019310951233
12.36,0.50892,0.00295,0.580580472946167,0.6157662868499756,0.6421598196029663,0.6494502425193787,0.7283022403717041,0.6367449760437012,0.6079353094100952,0.6121532320976257,0.6478402614593506,0.6019883751869202,0.6042526960372925,0.6587647795677185,0.6185396313667297,0.6151857972145081,0.6034306287765503,0.6064578294754028,0.6120083332061768,0.6098605990409851,0.6498997807502747,0.6413500308990479,0.6107327938079834,0.5725225806236267,0.6084191799163818,0.6122344732284546,0.619883120059967,0.6402028799057007,0.6306732892990112,0.6252622604370117,0.6161520481109619,0.6344605684280396,0.6782507300376892,0.6176019310951233
12.37,0.50924,0.00294,0.580580472946167,0.6157662868499756,0.6421598196029663,0.6494502425193787,0.7283022403717041,0.6367449760437012,0.6079353094100952,0.6121532320976257,0.6478402614593506,0.6019883751869202,0.6042526960372925,0.6587647795677185,0.6185396313667297,0.6151857972145081,0.6034306287765503,0.6064578294754028,0.6120083332061768,0.6098605990409851,0.6498997807502747,0.6413500308990479,0.6107327938079834,0.5725225806236267,0.6084191799163818,0.6122344732284546,0.619883120059967,0.6402028799057007,0.6306732892990112,0.6252622604370117,0.6161520481109619,0.6344605684280396,0.6782507300376892,0.6176019310951233
12.38,0.5096,0.00293,0.580580472946167,0.6157662868499756,0.6421598196029663,0.6494502425193787,0.7283022403717041,0.6367449760437012,0.6079353094100952,0.6121532320976257,0.6478402614593506,0.6019883751869202,0.6042526960372925,0.6587647795677185,0.6185396313667297,0.6151857972145081,0.6034306287765503,0.6064578294754028,0.6120083332061768,0.6098605990409851,0.6498997807502747,0.6413500308990479,0.6107327938079834,0.5725225806236267,0.6084191799163818,0.6122344732284546,0.619883120059967,0.6402028799057007,0.6306732892990112,0.6252622604370117,0.6161520481109619,0.6344605684280396,0.6782507300376892,0.6176019310951233
12.39,0.50982,0.00293,0.6808308959007263,0.7476464509963989,0.7724363803863525,0.7431788444519043,0.9010190367698669,0.7325112819671631,0.7251392602920532,0.7557368278503418,0.7533534169197083,0.7282910943031311,0.7430324554443359,0.7618662714958191,0.6962865591049194,0.724650502204895,0.720826268196106,0.723582923412323,0.7193760871887207,0.719322681427002,0.7447199821472168,0.7295267581939697,0.7522331476211548,0.704047441482544,0.7129677534103394,0.7214454412460327,0.7311028838157654,0.7564046382904053,0.7239887714385986,0.7264001369476318,0.732455313205719,0.7080175876617432,0.752497136592865,0.6982507705688477
12.4,0.50997,0.00292,0.6808308959007263,0.7476464509963989,0.7724363803863525,0.7431788444519043,0.9010190367698669,0.7325112819671631,0.7251392602920532,0.7557368278503418,0.7533534169197083,0.7282910943031311,0.7430324554443359,0.7618662714958191,0.6962865591049194,0.724650502204895,0.720826268196106,0.723582923412323,0.7193760871887207,0.719322681427002,0.7447199821472168,0.7295267581939697,0.7522331476211548,0.704047441482544,0.7129677534103394,0.7214454412460327,0.7311028838157654,0.7564046382904053,0.7239887714385986,0.7264001369476318,0.732455313205719,0.7080175876617432,0.752497136592865,0.6982507705688477
12.41,0.51008,0.00292,0.6808308959007263,0.7476464509963989,0.7724363803863525,0.7431788444519043,0.9010190367698669,0.7325112819671631,0.7251392602920532,0.7557368278503418,0.7533534169197083,0.7282910943031311,0.7430324554443359,0.7618662714958191,0.6962865591049194,0.724650502204895,0.720826268196106,0.723582923412323,0.7193760871887207,0.719322681427002,0.7447199821472168,0.7295267581939697,0.7522331476211548,0.704047441482544,0.7129677534103394,0.7214454412460327,0.7311028838157654,0.7564046382904053,0.7239887714385986,0.7264001369476318,0.732455313205719,0.7080175876617432,0.752497136592865,0.6982507705688477
12.42,0.51015,0.00292,0.6808308959007263,0.7476464509963989,0.7724363803863525,0.7431788444519043,0.9010190367698669,0.7325112819671631,0.7251392602920532,0.7557368278503418,0.7533534169197083,0.7282910943031311,0.7430324554443359,0.7618662714958191,0.6962865591049194,0.724650502204895,0.720826268196106,0.723582923412323,0.7193760871887207,0.719322681427002,0.7447199821472168,0.7295267581939697,0.7522331476211548,0.704047441482544,0.7129677534103394,0.7214454412460327,0.7311028838157654,0.7564046382904053,0.7239887714385986,0.7264001369476318,0.732455313205719,0.7080175876617432,0.752497136592865,0.6982507705688477
12.43,0.5102,0.00291,0.6808308959007263,0.7476464509963989,0.7724363803863525,0.7431788444519043,0.9010190367698669,0.7325112819671631,0.7251392602920532,0.7557368278503418,0.7533534169197083,0.7282910943031311,0.7430324554443359,0.7618662714958191,0.6962865591049194,0.724650502204895,0.720826268196106,0.723582923412323,0.7193760871887207,0.719322681427002,0.7447199821472168,0.7295267581939697,0.7522331476211548,0.704047441482544,0.7129677534103394,0.7214454412460327,0.7311028838157654,0.7564046382904053,0.7239887714385986,0.7264001369476318,0.732455313205719,0.7080175876617432,0.752497136592865,0.6982507705688477
12.44,0.51022,0.00291,0.7547550201416016,0.7690024375915527,0.7902930378913879,0.7740730047225952,0.9481000900268555,0.8058546185493469,0.7663857936859131,0.7759873270988464,0.8221215605735779,0.8069263696670532,0.8021705746650696,0.8103078007698059,0.7663025856018066,0.7871822714805603,0.7577369809150696,0.7701683044433594,0.7907757759094238,0.78995281457901,0.8094474077224731,0.7941521406173706,0.819210410118103,0.777369499206543,0.7975776195526123,0.8023718595504761,0.8084792494773865,0.8644986152648926,0.8228043913841248,0.785194993019104,0.8119101524353027,0.8078026175498962,0.8578246831893921,0.7760644555091858
12.45,0.51024,0.00291,0.7547550201416016,0.7690024375915527,0.7902930378913879,0.7740730047225952,0.9481000900268555,0.8058546185493469,0.7663857936859131,0.7759873270988464,0.8221215605735779,0.8069263696670532,0.8021705746650696,0.8103078007698059,0.7663025856018066,0.7871822714805603,0.7577369809150696,0.7701683044433594,0.7907757759094238,0.78995281457901,0.8094474077224731,0.7941521406173706,0.819210410118103,0.777369499206543,0.7975776195526123,0.8023718595504761,0.8084792494773865,0.8644986152648926,0.8228043913841248,0.785194993019104,0.8119101524353027,0.8078026175498962,0.8578246831893921,0.7760644555091858
12.46,0.51025,0.00291,0.7547550201416016,0.7690024375915527,0.7902930378913879,0.7740730047225952,0.9481000900268555,0.8058546185493469,0.7663857936859131,0.7759873270988464,0.8221215605735779,0.8069263696670532,0.8021705746650696,0.8103078007698059,0.7663025856018066,0.7871822714805603,0.7577369809150696,0.7701683044433594,0.7907757759094238,0.78995281457901,0.8094474077224731,0.7941521406173706,0.819210410118103,0.777369499206543,0.7975776195526123,0.8023718595504761,0.8084792494773865,0.8644986152648926,0.8228043913841248,0.785194993019104,0.8119101524353027,0.8078026175498962,0.8578246831893921,0.7760644555091858
12.47,0.51025,0.00291,0.7547550201416016,0.7690024375915527,0.7902930378913879,0.7740730047225952,0.9481000900268555,0.8058546185493469,0.7663857936859131,0.7759873270988464,0.8221215605735779,0.8069263696670532,0.8021705746650696,0.8103078007698059,0.7663025856018066,0.7871822714805603,0.7577369809150696,0.7701683044433594,0.7907757759094238,0.78995281457901,0.8094474077224731,0.7941521406173706,0.819210410118103,0.777369499206543,0.7975776195526123,0.8023718595504761,0.8084792494773865,0.8644986152648926,0.8228043913841248,0.785194993019104,0.8119101524353027,0.8078026175498962,0.8578246831893921,0.7760644555091858
12.48,0.51025,0.00291,0.7547550201416016,0.7690024375915527,0.7902930378913879,0.7740730047225952,0.9481000900268555,0.8058546185493469,0.7663857936859131,0.7759873270988464,0.8221215605735779,0.8069263696670532,0.8021705746650696,0.8103078007698059,0.7663025856018066,0.7871822714805603,0.7577369809150696,0.7701683044433594,0.7907757759094238,0.78995281457901,0.8094474077224731,0.7941521406173706,0.819210410118103,0.777369499206543,0.7975776195526123,0.8023718595504761,0.8084792494773865,0.8644986152648926,0.8228043913841248,0.785194993019104,0.8119101524353027,0.8078026175498962,0.8578246831893921,0.7760644555091858
12.49,0.51025,0.00291,0.8076257109642029,0.7769899368286133,0.815651535987854,0.8146413564682007,0.8816004991531372,0.8480200171470642,0.7778047323226929,0.8084350228309631,0.8582155704498291,0.8187993764877319,0.8010520935058594,0.8519636988639832,0.822409987449646,0.8245798945426941,0.7687216401100159,0.799712061882019,0.8176628947257996,0.8317477703094482,0.8561598062515259,0.8410948514938354,0.8539300560951233,0.8241392374038696,0.8465445041656494,0.8442990779876709,0.8156675696372986,0.8763672113418579,0.8654378056526184,0.8316885232925415,0.8353500962257385,0.8410792946815491,0.871939480304718,0.8117455840110779
12.5,0.51025,0.00291,0.8076257109642029,0.7769899368286133,0.815651535987854,0.8146413564682007,0.8816004991531372,0.8480200171470642,0.7778047323226929,0.8084350228309631,0.8582155704498291,0.8187993764877319,0.8010520935058594,0.8519636988639832,0.822409987449646,0.8245798945426941,0.7687216401100159,0.799712061882019,0.8176628947257996,0.8317477703094482,0.8561598062515259,0.8410948514938354,0.8539300560951233,0.8241392374038696,0.8465445041656494,0.8442990779876709,0.8156675696372986,0.8763672113418579,0.8654378056526184,0.8316885232925415,0.8353500962257385,0.8410792946815491,0.871939480304718,0.8117455840110779
