time,veh_u,veh_v,model_GRU_lon_0.pt,model_GRU_lon_1.pt,model_GRU_lon_10.pt,model_GRU_lon_11.pt,model_GRU_lon_12.pt,model_GRU_lon_13.pt,model_GRU_lon_14.pt,model_GRU_lon_15.pt,model_GRU_lon_16.pt,model_GRU_lon_17.pt,model_GRU_lon_18.pt,model_GRU_lon_19.pt,model_GRU_lon_2.pt,model_GRU_lon_20.pt,model_GRU_lon_21.pt,model_GRU_lon_22.pt,model_GRU_lon_23.pt,model_GRU_lon_24.pt,model_GRU_lon_25.pt,model_GRU_lon_26.pt,model_GRU_lon_27.pt,model_GRU_lon_28.pt,model_GRU_lon_29.pt,model_GRU_lon_3.pt,model_GRU_lon_30.pt,model_GRU_lon_31.pt,model_GRU_lon_4.pt,model_GRU_lon_5.pt,model_GRU_lon_6.pt,model_GRU_lon_7.pt,model_GRU_lon_8.pt,model_GRU_lon_9.pt
0.0,0.0,0.0047,0.005815684795379639,0.02187943458557129,0.03394411504268646,0.09780445694923401,0.02304941602051258,0.0365421287715435,0.038844503462314606,0.10069355368614197,0.029703855514526367,0.025936871767044067,0.008321613073348999,0.06328311562538147,0.02105337381362915,0.02050912380218506,0.02312418818473816,0.016157954931259155,0.04296603798866272,0.05055534839630127,0.022823050618171692,0.015666574239730835,0.0558108389377594,0.03912690654397011,0.028965719044208527,0.04774254560470581,0.034194428473711014,0.07207781076431274,0.02269771695137024,0.02825431525707245,0.012300863862037659,0.08481813967227936,0.03144755959510803,0.021118000149726868
0.01,0.0,0.00433,0.005815684795379639,0.02187943458557129,0.03394411504268646,0.09780445694923401,0.02304941602051258,0.0365421287715435,0.038844503462314606,0.10069355368614197,0.029703855514526367,0.025936871767044067,0.008321613073348999,0.06328311562538147,0.02105337381362915,0.02050912380218506,0.02312418818473816,0.016157954931259155,0.04296603798866272,0.05055534839630127,0.022823050618171692,0.015666574239730835,0.0558108389377594,0.03912690654397011,0.028965719044208527,0.04774254560470581,0.034194428473711014,0.07207781076431274,0.02269771695137024,0.02825431525707245,0.012300863862037659,0.08481813967227936,0.03144755959510803,0.021118000149726868
0.02,0.0,0.00397,0.005815684795379639,0.02187943458557129,0.03394411504268646,0.09780445694923401,0.02304941602051258,0.0365421287715435,0.038844503462314606,0.10069355368614197,0.029703855514526367,0.025936871767044067,0.008321613073348999,0.06328311562538147,0.02105337381362915,0.02050912380218506,0.02312418818473816,0.016157954931259155,0.04296603798866272,0.05055534839630127,0.022823050618171692,0.015666574239730835,0.0558108389377594,0.03912690654397011,0.028965719044208527,0.04774254560470581,0.034194428473711014,0.07207781076431274,0.02269771695137024,0.02825431525707245,0.012300863862037659,0.08481813967227936,0.03144755959510803,0.021118000149726868
0.03,0.0,0.00362,0.005815684795379639,0.02187943458557129,0.03394411504268646,0.09780445694923401,0.02304941602051258,0.0365421287715435,0.038844503462314606,0.10069355368614197,0.029703855514526367,0.025936871767044067,0.008321613073348999,0.06328311562538147,0.02105337381362915,0.02050912380218506,0.02312418818473816,0.016157954931259155,0.04296603798866272,0.05055534839630127,0.022823050618171692,0.015666574239730835,0.0558108389377594,0.03912690654397011,0.028965719044208527,0.04774254560470581,0.034194428473711014,0.07207781076431274,0.02269771695137024,0.02825431525707245,0.012300863862037659,0.08481813967227936,0.03144755959510803,0.021118000149726868
0.04,0.0,0.00327,0.005815684795379639,0.02187943458557129,0.03394411504268646,0.09780445694923401,0.02304941602051258,0.0365421287715435,0.038844503462314606,0.10069355368614197,0.029703855514526367,0.025936871767044067,0.008321613073348999,0.06328311562538147,0.02105337381362915,0.02050912380218506,0.02312418818473816,0.016157954931259155,0.04296603798866272,0.05055534839630127,0.022823050618171692,0.015666574239730835,0.0558108389377594,0.03912690654397011,0.028965719044208527,0.04774254560470581,0.034194428473711014,0.07207781076431274,0.02269771695137024,0.02825431525707245,0.012300863862037659,0.08481813967227936,0.03144755959510803,0.021118000149726868
0.05,0.0,0.00294,0.005815684795379639,0.02187943458557129,0.03394411504268646,0.09780445694923401,0.02304941602051258,0.0365421287715435,0.038844503462314606,0.10069355368614197,0.029703855514526367,0.025936871767044067,0.008321613073348999,0.06328311562538147,0.02105337381362915,0.02050912380218506,0.02312418818473816,0.016157954931259155,0.04296603798866272,0.05055534839630127,0.022823050618171692,0.015666574239730835,0.0558108389377594,0.03912690654397011,0.028965719044208527,0.04774254560470581,0.034194428473711014,0.07207781076431274,0.02269771695137024,0.02825431525707245,0.012300863862037659,0.08481813967227936,0.03144755959510803,0.021118000149726868
0.06,0.0,0.00263,0.005815684795379639,0.02187943458557129,0.03394411504268646,0.09780445694923401,0.02304941602051258,0.0365421287715435,0.038844503462314606,0.10069355368614197,0.029703855514526367,0.025936871767044067,0.008321613073348999,0.06328311562538147,0.02105337381362915,0.02050912380218506,0.02312418818473816,0.016157954931259155,0.04296603798866272,0.05055534839630127,0.022823050618171692,0.015666574239730835,0.0558108389377594,0.03912690654397011,0.028965719044208527,0.04774254560470581,0.034194428473711014,0.07207781076431274,0.02269771695137024,0.02825431525707245,0.012300863862037659,0.08481813967227936,0.03144755959510803,0.021118000149726868
0.07,0.0,0.00233,0.005815684795379639,0.02187943458557129,0.03394411504268646,0.09780445694923401,0.02304941602051258,0.0365421287715435,0.038844503462314606,0.10069355368614197,0.029703855514526367,0.025936871767044067,0.008321613073348999,0.06328311562538147,0.02105337381362915,0.02050912380218506,0.02312418818473816,0.016157954931259155,0.04296603798866272,0.05055534839630127,0.022823050618171692,0.015666574239730835,0.0558108389377594,0.03912690654397011,0.028965719044208527,0.04774254560470581,0.034194428473711014,0.07207781076431274,0.02269771695137024,0.02825431525707245,0.012300863862037659,0.08481813967227936,0.03144755959510803,0.021118000149726868
0.08,0.0,0.00204,0.005815684795379639,0.02187943458557129,0.03394411504268646,0.09780445694923401,0.02304941602051258,0.0365421287715435,0.038844503462314606,0.10069355368614197,0.029703855514526367,0.025936871767044067,0.008321613073348999,0.06328311562538147,0.02105337381362915,0.02050912380218506,0.02312418818473816,0.016157954931259155,0.04296603798866272,0.05055534839630127,0.022823050618171692,0.015666574239730835,0.0558108389377594,0.03912690654397011,0.028965719044208527,0.04774254560470581,0.034194428473711014,0.07207781076431274,0.02269771695137024,0.02825431525707245,0.012300863862037659,0.08481813967227936,0.03144755959510803,0.021118000149726868
0.09,0.0,0.00178,0.005815684795379639,0.02187943458557129,0.03394411504268646,0.09780445694923401,0.02304941602051258,0.0365421287715435,0.038844503462314606,0.10069355368614197,0.029703855514526367,0.025936871767044067,0.008321613073348999,0.06328311562538147,0.02105337381362915,0.02050912380218506,0.02312418818473816,0.016157954931259155,0.04296603798866272,0.05055534839630127,0.022823050618171692,0.015666574239730835,0.0558108389377594,0.03912690654397011,0.028965719044208527,0.04774254560470581,0.034194428473711014,0.07207781076431274,0.02269771695137024,0.02825431525707245,0.012300863862037659,0.08481813967227936,0.03144755959510803,0.021118000149726868
0.1,0.0,0.00153,0.005815684795379639,0.02187943458557129,0.03394411504268646,0.09780445694923401,0.02304941602051258,0.0365421287715435,0.038844503462314606,0.10069355368614197,0.029703855514526367,0.025936871767044067,0.008321613073348999,0.06328311562538147,0.02105337381362915,0.02050912380218506,0.02312418818473816,0.016157954931259155,0.04296603798866272,0.05055534839630127,0.022823050618171692,0.015666574239730835,0.0558108389377594,0.03912690654397011,0.028965719044208527,0.04774254560470581,0.034194428473711014,0.07207781076431274,0.02269771695137024,0.02825431525707245,0.012300863862037659,0.08481813967227936,0.03144755959510803,0.021118000149726868
0.11,0.0,0.00131,0.005815684795379639,0.02187943458557129,0.03394411504268646,0.09780445694923401,0.02304941602051258,0.0365421287715435,0.038844503462314606,0.10069355368614197,0.029703855514526367,0.025936871767044067,0.008321613073348999,0.06328311562538147,0.02105337381362915,0.02050912380218506,0.02312418818473816,0.016157954931259155,0.04296603798866272,0.05055534839630127,0.022823050618171692,0.015666574239730835,0.0558108389377594,0.03912690654397011,0.028965719044208527,0.04774254560470581,0.034194428473711014,0.07207781076431274,0.02269771695137024,0.02825431525707245,0.012300863862037659,0.08481813967227936,0.03144755959510803,0.021118000149726868
0.12,0.0,0.00111,0.005815684795379639,0.02187943458557129,0.03394411504268646,0.09780445694923401,0.02304941602051258,0.0365421287715435,0.038844503462314606,0.10069355368614197,0.029703855514526367,0.025936871767044067,0.008321613073348999,0.06328311562538147,0.02105337381362915,0.02050912380218506,0.02312418818473816,0.016157954931259155,0.04296603798866272,0.05055534839630127,0.022823050618171692,0.015666574239730835,0.0558108389377594,0.03912690654397011,0.028965719044208527,0.04774254560470581,0.034194428473711014,0.07207781076431274,0.02269771695137024,0.02825431525707245,0.012300863862037659,0.08481813967227936,0.03144755959510803,0.021118000149726868
0.13,0.0,0.0,0.005815684795379639,0.02187943458557129,0.03394411504268646,0.09780445694923401,0.02304941602051258,0.0365421287715435,0.038844503462314606,0.10069355368614197,0.029703855514526367,0.025936871767044067,0.008321613073348999,0.06328311562538147,0.02105337381362915,0.02050912380218506,0.02312418818473816,0.016157954931259155,0.04296603798866272,0.05055534839630127,0.022823050618171692,0.015666574239730835,0.0558108389377594,0.03912690654397011,0.028965719044208527,0.04774254560470581,0.034194428473711014,0.07207781076431274,0.02269771695137024,0.02825431525707245,0.012300863862037659,0.08481813967227936,0.03144755959510803,0.021118000149726868
0.14,0.0,0.0,0.005815684795379639,0.02187943458557129,0.03394411504268646,0.09780445694923401,0.02304941602051258,0.0365421287715435,0.038844503462314606,0.10069355368614197,0.029703855514526367,0.025936871767044067,0.008321613073348999,0.06328311562538147,0.02105337381362915,0.02050912380218506,0.02312418818473816,0.016157954931259155,0.04296603798866272,0.05055534839630127,0.022823050618171692,0.015666574239730835,0.0558108389377594,0.03912690654397011,0.028965719044208527,0.04774254560470581,0.034194428473711014,0.07207781076431274,0.02269771695137024,0.02825431525707245,0.012300863862037659,0.08481813967227936,0.03144755959510803,0.021118000149726868
0.15,0.0,0.0,0.005815684795379639,0.02187943458557129,0.03394411504268646,0.09780445694923401,0.02304941602051258,0.0365421287715435,0.038844503462314606,0.10069355368614197,0.029703855514526367,0.025936871767044067,0.008321613073348999,0.06328311562538147,0.02105337381362915,0.02050912380218506,0.02312418818473816,0.016157954931259155,0.04296603798866272,0.05055534839630127,0.022823050618171692,0.015666574239730835,0.0558108389377594,0.03912690654397011,0.028965719044208527,0.04774254560470581,0.034194428473711014,0.07207781076431274,0.02269771695137024,0.02825431525707245,0.012300863862037659,0.08481813967227936,0.03144755959510803,0.021118000149726868
0.16,0.0,0.0,0.005815684795379639,0.02187943458557129,0.03394411504268646,0.09780445694923401,0.02304941602051258,0.0365421287715435,0.038844503462314606,0.10069355368614197,0.029703855514526367,0.025936871767044067,0.008321613073348999,0.06328311562538147,0.02105337381362915,0.02050912380218506,0.02312418818473816,0.016157954931259155,0.04296603798866272,0.05055534839630127,0.022823050618171692,0.015666574239730835,0.0558108389377594,0.03912690654397011,0.028965719044208527,0.04774254560470581,0.034194428473711014,0.07207781076431274,0.02269771695137024,0.02825431525707245,0.012300863862037659,0.08481813967227936,0.03144755959510803,0.021118000149726868
0.17,0.0,0.0,0.005815684795379639,0.02187943458557129,0.03394411504268646,0.09780445694923401,0.02304941602051258,0.0365421287715435,0.038844503462314606,0.10069355368614197,0.029703855514526367,0.025936871767044067,0.008321613073348999,0.06328311562538147,0.02105337381362915,0.02050912380218506,0.02312418818473816,0.016157954931259155,0.04296603798866272,0.05055534839630127,0.022823050618171692,0.015666574239730835,0.0558108389377594,0.03912690654397011,0.028965719044208527,0.04774254560470581,0.034194428473711014,0.07207781076431274,0.02269771695137024,0.02825431525707245,0.012300863862037659,0.08481813967227936,0.03144755959510803,0.021118000149726868
0.18,0.0,0.0,0.005815684795379639,0.02187943458557129,0.03394411504268646,0.09780445694923401,0.02304941602051258,0.0365421287715435,0.038844503462314606,0.10069355368614197,0.029703855514526367,0.025936871767044067,0.008321613073348999,0.06328311562538147,0.02105337381362915,0.02050912380218506,0.02312418818473816,0.016157954931259155,0.04296603798866272,0.05055534839630127,0.022823050618171692,0.015666574239730835,0.0558108389377594,0.03912690654397011,0.028965719044208527,0.04774254560470581,0.034194428473711014,0.07207781076431274,0.02269771695137024,0.02825431525707245,0.012300863862037659,0.08481813967227936,0.03144755959510803,0.021118000149726868
0.19,0.0,0.0,0.005815684795379639,0.02187943458557129,0.03394411504268646,0.09780445694923401,0.02304941602051258,0.0365421287715435,0.038844503462314606,0.10069355368614197,0.029703855514526367,0.025936871767044067,0.008321613073348999,0.06328311562538147,0.02105337381362915,0.02050912380218506,0.02312418818473816,0.016157954931259155,0.04296603798866272,0.05055534839630127,0.022823050618171692,0.015666574239730835,0.0558108389377594,0.03912690654397011,0.028965719044208527,0.04774254560470581,0.034194428473711014,0.07207781076431274,0.02269771695137024,0.02825431525707245,0.012300863862037659,0.08481813967227936,0.03144755959510803,0.021118000149726868
0.2,0.0,0.0,0.005815684795379639,0.02187943458557129,0.03394411504268646,0.09780445694923401,0.02304941602051258,0.0365421287715435,0.038844503462314606,0.10069355368614197,0.029703855514526367,0.025936871767044067,0.008321613073348999,0.06328311562538147,0.02105337381362915,0.02050912380218506,0.02312418818473816,0.016157954931259155,0.04296603798866272,0.05055534839630127,0.022823050618171692,0.015666574239730835,0.0558108389377594,0.03912690654397011,0.028965719044208527,0.04774254560470581,0.034194428473711014,0.07207781076431274,0.02269771695137024,0.02825431525707245,0.012300863862037659,0.08481813967227936,0.03144755959510803,0.021118000149726868
0.21,0.0,0.0,0.005815684795379639,0.02187943458557129,0.03394411504268646,0.09780445694923401,0.02304941602051258,0.0365421287715435,0.038844503462314606,0.10069355368614197,0.029703855514526367,0.025936871767044067,0.008321613073348999,0.06328311562538147,0.02105337381362915,0.02050912380218506,0.02312418818473816,0.016157954931259155,0.04296603798866272,0.05055534839630127,0.022823050618171692,0.015666574239730835,0.0558108389377594,0.03912690654397011,0.028965719044208527,0.04774254560470581,0.034194428473711014,0.07207781076431274,0.02269771695137024,0.02825431525707245,0.012300863862037659,0.08481813967227936,0.03144755959510803,0.021118000149726868
0.22,0.0,0.0,0.005815684795379639,0.02187943458557129,0.03394411504268646,0.09780445694923401,0.02304941602051258,0.0365421287715435,0.038844503462314606,0.10069355368614197,0.029703855514526367,0.025936871767044067,0.008321613073348999,0.06328311562538147,0.02105337381362915,0.02050912380218506,0.02312418818473816,0.016157954931259155,0.04296603798866272,0.05055534839630127,0.022823050618171692,0.015666574239730835,0.0558108389377594,0.03912690654397011,0.028965719044208527,0.04774254560470581,0.034194428473711014,0.07207781076431274,0.02269771695137024,0.02825431525707245,0.012300863862037659,0.08481813967227936,0.03144755959510803,0.021118000149726868
0.23,0.0,0.0,0.005815684795379639,0.02187943458557129,0.03394411504268646,0.09780445694923401,0.02304941602051258,0.0365421287715435,0.038844503462314606,0.10069355368614197,0.029703855514526367,0.025936871767044067,0.008321613073348999,0.06328311562538147,0.02105337381362915,0.02050912380218506,0.02312418818473816,0.016157954931259155,0.04296603798866272,0.05055534839630127,0.022823050618171692,0.015666574239730835,0.0558108389377594,0.03912690654397011,0.028965719044208527,0.04774254560470581,0.034194428473711014,0.07207781076431274,0.02269771695137024,0.02825431525707245,0.012300863862037659,0.08481813967227936,0.03144755959510803,0.021118000149726868
0.24,0.0,0.0,0.005815684795379639,0.02187943458557129,0.03394411504268646,0.09780445694923401,0.02304941602051258,0.0365421287715435,0.038844503462314606,0.10069355368614197,0.029703855514526367,0.025936871767044067,0.008321613073348999,0.06328311562538147,0.02105337381362915,0.02050912380218506,0.02312418818473816,0.016157954931259155,0.04296603798866272,0.05055534839630127,0.022823050618171692,0.015666574239730835,0.0558108389377594,0.03912690654397011,0.028965719044208527,0.04774254560470581,0.034194428473711014,0.07207781076431274,0.02269771695137024,0.02825431525707245,0.012300863862037659,0.08481813967227936,0.03144755959510803,0.021118000149726868
0.25,0.0,0.0,0.005815684795379639,0.02187943458557129,0.03394411504268646,0.09780445694923401,0.02304941602051258,0.0365421287715435,0.038844503462314606,0.10069355368614197,0.029703855514526367,0.025936871767044067,0.008321613073348999,0.06328311562538147,0.02105337381362915,0.02050912380218506,0.02312418818473816,0.016157954931259155,0.04296603798866272,0.05055534839630127,0.022823050618171692,0.015666574239730835,0.0558108389377594,0.03912690654397011,0.028965719044208527,0.04774254560470581,0.034194428473711014,0.07207781076431274,0.02269771695137024,0.02825431525707245,0.012300863862037659,0.08481813967227936,0.03144755959510803,0.021118000149726868
0.26,0.0,0.0,0.005815684795379639,0.02187943458557129,0.03394411504268646,0.09780445694923401,0.02304941602051258,0.0365421287715435,0.038844503462314606,0.10069355368614197,0.029703855514526367,0.025936871767044067,0.008321613073348999,0.06328311562538147,0.02105337381362915,0.02050912380218506,0.02312418818473816,0.016157954931259155,0.04296603798866272,0.05055534839630127,0.022823050618171692,0.015666574239730835,0.0558108389377594,0.03912690654397011,0.028965719044208527,0.04774254560470581,0.034194428473711014,0.07207781076431274,0.02269771695137024,0.02825431525707245,0.012300863862037659,0.08481813967227936,0.03144755959510803,0.021118000149726868
0.27,0.0,0.0,0.005815684795379639,0.02187943458557129,0.03394411504268646,0.09780445694923401,0.02304941602051258,0.0365421287715435,0.038844503462314606,0.10069355368614197,0.029703855514526367,0.025936871767044067,0.008321613073348999,0.06328311562538147,0.02105337381362915,0.02050912380218506,0.02312418818473816,0.016157954931259155,0.04296603798866272,0.05055534839630127,0.022823050618171692,0.015666574239730835,0.0558108389377594,0.03912690654397011,0.028965719044208527,0.04774254560470581,0.034194428473711014,0.07207781076431274,0.02269771695137024,0.02825431525707245,0.012300863862037659,0.08481813967227936,0.03144755959510803,0.021118000149726868
0.28,0.0,0.0,0.005815684795379639,0.02187943458557129,0.03394411504268646,0.09780445694923401,0.02304941602051258,0.0365421287715435,0.038844503462314606,0.10069355368614197,0.029703855514526367,0.025936871767044067,0.008321613073348999,0.06328311562538147,0.02105337381362915,0.02050912380218506,0.02312418818473816,0.016157954931259155,0.04296603798866272,0.05055534839630127,0.022823050618171692,0.015666574239730835,0.0558108389377594,0.03912690654397011,0.028965719044208527,0.04774254560470581,0.034194428473711014,0.07207781076431274,0.02269771695137024,0.02825431525707245,0.012300863862037659,0.08481813967227936,0.03144755959510803,0.021118000149726868
0.29,0.0,0.0,0.005815684795379639,0.02187943458557129,0.03394411504268646,0.09780445694923401,0.02304941602051258,0.0365421287715435,0.038844503462314606,0.10069355368614197,0.029703855514526367,0.025936871767044067,0.008321613073348999,0.06328311562538147,0.02105337381362915,0.02050912380218506,0.02312418818473816,0.016157954931259155,0.04296603798866272,0.05055534839630127,0.022823050618171692,0.015666574239730835,0.0558108389377594,0.03912690654397011,0.028965719044208527,0.04774254560470581,0.034194428473711014,0.07207781076431274,0.02269771695137024,0.02825431525707245,0.012300863862037659,0.08481813967227936,0.03144755959510803,0.021118000149726868
0.3,0.0,0.00103,0.005815684795379639,0.02187943458557129,0.03394411504268646,0.09780445694923401,0.02304941602051258,0.0365421287715435,0.038844503462314606,0.10069355368614197,0.029703855514526367,0.025936871767044067,0.008321613073348999,0.06328311562538147,0.02105337381362915,0.02050912380218506,0.02312418818473816,0.016157954931259155,0.04296603798866272,0.05055534839630127,0.022823050618171692,0.015666574239730835,0.0558108389377594,0.03912690654397011,0.028965719044208527,0.04774254560470581,0.034194428473711014,0.07207781076431274,0.02269771695137024,0.02825431525707245,0.012300863862037659,0.08481813967227936,0.03144755959510803,0.021118000149726868
0.31,0.0,0.00117,0.005815684795379639,0.02187943458557129,0.03394411504268646,0.09780445694923401,0.02304941602051258,0.0365421287715435,0.038844503462314606,0.10069355368614197,0.029703855514526367,0.025936871767044067,0.008321613073348999,0.06328311562538147,0.02105337381362915,0.02050912380218506,0.02312418818473816,0.016157954931259155,0.04296603798866272,0.05055534839630127,0.022823050618171692,0.015666574239730835,0.0558108389377594,0.03912690654397011,0.028965719044208527,0.04774254560470581,0.034194428473711014,0.07207781076431274,0.02269771695137024,0.02825431525707245,0.012300863862037659,0.08481813967227936,0.03144755959510803,0.021118000149726868
0.32,0.0,0.0013,0.005815684795379639,0.02187943458557129,0.03394411504268646,0.09780445694923401,0.02304941602051258,0.0365421287715435,0.038844503462314606,0.10069355368614197,0.029703855514526367,0.025936871767044067,0.008321613073348999,0.06328311562538147,0.02105337381362915,0.02050912380218506,0.02312418818473816,0.016157954931259155,0.04296603798866272,0.05055534839630127,0.022823050618171692,0.015666574239730835,0.0558108389377594,0.03912690654397011,0.028965719044208527,0.04774254560470581,0.034194428473711014,0.07207781076431274,0.02269771695137024,0.02825431525707245,0.012300863862037659,0.08481813967227936,0.03144755959510803,0.021118000149726868
0.33,0.0,0.00144,0.005815684795379639,0.02187943458557129,0.03394411504268646,0.09780445694923401,0.02304941602051258,0.0365421287715435,0.038844503462314606,0.10069355368614197,0.029703855514526367,0.025936871767044067,0.008321613073348999,0.06328311562538147,0.02105337381362915,0.02050912380218506,0.02312418818473816,0.016157954931259155,0.04296603798866272,0.05055534839630127,0.022823050618171692,0.015666574239730835,0.0558108389377594,0.03912690654397011,0.028965719044208527,0.04774254560470581,0.034194428473711014,0.07207781076431274,0.02269771695137024,0.02825431525707245,0.012300863862037659,0.08481813967227936,0.03144755959510803,0.021118000149726868
0.34,0.0,0.00158,0.005815684795379639,0.02187943458557129,0.03394411504268646,0.09780445694923401,0.02304941602051258,0.0365421287715435,0.038844503462314606,0.10069355368614197,0.029703855514526367,0.025936871767044067,0.008321613073348999,0.06328311562538147,0.02105337381362915,0.02050912380218506,0.02312418818473816,0.016157954931259155,0.04296603798866272,0.05055534839630127,0.022823050618171692,0.015666574239730835,0.0558108389377594,0.03912690654397011,0.028965719044208527,0.04774254560470581,0.034194428473711014,0.07207781076431274,0.02269771695137024,0.02825431525707245,0.012300863862037659,0.08481813967227936,0.03144755959510803,0.021118000149726868
0.35,0.0,0.00169,0.005815684795379639,0.02187943458557129,0.03394411504268646,0.09780445694923401,0.02304941602051258,0.0365421287715435,0.038844503462314606,0.10069355368614197,0.029703855514526367,0.025936871767044067,0.008321613073348999,0.06328311562538147,0.02105337381362915,0.02050912380218506,0.02312418818473816,0.016157954931259155,0.04296603798866272,0.05055534839630127,0.022823050618171692,0.015666574239730835,0.0558108389377594,0.03912690654397011,0.028965719044208527,0.04774254560470581,0.034194428473711014,0.07207781076431274,0.02269771695137024,0.02825431525707245,0.012300863862037659,0.08481813967227936,0.03144755959510803,0.021118000149726868
0.36,0.0,0.00184,0.005815684795379639,0.02187943458557129,0.03394411504268646,0.09780445694923401,0.02304941602051258,0.0365421287715435,0.038844503462314606,0.10069355368614197,0.029703855514526367,0.025936871767044067,0.008321613073348999,0.06328311562538147,0.02105337381362915,0.02050912380218506,0.02312418818473816,0.016157954931259155,0.04296603798866272,0.05055534839630127,0.022823050618171692,0.015666574239730835,0.0558108389377594,0.03912690654397011,0.028965719044208527,0.04774254560470581,0.034194428473711014,0.07207781076431274,0.02269771695137024,0.02825431525707245,0.012300863862037659,0.08481813967227936,0.03144755959510803,0.021118000149726868
0.37,0.0,0.00196,0.005815684795379639,0.02187943458557129,0.03394411504268646,0.09780445694923401,0.02304941602051258,0.0365421287715435,0.038844503462314606,0.10069355368614197,0.029703855514526367,0.025936871767044067,0.008321613073348999,0.06328311562538147,0.02105337381362915,0.02050912380218506,0.02312418818473816,0.016157954931259155,0.04296603798866272,0.05055534839630127,0.022823050618171692,0.015666574239730835,0.0558108389377594,0.03912690654397011,0.028965719044208527,0.04774254560470581,0.034194428473711014,0.07207781076431274,0.02269771695137024,0.02825431525707245,0.012300863862037659,0.08481813967227936,0.03144755959510803,0.021118000149726868
0.38,0.0,0.00207,0.005815684795379639,0.02187943458557129,0.03394411504268646,0.09780445694923401,0.02304941602051258,0.0365421287715435,0.038844503462314606,0.10069355368614197,0.029703855514526367,0.025936871767044067,0.008321613073348999,0.06328311562538147,0.02105337381362915,0.02050912380218506,0.02312418818473816,0.016157954931259155,0.04296603798866272,0.05055534839630127,0.022823050618171692,0.015666574239730835,0.0558108389377594,0.03912690654397011,0.028965719044208527,0.04774254560470581,0.034194428473711014,0.07207781076431274,0.02269771695137024,0.02825431525707245,0.012300863862037659,0.08481813967227936,0.03144755959510803,0.021118000149726868
0.39,0.0,0.00217,0.005815684795379639,0.02187943458557129,0.03394411504268646,0.09780445694923401,0.02304941602051258,0.0365421287715435,0.038844503462314606,0.10069355368614197,0.029703855514526367,0.025936871767044067,0.008321613073348999,0.06328311562538147,0.02105337381362915,0.02050912380218506,0.02312418818473816,0.016157954931259155,0.04296603798866272,0.05055534839630127,0.022823050618171692,0.015666574239730835,0.0558108389377594,0.03912690654397011,0.028965719044208527,0.04774254560470581,0.034194428473711014,0.07207781076431274,0.02269771695137024,0.02825431525707245,0.012300863862037659,0.08481813967227936,0.03144755959510803,0.021118000149726868
0.4,0.0,0.00224,0.005815684795379639,0.02187943458557129,0.03394411504268646,0.09780445694923401,0.02304941602051258,0.0365421287715435,0.038844503462314606,0.10069355368614197,0.029703855514526367,0.025936871767044067,0.008321613073348999,0.06328311562538147,0.02105337381362915,0.02050912380218506,0.02312418818473816,0.016157954931259155,0.04296603798866272,0.05055534839630127,0.022823050618171692,0.015666574239730835,0.0558108389377594,0.03912690654397011,0.028965719044208527,0.04774254560470581,0.034194428473711014,0.07207781076431274,0.02269771695137024,0.02825431525707245,0.012300863862037659,0.08481813967227936,0.03144755959510803,0.021118000149726868
0.41,0.0,0.00229,0.005815684795379639,0.02187943458557129,0.03394411504268646,0.09780445694923401,0.02304941602051258,0.0365421287715435,0.038844503462314606,0.10069355368614197,0.029703855514526367,0.025936871767044067,0.008321613073348999,0.06328311562538147,0.02105337381362915,0.02050912380218506,0.02312418818473816,0.016157954931259155,0.04296603798866272,0.05055534839630127,0.022823050618171692,0.015666574239730835,0.0558108389377594,0.03912690654397011,0.028965719044208527,0.04774254560470581,0.034194428473711014,0.07207781076431274,0.02269771695137024,0.02825431525707245,0.012300863862037659,0.08481813967227936,0.03144755959510803,0.021118000149726868
0.42,0.0,0.00234,0.005815684795379639,0.02187943458557129,0.03394411504268646,0.09780445694923401,0.02304941602051258,0.0365421287715435,0.038844503462314606,0.10069355368614197,0.029703855514526367,0.025936871767044067,0.008321613073348999,0.06328311562538147,0.02105337381362915,0.02050912380218506,0.02312418818473816,0.016157954931259155,0.04296603798866272,0.05055534839630127,0.022823050618171692,0.015666574239730835,0.0558108389377594,0.03912690654397011,0.028965719044208527,0.04774254560470581,0.034194428473711014,0.07207781076431274,0.02269771695137024,0.02825431525707245,0.012300863862037659,0.08481813967227936,0.03144755959510803,0.021118000149726868
0.43,0.0,0.00235,0.005815684795379639,0.02187943458557129,0.03394411504268646,0.09780445694923401,0.02304941602051258,0.0365421287715435,0.038844503462314606,0.10069355368614197,0.029703855514526367,0.025936871767044067,0.008321613073348999,0.06328311562538147,0.02105337381362915,0.02050912380218506,0.02312418818473816,0.016157954931259155,0.04296603798866272,0.05055534839630127,0.022823050618171692,0.015666574239730835,0.0558108389377594,0.03912690654397011,0.028965719044208527,0.04774254560470581,0.034194428473711014,0.07207781076431274,0.02269771695137024,0.02825431525707245,0.012300863862037659,0.08481813967227936,0.03144755959510803,0.021118000149726868
0.44,0.0,0.00234,0.005815684795379639,0.02187943458557129,0.03394411504268646,0.09780445694923401,0.02304941602051258,0.0365421287715435,0.038844503462314606,0.10069355368614197,0.029703855514526367,0.025936871767044067,0.008321613073348999,0.06328311562538147,0.02105337381362915,0.02050912380218506,0.02312418818473816,0.016157954931259155,0.04296603798866272,0.05055534839630127,0.022823050618171692,0.015666574239730835,0.0558108389377594,0.03912690654397011,0.028965719044208527,0.04774254560470581,0.034194428473711014,0.07207781076431274,0.02269771695137024,0.02825431525707245,0.012300863862037659,0.08481813967227936,0.03144755959510803,0.021118000149726868
0.45,0.0,0.0023,0.005815684795379639,0.02187943458557129,0.03394411504268646,0.09780445694923401,0.02304941602051258,0.0365421287715435,0.038844503462314606,0.10069355368614197,0.029703855514526367,0.025936871767044067,0.008321613073348999,0.06328311562538147,0.02105337381362915,0.02050912380218506,0.02312418818473816,0.016157954931259155,0.04296603798866272,0.05055534839630127,0.022823050618171692,0.015666574239730835,0.0558108389377594,0.03912690654397011,0.028965719044208527,0.04774254560470581,0.034194428473711014,0.07207781076431274,0.02269771695137024,0.02825431525707245,0.012300863862037659,0.08481813967227936,0.03144755959510803,0.021118000149726868
0.46,0.0,0.00222,0.005815684795379639,0.02187943458557129,0.03394411504268646,0.09780445694923401,0.02304941602051258,0.0365421287715435,0.038844503462314606,0.10069355368614197,0.029703855514526367,0.025936871767044067,0.008321613073348999,0.06328311562538147,0.02105337381362915,0.02050912380218506,0.02312418818473816,0.016157954931259155,0.04296603798866272,0.05055534839630127,0.022823050618171692,0.015666574239730835,0.0558108389377594,0.03912690654397011,0.028965719044208527,0.04774254560470581,0.034194428473711014,0.07207781076431274,0.02269771695137024,0.02825431525707245,0.012300863862037659,0.08481813967227936,0.03144755959510803,0.021118000149726868
0.47,0.0,0.00214,0.005815684795379639,0.02187943458557129,0.03394411504268646,0.09780445694923401,0.02304941602051258,0.0365421287715435,0.038844503462314606,0.10069355368614197,0.029703855514526367,0.025936871767044067,0.008321613073348999,0.06328311562538147,0.02105337381362915,0.02050912380218506,0.02312418818473816,0.016157954931259155,0.04296603798866272,0.05055534839630127,0.022823050618171692,0.015666574239730835,0.0558108389377594,0.03912690654397011,0.028965719044208527,0.04774254560470581,0.034194428473711014,0.07207781076431274,0.02269771695137024,0.02825431525707245,0.012300863862037659,0.08481813967227936,0.03144755959510803,0.021118000149726868
0.48,0.0,0.00197,0.005815684795379639,0.02187943458557129,0.03394411504268646,0.09780445694923401,0.02304941602051258,0.0365421287715435,0.038844503462314606,0.10069355368614197,0.029703855514526367,0.025936871767044067,0.008321613073348999,0.06328311562538147,0.02105337381362915,0.02050912380218506,0.02312418818473816,0.016157954931259155,0.04296603798866272,0.05055534839630127,0.022823050618171692,0.015666574239730835,0.0558108389377594,0.03912690654397011,0.028965719044208527,0.04774254560470581,0.034194428473711014,0.07207781076431274,0.02269771695137024,0.02825431525707245,0.012300863862037659,0.08481813967227936,0.03144755959510803,0.021118000149726868
0.49,0.0,0.00179,0.005815684795379639,0.02187943458557129,0.03394411504268646,0.09780445694923401,0.02304941602051258,0.0365421287715435,0.038844503462314606,0.10069355368614197,0.029703855514526367,0.025936871767044067,0.008321613073348999,0.06328311562538147,0.02105337381362915,0.02050912380218506,0.02312418818473816,0.016157954931259155,0.04296603798866272,0.05055534839630127,0.022823050618171692,0.015666574239730835,0.0558108389377594,0.03912690654397011,0.028965719044208527,0.04774254560470581,0.034194428473711014,0.07207781076431274,0.02269771695137024,0.02825431525707245,0.012300863862037659,0.08481813967227936,0.03144755959510803,0.021118000149726868
0.5,0.0,0.00157,0.005815684795379639,0.02187943458557129,0.03394411504268646,0.09780445694923401,0.02304941602051258,0.0365421287715435,0.038844503462314606,0.10069355368614197,0.029703855514526367,0.025936871767044067,0.008321613073348999,0.06328311562538147,0.02105337381362915,0.02050912380218506,0.02312418818473816,0.016157954931259155,0.04296603798866272,0.05055534839630127,0.022823050618171692,0.015666574239730835,0.0558108389377594,0.03912690654397011,0.028965719044208527,0.04774254560470581,0.034194428473711014,0.07207781076431274,0.02269771695137024,0.02825431525707245,0.012300863862037659,0.08481813967227936,0.03144755959510803,0.021118000149726868
0.51,0.0,0.00132,0.005815684795379639,0.02187943458557129,0.03394411504268646,0.09780445694923401,0.02304941602051258,0.0365421287715435,0.038844503462314606,0.10069355368614197,0.029703855514526367,0.025936871767044067,0.008321613073348999,0.06328311562538147,0.02105337381362915,0.02050912380218506,0.02312418818473816,0.016157954931259155,0.04296603798866272,0.05055534839630127,0.022823050618171692,0.015666574239730835,0.0558108389377594,0.03912690654397011,0.028965719044208527,0.04774254560470581,0.034194428473711014,0.07207781076431274,0.02269771695137024,0.02825431525707245,0.012300863862037659,0.08481813967227936,0.03144755959510803,0.021118000149726868
0.52,0.0,0.00103,0.005815684795379639,0.02187943458557129,0.03394411504268646,0.09780445694923401,0.02304941602051258,0.0365421287715435,0.038844503462314606,0.10069355368614197,0.029703855514526367,0.025936871767044067,0.008321613073348999,0.06328311562538147,0.02105337381362915,0.02050912380218506,0.02312418818473816,0.016157954931259155,0.04296603798866272,0.05055534839630127,0.022823050618171692,0.015666574239730835,0.0558108389377594,0.03912690654397011,0.028965719044208527,0.04774254560470581,0.034194428473711014,0.07207781076431274,0.02269771695137024,0.02825431525707245,0.012300863862037659,0.08481813967227936,0.03144755959510803,0.021118000149726868
0.53,0.0,0.0,0.005815684795379639,0.02187943458557129,0.03394411504268646,0.09780445694923401,0.02304941602051258,0.0365421287715435,0.038844503462314606,0.10069355368614197,0.029703855514526367,0.025936871767044067,0.008321613073348999,0.06328311562538147,0.02105337381362915,0.02050912380218506,0.02312418818473816,0.016157954931259155,0.04296603798866272,0.05055534839630127,0.022823050618171692,0.015666574239730835,0.0558108389377594,0.03912690654397011,0.028965719044208527,0.04774254560470581,0.034194428473711014,0.07207781076431274,0.02269771695137024,0.02825431525707245,0.012300863862037659,0.08481813967227936,0.03144755959510803,0.021118000149726868
0.54,0.0,0.0,0.006826281547546387,0.02187943458557129,0.03394411504268646,0.09780445694923401,0.024022916331887245,0.0365421287715435,0.038844503462314606,0.10069355368614197,0.030445873737335205,0.025936871767044067,0.008321613073348999,0.06328311562538147,0.02105337381362915,0.021248862147331238,0.02312418818473816,0.016157954931259155,0.04296603798866272,0.05074414610862732,0.022823050618171692,0.015666574239730835,0.0558108389377594,0.03952876478433609,0.028965719044208527,0.04774254560470581,0.034194428473711014,0.07207781076431274,0.023693755269050598,0.02825431525707245,0.012300863862037659,0.08481813967227936,0.032467663288116455,0.021118000149726868
0.55,0.0,0.0,0.006826281547546387,0.02187943458557129,0.03394411504268646,0.09780445694923401,0.024022916331887245,0.0365421287715435,0.038844503462314606,0.10069355368614197,0.030445873737335205,0.025936871767044067,0.008321613073348999,0.06328311562538147,0.02105337381362915,0.021248862147331238,0.02312418818473816,0.016157954931259155,0.04296603798866272,0.05074414610862732,0.022823050618171692,0.015666574239730835,0.0558108389377594,0.03952876478433609,0.028965719044208527,0.04774254560470581,0.034194428473711014,0.07207781076431274,0.023693755269050598,0.02825431525707245,0.012300863862037659,0.08481813967227936,0.032467663288116455,0.021118000149726868
0.56,0.0,0.0,0.006826281547546387,0.02187943458557129,0.03394411504268646,0.09780445694923401,0.024022916331887245,0.0365421287715435,0.038844503462314606,0.10069355368614197,0.030445873737335205,0.025936871767044067,0.008321613073348999,0.06328311562538147,0.02105337381362915,0.021248862147331238,0.02312418818473816,0.016157954931259155,0.04296603798866272,0.05074414610862732,0.022823050618171692,0.015666574239730835,0.0558108389377594,0.03952876478433609,0.028965719044208527,0.04774254560470581,0.034194428473711014,0.07207781076431274,0.023693755269050598,0.02825431525707245,0.012300863862037659,0.08481813967227936,0.032467663288116455,0.021118000149726868
0.57,0.0,0.0,0.006826281547546387,0.02187943458557129,0.03394411504268646,0.09780445694923401,0.024022916331887245,0.0365421287715435,0.038844503462314606,0.10069355368614197,0.030445873737335205,0.025936871767044067,0.008321613073348999,0.06328311562538147,0.02105337381362915,0.021248862147331238,0.02312418818473816,0.016157954931259155,0.04296603798866272,0.05074414610862732,0.022823050618171692,0.015666574239730835,0.0558108389377594,0.03952876478433609,0.028965719044208527,0.04774254560470581,0.034194428473711014,0.07207781076431274,0.023693755269050598,0.02825431525707245,0.012300863862037659,0.08481813967227936,0.032467663288116455,0.021118000149726868
0.58,0.0,0.0,0.006826281547546387,0.02187943458557129,0.03394411504268646,0.09780445694923401,0.024022916331887245,0.0365421287715435,0.038844503462314606,0.10069355368614197,0.030445873737335205,0.025936871767044067,0.008321613073348999,0.06328311562538147,0.02105337381362915,0.021248862147331238,0.02312418818473816,0.016157954931259155,0.04296603798866272,0.05074414610862732,0.022823050618171692,0.015666574239730835,0.0558108389377594,0.03952876478433609,0.028965719044208527,0.04774254560470581,0.034194428473711014,0.07207781076431274,0.023693755269050598,0.02825431525707245,0.012300863862037659,0.08481813967227936,0.032467663288116455,0.021118000149726868
0.59,0.0,0.0,0.007359921932220459,0.02187943458557129,0.03394411504268646,0.09780445694923401,0.02411632612347603,0.0365421287715435,0.038844503462314606,0.10069355368614197,0.030558645725250244,0.025936871767044067,0.008321613073348999,0.06328311562538147,0.02105337381362915,0.021456480026245117,0.02312418818473816,0.016157954931259155,0.04296603798866272,0.05120864510536194,0.022823050618171692,0.015666574239730835,0.0558108389377594,0.039567943662405014,0.028965719044208527,0.04774254560470581,0.034194428473711014,0.07207781076431274,0.023718520998954773,0.02825431525707245,0.012300863862037659,0.08481813967227936,0.032697975635528564,0.021118000149726868
0.6,0.0,0.0,0.007359921932220459,0.02187943458557129,0.03394411504268646,0.09780445694923401,0.02411632612347603,0.0365421287715435,0.038844503462314606,0.10069355368614197,0.030558645725250244,0.025936871767044067,0.008321613073348999,0.06328311562538147,0.02105337381362915,0.021456480026245117,0.02312418818473816,0.016157954931259155,0.04296603798866272,0.05120864510536194,0.022823050618171692,0.015666574239730835,0.0558108389377594,0.039567943662405014,0.028965719044208527,0.04774254560470581,0.034194428473711014,0.07207781076431274,0.023718520998954773,0.02825431525707245,0.012300863862037659,0.08481813967227936,0.032697975635528564,0.021118000149726868
0.61,0.0,0.0,0.007359921932220459,0.02187943458557129,0.03394411504268646,0.09780445694923401,0.02411632612347603,0.0365421287715435,0.038844503462314606,0.10069355368614197,0.030558645725250244,0.025936871767044067,0.008321613073348999,0.06328311562538147,0.02105337381362915,0.021456480026245117,0.02312418818473816,0.016157954931259155,0.04296603798866272,0.05120864510536194,0.022823050618171692,0.015666574239730835,0.0558108389377594,0.039567943662405014,0.028965719044208527,0.04774254560470581,0.034194428473711014,0.07207781076431274,0.023718520998954773,0.02825431525707245,0.012300863862037659,0.08481813967227936,0.032697975635528564,0.021118000149726868
0.62,0.0,0.0,0.007359921932220459,0.02187943458557129,0.03394411504268646,0.09780445694923401,0.02411632612347603,0.0365421287715435,0.038844503462314606,0.10069355368614197,0.030558645725250244,0.025936871767044067,0.008321613073348999,0.06328311562538147,0.02105337381362915,0.021456480026245117,0.02312418818473816,0.016157954931259155,0.04296603798866272,0.05120864510536194,0.022823050618171692,0.015666574239730835,0.0558108389377594,0.039567943662405014,0.028965719044208527,0.04774254560470581,0.034194428473711014,0.07207781076431274,0.023718520998954773,0.02825431525707245,0.012300863862037659,0.08481813967227936,0.032697975635528564,0.021118000149726868
0.63,0.0,0.0,0.007359921932220459,0.02187943458557129,0.03394411504268646,0.09780445694923401,0.02411632612347603,0.0365421287715435,0.038844503462314606,0.10069355368614197,0.030558645725250244,0.025936871767044067,0.008321613073348999,0.06328311562538147,0.02105337381362915,0.021456480026245117,0.02312418818473816,0.016157954931259155,0.04296603798866272,0.05120864510536194,0.022823050618171692,0.015666574239730835,0.0558108389377594,0.039567943662405014,0.028965719044208527,0.04774254560470581,0.034194428473711014,0.07207781076431274,0.023718520998954773,0.02825431525707245,0.012300863862037659,0.08481813967227936,0.032697975635528564,0.021118000149726868
0.64,0.0,0.0,0.007373303174972534,0.02187943458557129,0.03394411504268646,0.09780445694923401,0.023229381069540977,0.0365421287715435,0.038844503462314606,0.10069355368614197,0.03017979860305786,0.025936871767044067,0.008321613073348999,0.06328311562538147,0.02105337381362915,0.021815478801727295,0.02312418818473816,0.016157954931259155,0.04296603798866272,0.05104553699493408,0.022823050618171692,0.015666574239730835,0.0558108389377594,0.03899567574262619,0.028965719044208527,0.04774254560470581,0.034194428473711014,0.07207781076431274,0.0233297199010849,0.02825431525707245,0.012300863862037659,0.08481813967227936,0.032562464475631714,0.021118000149726868
0.65,0.0,0.0,0.007373303174972534,0.02187943458557129,0.03394411504268646,0.09780445694923401,0.023229381069540977,0.0365421287715435,0.038844503462314606,0.10069355368614197,0.03017979860305786,0.025936871767044067,0.008321613073348999,0.06328311562538147,0.02105337381362915,0.021815478801727295,0.02312418818473816,0.016157954931259155,0.04296603798866272,0.05104553699493408,0.022823050618171692,0.015666574239730835,0.0558108389377594,0.03899567574262619,0.028965719044208527,0.04774254560470581,0.034194428473711014,0.07207781076431274,0.0233297199010849,0.02825431525707245,0.012300863862037659,0.08481813967227936,0.032562464475631714,0.021118000149726868
0.66,0.0,0.0,0.007373303174972534,0.02187943458557129,0.03394411504268646,0.09780445694923401,0.023229381069540977,0.0365421287715435,0.038844503462314606,0.10069355368614197,0.03017979860305786,0.025936871767044067,0.008321613073348999,0.06328311562538147,0.02105337381362915,0.021815478801727295,0.02312418818473816,0.016157954931259155,0.04296603798866272,0.05104553699493408,0.022823050618171692,0.015666574239730835,0.0558108389377594,0.03899567574262619,0.028965719044208527,0.04774254560470581,0.034194428473711014,0.07207781076431274,0.0233297199010849,0.02825431525707245,0.012300863862037659,0.08481813967227936,0.032562464475631714,0.021118000149726868
0.67,0.0,0.0,0.007373303174972534,0.02187943458557129,0.03394411504268646,0.09780445694923401,0.023229381069540977,0.0365421287715435,0.038844503462314606,0.10069355368614197,0.03017979860305786,0.025936871767044067,0.008321613073348999,0.06328311562538147,0.02105337381362915,0.021815478801727295,0.02312418818473816,0.016157954931259155,0.04296603798866272,0.05104553699493408,0.022823050618171692,0.015666574239730835,0.0558108389377594,0.03899567574262619,0.028965719044208527,0.04774254560470581,0.034194428473711014,0.07207781076431274,0.0233297199010849,0.02825431525707245,0.012300863862037659,0.08481813967227936,0.032562464475631714,0.021118000149726868
0.68,0.0,0.0,0.007373303174972534,0.02187943458557129,0.03394411504268646,0.09780445694923401,0.023229381069540977,0.0365421287715435,0.038844503462314606,0.10069355368614197,0.03017979860305786,0.025936871767044067,0.008321613073348999,0.06328311562538147,0.02105337381362915,0.021815478801727295,0.02312418818473816,0.016157954931259155,0.04296603798866272,0.05104553699493408,0.022823050618171692,0.015666574239730835,0.0558108389377594,0.03899567574262619,0.028965719044208527,0.04774254560470581,0.034194428473711014,0.07207781076431274,0.0233297199010849,0.02825431525707245,0.012300863862037659,0.08481813967227936,0.032562464475631714,0.021118000149726868
0.69,0.0,0.0,0.006747245788574219,0.02187943458557129,0.03394411504268646,0.09780445694923401,0.021940741688013077,0.0365421287715435,0.038844503462314606,0.10069355368614197,0.029988199472427368,0.025936871767044067,0.008321613073348999,0.06328311562538147,0.02105337381362915,0.021050691604614258,0.02312418818473816,0.016157954931259155,0.04296603798866272,0.05057328939437866,0.022823050618171692,0.015666574239730835,0.0558108389377594,0.03821790963411331,0.028965719044208527,0.04774254560470581,0.034194428473711014,0.07207781076431274,0.022608697414398193,0.02825431525707245,0.012300863862037659,0.08481813967227936,0.032038331031799316,0.021118000149726868
0.7,0.0,0.0,0.006747245788574219,0.02187943458557129,0.03394411504268646,0.09780445694923401,0.021940741688013077,0.0365421287715435,0.038844503462314606,0.10069355368614197,0.029988199472427368,0.025936871767044067,0.008321613073348999,0.06328311562538147,0.02105337381362915,0.021050691604614258,0.02312418818473816,0.016157954931259155,0.04296603798866272,0.05057328939437866,0.022823050618171692,0.015666574239730835,0.0558108389377594,0.03821790963411331,0.028965719044208527,0.04774254560470581,0.034194428473711014,0.07207781076431274,0.022608697414398193,0.02825431525707245,0.012300863862037659,0.08481813967227936,0.032038331031799316,0.021118000149726868
0.71,0.0,0.0,0.006747245788574219,0.02187943458557129,0.03394411504268646,0.09780445694923401,0.021940741688013077,0.0365421287715435,0.038844503462314606,0.10069355368614197,0.029988199472427368,0.025936871767044067,0.008321613073348999,0.06328311562538147,0.02105337381362915,0.021050691604614258,0.02312418818473816,0.016157954931259155,0.04296603798866272,0.05057328939437866,0.022823050618171692,0.015666574239730835,0.0558108389377594,0.03821790963411331,0.028965719044208527,0.04774254560470581,0.034194428473711014,0.07207781076431274,0.022608697414398193,0.02825431525707245,0.012300863862037659,0.08481813967227936,0.032038331031799316,0.021118000149726868
0.72,0.0,0.0,0.006747245788574219,0.02187943458557129,0.03394411504268646,0.09780445694923401,0.021940741688013077,0.0365421287715435,0.038844503462314606,0.10069355368614197,0.029988199472427368,0.025936871767044067,0.008321613073348999,0.06328311562538147,0.02105337381362915,0.021050691604614258,0.02312418818473816,0.016157954931259155,0.04296603798866272,0.05057328939437866,0.022823050618171692,0.015666574239730835,0.0558108389377594,0.03821790963411331,0.028965719044208527,0.04774254560470581,0.034194428473711014,0.07207781076431274,0.022608697414398193,0.02825431525707245,0.012300863862037659,0.08481813967227936,0.032038331031799316,0.021118000149726868
0.73,0.0,0.0,0.006747245788574219,0.02187943458557129,0.03394411504268646,0.09780445694923401,0.021940741688013077,0.0365421287715435,0.038844503462314606,0.10069355368614197,0.029988199472427368,0.025936871767044067,0.008321613073348999,0.06328311562538147,0.02105337381362915,0.021050691604614258,0.02312418818473816,0.016157954931259155,0.04296603798866272,0.05057328939437866,0.022823050618171692,0.015666574239730835,0.0558108389377594,0.03821790963411331,0.028965719044208527,0.04774254560470581,0.034194428473711014,0.07207781076431274,0.022608697414398193,0.02825431525707245,0.012300863862037659,0.08481813967227936,0.032038331031799316,0.021118000149726868
0.74,0.0,0.0,0.00604480504989624,0.02187943458557129,0.03394411504268646,0.09780445694923401,0.02117404155433178,0.0365421287715435,0.038844503462314606,0.10069355368614197,0.0296022891998291,0.025936871767044067,0.008321613073348999,0.06328311562538147,0.02105337381362915,0.020129665732383728,0.02312418818473816,0.016157954931259155,0.04296603798866272,0.04968076944351196,0.022823050618171692,0.015666574239730835,0.0558108389377594,0.03780404478311539,0.028965719044208527,0.04774254560470581,0.034194428473711014,0.07207781076431274,0.021772488951683044,0.02825431525707245,0.012300863862037659,0.08481813967227936,0.03176209330558777,0.021118000149726868
0.75,0.0,0.0,0.00604480504989624,0.02187943458557129,0.03394411504268646,0.09780445694923401,0.02117404155433178,0.0365421287715435,0.038844503462314606,0.10069355368614197,0.0296022891998291,0.025936871767044067,0.008321613073348999,0.06328311562538147,0.02105337381362915,0.020129665732383728,0.02312418818473816,0.016157954931259155,0.04296603798866272,0.04968076944351196,0.022823050618171692,0.015666574239730835,0.0558108389377594,0.03780404478311539,0.028965719044208527,0.04774254560470581,0.034194428473711014,0.07207781076431274,0.021772488951683044,0.02825431525707245,0.012300863862037659,0.08481813967227936,0.03176209330558777,0.021118000149726868
0.76,0.0,0.0,0.00604480504989624,0.02187943458557129,0.03394411504268646,0.09780445694923401,0.02117404155433178,0.0365421287715435,0.038844503462314606,0.10069355368614197,0.0296022891998291,0.025936871767044067,0.008321613073348999,0.06328311562538147,0.02105337381362915,0.020129665732383728,0.02312418818473816,0.016157954931259155,0.04296603798866272,0.04968076944351196,0.022823050618171692,0.015666574239730835,0.0558108389377594,0.03780404478311539,0.028965719044208527,0.04774254560470581,0.034194428473711014,0.07207781076431274,0.021772488951683044,0.02825431525707245,0.012300863862037659,0.08481813967227936,0.03176209330558777,0.021118000149726868
0.77,0.0,0.0,0.00604480504989624,0.02187943458557129,0.03394411504268646,0.09780445694923401,0.02117404155433178,0.0365421287715435,0.038844503462314606,0.10069355368614197,0.0296022891998291,0.025936871767044067,0.008321613073348999,0.06328311562538147,0.02105337381362915,0.020129665732383728,0.02312418818473816,0.016157954931259155,0.04296603798866272,0.04968076944351196,0.022823050618171692,0.015666574239730835,0.0558108389377594,0.03780404478311539,0.028965719044208527,0.04774254560470581,0.034194428473711014,0.07207781076431274,0.021772488951683044,0.02825431525707245,0.012300863862037659,0.08481813967227936,0.03176209330558777,0.021118000149726868
0.78,0.0,0.0,0.00604480504989624,0.02187943458557129,0.03394411504268646,0.09780445694923401,0.02117404155433178,0.0365421287715435,0.038844503462314606,0.10069355368614197,0.0296022891998291,0.025936871767044067,0.008321613073348999,0.06328311562538147,0.02105337381362915,0.020129665732383728,0.02312418818473816,0.016157954931259155,0.04296603798866272,0.04968076944351196,0.022823050618171692,0.015666574239730835,0.0558108389377594,0.03780404478311539,0.028965719044208527,0.04774254560470581,0.034194428473711014,0.07207781076431274,0.021772488951683044,0.02825431525707245,0.012300863862037659,0.08481813967227936,0.03176209330558777,0.021118000149726868
0.79,0.0,0.0,0.005659192800521851,0.02187943458557129,0.03394411504268646,0.09780445694923401,0.021328484639525414,0.0365421287715435,0.038844503462314606,0.10069355368614197,0.029315561056137085,0.025936871767044067,0.008321613073348999,0.06328311562538147,0.02105337381362915,0.020089536905288696,0.02312418818473816,0.016157954931259155,0.04296603798866272,0.04965323209762573,0.022823050618171692,0.015666574239730835,0.0558108389377594,0.03785495460033417,0.028965719044208527,0.04774254560470581,0.034194428473711014,0.07207781076431274,0.021636977791786194,0.02825431525707245,0.012300863862037659,0.08481813967227936,0.03193049132823944,0.021118000149726868
0.8,0.0,0.0,0.005659192800521851,0.02187943458557129,0.03394411504268646,0.09780445694923401,0.021328484639525414,0.0365421287715435,0.038844503462314606,0.10069355368614197,0.029315561056137085,0.025936871767044067,0.008321613073348999,0.06328311562538147,0.02105337381362915,0.020089536905288696,0.02312418818473816,0.016157954931259155,0.04296603798866272,0.04965323209762573,0.022823050618171692,0.015666574239730835,0.0558108389377594,0.03785495460033417,0.028965719044208527,0.04774254560470581,0.034194428473711014,0.07207781076431274,0.021636977791786194,0.02825431525707245,0.012300863862037659,0.08481813967227936,0.03193049132823944,0.021118000149726868
0.81,0.0,0.0,0.005659192800521851,0.02187943458557129,0.03394411504268646,0.09780445694923401,0.021328484639525414,0.0365421287715435,0.038844503462314606,0.10069355368614197,0.029315561056137085,0.025936871767044067,0.008321613073348999,0.06328311562538147,0.02105337381362915,0.020089536905288696,0.02312418818473816,0.016157954931259155,0.04296603798866272,0.04965323209762573,0.022823050618171692,0.015666574239730835,0.0558108389377594,0.03785495460033417,0.028965719044208527,0.04774254560470581,0.034194428473711014,0.07207781076431274,0.021636977791786194,0.02825431525707245,0.012300863862037659,0.08481813967227936,0.03193049132823944,0.021118000149726868
0.82,0.0,0.0,0.005659192800521851,0.02187943458557129,0.03394411504268646,0.09780445694923401,0.021328484639525414,0.0365421287715435,0.038844503462314606,0.10069355368614197,0.029315561056137085,0.025936871767044067,0.008321613073348999,0.06328311562538147,0.02105337381362915,0.020089536905288696,0.02312418818473816,0.016157954931259155,0.04296603798866272,0.04965323209762573,0.022823050618171692,0.015666574239730835,0.0558108389377594,0.03785495460033417,0.028965719044208527,0.04774254560470581,0.034194428473711014,0.07207781076431274,0.021636977791786194,0.02825431525707245,0.012300863862037659,0.08481813967227936,0.03193049132823944,0.021118000149726868
0.83,0.0,0.0,0.005659192800521851,0.02187943458557129,0.03394411504268646,0.09780445694923401,0.021328484639525414,0.0365421287715435,0.038844503462314606,0.10069355368614197,0.029315561056137085,0.025936871767044067,0.008321613073348999,0.06328311562538147,0.02105337381362915,0.020089536905288696,0.02312418818473816,0.016157954931259155,0.04296603798866272,0.04965323209762573,0.022823050618171692,0.015666574239730835,0.0558108389377594,0.03785495460033417,0.028965719044208527,0.04774254560470581,0.034194428473711014,0.07207781076431274,0.021636977791786194,0.02825431525707245,0.012300863862037659,0.08481813967227936,0.03193049132823944,0.021118000149726868
0.84,0.0,0.0,0.005552709102630615,0.02187943458557129,0.03394411504268646,0.09780445694923401,0.022132180631160736,0.0365421287715435,0.038844503462314606,0.10069355368614197,0.02963125705718994,0.025936871767044067,0.008321613073348999,0.06328311562538147,0.02105337381362915,0.020630955696105957,0.02312418818473816,0.016157954931259155,0.04296603798866272,0.04999721050262451,0.022823050618171692,0.015666574239730835,0.0558108389377594,0.0380711704492569,0.028965719044208527,0.04774254560470581,0.034194428473711014,0.07207781076431274,0.022292330861091614,0.02825431525707245,0.012300863862037659,0.08481813967227936,0.03249061107635498,0.021118000149726868
0.85,0.0,0.0,0.005552709102630615,0.02187943458557129,0.03394411504268646,0.09780445694923401,0.022132180631160736,0.0365421287715435,0.038844503462314606,0.10069355368614197,0.02963125705718994,0.025936871767044067,0.008321613073348999,0.06328311562538147,0.02105337381362915,0.020630955696105957,0.02312418818473816,0.016157954931259155,0.04296603798866272,0.04999721050262451,0.022823050618171692,0.015666574239730835,0.0558108389377594,0.0380711704492569,0.028965719044208527,0.04774254560470581,0.034194428473711014,0.07207781076431274,0.022292330861091614,0.02825431525707245,0.012300863862037659,0.08481813967227936,0.03249061107635498,0.021118000149726868
0.86,0.0,0.0,0.005552709102630615,0.02187943458557129,0.03394411504268646,0.09780445694923401,0.022132180631160736,0.0365421287715435,0.038844503462314606,0.10069355368614197,0.02963125705718994,0.025936871767044067,0.008321613073348999,0.06328311562538147,0.02105337381362915,0.020630955696105957,0.02312418818473816,0.016157954931259155,0.04296603798866272,0.04999721050262451,0.022823050618171692,0.015666574239730835,0.0558108389377594,0.0380711704492569,0.028965719044208527,0.04774254560470581,0.034194428473711014,0.07207781076431274,0.022292330861091614,0.02825431525707245,0.012300863862037659,0.08481813967227936,0.03249061107635498,0.021118000149726868
0.87,0.0,0.0,0.005552709102630615,0.02187943458557129,0.03394411504268646,0.09780445694923401,0.022132180631160736,0.0365421287715435,0.038844503462314606,0.10069355368614197,0.02963125705718994,0.025936871767044067,0.008321613073348999,0.06328311562538147,0.02105337381362915,0.020630955696105957,0.02312418818473816,0.016157954931259155,0.04296603798866272,0.04999721050262451,0.022823050618171692,0.015666574239730835,0.0558108389377594,0.0380711704492569,0.028965719044208527,0.04774254560470581,0.034194428473711014,0.07207781076431274,0.022292330861091614,0.02825431525707245,0.012300863862037659,0.08481813967227936,0.03249061107635498,0.021118000149726868
0.88,0.0,0.0,0.005552709102630615,0.02187943458557129,0.03394411504268646,0.09780445694923401,0.022132180631160736,0.0365421287715435,0.038844503462314606,0.10069355368614197,0.02963125705718994,0.025936871767044067,0.008321613073348999,0.06328311562538147,0.02105337381362915,0.020630955696105957,0.02312418818473816,0.016157954931259155,0.04296603798866272,0.04999721050262451,0.022823050618171692,0.015666574239730835,0.0558108389377594,0.0380711704492569,0.028965719044208527,0.04774254560470581,0.034194428473711014,0.07207781076431274,0.022292330861091614,0.02825431525707245,0.012300863862037659,0.08481813967227936,0.03249061107635498,0.021118000149726868
0.89,0.0,0.0,0.005632579326629639,0.02187943458557129,0.03394411504268646,0.09780445694923401,0.022802425548434258,0.0365421287715435,0.038844503462314606,0.10069355368614197,0.029822945594787598,0.025936871767044067,0.008321613073348999,0.06328311562538147,0.02105337381362915,0.020672738552093506,0.02312418818473816,0.016157954931259155,0.04296603798866272,0.0501696914434433,0.022823050618171692,0.015666574239730835,0.0558108389377594,0.03841383010149002,0.028965719044208527,0.04774254560470581,0.034194428473711014,0.07207781076431274,0.02263467013835907,0.02825431525707245,0.012300863862037659,0.08481813967227936,0.0328337699174881,0.021118000149726868
0.9,0.0,0.0,0.005632579326629639,0.02187943458557129,0.03394411504268646,0.09780445694923401,0.022802425548434258,0.0365421287715435,0.038844503462314606,0.10069355368614197,0.029822945594787598,0.025936871767044067,0.008321613073348999,0.06328311562538147,0.02105337381362915,0.020672738552093506,0.02312418818473816,0.016157954931259155,0.04296603798866272,0.0501696914434433,0.022823050618171692,0.015666574239730835,0.0558108389377594,0.03841383010149002,0.028965719044208527,0.04774254560470581,0.034194428473711014,0.07207781076431274,0.02263467013835907,0.02825431525707245,0.012300863862037659,0.08481813967227936,0.0328337699174881,0.021118000149726868
0.91,0.0,0.0,0.005632579326629639,0.02187943458557129,0.03394411504268646,0.09780445694923401,0.022802425548434258,0.0365421287715435,0.038844503462314606,0.10069355368614197,0.029822945594787598,0.025936871767044067,0.008321613073348999,0.06328311562538147,0.02105337381362915,0.020672738552093506,0.02312418818473816,0.016157954931259155,0.04296603798866272,0.0501696914434433,0.022823050618171692,0.015666574239730835,0.0558108389377594,0.03841383010149002,0.028965719044208527,0.04774254560470581,0.034194428473711014,0.07207781076431274,0.02263467013835907,0.02825431525707245,0.012300863862037659,0.08481813967227936,0.0328337699174881,0.021118000149726868
0.92,0.0,0.0,0.005632579326629639,0.02187943458557129,0.03394411504268646,0.09780445694923401,0.022802425548434258,0.0365421287715435,0.038844503462314606,0.10069355368614197,0.029822945594787598,0.025936871767044067,0.008321613073348999,0.06328311562538147,0.02105337381362915,0.020672738552093506,0.02312418818473816,0.016157954931259155,0.04296603798866272,0.0501696914434433,0.022823050618171692,0.015666574239730835,0.0558108389377594,0.03841383010149002,0.028965719044208527,0.04774254560470581,0.034194428473711014,0.07207781076431274,0.02263467013835907,0.02825431525707245,0.012300863862037659,0.08481813967227936,0.0328337699174881,0.021118000149726868
0.93,0.0,0.0,0.005632579326629639,0.02187943458557129,0.03394411504268646,0.09780445694923401,0.022802425548434258,0.0365421287715435,0.038844503462314606,0.10069355368614197,0.029822945594787598,0.025936871767044067,0.008321613073348999,0.06328311562538147,0.02105337381362915,0.020672738552093506,0.02312418818473816,0.016157954931259155,0.04296603798866272,0.0501696914434433,0.022823050618171692,0.015666574239730835,0.0558108389377594,0.03841383010149002,0.028965719044208527,0.04774254560470581,0.034194428473711014,0.07207781076431274,0.02263467013835907,0.02825431525707245,0.012300863862037659,0.08481813967227936,0.0328337699174881,0.021118000149726868
0.94,0.0,0.0,0.005756586790084839,0.02187943458557129,0.03394411504268646,0.09780445694923401,0.023056158795952797,0.0365421287715435,0.038844503462314606,0.10069355368614197,0.029731780290603638,0.025936871767044067,0.008321613073348999,0.06328311562538147,0.02105337381362915,0.020744189620018005,0.02312418818473816,0.016157954931259155,0.04296603798866272,0.0502953827381134,0.022823050618171692,0.015666574239730835,0.0558108389377594,0.038507189601659775,0.028965719044208527,0.04774254560470581,0.034194428473711014,0.07207781076431274,0.022565826773643494,0.02825431525707245,0.012300863862037659,0.08481813967227936,0.03305521607398987,0.021118000149726868
0.95,0.0,0.0,0.005756586790084839,0.02187943458557129,0.03394411504268646,0.09780445694923401,0.023056158795952797,0.0365421287715435,0.038844503462314606,0.10069355368614197,0.029731780290603638,0.025936871767044067,0.008321613073348999,0.06328311562538147,0.02105337381362915,0.020744189620018005,0.02312418818473816,0.016157954931259155,0.04296603798866272,0.0502953827381134,0.022823050618171692,0.015666574239730835,0.0558108389377594,0.038507189601659775,0.028965719044208527,0.04774254560470581,0.034194428473711014,0.07207781076431274,0.022565826773643494,0.02825431525707245,0.012300863862037659,0.08481813967227936,0.03305521607398987,0.021118000149726868
0.96,0.0,0.0,0.005756586790084839,0.02187943458557129,0.03394411504268646,0.09780445694923401,0.023056158795952797,0.0365421287715435,0.038844503462314606,0.10069355368614197,0.029731780290603638,0.025936871767044067,0.008321613073348999,0.06328311562538147,0.02105337381362915,0.020744189620018005,0.02312418818473816,0.016157954931259155,0.04296603798866272,0.0502953827381134,0.022823050618171692,0.015666574239730835,0.0558108389377594,0.038507189601659775,0.028965719044208527,0.04774254560470581,0.034194428473711014,0.07207781076431274,0.022565826773643494,0.02825431525707245,0.012300863862037659,0.08481813967227936,0.03305521607398987,0.021118000149726868
0.97,0.0,0.0,0.005756586790084839,0.02187943458557129,0.03394411504268646,0.09780445694923401,0.023056158795952797,0.0365421287715435,0.038844503462314606,0.10069355368614197,0.029731780290603638,0.025936871767044067,0.008321613073348999,0.06328311562538147,0.02105337381362915,0.020744189620018005,0.02312418818473816,0.016157954931259155,0.04296603798866272,0.0502953827381134,0.022823050618171692,0.015666574239730835,0.0558108389377594,0.038507189601659775,0.028965719044208527,0.04774254560470581,0.034194428473711014,0.07207781076431274,0.022565826773643494,0.02825431525707245,0.012300863862037659,0.08481813967227936,0.03305521607398987,0.021118000149726868
0.98,0.0,0.0,0.005756586790084839,0.02187943458557129,0.03394411504268646,0.09780445694923401,0.023056158795952797,0.0365421287715435,0.038844503462314606,0.10069355368614197,0.029731780290603638,0.025936871767044067,0.008321613073348999,0.06328311562538147,0.02105337381362915,0.020744189620018005,0.02312418818473816,0.016157954931259155,0.04296603798866272,0.0502953827381134,0.022823050618171692,0.015666574239730835,0.0558108389377594,0.038507189601659775,0.028965719044208527,0.04774254560470581,0.034194428473711014,0.07207781076431274,0.022565826773643494,0.02825431525707245,0.012300863862037659,0.08481813967227936,0.03305521607398987,0.021118000149726868
0.99,0.0,0.00109,0.0064306557178497314,0.02187943458557129,0.03394411504268646,0.09780445694923401,0.023211272433400154,0.0365421287715435,0.038844503462314606,0.10069355368614197,0.03037130832672119,0.025936871767044067,0.008321613073348999,0.06328311562538147,0.02105337381362915,0.021469995379447937,0.02312418818473816,0.016157954931259155,0.04296603798866272,0.05051448941230774,0.022823050618171692,0.015666574239730835,0.0558108389377594,0.038500212132930756,0.028965719044208527,0.04774254560470581,0.034194428473711014,0.07207781076431274,0.023065686225891113,0.02825431525707245,0.012300863862037659,0.08481813967227936,0.03355829417705536,0.021118000149726868
1.0,0.0,0.00208,0.0064306557178497314,0.02187943458557129,0.03394411504268646,0.09780445694923401,0.023211272433400154,0.0365421287715435,0.038844503462314606,0.10069355368614197,0.03037130832672119,0.025936871767044067,0.008321613073348999,0.06328311562538147,0.02105337381362915,0.021469995379447937,0.02312418818473816,0.016157954931259155,0.04296603798866272,0.05051448941230774,0.022823050618171692,0.015666574239730835,0.0558108389377594,0.038500212132930756,0.028965719044208527,0.04774254560470581,0.034194428473711014,0.07207781076431274,0.023065686225891113,0.02825431525707245,0.012300863862037659,0.08481813967227936,0.03355829417705536,0.021118000149726868
1.01,0.0,0.00304,0.0064306557178497314,0.02187943458557129,0.03394411504268646,0.09780445694923401,0.023211272433400154,0.0365421287715435,0.038844503462314606,0.10069355368614197,0.03037130832672119,0.025936871767044067,0.008321613073348999,0.06328311562538147,0.02105337381362915,0.021469995379447937,0.02312418818473816,0.016157954931259155,0.04296603798866272,0.05051448941230774,0.022823050618171692,0.015666574239730835,0.0558108389377594,0.038500212132930756,0.028965719044208527,0.04774254560470581,0.034194428473711014,0.07207781076431274,0.023065686225891113,0.02825431525707245,0.012300863862037659,0.08481813967227936,0.03355829417705536,0.021118000149726868
1.02,0.0,0.00397,0.0064306557178497314,0.02187943458557129,0.03394411504268646,0.09780445694923401,0.023211272433400154,0.0365421287715435,0.038844503462314606,0.10069355368614197,0.03037130832672119,0.025936871767044067,0.008321613073348999,0.06328311562538147,0.02105337381362915,0.021469995379447937,0.02312418818473816,0.016157954931259155,0.04296603798866272,0.05051448941230774,0.022823050618171692,0.015666574239730835,0.0558108389377594,0.038500212132930756,0.028965719044208527,0.04774254560470581,0.034194428473711014,0.07207781076431274,0.023065686225891113,0.02825431525707245,0.012300863862037659,0.08481813967227936,0.03355829417705536,0.021118000149726868
1.03,0.0,0.00487,0.0064306557178497314,0.02187943458557129,0.03394411504268646,0.09780445694923401,0.023211272433400154,0.0365421287715435,0.038844503462314606,0.10069355368614197,0.03037130832672119,0.025936871767044067,0.008321613073348999,0.06328311562538147,0.02105337381362915,0.021469995379447937,0.02312418818473816,0.016157954931259155,0.04296603798866272,0.05051448941230774,0.022823050618171692,0.015666574239730835,0.0558108389377594,0.038500212132930756,0.028965719044208527,0.04774254560470581,0.034194428473711014,0.07207781076431274,0.023065686225891113,0.02825431525707245,0.012300863862037659,0.08481813967227936,0.03355829417705536,0.021118000149726868
1.04,0.0,0.00571,0.006676852703094482,0.02212086319923401,0.03394411504268646,0.09780445694923401,0.02262098155915737,0.03612931817770004,0.038844503462314606,0.10069355368614197,0.0310513973236084,0.026643991470336914,0.008321613073348999,0.06328311562538147,0.02105337381362915,0.02189326286315918,0.023410022258758545,0.016157954931259155,0.04296603798866272,0.05081973969936371,0.022962599992752075,0.015666574239730835,0.0558108389377594,0.038524970412254333,0.02913551777601242,0.04774254560470581,0.034194428473711014,0.07207781076431274,0.02338142693042755,0.028765276074409485,0.012300863862037659,0.08481813967227936,0.033967822790145874,0.02183932065963745
1.05,0.0,0.00651,0.006676852703094482,0.02212086319923401,0.03394411504268646,0.09780445694923401,0.02262098155915737,0.03612931817770004,0.038844503462314606,0.10069355368614197,0.0310513973236084,0.026643991470336914,0.008321613073348999,0.06328311562538147,0.02105337381362915,0.02189326286315918,0.023410022258758545,0.016157954931259155,0.04296603798866272,0.05081973969936371,0.022962599992752075,0.015666574239730835,0.0558108389377594,0.038524970412254333,0.02913551777601242,0.04774254560470581,0.034194428473711014,0.07207781076431274,0.02338142693042755,0.028765276074409485,0.012300863862037659,0.08481813967227936,0.033967822790145874,0.02183932065963745
1.06,0.0,0.00724,0.006676852703094482,0.02212086319923401,0.03394411504268646,0.09780445694923401,0.02262098155915737,0.03612931817770004,0.038844503462314606,0.10069355368614197,0.0310513973236084,0.026643991470336914,0.008321613073348999,0.06328311562538147,0.02105337381362915,0.02189326286315918,0.023410022258758545,0.016157954931259155,0.04296603798866272,0.05081973969936371,0.022962599992752075,0.015666574239730835,0.0558108389377594,0.038524970412254333,0.02913551777601242,0.04774254560470581,0.034194428473711014,0.07207781076431274,0.02338142693042755,0.028765276074409485,0.012300863862037659,0.08481813967227936,0.033967822790145874,0.02183932065963745
1.07,0.0,0.00791,0.006676852703094482,0.02212086319923401,0.03394411504268646,0.09780445694923401,0.02262098155915737,0.03612931817770004,0.038844503462314606,0.10069355368614197,0.0310513973236084,0.026643991470336914,0.008321613073348999,0.06328311562538147,0.02105337381362915,0.02189326286315918,0.023410022258758545,0.016157954931259155,0.04296603798866272,0.05081973969936371,0.022962599992752075,0.015666574239730835,0.0558108389377594,0.038524970412254333,0.02913551777601242,0.04774254560470581,0.034194428473711014,0.07207781076431274,0.02338142693042755,0.028765276074409485,0.012300863862037659,0.08481813967227936,0.033967822790145874,0.02183932065963745
1.08,0.0,0.00851,0.006676852703094482,0.02212086319923401,0.03394411504268646,0.09780445694923401,0.02262098155915737,0.03612931817770004,0.038844503462314606,0.10069355368614197,0.0310513973236084,0.026643991470336914,0.008321613073348999,0.06328311562538147,0.02105337381362915,0.02189326286315918,0.023410022258758545,0.016157954931259155,0.04296603798866272,0.05081973969936371,0.022962599992752075,0.015666574239730835,0.0558108389377594,0.038524970412254333,0.02913551777601242,0.04774254560470581,0.034194428473711014,0.07207781076431274,0.02338142693042755,0.028765276074409485,0.012300863862037659,0.08481813967227936,0.033967822790145874,0.02183932065963745
1.09,0.0,0.00903,0.006098151206970215,0.021025866270065308,0.03394411504268646,0.09780445694923401,0.021806994453072548,0.03520467132329941,0.038844503462314606,0.10069355368614197,0.03059530258178711,0.026370316743850708,0.008321613073348999,0.06328311562538147,0.02105337381362915,0.021004021167755127,0.02299901843070984,0.016157954931259155,0.04296603798866272,0.050441205501556396,0.02248835563659668,0.015666574239730835,0.0558108389377594,0.03783278912305832,0.028437744826078415,0.04774254560470581,0.034194428473711014,0.07207781076431274,0.02257467806339264,0.027454912662506104,0.012300863862037659,0.08481813967227936,0.03373786807060242,0.021492093801498413
1.1,0.0,0.00948,0.006098151206970215,0.021025866270065308,0.03394411504268646,0.09780445694923401,0.021806994453072548,0.03520467132329941,0.038844503462314606,0.10069355368614197,0.03059530258178711,0.026370316743850708,0.008321613073348999,0.06328311562538147,0.02105337381362915,0.021004021167755127,0.02299901843070984,0.016157954931259155,0.04296603798866272,0.050441205501556396,0.02248835563659668,0.015666574239730835,0.0558108389377594,0.03783278912305832,0.028437744826078415,0.04774254560470581,0.034194428473711014,0.07207781076431274,0.02257467806339264,0.027454912662506104,0.012300863862037659,0.08481813967227936,0.03373786807060242,0.021492093801498413
1.11,0.0,0.00985,0.006098151206970215,0.021025866270065308,0.03394411504268646,0.09780445694923401,0.021806994453072548,0.03520467132329941,0.038844503462314606,0.10069355368614197,0.03059530258178711,0.026370316743850708,0.008321613073348999,0.06328311562538147,0.02105337381362915,0.021004021167755127,0.02299901843070984,0.016157954931259155,0.04296603798866272,0.050441205501556396,0.02248835563659668,0.015666574239730835,0.0558108389377594,0.03783278912305832,0.028437744826078415,0.04774254560470581,0.034194428473711014,0.07207781076431274,0.02257467806339264,0.027454912662506104,0.012300863862037659,0.08481813967227936,0.03373786807060242,0.021492093801498413
1.12,0.0,0.01015,0.006098151206970215,0.021025866270065308,0.03394411504268646,0.09780445694923401,0.021806994453072548,0.03520467132329941,0.038844503462314606,0.10069355368614197,0.03059530258178711,0.026370316743850708,0.008321613073348999,0.06328311562538147,0.02105337381362915,0.021004021167755127,0.02299901843070984,0.016157954931259155,0.04296603798866272,0.050441205501556396,0.02248835563659668,0.015666574239730835,0.0558108389377594,0.03783278912305832,0.028437744826078415,0.04774254560470581,0.034194428473711014,0.07207781076431274,0.02257467806339264,0.027454912662506104,0.012300863862037659,0.08481813967227936,0.03373786807060242,0.021492093801498413
1.13,0.0,0.01032,0.006098151206970215,0.021025866270065308,0.03394411504268646,0.09780445694923401,0.021806994453072548,0.03520467132329941,0.038844503462314606,0.10069355368614197,0.03059530258178711,0.026370316743850708,0.008321613073348999,0.06328311562538147,0.02105337381362915,0.021004021167755127,0.02299901843070984,0.016157954931259155,0.04296603798866272,0.050441205501556396,0.02248835563659668,0.015666574239730835,0.0558108389377594,0.03783278912305832,0.028437744826078415,0.04774254560470581,0.034194428473711014,0.07207781076431274,0.02257467806339264,0.027454912662506104,0.012300863862037659,0.08481813967227936,0.03373786807060242,0.021492093801498413
1.14,0.0,0.01047,0.0049782395362854,0.019936949014663696,0.03394411504268646,0.09780445694923401,0.02113664150238037,0.03438838571310043,0.038844503462314606,0.10069355368614197,0.0300523042678833,0.025940805673599243,0.008321613073348999,0.06328311562538147,0.02105337381362915,0.0205020010471344,0.021915942430496216,0.016157954931259155,0.04296603798866272,0.05016753077507019,0.021985381841659546,0.015666574239730835,0.0558108389377594,0.03735367953777313,0.027811065316200256,0.04774254560470581,0.034194428473711014,0.07207781076431274,0.021868765354156494,0.026308521628379822,0.012300863862037659,0.08481813967227936,0.03307482600212097,0.02050669491291046
1.15,0.0,0.01054,0.0049782395362854,0.019936949014663696,0.03394411504268646,0.09780445694923401,0.02113664150238037,0.03438838571310043,0.038844503462314606,0.10069355368614197,0.0300523042678833,0.025940805673599243,0.008321613073348999,0.06328311562538147,0.02105337381362915,0.0205020010471344,0.021915942430496216,0.016157954931259155,0.04296603798866272,0.05016753077507019,0.021985381841659546,0.015666574239730835,0.0558108389377594,0.03735367953777313,0.027811065316200256,0.04774254560470581,0.034194428473711014,0.07207781076431274,0.021868765354156494,0.026308521628379822,0.012300863862037659,0.08481813967227936,0.03307482600212097,0.02050669491291046
1.16,0.0,0.01053,0.0049782395362854,0.019936949014663696,0.03394411504268646,0.09780445694923401,0.02113664150238037,0.03438838571310043,0.038844503462314606,0.10069355368614197,0.0300523042678833,0.025940805673599243,0.008321613073348999,0.06328311562538147,0.02105337381362915,0.0205020010471344,0.021915942430496216,0.016157954931259155,0.04296603798866272,0.05016753077507019,0.021985381841659546,0.015666574239730835,0.0558108389377594,0.03735367953777313,0.027811065316200256,0.04774254560470581,0.034194428473711014,0.07207781076431274,0.021868765354156494,0.026308521628379822,0.012300863862037659,0.08481813967227936,0.03307482600212097,0.02050669491291046
1.17,0.0,0.01044,0.0049782395362854,0.019936949014663696,0.03394411504268646,0.09780445694923401,0.02113664150238037,0.03438838571310043,0.038844503462314606,0.10069355368614197,0.0300523042678833,0.025940805673599243,0.008321613073348999,0.06328311562538147,0.02105337381362915,0.0205020010471344,0.021915942430496216,0.016157954931259155,0.04296603798866272,0.05016753077507019,0.021985381841659546,0.015666574239730835,0.0558108389377594,0.03735367953777313,0.027811065316200256,0.04774254560470581,0.034194428473711014,0.07207781076431274,0.021868765354156494,0.026308521628379822,0.012300863862037659,0.08481813967227936,0.03307482600212097,0.02050669491291046
1.18,0.0,0.01028,0.0049782395362854,0.019936949014663696,0.03394411504268646,0.09780445694923401,0.02113664150238037,0.03438838571310043,0.038844503462314606,0.10069355368614197,0.0300523042678833,0.025940805673599243,0.008321613073348999,0.06328311562538147,0.02105337381362915,0.0205020010471344,0.021915942430496216,0.016157954931259155,0.04296603798866272,0.05016753077507019,0.021985381841659546,0.015666574239730835,0.0558108389377594,0.03735367953777313,0.027811065316200256,0.04774254560470581,0.034194428473711014,0.07207781076431274,0.021868765354156494,0.026308521628379822,0.012300863862037659,0.08481813967227936,0.03307482600212097,0.02050669491291046
1.19,0.0,0.01006,0.003721892833709717,0.018482059240341187,0.03394411504268646,0.09780445694923401,0.020509915426373482,0.03368500620126724,0.038844503462314606,0.10069355368614197,0.029393494129180908,0.025043576955795288,0.008321613073348999,0.06328311562538147,0.02105337381362915,0.02005016803741455,0.021230041980743408,0.016157954931259155,0.04296603798866272,0.049470335245132446,0.021537497639656067,0.015666574239730835,0.0558108389377594,0.0369827002286911,0.027396060526371002,0.04774254560470581,0.034194428473711014,0.07207781076431274,0.020627453923225403,0.02476632595062256,0.012300863862037659,0.08481813967227936,0.032194554805755615,0.01928076148033142
1.2,0.0,0.00977,0.003721892833709717,0.018482059240341187,0.03394411504268646,0.09780445694923401,0.020509915426373482,0.03368500620126724,0.038844503462314606,0.10069355368614197,0.029393494129180908,0.025043576955795288,0.008321613073348999,0.06328311562538147,0.02105337381362915,0.02005016803741455,0.021230041980743408,0.016157954931259155,0.04296603798866272,0.049470335245132446,0.021537497639656067,0.015666574239730835,0.0558108389377594,0.0369827002286911,0.027396060526371002,0.04774254560470581,0.034194428473711014,0.07207781076431274,0.020627453923225403,0.02476632595062256,0.012300863862037659,0.08481813967227936,0.032194554805755615,0.01928076148033142
1.21,0.0,0.00944,0.003721892833709717,0.018482059240341187,0.03394411504268646,0.09780445694923401,0.020509915426373482,0.03368500620126724,0.038844503462314606,0.10069355368614197,0.029393494129180908,0.025043576955795288,0.008321613073348999,0.06328311562538147,0.02105337381362915,0.02005016803741455,0.021230041980743408,0.016157954931259155,0.04296603798866272,0.049470335245132446,0.021537497639656067,0.015666574239730835,0.0558108389377594,0.0369827002286911,0.027396060526371002,0.04774254560470581,0.034194428473711014,0.07207781076431274,0.020627453923225403,0.02476632595062256,0.012300863862037659,0.08481813967227936,0.032194554805755615,0.01928076148033142
1.22,0.0,0.00906,0.003721892833709717,0.018482059240341187,0.03394411504268646,0.09780445694923401,0.020509915426373482,0.03368500620126724,0.038844503462314606,0.10069355368614197,0.029393494129180908,0.025043576955795288,0.008321613073348999,0.06328311562538147,0.02105337381362915,0.02005016803741455,0.021230041980743408,0.016157954931259155,0.04296603798866272,0.049470335245132446,0.021537497639656067,0.015666574239730835,0.0558108389377594,0.0369827002286911,0.027396060526371002,0.04774254560470581,0.034194428473711014,0.07207781076431274,0.020627453923225403,0.02476632595062256,0.012300863862037659,0.08481813967227936,0.032194554805755615,0.01928076148033142
1.23,0.0,0.00863,0.003721892833709717,0.018482059240341187,0.03394411504268646,0.09780445694923401,0.020509915426373482,0.03368500620126724,0.038844503462314606,0.10069355368614197,0.029393494129180908,0.025043576955795288,0.008321613073348999,0.06328311562538147,0.02105337381362915,0.02005016803741455,0.021230041980743408,0.016157954931259155,0.04296603798866272,0.049470335245132446,0.021537497639656067,0.015666574239730835,0.0558108389377594,0.0369827002286911,0.027396060526371002,0.04774254560470581,0.034194428473711014,0.07207781076431274,0.020627453923225403,0.02476632595062256,0.012300863862037659,0.08481813967227936,0.032194554805755615,0.01928076148033142
1.24,0.0,0.00817,0.003285706043243408,0.01865750551223755,0.03394411504268646,0.09780445694923401,0.02045500837266445,0.03397798538208008,0.038844503462314606,0.10069355368614197,0.029256999492645264,0.024724572896957397,0.008321613073348999,0.06328311562538147,0.02105337381362915,0.020347535610198975,0.021611332893371582,0.016157954931259155,0.04296603798866272,0.04908373951911926,0.021317988634109497,0.015666574239730835,0.0558108389377594,0.03671933710575104,0.02720976248383522,0.04774254560470581,0.034194428473711014,0.07207781076431274,0.02045154571533203,0.02515159547328949,0.012300863862037659,0.08481813967227936,0.03198076784610748,0.01939697563648224
1.25,0.0,0.00769,0.003285706043243408,0.01865750551223755,0.03394411504268646,0.09780445694923401,0.02045500837266445,0.03397798538208008,0.038844503462314606,0.10069355368614197,0.029256999492645264,0.024724572896957397,0.008321613073348999,0.06328311562538147,0.02105337381362915,0.020347535610198975,0.021611332893371582,0.016157954931259155,0.04296603798866272,0.04908373951911926,0.021317988634109497,0.015666574239730835,0.0558108389377594,0.03671933710575104,0.02720976248383522,0.04774254560470581,0.034194428473711014,0.07207781076431274,0.02045154571533203,0.02515159547328949,0.012300863862037659,0.08481813967227936,0.03198076784610748,0.01939697563648224
1.26,0.0,0.00718,0.003285706043243408,0.01865750551223755,0.03394411504268646,0.09780445694923401,0.02045500837266445,0.03397798538208008,0.038844503462314606,0.10069355368614197,0.029256999492645264,0.024724572896957397,0.008321613073348999,0.06328311562538147,0.02105337381362915,0.020347535610198975,0.021611332893371582,0.016157954931259155,0.04296603798866272,0.04908373951911926,0.021317988634109497,0.015666574239730835,0.0558108389377594,0.03671933710575104,0.02720976248383522,0.04774254560470581,0.034194428473711014,0.07207781076431274,0.02045154571533203,0.02515159547328949,0.012300863862037659,0.08481813967227936,0.03198076784610748,0.01939697563648224
1.27,0.0,0.00665,0.003285706043243408,0.01865750551223755,0.03394411504268646,0.09780445694923401,0.02045500837266445,0.03397798538208008,0.038844503462314606,0.10069355368614197,0.029256999492645264,0.024724572896957397,0.008321613073348999,0.06328311562538147,0.02105337381362915,0.020347535610198975,0.021611332893371582,0.016157954931259155,0.04296603798866272,0.04908373951911926,0.021317988634109497,0.015666574239730835,0.0558108389377594,0.03671933710575104,0.02720976248383522,0.04774254560470581,0.034194428473711014,0.07207781076431274,0.02045154571533203,0.02515159547328949,0.012300863862037659,0.08481813967227936,0.03198076784610748,0.01939697563648224
1.28,0.0,0.00612,0.003285706043243408,0.01865750551223755,0.03394411504268646,0.09780445694923401,0.02045500837266445,0.03397798538208008,0.038844503462314606,0.10069355368614197,0.029256999492645264,0.024724572896957397,0.008321613073348999,0.06328311562538147,0.02105337381362915,0.020347535610198975,0.021611332893371582,0.016157954931259155,0.04296603798866272,0.04908373951911926,0.021317988634109497,0.015666574239730835,0.0558108389377594,0.03671933710575104,0.02720976248383522,0.04774254560470581,0.034194428473711014,0.07207781076431274,0.02045154571533203,0.02515159547328949,0.012300863862037659,0.08481813967227936,0.03198076784610748,0.01939697563648224
1.29,0.0,0.00558,0.003131270408630371,0.01920783519744873,0.03394411504268646,0.09780445694923401,0.02033974416553974,0.03413339704275131,0.038844503462314606,0.10069355368614197,0.029287517070770264,0.024728864431381226,0.008321613073348999,0.06328311562538147,0.02105337381362915,0.020526990294456482,0.02218732237815857,0.016157954931259155,0.04296603798866272,0.049542173743247986,0.021494239568710327,0.015666574239730835,0.0558108389377594,0.03679175674915314,0.02719147875905037,0.04774254560470581,0.034194428473711014,0.07207781076431274,0.020739883184432983,0.026148721575737,0.012300863862037659,0.08481813967227936,0.03232419490814209,0.02034763991832733
1.3,0.0,0.00504,0.003131270408630371,0.01920783519744873,0.03394411504268646,0.09780445694923401,0.02033974416553974,0.03413339704275131,0.038844503462314606,0.10069355368614197,0.029287517070770264,0.024728864431381226,0.008321613073348999,0.06328311562538147,0.02105337381362915,0.020526990294456482,0.02218732237815857,0.016157954931259155,0.04296603798866272,0.049542173743247986,0.021494239568710327,0.015666574239730835,0.0558108389377594,0.03679175674915314,0.02719147875905037,0.04774254560470581,0.034194428473711014,0.07207781076431274,0.020739883184432983,0.026148721575737,0.012300863862037659,0.08481813967227936,0.03232419490814209,0.02034763991832733
1.31,0.0,0.00452,0.003131270408630371,0.01920783519744873,0.03394411504268646,0.09780445694923401,0.02033974416553974,0.03413339704275131,0.038844503462314606,0.10069355368614197,0.029287517070770264,0.024728864431381226,0.008321613073348999,0.06328311562538147,0.02105337381362915,0.020526990294456482,0.02218732237815857,0.016157954931259155,0.04296603798866272,0.049542173743247986,0.021494239568710327,0.015666574239730835,0.0558108389377594,0.03679175674915314,0.02719147875905037,0.04774254560470581,0.034194428473711014,0.07207781076431274,0.020739883184432983,0.026148721575737,0.012300863862037659,0.08481813967227936,0.03232419490814209,0.02034763991832733
1.32,0.0,0.00401,0.003131270408630371,0.01920783519744873,0.03394411504268646,0.09780445694923401,0.02033974416553974,0.03413339704275131,0.038844503462314606,0.10069355368614197,0.029287517070770264,0.024728864431381226,0.008321613073348999,0.06328311562538147,0.02105337381362915,0.020526990294456482,0.02218732237815857,0.016157954931259155,0.04296603798866272,0.049542173743247986,0.021494239568710327,0.015666574239730835,0.0558108389377594,0.03679175674915314,0.02719147875905037,0.04774254560470581,0.034194428473711014,0.07207781076431274,0.020739883184432983,0.026148721575737,0.012300863862037659,0.08481813967227936,0.03232419490814209,0.02034763991832733
1.33,0.0,0.00351,0.003131270408630371,0.01920783519744873,0.03394411504268646,0.09780445694923401,0.02033974416553974,0.03413339704275131,0.038844503462314606,0.10069355368614197,0.029287517070770264,0.024728864431381226,0.008321613073348999,0.06328311562538147,0.02105337381362915,0.020526990294456482,0.02218732237815857,0.016157954931259155,0.04296603798866272,0.049542173743247986,0.021494239568710327,0.015666574239730835,0.0558108389377594,0.03679175674915314,0.02719147875905037,0.04774254560470581,0.034194428473711014,0.07207781076431274,0.020739883184432983,0.026148721575737,0.012300863862037659,0.08481813967227936,0.03232419490814209,0.02034763991832733
1.34,0.0,0.00304,0.003128260374069214,0.01942571997642517,0.03394411504268646,0.09780445694923401,0.02050217054784298,0.03428784757852554,0.038844503462314606,0.10069355368614197,0.029685258865356445,0.02474874258041382,0.008321613073348999,0.06328311562538147,0.02105337381362915,0.020143166184425354,0.022162899374961853,0.016157954931259155,0.04296603798866272,0.04928790032863617,0.021538525819778442,0.015666574239730835,0.0558108389377594,0.03677878901362419,0.0273117832839489,0.04774254560470581,0.034194428473711014,0.07207781076431274,0.020900994539260864,0.02642931044101715,0.012300863862037659,0.08481813967227936,0.032747864723205566,0.021006718277931213
1.35,0.0,0.00259,0.003128260374069214,0.01942571997642517,0.03394411504268646,0.09780445694923401,0.02050217054784298,0.03428784757852554,0.038844503462314606,0.10069355368614197,0.029685258865356445,0.02474874258041382,0.008321613073348999,0.06328311562538147,0.02105337381362915,0.020143166184425354,0.022162899374961853,0.016157954931259155,0.04296603798866272,0.04928790032863617,0.021538525819778442,0.015666574239730835,0.0558108389377594,0.03677878901362419,0.0273117832839489,0.04774254560470581,0.034194428473711014,0.07207781076431274,0.020900994539260864,0.02642931044101715,0.012300863862037659,0.08481813967227936,0.032747864723205566,0.021006718277931213
1.36,0.0,0.00217,0.003128260374069214,0.01942571997642517,0.03394411504268646,0.09780445694923401,0.02050217054784298,0.03428784757852554,0.038844503462314606,0.10069355368614197,0.029685258865356445,0.02474874258041382,0.008321613073348999,0.06328311562538147,0.02105337381362915,0.020143166184425354,0.022162899374961853,0.016157954931259155,0.04296603798866272,0.04928790032863617,0.021538525819778442,0.015666574239730835,0.0558108389377594,0.03677878901362419,0.0273117832839489,0.04774254560470581,0.034194428473711014,0.07207781076431274,0.020900994539260864,0.02642931044101715,0.012300863862037659,0.08481813967227936,0.032747864723205566,0.021006718277931213
1.37,0.0,0.00179,0.003128260374069214,0.01942571997642517,0.03394411504268646,0.09780445694923401,0.02050217054784298,0.03428784757852554,0.038844503462314606,0.10069355368614197,0.029685258865356445,0.02474874258041382,0.008321613073348999,0.06328311562538147,0.02105337381362915,0.020143166184425354,0.022162899374961853,0.016157954931259155,0.04296603798866272,0.04928790032863617,0.021538525819778442,0.015666574239730835,0.0558108389377594,0.03677878901362419,0.0273117832839489,0.04774254560470581,0.034194428473711014,0.07207781076431274,0.020900994539260864,0.02642931044101715,0.012300863862037659,0.08481813967227936,0.032747864723205566,0.021006718277931213
1.38,0.0,0.0015,0.003128260374069214,0.01942571997642517,0.03394411504268646,0.09780445694923401,0.02050217054784298,0.03428784757852554,0.038844503462314606,0.10069355368614197,0.029685258865356445,0.02474874258041382,0.008321613073348999,0.06328311562538147,0.02105337381362915,0.020143166184425354,0.022162899374961853,0.016157954931259155,0.04296603798866272,0.04928790032863617,0.021538525819778442,0.015666574239730835,0.0558108389377594,0.03677878901362419,0.0273117832839489,0.04774254560470581,0.034194428473711014,0.07207781076431274,0.020900994539260864,0.02642931044101715,0.012300863862037659,0.08481813967227936,0.032747864723205566,0.021006718277931213
1.39,0.0,0.00117,0.0032584071159362793,0.019711941480636597,0.03394411504268646,0.09780445694923401,0.021032361313700676,0.03473859280347824,0.038844503462314606,0.10069355368614197,0.029723644256591797,0.02496132254600525,0.008321613073348999,0.06328311562538147,0.02105337381362915,0.020131826400756836,0.02190127968788147,0.016157954931259155,0.04296603798866272,0.04941794276237488,0.021508514881134033,0.015666574239730835,0.0558108389377594,0.0371357798576355,0.027647171169519424,0.04774254560470581,0.034194428473711014,0.07207781076431274,0.02137395739555359,0.026770025491714478,0.012300863862037659,0.08481813967227936,0.033290788531303406,0.021360933780670166
1.4,0.0,0.0,0.0032584071159362793,0.019711941480636597,0.03394411504268646,0.09780445694923401,0.021032361313700676,0.03473859280347824,0.038844503462314606,0.10069355368614197,0.029723644256591797,0.02496132254600525,0.008321613073348999,0.06328311562538147,0.02105337381362915,0.020131826400756836,0.02190127968788147,0.016157954931259155,0.04296603798866272,0.04941794276237488,0.021508514881134033,0.015666574239730835,0.0558108389377594,0.0371357798576355,0.027647171169519424,0.04774254560470581,0.034194428473711014,0.07207781076431274,0.02137395739555359,0.026770025491714478,0.012300863862037659,0.08481813967227936,0.033290788531303406,0.021360933780670166
1.41,0.0,0.0,0.0032584071159362793,0.019711941480636597,0.03394411504268646,0.09780445694923401,0.021032361313700676,0.03473859280347824,0.038844503462314606,0.10069355368614197,0.029723644256591797,0.02496132254600525,0.008321613073348999,0.06328311562538147,0.02105337381362915,0.020131826400756836,0.02190127968788147,0.016157954931259155,0.04296603798866272,0.04941794276237488,0.021508514881134033,0.015666574239730835,0.0558108389377594,0.0371357798576355,0.027647171169519424,0.04774254560470581,0.034194428473711014,0.07207781076431274,0.02137395739555359,0.026770025491714478,0.012300863862037659,0.08481813967227936,0.033290788531303406,0.021360933780670166
1.42,0.0,0.0,0.0032584071159362793,0.019711941480636597,0.03394411504268646,0.09780445694923401,0.021032361313700676,0.03473859280347824,0.038844503462314606,0.10069355368614197,0.029723644256591797,0.02496132254600525,0.008321613073348999,0.06328311562538147,0.02105337381362915,0.020131826400756836,0.02190127968788147,0.016157954931259155,0.04296603798866272,0.04941794276237488,0.021508514881134033,0.015666574239730835,0.0558108389377594,0.0371357798576355,0.027647171169519424,0.04774254560470581,0.034194428473711014,0.07207781076431274,0.02137395739555359,0.026770025491714478,0.012300863862037659,0.08481813967227936,0.033290788531303406,0.021360933780670166
1.43,0.0,0.0,0.0032584071159362793,0.019711941480636597,0.03394411504268646,0.09780445694923401,0.021032361313700676,0.03473859280347824,0.038844503462314606,0.10069355368614197,0.029723644256591797,0.02496132254600525,0.008321613073348999,0.06328311562538147,0.02105337381362915,0.020131826400756836,0.02190127968788147,0.016157954931259155,0.04296603798866272,0.04941794276237488,0.021508514881134033,0.015666574239730835,0.0558108389377594,0.0371357798576355,0.027647171169519424,0.04774254560470581,0.034194428473711014,0.07207781076431274,0.02137395739555359,0.026770025491714478,0.012300863862037659,0.08481813967227936,0.033290788531303406,0.021360933780670166
1.44,0.0,0.0,0.0024906694889068604,0.018246084451675415,0.03394411504268646,0.09780445694923401,0.021283360198140144,0.03448939323425293,0.038844503462314606,0.10069355368614197,0.028926163911819458,0.024401992559432983,0.008321613073348999,0.06328311562538147,0.02105337381362915,0.020020902156829834,0.021064192056655884,0.016157954931259155,0.04296603798866272,0.04926726222038269,0.021088674664497375,0.015666574239730835,0.0558108389377594,0.037323273718357086,0.027682442218065262,0.04774254560470581,0.034194428473711014,0.07207781076431274,0.020864173769950867,0.02563762664794922,0.012300863862037659,0.08481813967227936,0.03288157284259796,0.020148903131484985
1.45,0.0,0.0,0.0024906694889068604,0.018246084451675415,0.03394411504268646,0.09780445694923401,0.021283360198140144,0.03448939323425293,0.038844503462314606,0.10069355368614197,0.028926163911819458,0.024401992559432983,0.008321613073348999,0.06328311562538147,0.02105337381362915,0.020020902156829834,0.021064192056655884,0.016157954931259155,0.04296603798866272,0.04926726222038269,0.021088674664497375,0.015666574239730835,0.0558108389377594,0.037323273718357086,0.027682442218065262,0.04774254560470581,0.034194428473711014,0.07207781076431274,0.020864173769950867,0.02563762664794922,0.012300863862037659,0.08481813967227936,0.03288157284259796,0.020148903131484985
1.46,0.0,0.0,0.0024906694889068604,0.018246084451675415,0.03394411504268646,0.09780445694923401,0.021283360198140144,0.03448939323425293,0.038844503462314606,0.10069355368614197,0.028926163911819458,0.024401992559432983,0.008321613073348999,0.06328311562538147,0.02105337381362915,0.020020902156829834,0.021064192056655884,0.016157954931259155,0.04296603798866272,0.04926726222038269,0.021088674664497375,0.015666574239730835,0.0558108389377594,0.037323273718357086,0.027682442218065262,0.04774254560470581,0.034194428473711014,0.07207781076431274,0.020864173769950867,0.02563762664794922,0.012300863862037659,0.08481813967227936,0.03288157284259796,0.020148903131484985
1.47,0.0,0.0,0.0024906694889068604,0.018246084451675415,0.03394411504268646,0.09780445694923401,0.021283360198140144,0.03448939323425293,0.038844503462314606,0.10069355368614197,0.028926163911819458,0.024401992559432983,0.008321613073348999,0.06328311562538147,0.02105337381362915,0.020020902156829834,0.021064192056655884,0.016157954931259155,0.04296603798866272,0.04926726222038269,0.021088674664497375,0.015666574239730835,0.0558108389377594,0.037323273718357086,0.027682442218065262,0.04774254560470581,0.034194428473711014,0.07207781076431274,0.020864173769950867,0.02563762664794922,0.012300863862037659,0.08481813967227936,0.03288157284259796,0.020148903131484985
1.48,0.0,0.0,0.0024906694889068604,0.018246084451675415,0.03394411504268646,0.09780445694923401,0.021283360198140144,0.03448939323425293,0.038844503462314606,0.10069355368614197,0.028926163911819458,0.024401992559432983,0.008321613073348999,0.06328311562538147,0.02105337381362915,0.020020902156829834,0.021064192056655884,0.016157954931259155,0.04296603798866272,0.04926726222038269,0.021088674664497375,0.015666574239730835,0.0558108389377594,0.037323273718357086,0.027682442218065262,0.04774254560470581,0.034194428473711014,0.07207781076431274,0.020864173769950867,0.02563762664794922,0.012300863862037659,0.08481813967227936,0.03288157284259796,0.020148903131484985
1.49,0.0,0.0,0.0029568076133728027,0.019235670566558838,0.03394411504268646,0.09780445694923401,0.022023744881153107,0.03524022549390793,0.038844503462314606,0.10069355368614197,0.029127299785614014,0.024374812841415405,0.008321613073348999,0.06328311562538147,0.02105337381362915,0.01997910439968109,0.021228313446044922,0.016157954931259155,0.04296603798866272,0.04911193251609802,0.02132992446422577,0.015666574239730835,0.0558108389377594,0.0374823734164238,0.0278075709939003,0.04774254560470581,0.034194428473711014,0.07207781076431274,0.02141362428665161,0.026454046368598938,0.012300863862037659,0.08481813967227936,0.03314335644245148,0.020181909203529358
1.5,0.0,0.0,0.0029568076133728027,0.019235670566558838,0.03394411504268646,0.09780445694923401,0.022023744881153107,0.03524022549390793,0.038844503462314606,0.10069355368614197,0.029127299785614014,0.024374812841415405,0.008321613073348999,0.06328311562538147,0.02105337381362915,0.01997910439968109,0.021228313446044922,0.016157954931259155,0.04296603798866272,0.04911193251609802,0.02132992446422577,0.015666574239730835,0.0558108389377594,0.0374823734164238,0.0278075709939003,0.04774254560470581,0.034194428473711014,0.07207781076431274,0.02141362428665161,0.026454046368598938,0.012300863862037659,0.08481813967227936,0.03314335644245148,0.020181909203529358
1.51,0.0,0.0,0.0029568076133728027,0.019235670566558838,0.03394411504268646,0.09780445694923401,0.022023744881153107,0.03524022549390793,0.038844503462314606,0.10069355368614197,0.029127299785614014,0.024374812841415405,0.008321613073348999,0.06328311562538147,0.02105337381362915,0.01997910439968109,0.021228313446044922,0.016157954931259155,0.04296603798866272,0.04911193251609802,0.02132992446422577,0.015666574239730835,0.0558108389377594,0.0374823734164238,0.0278075709939003,0.04774254560470581,0.034194428473711014,0.07207781076431274,0.02141362428665161,0.026454046368598938,0.012300863862037659,0.08481813967227936,0.03314335644245148,0.020181909203529358
1.52,0.0,0.0,0.0029568076133728027,0.019235670566558838,0.03394411504268646,0.09780445694923401,0.022023744881153107,0.03524022549390793,0.038844503462314606,0.10069355368614197,0.029127299785614014,0.024374812841415405,0.008321613073348999,0.06328311562538147,0.02105337381362915,0.01997910439968109,0.021228313446044922,0.016157954931259155,0.04296603798866272,0.04911193251609802,0.02132992446422577,0.015666574239730835,0.0558108389377594,0.0374823734164238,0.0278075709939003,0.04774254560470581,0.034194428473711014,0.07207781076431274,0.02141362428665161,0.026454046368598938,0.012300863862037659,0.08481813967227936,0.03314335644245148,0.020181909203529358
1.53,0.0,0.0,0.0029568076133728027,0.019235670566558838,0.03394411504268646,0.09780445694923401,0.022023744881153107,0.03524022549390793,0.038844503462314606,0.10069355368614197,0.029127299785614014,0.024374812841415405,0.008321613073348999,0.06328311562538147,0.02105337381362915,0.01997910439968109,0.021228313446044922,0.016157954931259155,0.04296603798866272,0.04911193251609802,0.02132992446422577,0.015666574239730835,0.0558108389377594,0.0374823734164238,0.0278075709939003,0.04774254560470581,0.034194428473711014,0.07207781076431274,0.02141362428665161,0.026454046368598938,0.012300863862037659,0.08481813967227936,0.03314335644245148,0.020181909203529358
1.54,0.0,0.0,0.0036058127880096436,0.02031731605529785,0.034872159361839294,0.09780445694923401,0.022538986057043076,0.03592352569103241,0.03982427716255188,0.10069355368614197,0.029763519763946533,0.02497553825378418,0.009030014276504517,0.06328311562538147,0.022065550088882446,0.02091313898563385,0.022204995155334473,0.017408713698387146,0.04296603798866272,0.04969099164009094,0.02180802822113037,0.016289055347442627,0.0558108389377594,0.03783923387527466,0.028299402445554733,0.04774254560470581,0.034961313009262085,0.07207781076431274,0.022258445620536804,0.027881667017936707,0.014134377241134644,0.08481813967227936,0.03352639079093933,0.020854517817497253
1.55,0.0,0.0,0.0036058127880096436,0.02031731605529785,0.034872159361839294,0.09780445694923401,0.022538986057043076,0.03592352569103241,0.03982427716255188,0.10069355368614197,0.029763519763946533,0.02497553825378418,0.009030014276504517,0.06328311562538147,0.022065550088882446,0.02091313898563385,0.022204995155334473,0.017408713698387146,0.04296603798866272,0.04969099164009094,0.02180802822113037,0.016289055347442627,0.0558108389377594,0.03783923387527466,0.028299402445554733,0.04774254560470581,0.034961313009262085,0.07207781076431274,0.022258445620536804,0.027881667017936707,0.014134377241134644,0.08481813967227936,0.03352639079093933,0.020854517817497253
1.56,0.0,0.0,0.0036058127880096436,0.02031731605529785,0.034872159361839294,0.09780445694923401,0.022538986057043076,0.03592352569103241,0.03982427716255188,0.10069355368614197,0.029763519763946533,0.02497553825378418,0.009030014276504517,0.06328311562538147,0.022065550088882446,0.02091313898563385,0.022204995155334473,0.017408713698387146,0.04296603798866272,0.04969099164009094,0.02180802822113037,0.016289055347442627,0.0558108389377594,0.03783923387527466,0.028299402445554733,0.04774254560470581,0.034961313009262085,0.07207781076431274,0.022258445620536804,0.027881667017936707,0.014134377241134644,0.08481813967227936,0.03352639079093933,0.020854517817497253
1.57,0.0,0.0,0.0036058127880096436,0.02031731605529785,0.034872159361839294,0.09780445694923401,0.022538986057043076,0.03592352569103241,0.03982427716255188,0.10069355368614197,0.029763519763946533,0.02497553825378418,0.009030014276504517,0.06328311562538147,0.022065550088882446,0.02091313898563385,0.022204995155334473,0.017408713698387146,0.04296603798866272,0.04969099164009094,0.02180802822113037,0.016289055347442627,0.0558108389377594,0.03783923387527466,0.028299402445554733,0.04774254560470581,0.034961313009262085,0.07207781076431274,0.022258445620536804,0.027881667017936707,0.014134377241134644,0.08481813967227936,0.03352639079093933,0.020854517817497253
1.58,0.0,0.0,0.0036058127880096436,0.02031731605529785,0.034872159361839294,0.09780445694923401,0.022538986057043076,0.03592352569103241,0.03982427716255188,0.10069355368614197,0.029763519763946533,0.02497553825378418,0.009030014276504517,0.06328311562538147,0.022065550088882446,0.02091313898563385,0.022204995155334473,0.017408713698387146,0.04296603798866272,0.04969099164009094,0.02180802822113037,0.016289055347442627,0.0558108389377594,0.03783923387527466,0.028299402445554733,0.04774254560470581,0.034961313009262085,0.07207781076431274,0.022258445620536804,0.027881667017936707,0.014134377241134644,0.08481813967227936,0.03352639079093933,0.020854517817497253
1.59,0.0,0.0,0.0038824379444122314,0.02048078179359436,0.035455748438835144,0.09780445694923401,0.022537874057888985,0.035790927708148956,0.03971967101097107,0.10069355368614197,0.029435575008392334,0.02482542395591736,0.00915554165840149,0.06328311562538147,0.022261619567871094,0.020855054259300232,0.02228650450706482,0.017095819115638733,0.04296603798866272,0.049529314041137695,0.021764487028121948,0.01616525650024414,0.0558108389377594,0.03770820051431656,0.028008192777633667,0.04774254560470581,0.03459521383047104,0.07207781076431274,0.02237062156200409,0.028102591633796692,0.014527305960655212,0.08481813967227936,0.03376263380050659,0.02127458155155182
1.6,0.0,0.0,0.0038824379444122314,0.02048078179359436,0.035455748438835144,0.09780445694923401,0.022537874057888985,0.035790927708148956,0.03971967101097107,0.10069355368614197,0.029435575008392334,0.02482542395591736,0.00915554165840149,0.06328311562538147,0.022261619567871094,0.020855054259300232,0.02228650450706482,0.017095819115638733,0.04296603798866272,0.049529314041137695,0.021764487028121948,0.01616525650024414,0.0558108389377594,0.03770820051431656,0.028008192777633667,0.04774254560470581,0.03459521383047104,0.07207781076431274,0.02237062156200409,0.028102591633796692,0.014527305960655212,0.08481813967227936,0.03376263380050659,0.02127458155155182
1.61,0.0,0.00106,0.0038824379444122314,0.02048078179359436,0.035455748438835144,0.09780445694923401,0.022537874057888985,0.035790927708148956,0.03971967101097107,0.10069355368614197,0.029435575008392334,0.02482542395591736,0.00915554165840149,0.06328311562538147,0.022261619567871094,0.020855054259300232,0.02228650450706482,0.017095819115638733,0.04296603798866272,0.049529314041137695,0.021764487028121948,0.01616525650024414,0.0558108389377594,0.03770820051431656,0.028008192777633667,0.04774254560470581,0.03459521383047104,0.07207781076431274,0.02237062156200409,0.028102591633796692,0.014527305960655212,0.08481813967227936,0.03376263380050659,0.02127458155155182
1.62,0.0,0.00117,0.0038824379444122314,0.02048078179359436,0.035455748438835144,0.09780445694923401,0.022537874057888985,0.035790927708148956,0.03971967101097107,0.10069355368614197,0.029435575008392334,0.02482542395591736,0.00915554165840149,0.06328311562538147,0.022261619567871094,0.020855054259300232,0.02228650450706482,0.017095819115638733,0.04296603798866272,0.049529314041137695,0.021764487028121948,0.01616525650024414,0.0558108389377594,0.03770820051431656,0.028008192777633667,0.04774254560470581,0.03459521383047104,0.07207781076431274,0.02237062156200409,0.028102591633796692,0.014527305960655212,0.08481813967227936,0.03376263380050659,0.02127458155155182
1.63,0.0,0.00126,0.0038824379444122314,0.02048078179359436,0.035455748438835144,0.09780445694923401,0.022537874057888985,0.035790927708148956,0.03971967101097107,0.10069355368614197,0.029435575008392334,0.02482542395591736,0.00915554165840149,0.06328311562538147,0.022261619567871094,0.020855054259300232,0.02228650450706482,0.017095819115638733,0.04296603798866272,0.049529314041137695,0.021764487028121948,0.01616525650024414,0.0558108389377594,0.03770820051431656,0.028008192777633667,0.04774254560470581,0.03459521383047104,0.07207781076431274,0.02237062156200409,0.028102591633796692,0.014527305960655212,0.08481813967227936,0.03376263380050659,0.02127458155155182
1.64,0.0,0.00136,0.004852354526519775,0.021674364805221558,0.036396756768226624,0.09780445694923401,0.021994227543473244,0.03542745113372803,0.03946245461702347,0.10069355368614197,0.030353665351867676,0.025714010000228882,0.010132044553756714,0.06328311562538147,0.023265868425369263,0.021307870745658875,0.02275949716567993,0.017832383513450623,0.04296603798866272,0.05002066493034363,0.02251526713371277,0.016649186611175537,0.0558108389377594,0.03752145543694496,0.02827683463692665,0.04774254560470581,0.03469810634851456,0.07207781076431274,0.022849246859550476,0.028761357069015503,0.015387386083602905,0.08481813967227936,0.03425595164299011,0.02208051085472107
1.65,0.0,0.00145,0.004852354526519775,0.021674364805221558,0.036396756768226624,0.09780445694923401,0.021994227543473244,0.03542745113372803,0.03946245461702347,0.10069355368614197,0.030353665351867676,0.025714010000228882,0.010132044553756714,0.06328311562538147,0.023265868425369263,0.021307870745658875,0.02275949716567993,0.017832383513450623,0.04296603798866272,0.05002066493034363,0.02251526713371277,0.016649186611175537,0.0558108389377594,0.03752145543694496,0.02827683463692665,0.04774254560470581,0.03469810634851456,0.07207781076431274,0.022849246859550476,0.028761357069015503,0.015387386083602905,0.08481813967227936,0.03425595164299011,0.02208051085472107
1.66,0.0,0.00153,0.004852354526519775,0.021674364805221558,0.036396756768226624,0.09780445694923401,0.021994227543473244,0.03542745113372803,0.03946245461702347,0.10069355368614197,0.030353665351867676,0.025714010000228882,0.010132044553756714,0.06328311562538147,0.023265868425369263,0.021307870745658875,0.02275949716567993,0.017832383513450623,0.04296603798866272,0.05002066493034363,0.02251526713371277,0.016649186611175537,0.0558108389377594,0.03752145543694496,0.02827683463692665,0.04774254560470581,0.03469810634851456,0.07207781076431274,0.022849246859550476,0.028761357069015503,0.015387386083602905,0.08481813967227936,0.03425595164299011,0.02208051085472107
1.67,0.0,0.00162,0.004852354526519775,0.021674364805221558,0.036396756768226624,0.09780445694923401,0.021994227543473244,0.03542745113372803,0.03946245461702347,0.10069355368614197,0.030353665351867676,0.025714010000228882,0.010132044553756714,0.06328311562538147,0.023265868425369263,0.021307870745658875,0.02275949716567993,0.017832383513450623,0.04296603798866272,0.05002066493034363,0.02251526713371277,0.016649186611175537,0.0558108389377594,0.03752145543694496,0.02827683463692665,0.04774254560470581,0.03469810634851456,0.07207781076431274,0.022849246859550476,0.028761357069015503,0.015387386083602905,0.08481813967227936,0.03425595164299011,0.02208051085472107
1.68,0.0,0.00167,0.004852354526519775,0.021674364805221558,0.036396756768226624,0.09780445694923401,0.021994227543473244,0.03542745113372803,0.03946245461702347,0.10069355368614197,0.030353665351867676,0.025714010000228882,0.010132044553756714,0.06328311562538147,0.023265868425369263,0.021307870745658875,0.02275949716567993,0.017832383513450623,0.04296603798866272,0.05002066493034363,0.02251526713371277,0.016649186611175537,0.0558108389377594,0.03752145543694496,0.02827683463692665,0.04774254560470581,0.03469810634851456,0.07207781076431274,0.022849246859550476,0.028761357069015503,0.015387386083602905,0.08481813967227936,0.03425595164299011,0.02208051085472107
1.69,0.0,0.00172,0.004865467548370361,0.020898640155792236,0.03659975528717041,0.09780445694923401,0.02107985131442547,0.03469263017177582,0.038795072585344315,0.10069355368614197,0.03056645393371582,0.026148170232772827,0.010986894369125366,0.06328311562538147,0.022669672966003418,0.02114647626876831,0.022776037454605103,0.017903849482536316,0.04296603798866272,0.050188690423965454,0.022285550832748413,0.016811639070510864,0.0558108389377594,0.03729045391082764,0.028130512684583664,0.04774254560470581,0.03438897803425789,0.07207781076431274,0.022391527891159058,0.027934104204177856,0.014255046844482422,0.08481813967227936,0.03428944945335388,0.02225486934185028
1.7,0.0,0.00176,0.004865467548370361,0.020898640155792236,0.03659975528717041,0.09780445694923401,0.02107985131442547,0.03469263017177582,0.038795072585344315,0.10069355368614197,0.03056645393371582,0.026148170232772827,0.010986894369125366,0.06328311562538147,0.022669672966003418,0.02114647626876831,0.022776037454605103,0.017903849482536316,0.04296603798866272,0.050188690423965454,0.022285550832748413,0.016811639070510864,0.0558108389377594,0.03729045391082764,0.028130512684583664,0.04774254560470581,0.03438897803425789,0.07207781076431274,0.022391527891159058,0.027934104204177856,0.014255046844482422,0.08481813967227936,0.03428944945335388,0.02225486934185028
1.71,0.0,0.00178,0.004865467548370361,0.020898640155792236,0.03659975528717041,0.09780445694923401,0.02107985131442547,0.03469263017177582,0.038795072585344315,0.10069355368614197,0.03056645393371582,0.026148170232772827,0.010986894369125366,0.06328311562538147,0.022669672966003418,0.02114647626876831,0.022776037454605103,0.017903849482536316,0.04296603798866272,0.050188690423965454,0.022285550832748413,0.016811639070510864,0.0558108389377594,0.03729045391082764,0.028130512684583664,0.04774254560470581,0.03438897803425789,0.07207781076431274,0.022391527891159058,0.027934104204177856,0.014255046844482422,0.08481813967227936,0.03428944945335388,0.02225486934185028
1.72,0.0,0.0018,0.004865467548370361,0.020898640155792236,0.03659975528717041,0.09780445694923401,0.02107985131442547,0.03469263017177582,0.038795072585344315,0.10069355368614197,0.03056645393371582,0.026148170232772827,0.010986894369125366,0.06328311562538147,0.022669672966003418,0.02114647626876831,0.022776037454605103,0.017903849482536316,0.04296603798866272,0.050188690423965454,0.022285550832748413,0.016811639070510864,0.0558108389377594,0.03729045391082764,0.028130512684583664,0.04774254560470581,0.03438897803425789,0.07207781076431274,0.022391527891159058,0.027934104204177856,0.014255046844482422,0.08481813967227936,0.03428944945335388,0.02225486934185028
1.73,0.0,0.00181,0.004865467548370361,0.020898640155792236,0.03659975528717041,0.09780445694923401,0.02107985131442547,0.03469263017177582,0.038795072585344315,0.10069355368614197,0.03056645393371582,0.026148170232772827,0.010986894369125366,0.06328311562538147,0.022669672966003418,0.02114647626876831,0.022776037454605103,0.017903849482536316,0.04296603798866272,0.050188690423965454,0.022285550832748413,0.016811639070510864,0.0558108389377594,0.03729045391082764,0.028130512684583664,0.04774254560470581,0.03438897803425789,0.07207781076431274,0.022391527891159058,0.027934104204177856,0.014255046844482422,0.08481813967227936,0.03428944945335388,0.02225486934185028
1.74,0.0,0.00181,0.003907382488250732,0.01922684907913208,0.03567993640899658,0.09780445694923401,0.021009735763072968,0.0345543809235096,0.0384042002260685,0.10069355368614197,0.029284685850143433,0.025294095277786255,0.010096549987792969,0.06328311562538147,0.021315723657608032,0.020200282335281372,0.021758005023002625,0.016605675220489502,0.04296603798866272,0.049288153648376465,0.021531254053115845,0.015446051955223083,0.0558108389377594,0.036955587565898895,0.02765873819589615,0.04774254560470581,0.03390924260020256,0.07207781076431274,0.02139200270175934,0.026248306035995483,0.01184794306755066,0.08481813967227936,0.0339425653219223,0.02155172824859619
1.75,0.0,0.00181,0.003907382488250732,0.01922684907913208,0.03567993640899658,0.09780445694923401,0.021009735763072968,0.0345543809235096,0.0384042002260685,0.10069355368614197,0.029284685850143433,0.025294095277786255,0.010096549987792969,0.06328311562538147,0.021315723657608032,0.020200282335281372,0.021758005023002625,0.016605675220489502,0.04296603798866272,0.049288153648376465,0.021531254053115845,0.015446051955223083,0.0558108389377594,0.036955587565898895,0.02765873819589615,0.04774254560470581,0.03390924260020256,0.07207781076431274,0.02139200270175934,0.026248306035995483,0.01184794306755066,0.08481813967227936,0.0339425653219223,0.02155172824859619
1.76,0.0,0.0018,0.003907382488250732,0.01922684907913208,0.03567993640899658,0.09780445694923401,0.021009735763072968,0.0345543809235096,0.0384042002260685,0.10069355368614197,0.029284685850143433,0.025294095277786255,0.010096549987792969,0.06328311562538147,0.021315723657608032,0.020200282335281372,0.021758005023002625,0.016605675220489502,0.04296603798866272,0.049288153648376465,0.021531254053115845,0.015446051955223083,0.0558108389377594,0.036955587565898895,0.02765873819589615,0.04774254560470581,0.03390924260020256,0.07207781076431274,0.02139200270175934,0.026248306035995483,0.01184794306755066,0.08481813967227936,0.0339425653219223,0.02155172824859619
1.77,0.0,0.00179,0.003907382488250732,0.01922684907913208,0.03567993640899658,0.09780445694923401,0.021009735763072968,0.0345543809235096,0.0384042002260685,0.10069355368614197,0.029284685850143433,0.025294095277786255,0.010096549987792969,0.06328311562538147,0.021315723657608032,0.020200282335281372,0.021758005023002625,0.016605675220489502,0.04296603798866272,0.049288153648376465,0.021531254053115845,0.015446051955223083,0.0558108389377594,0.036955587565898895,0.02765873819589615,0.04774254560470581,0.03390924260020256,0.07207781076431274,0.02139200270175934,0.026248306035995483,0.01184794306755066,0.08481813967227936,0.0339425653219223,0.02155172824859619
1.78,0.0,0.00178,0.003907382488250732,0.01922684907913208,0.03567993640899658,0.09780445694923401,0.021009735763072968,0.0345543809235096,0.0384042002260685,0.10069355368614197,0.029284685850143433,0.025294095277786255,0.010096549987792969,0.06328311562538147,0.021315723657608032,0.020200282335281372,0.021758005023002625,0.016605675220489502,0.04296603798866272,0.049288153648376465,0.021531254053115845,0.015446051955223083,0.0558108389377594,0.036955587565898895,0.02765873819589615,0.04774254560470581,0.03390924260020256,0.07207781076431274,0.02139200270175934,0.026248306035995483,0.01184794306755066,0.08481813967227936,0.0339425653219223,0.02155172824859619
1.79,0.0,0.00178,0.003989577293395996,0.01609399914741516,0.027655914425849915,0.09780445694923401,0.020652277395129204,0.031037069857120514,0.03301321715116501,0.10069355368614197,0.03157854080200195,0.026995301246643066,0.01050075888633728,0.06328311562538147,0.016995102167129517,0.02368292212486267,0.023977413773536682,0.0187845379114151,0.04296603798866272,0.05124598741531372,0.022627711296081543,0.018273890018463135,0.0558108389377594,0.039526328444480896,0.028906427323818207,0.04774254560470581,0.03655298426747322,0.07207781076431274,0.01945820450782776,0.021802887320518494,0.008289426565170288,0.08481813967227936,0.0328143835067749,0.015331044793128967
1.8,0.0,0.00177,0.003989577293395996,0.01609399914741516,0.027655914425849915,0.09780445694923401,0.020652277395129204,0.031037069857120514,0.03301321715116501,0.10069355368614197,0.03157854080200195,0.026995301246643066,0.01050075888633728,0.06328311562538147,0.016995102167129517,0.02368292212486267,0.023977413773536682,0.0187845379114151,0.04296603798866272,0.05124598741531372,0.022627711296081543,0.018273890018463135,0.0558108389377594,0.039526328444480896,0.028906427323818207,0.04774254560470581,0.03655298426747322,0.07207781076431274,0.01945820450782776,0.021802887320518494,0.008289426565170288,0.08481813967227936,0.0328143835067749,0.015331044793128967
1.81,0.0,0.00177,0.003989577293395996,0.01609399914741516,0.027655914425849915,0.09780445694923401,0.020652277395129204,0.031037069857120514,0.03301321715116501,0.10069355368614197,0.03157854080200195,0.026995301246643066,0.01050075888633728,0.06328311562538147,0.016995102167129517,0.02368292212486267,0.023977413773536682,0.0187845379114151,0.04296603798866272,0.05124598741531372,0.022627711296081543,0.018273890018463135,0.0558108389377594,0.039526328444480896,0.028906427323818207,0.04774254560470581,0.03655298426747322,0.07207781076431274,0.01945820450782776,0.021802887320518494,0.008289426565170288,0.08481813967227936,0.0328143835067749,0.015331044793128967
1.82,0.0,0.00178,0.003989577293395996,0.01609399914741516,0.027655914425849915,0.09780445694923401,0.020652277395129204,0.031037069857120514,0.03301321715116501,0.10069355368614197,0.03157854080200195,0.026995301246643066,0.01050075888633728,0.06328311562538147,0.016995102167129517,0.02368292212486267,0.023977413773536682,0.0187845379114151,0.04296603798866272,0.05124598741531372,0.022627711296081543,0.018273890018463135,0.0558108389377594,0.039526328444480896,0.028906427323818207,0.04774254560470581,0.03655298426747322,0.07207781076431274,0.01945820450782776,0.021802887320518494,0.008289426565170288,0.08481813967227936,0.0328143835067749,0.015331044793128967
1.83,0.0,0.00179,0.003989577293395996,0.01609399914741516,0.027655914425849915,0.09780445694923401,0.020652277395129204,0.031037069857120514,0.03301321715116501,0.10069355368614197,0.03157854080200195,0.026995301246643066,0.01050075888633728,0.06328311562538147,0.016995102167129517,0.02368292212486267,0.023977413773536682,0.0187845379114151,0.04296603798866272,0.05124598741531372,0.022627711296081543,0.018273890018463135,0.0558108389377594,0.039526328444480896,0.028906427323818207,0.04774254560470581,0.03655298426747322,0.07207781076431274,0.01945820450782776,0.021802887320518494,0.008289426565170288,0.08481813967227936,0.0328143835067749,0.015331044793128967
1.84,0.0,0.00181,0.00607532262802124,0.009084135293960571,0.00981934368610382,0.09780445694923401,0.022661594673991203,0.02702956460416317,0.022959863767027855,0.10069355368614197,0.035781145095825195,0.030065864324569702,0.012535899877548218,0.06328311562538147,0.005680501461029053,0.038196414709091187,0.03744262456893921,0.030136659741401672,0.04296603798866272,0.062440305948257446,0.030089735984802246,0.03170536458492279,0.0558108389377594,0.050243694335222244,0.03659699484705925,0.04774254560470581,0.049015626311302185,0.07207781076431274,0.014950066804885864,0.008540749549865723,-0.00366760790348053,0.08481813967227936,0.03481411933898926,0.00266854465007782
1.85,0.0,0.00185,0.00607532262802124,0.009084135293960571,0.00981934368610382,0.09780445694923401,0.022661594673991203,0.02702956460416317,0.022959863767027855,0.10069355368614197,0.035781145095825195,0.030065864324569702,0.012535899877548218,0.06328311562538147,0.005680501461029053,0.038196414709091187,0.03744262456893921,0.030136659741401672,0.04296603798866272,0.062440305948257446,0.030089735984802246,0.03170536458492279,0.0558108389377594,0.050243694335222244,0.03659699484705925,0.04774254560470581,0.049015626311302185,0.07207781076431274,0.014950066804885864,0.008540749549865723,-0.00366760790348053,0.08481813967227936,0.03481411933898926,0.00266854465007782
1.86,0.0,0.00189,0.00607532262802124,0.009084135293960571,0.00981934368610382,0.09780445694923401,0.022661594673991203,0.02702956460416317,0.022959863767027855,0.10069355368614197,0.035781145095825195,0.030065864324569702,0.012535899877548218,0.06328311562538147,0.005680501461029053,0.038196414709091187,0.03744262456893921,0.030136659741401672,0.04296603798866272,0.062440305948257446,0.030089735984802246,0.03170536458492279,0.0558108389377594,0.050243694335222244,0.03659699484705925,0.04774254560470581,0.049015626311302185,0.07207781076431274,0.014950066804885864,0.008540749549865723,-0.00366760790348053,0.08481813967227936,0.03481411933898926,0.00266854465007782
1.87,0.0,0.00194,0.00607532262802124,0.009084135293960571,0.00981934368610382,0.09780445694923401,0.022661594673991203,0.02702956460416317,0.022959863767027855,0.10069355368614197,0.035781145095825195,0.030065864324569702,0.012535899877548218,0.06328311562538147,0.005680501461029053,0.038196414709091187,0.03744262456893921,0.030136659741401672,0.04296603798866272,0.062440305948257446,0.030089735984802246,0.03170536458492279,0.0558108389377594,0.050243694335222244,0.03659699484705925,0.04774254560470581,0.049015626311302185,0.07207781076431274,0.014950066804885864,0.008540749549865723,-0.00366760790348053,0.08481813967227936,0.03481411933898926,0.00266854465007782
1.88,0.0,0.00199,0.00607532262802124,0.009084135293960571,0.00981934368610382,0.09780445694923401,0.022661594673991203,0.02702956460416317,0.022959863767027855,0.10069355368614197,0.035781145095825195,0.030065864324569702,0.012535899877548218,0.06328311562538147,0.005680501461029053,0.038196414709091187,0.03744262456893921,0.030136659741401672,0.04296603798866272,0.062440305948257446,0.030089735984802246,0.03170536458492279,0.0558108389377594,0.050243694335222244,0.03659699484705925,0.04774254560470581,0.049015626311302185,0.07207781076431274,0.014950066804885864,0.008540749549865723,-0.00366760790348053,0.08481813967227936,0.03481411933898926,0.00266854465007782
1.89,0.0,0.00206,0.011302351951599121,0.018189579248428345,0.02308712899684906,0.09780445694923401,0.034757379442453384,0.046654604375362396,0.04406549781560898,0.10069355368614197,0.0388396680355072,0.031417280435562134,0.014533579349517822,0.06328311562538147,0.014504343271255493,0.04575425386428833,0.04785671830177307,0.036183878779411316,0.04296603798866272,0.07187741994857788,0.03786382079124451,0.04125875234603882,0.0558108389377594,0.0594668872654438,0.046247437596321106,0.04774254560470581,0.0593181848526001,0.07207781076431274,0.022006765007972717,0.01823359727859497,0.0050024837255477905,0.08481813967227936,0.04673323035240173,0.014416247606277466
1.9,0.0,0.00215,0.011302351951599121,0.018189579248428345,0.02308712899684906,0.09780445694923401,0.034757379442453384,0.046654604375362396,0.04406549781560898,0.10069355368614197,0.0388396680355072,0.031417280435562134,0.014533579349517822,0.06328311562538147,0.014504343271255493,0.04575425386428833,0.04785671830177307,0.036183878779411316,0.04296603798866272,0.07187741994857788,0.03786382079124451,0.04125875234603882,0.0558108389377594,0.0594668872654438,0.046247437596321106,0.04774254560470581,0.0593181848526001,0.07207781076431274,0.022006765007972717,0.01823359727859497,0.0050024837255477905,0.08481813967227936,0.04673323035240173,0.014416247606277466
1.91,0.01029,0.00224,0.011302351951599121,0.018189579248428345,0.02308712899684906,0.09780445694923401,0.034757379442453384,0.046654604375362396,0.04406549781560898,0.10069355368614197,0.0388396680355072,0.031417280435562134,0.014533579349517822,0.06328311562538147,0.014504343271255493,0.04575425386428833,0.04785671830177307,0.036183878779411316,0.04296603798866272,0.07187741994857788,0.03786382079124451,0.04125875234603882,0.0558108389377594,0.0594668872654438,0.046247437596321106,0.04774254560470581,0.0593181848526001,0.07207781076431274,0.022006765007972717,0.01823359727859497,0.0050024837255477905,0.08481813967227936,0.04673323035240173,0.014416247606277466
1.92,0.01131,0.00235,0.011302351951599121,0.018189579248428345,0.02308712899684906,0.09780445694923401,0.034757379442453384,0.046654604375362396,0.04406549781560898,0.10069355368614197,0.0388396680355072,0.031417280435562134,0.014533579349517822,0.06328311562538147,0.014504343271255493,0.04575425386428833,0.04785671830177307,0.036183878779411316,0.04296603798866272,0.07187741994857788,0.03786382079124451,0.04125875234603882,0.0558108389377594,0.0594668872654438,0.046247437596321106,0.04774254560470581,0.0593181848526001,0.07207781076431274,0.022006765007972717,0.01823359727859497,0.0050024837255477905,0.08481813967227936,0.04673323035240173,0.014416247606277466
1.93,0.01214,0.00245,0.011302351951599121,0.018189579248428345,0.02308712899684906,0.09780445694923401,0.034757379442453384,0.046654604375362396,0.04406549781560898,0.10069355368614197,0.0388396680355072,0.031417280435562134,0.014533579349517822,0.06328311562538147,0.014504343271255493,0.04575425386428833,0.04785671830177307,0.036183878779411316,0.04296603798866272,0.07187741994857788,0.03786382079124451,0.04125875234603882,0.0558108389377594,0.0594668872654438,0.046247437596321106,0.04774254560470581,0.0593181848526001,0.07207781076431274,0.022006765007972717,0.01823359727859497,0.0050024837255477905,0.08481813967227936,0.04673323035240173,0.014416247606277466
1.94,0.01294,0.00255,0.017960935831069946,0.03574684262275696,0.05939240753650665,0.09780445694923401,0.048743076622486115,0.07046680152416229,0.07647794485092163,0.10069355368614197,0.04737544059753418,0.03825882077217102,0.021428853273391724,0.06328311562538147,0.03888849914073944,0.04683952033519745,0.051220014691352844,0.03749994933605194,0.04296603798866272,0.07577098906040192,0.041674673557281494,0.04240763187408447,0.0558108389377594,0.06385409086942673,0.0525258406996727,0.04774254560470581,0.06139621138572693,0.07207781076431274,0.03650246560573578,0.04679630696773529,0.03454406559467316,0.08481813967227936,0.060869455337524414,0.042169585824012756
1.95,0.01371,0.00265,0.017960935831069946,0.03574684262275696,0.05939240753650665,0.09780445694923401,0.048743076622486115,0.07046680152416229,0.07647794485092163,0.10069355368614197,0.04737544059753418,0.03825882077217102,0.021428853273391724,0.06328311562538147,0.03888849914073944,0.04683952033519745,0.051220014691352844,0.03749994933605194,0.04296603798866272,0.07577098906040192,0.041674673557281494,0.04240763187408447,0.0558108389377594,0.06385409086942673,0.0525258406996727,0.04774254560470581,0.06139621138572693,0.07207781076431274,0.03650246560573578,0.04679630696773529,0.03454406559467316,0.08481813967227936,0.060869455337524414,0.042169585824012756
1.96,0.01445,0.00275,0.017960935831069946,0.03574684262275696,0.05939240753650665,0.09780445694923401,0.048743076622486115,0.07046680152416229,0.07647794485092163,0.10069355368614197,0.04737544059753418,0.03825882077217102,0.021428853273391724,0.06328311562538147,0.03888849914073944,0.04683952033519745,0.051220014691352844,0.03749994933605194,0.04296603798866272,0.07577098906040192,0.041674673557281494,0.04240763187408447,0.0558108389377594,0.06385409086942673,0.0525258406996727,0.04774254560470581,0.06139621138572693,0.07207781076431274,0.03650246560573578,0.04679630696773529,0.03454406559467316,0.08481813967227936,0.060869455337524414,0.042169585824012756
1.97,0.01515,0.00283,0.017960935831069946,0.03574684262275696,0.05939240753650665,0.09780445694923401,0.048743076622486115,0.07046680152416229,0.07647794485092163,0.10069355368614197,0.04737544059753418,0.03825882077217102,0.021428853273391724,0.06328311562538147,0.03888849914073944,0.04683952033519745,0.051220014691352844,0.03749994933605194,0.04296603798866272,0.07577098906040192,0.041674673557281494,0.04240763187408447,0.0558108389377594,0.06385409086942673,0.0525258406996727,0.04774254560470581,0.06139621138572693,0.07207781076431274,0.03650246560573578,0.04679630696773529,0.03454406559467316,0.08481813967227936,0.060869455337524414,0.042169585824012756
1.98,0.01582,0.0029,0.017960935831069946,0.03574684262275696,0.05939240753650665,0.09780445694923401,0.048743076622486115,0.07046680152416229,0.07647794485092163,0.10069355368614197,0.04737544059753418,0.03825882077217102,0.021428853273391724,0.06328311562538147,0.03888849914073944,0.04683952033519745,0.051220014691352844,0.03749994933605194,0.04296603798866272,0.07577098906040192,0.041674673557281494,0.04240763187408447,0.0558108389377594,0.06385409086942673,0.0525258406996727,0.04774254560470581,0.06139621138572693,0.07207781076431274,0.03650246560573578,0.04679630696773529,0.03454406559467316,0.08481813967227936,0.060869455337524414,0.042169585824012756
1.99,0.01645,0.00295,0.02617931365966797,0.05298520624637604,0.09017938375473022,0.09780445694923401,0.0615433007478714,0.08467035740613937,0.09426875412464142,0.10069355368614197,0.05690428614616394,0.04724738001823425,0.03048744797706604,0.06328311562538147,0.06284022331237793,0.049598485231399536,0.05361996591091156,0.040409550070762634,0.04296603798866272,0.07855620235204697,0.04573117196559906,0.043921321630477905,0.0558108389377594,0.06846123188734055,0.058481186628341675,0.04774254560470581,0.06430468708276749,0.07207781076431274,0.05223141610622406,0.07312822341918945,0.06120412051677704,0.08481813967227936,0.07261984795331955,0.06648653000593185
2.0,0.01705,0.00298,0.02617931365966797,0.05298520624637604,0.09017938375473022,0.09780445694923401,0.0615433007478714,0.08467035740613937,0.09426875412464142,0.10069355368614197,0.05690428614616394,0.04724738001823425,0.03048744797706604,0.06328311562538147,0.06284022331237793,0.049598485231399536,0.05361996591091156,0.040409550070762634,0.04296603798866272,0.07855620235204697,0.04573117196559906,0.043921321630477905,0.0558108389377594,0.06846123188734055,0.058481186628341675,0.04774254560470581,0.06430468708276749,0.07207781076431274,0.05223141610622406,0.07312822341918945,0.06120412051677704,0.08481813967227936,0.07261984795331955,0.06648653000593185
2.01,0.01752,0.00298,0.02617931365966797,0.05298520624637604,0.09017938375473022,0.09780445694923401,0.0615433007478714,0.08467035740613937,0.09426875412464142,0.10069355368614197,0.05690428614616394,0.04724738001823425,0.03048744797706604,0.06328311562538147,0.06284022331237793,0.049598485231399536,0.05361996591091156,0.040409550070762634,0.04296603798866272,0.07855620235204697,0.04573117196559906,0.043921321630477905,0.0558108389377594,0.06846123188734055,0.058481186628341675,0.04774254560470581,0.06430468708276749,0.07207781076431274,0.05223141610622406,0.07312822341918945,0.06120412051677704,0.08481813967227936,0.07261984795331955,0.06648653000593185
2.02,0.0182,0.00295,0.02617931365966797,0.05298520624637604,0.09017938375473022,0.09780445694923401,0.0615433007478714,0.08467035740613937,0.09426875412464142,0.10069355368614197,0.05690428614616394,0.04724738001823425,0.03048744797706604,0.06328311562538147,0.06284022331237793,0.049598485231399536,0.05361996591091156,0.040409550070762634,0.04296603798866272,0.07855620235204697,0.04573117196559906,0.043921321630477905,0.0558108389377594,0.06846123188734055,0.058481186628341675,0.04774254560470581,0.06430468708276749,0.07207781076431274,0.05223141610622406,0.07312822341918945,0.06120412051677704,0.08481813967227936,0.07261984795331955,0.06648653000593185
2.03,0.01864,0.0029,0.02617931365966797,0.05298520624637604,0.09017938375473022,0.09780445694923401,0.0615433007478714,0.08467035740613937,0.09426875412464142,0.10069355368614197,0.05690428614616394,0.04724738001823425,0.03048744797706604,0.06328311562538147,0.06284022331237793,0.049598485231399536,0.05361996591091156,0.040409550070762634,0.04296603798866272,0.07855620235204697,0.04573117196559906,0.043921321630477905,0.0558108389377594,0.06846123188734055,0.058481186628341675,0.04774254560470581,0.06430468708276749,0.07207781076431274,0.05223141610622406,0.07312822341918945,0.06120412051677704,0.08481813967227936,0.07261984795331955,0.06648653000593185
2.04,0.0193,0.00278,0.0340234637260437,0.062249064445495605,0.09577511996030807,0.09794291853904724,0.07011093944311142,0.08751747757196426,0.09293022751808167,0.09671422094106674,0.0654149055480957,0.05644741654396057,0.039011985063552856,0.06844145059585571,0.07276563346385956,0.05556130409240723,0.05843324959278107,0.046627476811409,0.049569547176361084,0.08382556587457657,0.051536887884140015,0.048814594745635986,0.060459643602371216,0.07446449995040894,0.06508292257785797,0.05143198370933533,0.06932523846626282,0.0761265903711319,0.06430654972791672,0.08437718451023102,0.06965959817171097,0.09212185442447662,0.07920414209365845,0.07394315302371979
2.05,0.01987,0.00262,0.0340234637260437,0.062249064445495605,0.09577511996030807,0.09794291853904724,0.07011093944311142,0.08751747757196426,0.09293022751808167,0.09671422094106674,0.0654149055480957,0.05644741654396057,0.039011985063552856,0.06844145059585571,0.07276563346385956,0.05556130409240723,0.05843324959278107,0.046627476811409,0.049569547176361084,0.08382556587457657,0.051536887884140015,0.048814594745635986,0.060459643602371216,0.07446449995040894,0.06508292257785797,0.05143198370933533,0.06932523846626282,0.0761265903711319,0.06430654972791672,0.08437718451023102,0.06965959817171097,0.09212185442447662,0.07920414209365845,0.07394315302371979
2.06,0.02048,0.00242,0.0340234637260437,0.062249064445495605,0.09577511996030807,0.09794291853904724,0.07011093944311142,0.08751747757196426,0.09293022751808167,0.09671422094106674,0.0654149055480957,0.05644741654396057,0.039011985063552856,0.06844145059585571,0.07276563346385956,0.05556130409240723,0.05843324959278107,0.046627476811409,0.049569547176361084,0.08382556587457657,0.051536887884140015,0.048814594745635986,0.060459643602371216,0.07446449995040894,0.06508292257785797,0.05143198370933533,0.06932523846626282,0.0761265903711319,0.06430654972791672,0.08437718451023102,0.06965959817171097,0.09212185442447662,0.07920414209365845,0.07394315302371979
2.07,0.02113,0.00217,0.0340234637260437,0.062249064445495605,0.09577511996030807,0.09794291853904724,0.07011093944311142,0.08751747757196426,0.09293022751808167,0.09671422094106674,0.0654149055480957,0.05644741654396057,0.039011985063552856,0.06844145059585571,0.07276563346385956,0.05556130409240723,0.05843324959278107,0.046627476811409,0.049569547176361084,0.08382556587457657,0.051536887884140015,0.048814594745635986,0.060459643602371216,0.07446449995040894,0.06508292257785797,0.05143198370933533,0.06932523846626282,0.0761265903711319,0.06430654972791672,0.08437718451023102,0.06965959817171097,0.09212185442447662,0.07920414209365845,0.07394315302371979
2.08,0.02185,0.00186,0.0340234637260437,0.062249064445495605,0.09577511996030807,0.09794291853904724,0.07011093944311142,0.08751747757196426,0.09293022751808167,0.09671422094106674,0.0654149055480957,0.05644741654396057,0.039011985063552856,0.06844145059585571,0.07276563346385956,0.05556130409240723,0.05843324959278107,0.046627476811409,0.049569547176361084,0.08382556587457657,0.051536887884140015,0.048814594745635986,0.060459643602371216,0.07446449995040894,0.06508292257785797,0.05143198370933533,0.06932523846626282,0.0761265903711319,0.06430654972791672,0.08437718451023102,0.06965959817171097,0.09212185442447662,0.07920414209365845,0.07394315302371979
2.09,0.02266,0.0015,0.040618494153022766,0.06490510702133179,0.0842919871211052,0.07800072431564331,0.07546010613441467,0.08736003190279007,0.08753413707017899,0.08186934888362885,0.07271438837051392,0.06428277492523193,0.0459117591381073,0.07306459546089172,0.072022944688797,0.06163318455219269,0.06420934200286865,0.05259285867214203,0.056060075759887695,0.08931431174278259,0.05704785883426666,0.0536038875579834,0.06505891680717468,0.08001518994569778,0.07058289647102356,0.050856247544288635,0.07392258942127228,0.08011223375797272,0.07109479606151581,0.08293026685714722,0.06333685666322708,0.08475495874881744,0.08146269619464874,0.06879228353500366
2.1,0.02359,0.00108,0.040618494153022766,0.06490510702133179,0.0842919871211052,0.07800072431564331,0.07546010613441467,0.08736003190279007,0.08753413707017899,0.08186934888362885,0.07271438837051392,0.06428277492523193,0.0459117591381073,0.07306459546089172,0.072022944688797,0.06163318455219269,0.06420934200286865,0.05259285867214203,0.056060075759887695,0.08931431174278259,0.05704785883426666,0.0536038875579834,0.06505891680717468,0.08001518994569778,0.07058289647102356,0.050856247544288635,0.07392258942127228,0.08011223375797272,0.07109479606151581,0.08293026685714722,0.06333685666322708,0.08475495874881744,0.08146269619464874,0.06879228353500366
2.11,0.02466,0.0,0.040618494153022766,0.06490510702133179,0.0842919871211052,0.07800072431564331,0.07546010613441467,0.08736003190279007,0.08753413707017899,0.08186934888362885,0.07271438837051392,0.06428277492523193,0.0459117591381073,0.07306459546089172,0.072022944688797,0.06163318455219269,0.06420934200286865,0.05259285867214203,0.056060075759887695,0.08931431174278259,0.05704785883426666,0.0536038875579834,0.06505891680717468,0.08001518994569778,0.07058289647102356,0.050856247544288635,0.07392258942127228,0.08011223375797272,0.07109479606151581,0.08293026685714722,0.06333685666322708,0.08475495874881744,0.08146269619464874,0.06879228353500366
2.12,0.0259,0.0,0.040618494153022766,0.06490510702133179,0.0842919871211052,0.07800072431564331,0.07546010613441467,0.08736003190279007,0.08753413707017899,0.08186934888362885,0.07271438837051392,0.06428277492523193,0.0459117591381073,0.07306459546089172,0.072022944688797,0.06163318455219269,0.06420934200286865,0.05259285867214203,0.056060075759887695,0.08931431174278259,0.05704785883426666,0.0536038875579834,0.06505891680717468,0.08001518994569778,0.07058289647102356,0.050856247544288635,0.07392258942127228,0.08011223375797272,0.07109479606151581,0.08293026685714722,0.06333685666322708,0.08475495874881744,0.08146269619464874,0.06879228353500366
2.13,0.02734,0.0,0.040618494153022766,0.06490510702133179,0.0842919871211052,0.07800072431564331,0.07546010613441467,0.08736003190279007,0.08753413707017899,0.08186934888362885,0.07271438837051392,0.06428277492523193,0.0459117591381073,0.07306459546089172,0.072022944688797,0.06163318455219269,0.06420934200286865,0.05259285867214203,0.056060075759887695,0.08931431174278259,0.05704785883426666,0.0536038875579834,0.06505891680717468,0.08001518994569778,0.07058289647102356,0.050856247544288635,0.07392258942127228,0.08011223375797272,0.07109479606151581,0.08293026685714722,0.06333685666322708,0.08475495874881744,0.08146269619464874,0.06879228353500366
2.14,0.029,0.0,0.045415133237838745,0.06579303741455078,0.07518501579761505,0.06446394324302673,0.0790417492389679,0.08914341032505035,0.08835794776678085,0.07791753858327866,0.07690572738647461,0.06914812326431274,0.049653977155685425,0.07527074217796326,0.06980501115322113,0.06546151638031006,0.06806980073451996,0.05560310184955597,0.05834111571311951,0.09319724142551422,0.06097187101840973,0.056790828704833984,0.06809233129024506,0.08349543809890747,0.0736570656299591,0.051538169384002686,0.07635699957609177,0.08175603300333023,0.07386552542448044,0.07836417853832245,0.05592183768749237,0.07726868242025375,0.08252608776092529,0.06304580718278885
2.15,0.03093,0.0,0.045415133237838745,0.06579303741455078,0.07518501579761505,0.06446394324302673,0.0790417492389679,0.08914341032505035,0.08835794776678085,0.07791753858327866,0.07690572738647461,0.06914812326431274,0.049653977155685425,0.07527074217796326,0.06980501115322113,0.06546151638031006,0.06806980073451996,0.05560310184955597,0.05834111571311951,0.09319724142551422,0.06097187101840973,0.056790828704833984,0.06809233129024506,0.08349543809890747,0.0736570656299591,0.051538169384002686,0.07635699957609177,0.08175603300333023,0.07386552542448044,0.07836417853832245,0.05592183768749237,0.07726868242025375,0.08252608776092529,0.06304580718278885
2.16,0.03315,0.0,0.045415133237838745,0.06579303741455078,0.07518501579761505,0.06446394324302673,0.0790417492389679,0.08914341032505035,0.08835794776678085,0.07791753858327866,0.07690572738647461,0.06914812326431274,0.049653977155685425,0.07527074217796326,0.06980501115322113,0.06546151638031006,0.06806980073451996,0.05560310184955597,0.05834111571311951,0.09319724142551422,0.06097187101840973,0.056790828704833984,0.06809233129024506,0.08349543809890747,0.0736570656299591,0.051538169384002686,0.07635699957609177,0.08175603300333023,0.07386552542448044,0.07836417853832245,0.05592183768749237,0.07726868242025375,0.08252608776092529,0.06304580718278885
2.17,0.0357,0.0,0.045415133237838745,0.06579303741455078,0.07518501579761505,0.06446394324302673,0.0790417492389679,0.08914341032505035,0.08835794776678085,0.07791753858327866,0.07690572738647461,0.06914812326431274,0.049653977155685425,0.07527074217796326,0.06980501115322113,0.06546151638031006,0.06806980073451996,0.05560310184955597,0.05834111571311951,0.09319724142551422,0.06097187101840973,0.056790828704833984,0.06809233129024506,0.08349543809890747,0.0736570656299591,0.051538169384002686,0.07635699957609177,0.08175603300333023,0.07386552542448044,0.07836417853832245,0.05592183768749237,0.07726868242025375,0.08252608776092529,0.06304580718278885
2.18,0.03861,0.0,0.045415133237838745,0.06579303741455078,0.07518501579761505,0.06446394324302673,0.0790417492389679,0.08914341032505035,0.08835794776678085,0.07791753858327866,0.07690572738647461,0.06914812326431274,0.049653977155685425,0.07527074217796326,0.06980501115322113,0.06546151638031006,0.06806980073451996,0.05560310184955597,0.05834111571311951,0.09319724142551422,0.06097187101840973,0.056790828704833984,0.06809233129024506,0.08349543809890747,0.0736570656299591,0.051538169384002686,0.07635699957609177,0.08175603300333023,0.07386552542448044,0.07836417853832245,0.05592183768749237,0.07726868242025375,0.08252608776092529,0.06304580718278885
2.19,0.04191,0.0,0.04955030977725983,0.06891617178916931,0.07891713082790375,0.07138121873140335,0.08298537135124207,0.09393540024757385,0.09503287822008133,0.08768229186534882,0.08173531293869019,0.07417336106300354,0.05350685119628906,0.0785742998123169,0.07224470376968384,0.07001796364784241,0.07202187180519104,0.05922488868236542,0.06165403127670288,0.09733684360980988,0.06490421295166016,0.06076839566230774,0.07183748483657837,0.08748284727334976,0.07773582637310028,0.056377023458480835,0.07948730885982513,0.08434794843196869,0.07708320766687393,0.07935750484466553,0.05783804506063461,0.08034245669841766,0.08506497740745544,0.06442414224147797
2.2,0.04564,0.0,0.04955030977725983,0.06891617178916931,0.07891713082790375,0.07138121873140335,0.08298537135124207,0.09393540024757385,0.09503287822008133,0.08768229186534882,0.08173531293869019,0.07417336106300354,0.05350685119628906,0.0785742998123169,0.07224470376968384,0.07001796364784241,0.07202187180519104,0.05922488868236542,0.06165403127670288,0.09733684360980988,0.06490421295166016,0.06076839566230774,0.07183748483657837,0.08748284727334976,0.07773582637310028,0.056377023458480835,0.07948730885982513,0.08434794843196869,0.07708320766687393,0.07935750484466553,0.05783804506063461,0.08034245669841766,0.08506497740745544,0.06442414224147797
2.21,0.04983,0.0,0.04955030977725983,0.06891617178916931,0.07891713082790375,0.07138121873140335,0.08298537135124207,0.09393540024757385,0.09503287822008133,0.08768229186534882,0.08173531293869019,0.07417336106300354,0.05350685119628906,0.0785742998123169,0.07224470376968384,0.07001796364784241,0.07202187180519104,0.05922488868236542,0.06165403127670288,0.09733684360980988,0.06490421295166016,0.06076839566230774,0.07183748483657837,0.08748284727334976,0.07773582637310028,0.056377023458480835,0.07948730885982513,0.08434794843196869,0.07708320766687393,0.07935750484466553,0.05783804506063461,0.08034245669841766,0.08506497740745544,0.06442414224147797
2.22,0.05451,0.0,0.04955030977725983,0.06891617178916931,0.07891713082790375,0.07138121873140335,0.08298537135124207,0.09393540024757385,0.09503287822008133,0.08768229186534882,0.08173531293869019,0.07417336106300354,0.05350685119628906,0.0785742998123169,0.07224470376968384,0.07001796364784241,0.07202187180519104,0.05922488868236542,0.06165403127670288,0.09733684360980988,0.06490421295166016,0.06076839566230774,0.07183748483657837,0.08748284727334976,0.07773582637310028,0.056377023458480835,0.07948730885982513,0.08434794843196869,0.07708320766687393,0.07935750484466553,0.05783804506063461,0.08034245669841766,0.08506497740745544,0.06442414224147797
2.23,0.05971,0.0,0.04955030977725983,0.06891617178916931,0.07891713082790375,0.07138121873140335,0.08298537135124207,0.09393540024757385,0.09503287822008133,0.08768229186534882,0.08173531293869019,0.07417336106300354,0.05350685119628906,0.0785742998123169,0.07224470376968384,0.07001796364784241,0.07202187180519104,0.05922488868236542,0.06165403127670288,0.09733684360980988,0.06490421295166016,0.06076839566230774,0.07183748483657837,0.08748284727334976,0.07773582637310028,0.056377023458480835,0.07948730885982513,0.08434794843196869,0.07708320766687393,0.07935750484466553,0.05783804506063461,0.08034245669841766,0.08506497740745544,0.06442414224147797
2.24,0.06546,0.0,0.05403128266334534,0.07375289499759674,0.09086278080940247,0.0895908921957016,0.08816826343536377,0.09996861964464188,0.10194320976734161,0.09855034202337265,0.08844220638275146,0.08067083358764648,0.058656901121139526,0.08331915736198425,0.07775914669036865,0.07534831762313843,0.07766231894493103,0.06393252313137054,0.0658898651599884,0.10256621241569519,0.07036066055297852,0.06607753038406372,0.0766322910785675,0.09258674085140228,0.08299998939037323,0.0615716278553009,0.08387826383113861,0.08804966509342194,0.08141138404607773,0.08386415243148804,0.06505647301673889,0.08829210698604584,0.0898718386888504,0.0720088928937912
2.25,0.07179,0.0,0.05403128266334534,0.07375289499759674,0.09086278080940247,0.0895908921957016,0.08816826343536377,0.09996861964464188,0.10194320976734161,0.09855034202337265,0.08844220638275146,0.08067083358764648,0.058656901121139526,0.08331915736198425,0.07775914669036865,0.07534831762313843,0.07766231894493103,0.06393252313137054,0.0658898651599884,0.10256621241569519,0.07036066055297852,0.06607753038406372,0.0766322910785675,0.09258674085140228,0.08299998939037323,0.0615716278553009,0.08387826383113861,0.08804966509342194,0.08141138404607773,0.08386415243148804,0.06505647301673889,0.08829210698604584,0.0898718386888504,0.0720088928937912
2.26,0.07728,0.0,0.05403128266334534,0.07375289499759674,0.09086278080940247,0.0895908921957016,0.08816826343536377,0.09996861964464188,0.10194320976734161,0.09855034202337265,0.08844220638275146,0.08067083358764648,0.058656901121139526,0.08331915736198425,0.07775914669036865,0.07534831762313843,0.07766231894493103,0.06393252313137054,0.0658898651599884,0.10256621241569519,0.07036066055297852,0.06607753038406372,0.0766322910785675,0.09258674085140228,0.08299998939037323,0.0615716278553009,0.08387826383113861,0.08804966509342194,0.08141138404607773,0.08386415243148804,0.06505647301673889,0.08829210698604584,0.0898718386888504,0.0720088928937912
2.27,0.08626,0.0,0.05403128266334534,0.07375289499759674,0.09086278080940247,0.0895908921957016,0.08816826343536377,0.09996861964464188,0.10194320976734161,0.09855034202337265,0.08844220638275146,0.08067083358764648,0.058656901121139526,0.08331915736198425,0.07775914669036865,0.07534831762313843,0.07766231894493103,0.06393252313137054,0.0658898651599884,0.10256621241569519,0.07036066055297852,0.06607753038406372,0.0766322910785675,0.09258674085140228,0.08299998939037323,0.0615716278553009,0.08387826383113861,0.08804966509342194,0.08141138404607773,0.08386415243148804,0.06505647301673889,0.08829210698604584,0.0898718386888504,0.0720088928937912
2.28,0.09277,0.0,0.05403128266334534,0.07375289499759674,0.09086278080940247,0.0895908921957016,0.08816826343536377,0.09996861964464188,0.10194320976734161,0.09855034202337265,0.08844220638275146,0.08067083358764648,0.058656901121139526,0.08331915736198425,0.07775914669036865,0.07534831762313843,0.07766231894493103,0.06393252313137054,0.0658898651599884,0.10256621241569519,0.07036066055297852,0.06607753038406372,0.0766322910785675,0.09258674085140228,0.08299998939037323,0.0615716278553009,0.08387826383113861,0.08804966509342194,0.08141138404607773,0.08386415243148804,0.06505647301673889,0.08829210698604584,0.0898718386888504,0.0720088928937912
2.29,0.1033,0.0,0.057377010583877563,0.07671929895877838,0.09882776439189911,0.09890209138393402,0.09398713707923889,0.10451369732618332,0.10447381436824799,0.09917830675840378,0.09319344162940979,0.08576315641403198,0.06206241250038147,0.08592185378074646,0.08100807666778564,0.07980474829673767,0.08152827620506287,0.06677503883838654,0.0682978481054306,0.10713879764080048,0.07494865357875824,0.06979063153266907,0.07986236363649368,0.09704261273145676,0.08718715608119965,0.06260672211647034,0.08684545755386353,0.09013160318136215,0.08485325425863266,0.08530422300100327,0.06689931452274323,0.08962515741586685,0.09507845342159271,0.0784769281744957
2.3,0.11087,0.0,0.057377010583877563,0.07671929895877838,0.09882776439189911,0.09890209138393402,0.09398713707923889,0.10451369732618332,0.10447381436824799,0.09917830675840378,0.09319344162940979,0.08576315641403198,0.06206241250038147,0.08592185378074646,0.08100807666778564,0.07980474829673767,0.08152827620506287,0.06677503883838654,0.0682978481054306,0.10713879764080048,0.07494865357875824,0.06979063153266907,0.07986236363649368,0.09704261273145676,0.08718715608119965,0.06260672211647034,0.08684545755386353,0.09013160318136215,0.08485325425863266,0.08530422300100327,0.06689931452274323,0.08962515741586685,0.09507845342159271,0.0784769281744957
2.31,0.12301,0.0,0.057377010583877563,0.07671929895877838,0.09882776439189911,0.09890209138393402,0.09398713707923889,0.10451369732618332,0.10447381436824799,0.09917830675840378,0.09319344162940979,0.08576315641403198,0.06206241250038147,0.08592185378074646,0.08100807666778564,0.07980474829673767,0.08152827620506287,0.06677503883838654,0.0682978481054306,0.10713879764080048,0.07494865357875824,0.06979063153266907,0.07986236363649368,0.09704261273145676,0.08718715608119965,0.06260672211647034,0.08684545755386353,0.09013160318136215,0.08485325425863266,0.08530422300100327,0.06689931452274323,0.08962515741586685,0.09507845342159271,0.0784769281744957
2.32,0.13389,0.0,0.057377010583877563,0.07671929895877838,0.09882776439189911,0.09890209138393402,0.09398713707923889,0.10451369732618332,0.10447381436824799,0.09917830675840378,0.09319344162940979,0.08576315641403198,0.06206241250038147,0.08592185378074646,0.08100807666778564,0.07980474829673767,0.08152827620506287,0.06677503883838654,0.0682978481054306,0.10713879764080048,0.07494865357875824,0.06979063153266907,0.07986236363649368,0.09704261273145676,0.08718715608119965,0.06260672211647034,0.08684545755386353,0.09013160318136215,0.08485325425863266,0.08530422300100327,0.06689931452274323,0.08962515741586685,0.09507845342159271,0.0784769281744957
2.33,0.14546,0.0,0.057377010583877563,0.07671929895877838,0.09882776439189911,0.09890209138393402,0.09398713707923889,0.10451369732618332,0.10447381436824799,0.09917830675840378,0.09319344162940979,0.08576315641403198,0.06206241250038147,0.08592185378074646,0.08100807666778564,0.07980474829673767,0.08152827620506287,0.06677503883838654,0.0682978481054306,0.10713879764080048,0.07494865357875824,0.06979063153266907,0.07986236363649368,0.09704261273145676,0.08718715608119965,0.06260672211647034,0.08684545755386353,0.09013160318136215,0.08485325425863266,0.08530422300100327,0.06689931452274323,0.08962515741586685,0.09507845342159271,0.0784769281744957
2.34,0.15771,0.0,0.07723844051361084,0.1054883748292923,0.13338641822338104,0.13080185651779175,0.11293050646781921,0.12897080183029175,0.12951120734214783,0.11029643565416336,0.10811787843704224,0.10143125057220459,0.07680699229240417,0.09932702779769897,0.11493231356143951,0.09248033165931702,0.09385809302330017,0.07750645279884338,0.07470110058784485,0.12040925770998001,0.08966091275215149,0.08451563864946365,0.09235278517007828,0.11162926256656647,0.1027296781539917,0.09819512069225311,0.10021089762449265,0.10420212149620056,0.10496825724840164,0.10867111384868622,0.0905321016907692,0.11587823927402496,0.11960648000240326,0.10901013016700745
2.35,0.17064,0.0,0.07723844051361084,0.1054883748292923,0.13338641822338104,0.13080185651779175,0.11293050646781921,0.12897080183029175,0.12951120734214783,0.11029643565416336,0.10811787843704224,0.10143125057220459,0.07680699229240417,0.09932702779769897,0.11493231356143951,0.09248033165931702,0.09385809302330017,0.07750645279884338,0.07470110058784485,0.12040925770998001,0.08966091275215149,0.08451563864946365,0.09235278517007828,0.11162926256656647,0.1027296781539917,0.09819512069225311,0.10021089762449265,0.10420212149620056,0.10496825724840164,0.10867111384868622,0.0905321016907692,0.11587823927402496,0.11960648000240326,0.10901013016700745
2.36,0.18425,0.0,0.07723844051361084,0.1054883748292923,0.13338641822338104,0.13080185651779175,0.11293050646781921,0.12897080183029175,0.12951120734214783,0.11029643565416336,0.10811787843704224,0.10143125057220459,0.07680699229240417,0.09932702779769897,0.11493231356143951,0.09248033165931702,0.09385809302330017,0.07750645279884338,0.07470110058784485,0.12040925770998001,0.08966091275215149,0.08451563864946365,0.09235278517007828,0.11162926256656647,0.1027296781539917,0.09819512069225311,0.10021089762449265,0.10420212149620056,0.10496825724840164,0.10867111384868622,0.0905321016907692,0.11587823927402496,0.11960648000240326,0.10901013016700745
2.37,0.19852,0.0,0.07723844051361084,0.1054883748292923,0.13338641822338104,0.13080185651779175,0.11293050646781921,0.12897080183029175,0.12951120734214783,0.11029643565416336,0.10811787843704224,0.10143125057220459,0.07680699229240417,0.09932702779769897,0.11493231356143951,0.09248033165931702,0.09385809302330017,0.07750645279884338,0.07470110058784485,0.12040925770998001,0.08966091275215149,0.08451563864946365,0.09235278517007828,0.11162926256656647,0.1027296781539917,0.09819512069225311,0.10021089762449265,0.10420212149620056,0.10496825724840164,0.10867111384868622,0.0905321016907692,0.11587823927402496,0.11960648000240326,0.10901013016700745
2.38,0.21344,0.0,0.07723844051361084,0.1054883748292923,0.13338641822338104,0.13080185651779175,0.11293050646781921,0.12897080183029175,0.12951120734214783,0.11029643565416336,0.10811787843704224,0.10143125057220459,0.07680699229240417,0.09932702779769897,0.11493231356143951,0.09248033165931702,0.09385809302330017,0.07750645279884338,0.07470110058784485,0.12040925770998001,0.08966091275215149,0.08451563864946365,0.09235278517007828,0.11162926256656647,0.1027296781539917,0.09819512069225311,0.10021089762449265,0.10420212149620056,0.10496825724840164,0.10867111384868622,0.0905321016907692,0.11587823927402496,0.11960648000240326,0.10901013016700745
2.39,0.22899,0.0,0.1233113706111908,0.15999722480773926,0.20632463693618774,0.19756253063678741,0.16901575028896332,0.19887325167655945,0.20367711782455444,0.15663164854049683,0.15022367238998413,0.14713138341903687,0.12452089786529541,0.14187735319137573,0.1828400194644928,0.13244254887104034,0.13518914580345154,0.12021560966968536,0.11144745349884033,0.1547432392835617,0.1294078528881073,0.12467202544212341,0.12844963371753693,0.15529905259609222,0.15015104413032532,0.1595790982246399,0.14375534653663635,0.15055684745311737,0.15386945009231567,0.1625693440437317,0.13996028900146484,0.16702041029930115,0.17146660387516022,0.1719360053539276
2.4,0.24515,0.0,0.1233113706111908,0.15999722480773926,0.20632463693618774,0.19756253063678741,0.16901575028896332,0.19887325167655945,0.20367711782455444,0.15663164854049683,0.15022367238998413,0.14713138341903687,0.12452089786529541,0.14187735319137573,0.1828400194644928,0.13244254887104034,0.13518914580345154,0.12021560966968536,0.11144745349884033,0.1547432392835617,0.1294078528881073,0.12467202544212341,0.12844963371753693,0.15529905259609222,0.15015104413032532,0.1595790982246399,0.14375534653663635,0.15055684745311737,0.15386945009231567,0.1625693440437317,0.13996028900146484,0.16702041029930115,0.17146660387516022,0.1719360053539276
2.41,0.2619,0.0,0.1233113706111908,0.15999722480773926,0.20632463693618774,0.19756253063678741,0.16901575028896332,0.19887325167655945,0.20367711782455444,0.15663164854049683,0.15022367238998413,0.14713138341903687,0.12452089786529541,0.14187735319137573,0.1828400194644928,0.13244254887104034,0.13518914580345154,0.12021560966968536,0.11144745349884033,0.1547432392835617,0.1294078528881073,0.12467202544212341,0.12844963371753693,0.15529905259609222,0.15015104413032532,0.1595790982246399,0.14375534653663635,0.15055684745311737,0.15386945009231567,0.1625693440437317,0.13996028900146484,0.16702041029930115,0.17146660387516022,0.1719360053539276
2.42,0.27922,0.0,0.1233113706111908,0.15999722480773926,0.20632463693618774,0.19756253063678741,0.16901575028896332,0.19887325167655945,0.20367711782455444,0.15663164854049683,0.15022367238998413,0.14713138341903687,0.12452089786529541,0.14187735319137573,0.1828400194644928,0.13244254887104034,0.13518914580345154,0.12021560966968536,0.11144745349884033,0.1547432392835617,0.1294078528881073,0.12467202544212341,0.12844963371753693,0.15529905259609222,0.15015104413032532,0.1595790982246399,0.14375534653663635,0.15055684745311737,0.15386945009231567,0.1625693440437317,0.13996028900146484,0.16702041029930115,0.17146660387516022,0.1719360053539276
2.43,0.29708,0.0,0.1233113706111908,0.15999722480773926,0.20632463693618774,0.19756253063678741,0.16901575028896332,0.19887325167655945,0.20367711782455444,0.15663164854049683,0.15022367238998413,0.14713138341903687,0.12452089786529541,0.14187735319137573,0.1828400194644928,0.13244254887104034,0.13518914580345154,0.12021560966968536,0.11144745349884033,0.1547432392835617,0.1294078528881073,0.12467202544212341,0.12844963371753693,0.15529905259609222,0.15015104413032532,0.1595790982246399,0.14375534653663635,0.15055684745311737,0.15386945009231567,0.1625693440437317,0.13996028900146484,0.16702041029930115,0.17146660387516022,0.1719360053539276
2.44,0.31545,0.0,0.1877472847700119,0.21513253450393677,0.2709082365036011,0.25293898582458496,0.24067175388336182,0.27314481139183044,0.276969850063324,0.21658718585968018,0.21697160601615906,0.2186969369649887,0.19929328560829163,0.20902615785598755,0.23542703688144684,0.1988905817270279,0.20572182536125183,0.19342611730098724,0.18134525418281555,0.21508067846298218,0.19431445002555847,0.18854035437107086,0.19001591205596924,0.212831050157547,0.21219581365585327,0.20011156797409058,0.2000853419303894,0.20149420201778412,0.21706882119178772,0.21522019803524017,0.19076411426067352,0.2111145555973053,0.23348398506641388,0.23327088356018066
2.45,0.33432,0.0,0.1877472847700119,0.21513253450393677,0.2709082365036011,0.25293898582458496,0.24067175388336182,0.27314481139183044,0.276969850063324,0.21658718585968018,0.21697160601615906,0.2186969369649887,0.19929328560829163,0.20902615785598755,0.23542703688144684,0.1988905817270279,0.20572182536125183,0.19342611730098724,0.18134525418281555,0.21508067846298218,0.19431445002555847,0.18854035437107086,0.19001591205596924,0.212831050157547,0.21219581365585327,0.20011156797409058,0.2000853419303894,0.20149420201778412,0.21706882119178772,0.21522019803524017,0.19076411426067352,0.2111145555973053,0.23348398506641388,0.23327088356018066
2.46,0.35365,0.0,0.1877472847700119,0.21513253450393677,0.2709082365036011,0.25293898582458496,0.24067175388336182,0.27314481139183044,0.276969850063324,0.21658718585968018,0.21697160601615906,0.2186969369649887,0.19929328560829163,0.20902615785598755,0.23542703688144684,0.1988905817270279,0.20572182536125183,0.19342611730098724,0.18134525418281555,0.21508067846298218,0.19431445002555847,0.18854035437107086,0.19001591205596924,0.212831050157547,0.21219581365585327,0.20011156797409058,0.2000853419303894,0.20149420201778412,0.21706882119178772,0.21522019803524017,0.19076411426067352,0.2111145555973053,0.23348398506641388,0.23327088356018066
2.47,0.37341,0.0,0.1877472847700119,0.21513253450393677,0.2709082365036011,0.25293898582458496,0.24067175388336182,0.27314481139183044,0.276969850063324,0.21658718585968018,0.21697160601615906,0.2186969369649887,0.19929328560829163,0.20902615785598755,0.23542703688144684,0.1988905817270279,0.20572182536125183,0.19342611730098724,0.18134525418281555,0.21508067846298218,0.19431445002555847,0.18854035437107086,0.19001591205596924,0.212831050157547,0.21219581365585327,0.20011156797409058,0.2000853419303894,0.20149420201778412,0.21706882119178772,0.21522019803524017,0.19076411426067352,0.2111145555973053,0.23348398506641388,0.23327088356018066
2.48,0.39359,0.0,0.1877472847700119,0.21513253450393677,0.2709082365036011,0.25293898582458496,0.24067175388336182,0.27314481139183044,0.276969850063324,0.21658718585968018,0.21697160601615906,0.2186969369649887,0.19929328560829163,0.20902615785598755,0.23542703688144684,0.1988905817270279,0.20572182536125183,0.19342611730098724,0.18134525418281555,0.21508067846298218,0.19431445002555847,0.18854035437107086,0.19001591205596924,0.212831050157547,0.21219581365585327,0.20011156797409058,0.2000853419303894,0.20149420201778412,0.21706882119178772,0.21522019803524017,0.19076411426067352,0.2111145555973053,0.23348398506641388,0.23327088356018066
2.49,0.41414,0.0,0.30578458309173584,0.32315579056739807,0.32111668586730957,0.29537177085876465,0.32508957386016846,0.3377132713794708,0.32626232504844666,0.29090309143066406,0.3492070436477661,0.3453085124492645,0.3144637644290924,0.32996171712875366,0.32562482357025146,0.3242303431034088,0.3245805501937866,0.3223385810852051,0.3279377222061157,0.33159393072128296,0.3069629967212677,0.3075336813926697,0.313254714012146,0.3160752058029175,0.3159310221672058,0.30872493982315063,0.3048669993877411,0.2959096133708954,0.31418898701667786,0.28761807084083557,0.2730434834957123,0.28366926312446594,0.31698617339134216,0.2959325313568115
2.5,0.43506,0.0,0.30578458309173584,0.32315579056739807,0.32111668586730957,0.29537177085876465,0.32508957386016846,0.3377132713794708,0.32626232504844666,0.29090309143066406,0.3492070436477661,0.3453085124492645,0.3144637644290924,0.32996171712875366,0.32562482357025146,0.3242303431034088,0.3245805501937866,0.3223385810852051,0.3279377222061157,0.33159393072128296,0.3069629967212677,0.3075336813926697,0.313254714012146,0.3160752058029175,0.3159310221672058,0.30872493982315063,0.3048669993877411,0.2959096133708954,0.31418898701667786,0.28761807084083557,0.2730434834957123,0.28366926312446594,0.31698617339134216,0.2959325313568115
2.51,0.45205,0.0,0.30578458309173584,0.32315579056739807,0.32111668586730957,0.29537177085876465,0.32508957386016846,0.3377132713794708,0.32626232504844666,0.29090309143066406,0.3492070436477661,0.3453085124492645,0.3144637644290924,0.32996171712875366,0.32562482357025146,0.3242303431034088,0.3245805501937866,0.3223385810852051,0.3279377222061157,0.33159393072128296,0.3069629967212677,0.3075336813926697,0.313254714012146,0.3160752058029175,0.3159310221672058,0.30872493982315063,0.3048669993877411,0.2959096133708954,0.31418898701667786,0.28761807084083557,0.2730434834957123,0.28366926312446594,0.31698617339134216,0.2959325313568115
2.52,0.47791,0.0,0.30578458309173584,0.32315579056739807,0.32111668586730957,0.29537177085876465,0.32508957386016846,0.3377132713794708,0.32626232504844666,0.29090309143066406,0.3492070436477661,0.3453085124492645,0.3144637644290924,0.32996171712875366,0.32562482357025146,0.3242303431034088,0.3245805501937866,0.3223385810852051,0.3279377222061157,0.33159393072128296,0.3069629967212677,0.3075336813926697,0.313254714012146,0.3160752058029175,0.3159310221672058,0.30872493982315063,0.3048669993877411,0.2959096133708954,0.31418898701667786,0.28761807084083557,0.2730434834957123,0.28366926312446594,0.31698617339134216,0.2959325313568115
2.53,0.49539,0.0,0.30578458309173584,0.32315579056739807,0.32111668586730957,0.29537177085876465,0.32508957386016846,0.3377132713794708,0.32626232504844666,0.29090309143066406,0.3492070436477661,0.3453085124492645,0.3144637644290924,0.32996171712875366,0.32562482357025146,0.3242303431034088,0.3245805501937866,0.3223385810852051,0.3279377222061157,0.33159393072128296,0.3069629967212677,0.3075336813926697,0.313254714012146,0.3160752058029175,0.3159310221672058,0.30872493982315063,0.3048669993877411,0.2959096133708954,0.31418898701667786,0.28761807084083557,0.2730434834957123,0.28366926312446594,0.31698617339134216,0.2959325313568115
2.54,0.52197,0.0,0.43466198444366455,0.45127177238464355,0.443320095539093,0.4362664520740509,0.44380560517311096,0.45092037320137024,0.43585801124572754,0.45225828886032104,0.4896269142627716,0.4834529757499695,0.4414040446281433,0.4667320251464844,0.44754210114479065,0.4873787462711334,0.48024532198905945,0.4865238666534424,0.5042306184768677,0.5014541745185852,0.4724477529525757,0.478895366191864,0.4884960353374481,0.4724208414554596,0.4720722436904907,0.47352540493011475,0.4679647982120514,0.45427045226097107,0.44153863191604614,0.41207170486450195,0.42248088121414185,0.4405894875526428,0.45213112235069275,0.4226940870285034
2.55,0.53991,0.0,0.43466198444366455,0.45127177238464355,0.443320095539093,0.4362664520740509,0.44380560517311096,0.45092037320137024,0.43585801124572754,0.45225828886032104,0.4896269142627716,0.4834529757499695,0.4414040446281433,0.4667320251464844,0.44754210114479065,0.4873787462711334,0.48024532198905945,0.4865238666534424,0.5042306184768677,0.5014541745185852,0.4724477529525757,0.478895366191864,0.4884960353374481,0.4724208414554596,0.4720722436904907,0.47352540493011475,0.4679647982120514,0.45427045226097107,0.44153863191604614,0.41207170486450195,0.42248088121414185,0.4405894875526428,0.45213112235069275,0.4226940870285034
2.56,0.56715,0.0,0.43466198444366455,0.45127177238464355,0.443320095539093,0.4362664520740509,0.44380560517311096,0.45092037320137024,0.43585801124572754,0.45225828886032104,0.4896269142627716,0.4834529757499695,0.4414040446281433,0.4667320251464844,0.44754210114479065,0.4873787462711334,0.48024532198905945,0.4865238666534424,0.5042306184768677,0.5014541745185852,0.4724477529525757,0.478895366191864,0.4884960353374481,0.4724208414554596,0.4720722436904907,0.47352540493011475,0.4679647982120514,0.45427045226097107,0.44153863191604614,0.41207170486450195,0.42248088121414185,0.4405894875526428,0.45213112235069275,0.4226940870285034
2.57,0.59015,0.0,0.43466198444366455,0.45127177238464355,0.443320095539093,0.4362664520740509,0.44380560517311096,0.45092037320137024,0.43585801124572754,0.45225828886032104,0.4896269142627716,0.4834529757499695,0.4414040446281433,0.4667320251464844,0.44754210114479065,0.4873787462711334,0.48024532198905945,0.4865238666534424,0.5042306184768677,0.5014541745185852,0.4724477529525757,0.478895366191864,0.4884960353374481,0.4724208414554596,0.4720722436904907,0.47352540493011475,0.4679647982120514,0.45427045226097107,0.44153863191604614,0.41207170486450195,0.42248088121414185,0.4405894875526428,0.45213112235069275,0.4226940870285034
2.58,0.61341,0.00126,0.43466198444366455,0.45127177238464355,0.443320095539093,0.4362664520740509,0.44380560517311096,0.45092037320137024,0.43585801124572754,0.45225828886032104,0.4896269142627716,0.4834529757499695,0.4414040446281433,0.4667320251464844,0.44754210114479065,0.4873787462711334,0.48024532198905945,0.4865238666534424,0.5042306184768677,0.5014541745185852,0.4724477529525757,0.478895366191864,0.4884960353374481,0.4724208414554596,0.4720722436904907,0.47352540493011475,0.4679647982120514,0.45427045226097107,0.44153863191604614,0.41207170486450195,0.42248088121414185,0.4405894875526428,0.45213112235069275,0.4226940870285034
2.59,0.63693,0.00172,0.5640308856964111,0.5842561721801758,0.5880416035652161,0.6074860095977783,0.5822710394859314,0.5923967957496643,0.5855324864387512,0.6276378035545349,0.6134481430053711,0.6075102686882019,0.5604416131973267,0.5897868871688843,0.584841787815094,0.6213120222091675,0.6158199906349182,0.6181692481040955,0.6308677196502686,0.6363974213600159,0.6064434051513672,0.6052926182746887,0.6126706600189209,0.612856388092041,0.6090545654296875,0.6132712364196777,0.6046022772789001,0.5906726717948914,0.5756075382232666,0.5563722848892212,0.5736039876937866,0.5979007482528687,0.5990349054336548,0.5653972625732422
2.6,0.66073,0.00208,0.5640308856964111,0.5842561721801758,0.5880416035652161,0.6074860095977783,0.5822710394859314,0.5923967957496643,0.5855324864387512,0.6276378035545349,0.6134481430053711,0.6075102686882019,0.5604416131973267,0.5897868871688843,0.584841787815094,0.6213120222091675,0.6158199906349182,0.6181692481040955,0.6308677196502686,0.6363974213600159,0.6064434051513672,0.6052926182746887,0.6126706600189209,0.612856388092041,0.6090545654296875,0.6132712364196777,0.6046022772789001,0.5906726717948914,0.5756075382232666,0.5563722848892212,0.5736039876937866,0.5979007482528687,0.5990349054336548,0.5653972625732422
2.61,0.68481,0.00234,0.5640308856964111,0.5842561721801758,0.5880416035652161,0.6074860095977783,0.5822710394859314,0.5923967957496643,0.5855324864387512,0.6276378035545349,0.6134481430053711,0.6075102686882019,0.5604416131973267,0.5897868871688843,0.584841787815094,0.6213120222091675,0.6158199906349182,0.6181692481040955,0.6308677196502686,0.6363974213600159,0.6064434051513672,0.6052926182746887,0.6126706600189209,0.612856388092041,0.6090545654296875,0.6132712364196777,0.6046022772789001,0.5906726717948914,0.5756075382232666,0.5563722848892212,0.5736039876937866,0.5979007482528687,0.5990349054336548,0.5653972625732422
2.62,0.70917,0.0025,0.5640308856964111,0.5842561721801758,0.5880416035652161,0.6074860095977783,0.5822710394859314,0.5923967957496643,0.5855324864387512,0.6276378035545349,0.6134481430053711,0.6075102686882019,0.5604416131973267,0.5897868871688843,0.584841787815094,0.6213120222091675,0.6158199906349182,0.6181692481040955,0.6308677196502686,0.6363974213600159,0.6064434051513672,0.6052926182746887,0.6126706600189209,0.612856388092041,0.6090545654296875,0.6132712364196777,0.6046022772789001,0.5906726717948914,0.5756075382232666,0.5563722848892212,0.5736039876937866,0.5979007482528687,0.5990349054336548,0.5653972625732422
2.63,0.73385,0.00256,0.5640308856964111,0.5842561721801758,0.5880416035652161,0.6074860095977783,0.5822710394859314,0.5923967957496643,0.5855324864387512,0.6276378035545349,0.6134481430053711,0.6075102686882019,0.5604416131973267,0.5897868871688843,0.584841787815094,0.6213120222091675,0.6158199906349182,0.6181692481040955,0.6308677196502686,0.6363974213600159,0.6064434051513672,0.6052926182746887,0.6126706600189209,0.612856388092041,0.6090545654296875,0.6132712364196777,0.6046022772789001,0.5906726717948914,0.5756075382232666,0.5563722848892212,0.5736039876937866,0.5979007482528687,0.5990349054336548,0.5653972625732422
2.64,0.75884,0.00253,0.7060521841049194,0.7344129085540771,0.7417801022529602,0.7733162641525269,0.7232795357704163,0.7363260388374329,0.7387257218360901,0.7696195244789124,0.7489335536956787,0.7424514293670654,0.6958699226379395,0.7290709018707275,0.7420299053192139,0.7545362710952759,0.7521092891693115,0.7508826851844788,0.7577846050262451,0.7690603137016296,0.7411156296730042,0.7392615079879761,0.7451640367507935,0.750941276550293,0.7462647557258606,0.7544972896575928,0.741252601146698,0.7282653450965881,0.7218360304832458,0.7171193957328796,0.7298481464385986,0.7508319616317749,0.7532769441604614,0.7164424061775208
2.65,0.78418,0.00239,0.7060521841049194,0.7344129085540771,0.7417801022529602,0.7733162641525269,0.7232795357704163,0.7363260388374329,0.7387257218360901,0.7696195244789124,0.7489335536956787,0.7424514293670654,0.6958699226379395,0.7290709018707275,0.7420299053192139,0.7545362710952759,0.7521092891693115,0.7508826851844788,0.7577846050262451,0.7690603137016296,0.7411156296730042,0.7392615079879761,0.7451640367507935,0.750941276550293,0.7462647557258606,0.7544972896575928,0.741252601146698,0.7282653450965881,0.7218360304832458,0.7171193957328796,0.7298481464385986,0.7508319616317749,0.7532769441604614,0.7164424061775208
2.66,0.80987,0.00215,0.7060521841049194,0.7344129085540771,0.7417801022529602,0.7733162641525269,0.7232795357704163,0.7363260388374329,0.7387257218360901,0.7696195244789124,0.7489335536956787,0.7424514293670654,0.6958699226379395,0.7290709018707275,0.7420299053192139,0.7545362710952759,0.7521092891693115,0.7508826851844788,0.7577846050262451,0.7690603137016296,0.7411156296730042,0.7392615079879761,0.7451640367507935,0.750941276550293,0.7462647557258606,0.7544972896575928,0.741252601146698,0.7282653450965881,0.7218360304832458,0.7171193957328796,0.7298481464385986,0.7508319616317749,0.7532769441604614,0.7164424061775208
2.67,0.83595,0.00182,0.7060521841049194,0.7344129085540771,0.7417801022529602,0.7733162641525269,0.7232795357704163,0.7363260388374329,0.7387257218360901,0.7696195244789124,0.7489335536956787,0.7424514293670654,0.6958699226379395,0.7290709018707275,0.7420299053192139,0.7545362710952759,0.7521092891693115,0.7508826851844788,0.7577846050262451,0.7690603137016296,0.7411156296730042,0.7392615079879761,0.7451640367507935,0.750941276550293,0.7462647557258606,0.7544972896575928,0.741252601146698,0.7282653450965881,0.7218360304832458,0.7171193957328796,0.7298481464385986,0.7508319616317749,0.7532769441604614,0.7164424061775208
2.68,0.86243,0.0014,0.7060521841049194,0.7344129085540771,0.7417801022529602,0.7733162641525269,0.7232795357704163,0.7363260388374329,0.7387257218360901,0.7696195244789124,0.7489335536956787,0.7424514293670654,0.6958699226379395,0.7290709018707275,0.7420299053192139,0.7545362710952759,0.7521092891693115,0.7508826851844788,0.7577846050262451,0.7690603137016296,0.7411156296730042,0.7392615079879761,0.7451640367507935,0.750941276550293,0.7462647557258606,0.7544972896575928,0.741252601146698,0.7282653450965881,0.7218360304832458,0.7171193957328796,0.7298481464385986,0.7508319616317749,0.7532769441604614,0.7164424061775208
2.69,0.88942,0.0,0.8470627665519714,0.8686074018478394,0.8711206912994385,0.8897453546524048,0.8572096228599548,0.8658347725868225,0.8665322065353394,0.8750889897346497,0.8806467652320862,0.8768811225891113,0.8349366188049316,0.8674695491790771,0.877697229385376,0.8816229104995728,0.8831392526626587,0.8800914883613586,0.8839248418807983,0.8982310891151428,0.8713069558143616,0.8694109916687012,0.8750433921813965,0.8827361464500427,0.8782844543457031,0.8757556676864624,0.8728011846542358,0.8600756525993347,0.8625674843788147,0.8591856956481934,0.8625004291534424,0.8739538192749023,0.8964980840682983,0.8496265411376953
2.7,0.91671,0.0,0.8470627665519714,0.8686074018478394,0.8711206912994385,0.8897453546524048,0.8572096228599548,0.8658347725868225,0.8665322065353394,0.8750889897346497,0.8806467652320862,0.8768811225891113,0.8349366188049316,0.8674695491790771,0.877697229385376,0.8816229104995728,0.8831392526626587,0.8800914883613586,0.8839248418807983,0.8982310891151428,0.8713069558143616,0.8694109916687012,0.8750433921813965,0.8827361464500427,0.8782844543457031,0.8757556676864624,0.8728011846542358,0.8600756525993347,0.8625674843788147,0.8591856956481934,0.8625004291534424,0.8739538192749023,0.8964980840682983,0.8496265411376953
2.71,0.94454,0.0,0.8470627665519714,0.8686074018478394,0.8711206912994385,0.8897453546524048,0.8572096228599548,0.8658347725868225,0.8665322065353394,0.8750889897346497,0.8806467652320862,0.8768811225891113,0.8349366188049316,0.8674695491790771,0.877697229385376,0.8816229104995728,0.8831392526626587,0.8800914883613586,0.8839248418807983,0.8982310891151428,0.8713069558143616,0.8694109916687012,0.8750433921813965,0.8827361464500427,0.8782844543457031,0.8757556676864624,0.8728011846542358,0.8600756525993347,0.8625674843788147,0.8591856956481934,0.8625004291534424,0.8739538192749023,0.8964980840682983,0.8496265411376953
2.72,0.97288,0.0,0.8470627665519714,0.8686074018478394,0.8711206912994385,0.8897453546524048,0.8572096228599548,0.8658347725868225,0.8665322065353394,0.8750889897346497,0.8806467652320862,0.8768811225891113,0.8349366188049316,0.8674695491790771,0.877697229385376,0.8816229104995728,0.8831392526626587,0.8800914883613586,0.8839248418807983,0.8982310891151428,0.8713069558143616,0.8694109916687012,0.8750433921813965,0.8827361464500427,0.8782844543457031,0.8757556676864624,0.8728011846542358,0.8600756525993347,0.8625674843788147,0.8591856956481934,0.8625004291534424,0.8739538192749023,0.8964980840682983,0.8496265411376953
2.73,1.00173,0.0,0.8470627665519714,0.8686074018478394,0.8711206912994385,0.8897453546524048,0.8572096228599548,0.8658347725868225,0.8665322065353394,0.8750889897346497,0.8806467652320862,0.8768811225891113,0.8349366188049316,0.8674695491790771,0.877697229385376,0.8816229104995728,0.8831392526626587,0.8800914883613586,0.8839248418807983,0.8982310891151428,0.8713069558143616,0.8694109916687012,0.8750433921813965,0.8827361464500427,0.8782844543457031,0.8757556676864624,0.8728011846542358,0.8600756525993347,0.8625674843788147,0.8591856956481934,0.8625004291534424,0.8739538192749023,0.8964980840682983,0.8496265411376953
2.74,1.03113,0.0,1.005016803741455,1.0244754552841187,1.0220476388931274,1.0271697044372559,0.9951192736625671,1.007041573524475,1.0071656703948975,1.0055427551269531,1.0202851295471191,1.0202614068984985,0.9838293790817261,1.0128445625305176,1.0377326011657715,1.016677975654602,1.0211782455444336,1.0165245532989502,1.0176966190338135,1.0376756191253662,1.0121517181396484,1.0096096992492676,1.0138957500457764,1.021376132965088,1.0179626941680908,1.0366253852844238,1.0109236240386963,0.9994698762893677,1.0135153532028198,1.0125882625579834,1.0148000717163086,1.025081992149353,1.0504337549209595,1.0004544258117676
2.75,1.06108,0.0,1.005016803741455,1.0244754552841187,1.0220476388931274,1.0271697044372559,0.9951192736625671,1.007041573524475,1.0071656703948975,1.0055427551269531,1.0202851295471191,1.0202614068984985,0.9838293790817261,1.0128445625305176,1.0377326011657715,1.016677975654602,1.0211782455444336,1.0165245532989502,1.0176966190338135,1.0376756191253662,1.0121517181396484,1.0096096992492676,1.0138957500457764,1.021376132965088,1.0179626941680908,1.0366253852844238,1.0109236240386963,0.9994698762893677,1.0135153532028198,1.0125882625579834,1.0148000717163086,1.025081992149353,1.0504337549209595,1.0004544258117676
2.76,1.08548,0.0,1.005016803741455,1.0244754552841187,1.0220476388931274,1.0271697044372559,0.9951192736625671,1.007041573524475,1.0071656703948975,1.0055427551269531,1.0202851295471191,1.0202614068984985,0.9838293790817261,1.0128445625305176,1.0377326011657715,1.016677975654602,1.0211782455444336,1.0165245532989502,1.0176966190338135,1.0376756191253662,1.0121517181396484,1.0096096992492676,1.0138957500457764,1.021376132965088,1.0179626941680908,1.0366253852844238,1.0109236240386963,0.9994698762893677,1.0135153532028198,1.0125882625579834,1.0148000717163086,1.025081992149353,1.0504337549209595,1.0004544258117676
2.77,1.12272,0.0,1.005016803741455,1.0244754552841187,1.0220476388931274,1.0271697044372559,0.9951192736625671,1.007041573524475,1.0071656703948975,1.0055427551269531,1.0202851295471191,1.0202614068984985,0.9838293790817261,1.0128445625305176,1.0377326011657715,1.016677975654602,1.0211782455444336,1.0165245532989502,1.0176966190338135,1.0376756191253662,1.0121517181396484,1.0096096992492676,1.0138957500457764,1.021376132965088,1.0179626941680908,1.0366253852844238,1.0109236240386963,0.9994698762893677,1.0135153532028198,1.0125882625579834,1.0148000717163086,1.025081992149353,1.0504337549209595,1.0004544258117676
2.78,1.14806,0.0,1.005016803741455,1.0244754552841187,1.0220476388931274,1.0271697044372559,0.9951192736625671,1.007041573524475,1.0071656703948975,1.0055427551269531,1.0202851295471191,1.0202614068984985,0.9838293790817261,1.0128445625305176,1.0377326011657715,1.016677975654602,1.0211782455444336,1.0165245532989502,1.0176966190338135,1.0376756191253662,1.0121517181396484,1.0096096992492676,1.0138957500457764,1.021376132965088,1.0179626941680908,1.0366253852844238,1.0109236240386963,0.9994698762893677,1.0135153532028198,1.0125882625579834,1.0148000717163086,1.025081992149353,1.0504337549209595,1.0004544258117676
2.79,1.18675,0.0,1.2095541954040527,1.2416207790374756,1.2523412704467773,1.2627546787261963,1.185706615447998,1.2220596075057983,1.2355544567108154,1.2301788330078125,1.1939009428024292,1.2014598846435547,1.172760009765625,1.1945512294769287,1.2762513160705566,1.190043330192566,1.1975345611572266,1.1941030025482178,1.1901729106903076,1.2146399021148682,1.1933858394622803,1.1908245086669922,1.1921679973602295,1.1997758150100708,1.1999353170394897,1.2743604183197021,1.1904155015945435,1.1831810474395752,1.2045691013336182,1.220814824104309,1.2267200946807861,1.244508981704712,1.2518643140792847,1.2148159742355347
2.8,1.21307,0.0,1.2095541954040527,1.2416207790374756,1.2523412704467773,1.2627546787261963,1.185706615447998,1.2220596075057983,1.2355544567108154,1.2301788330078125,1.1939009428024292,1.2014598846435547,1.172760009765625,1.1945512294769287,1.2762513160705566,1.190043330192566,1.1975345611572266,1.1941030025482178,1.1901729106903076,1.2146399021148682,1.1933858394622803,1.1908245086669922,1.1921679973602295,1.1997758150100708,1.1999353170394897,1.2743604183197021,1.1904155015945435,1.1831810474395752,1.2045691013336182,1.220814824104309,1.2267200946807861,1.244508981704712,1.2518643140792847,1.2148159742355347
2.81,1.25322,0.0,1.2095541954040527,1.2416207790374756,1.2523412704467773,1.2627546787261963,1.185706615447998,1.2220596075057983,1.2355544567108154,1.2301788330078125,1.1939009428024292,1.2014598846435547,1.172760009765625,1.1945512294769287,1.2762513160705566,1.190043330192566,1.1975345611572266,1.1941030025482178,1.1901729106903076,1.2146399021148682,1.1933858394622803,1.1908245086669922,1.1921679973602295,1.1997758150100708,1.1999353170394897,1.2743604183197021,1.1904155015945435,1.1831810474395752,1.2045691013336182,1.220814824104309,1.2267200946807861,1.244508981704712,1.2518643140792847,1.2148159742355347
2.82,1.28737,0.0,1.2095541954040527,1.2416207790374756,1.2523412704467773,1.2627546787261963,1.185706615447998,1.2220596075057983,1.2355544567108154,1.2301788330078125,1.1939009428024292,1.2014598846435547,1.172760009765625,1.1945512294769287,1.2762513160705566,1.190043330192566,1.1975345611572266,1.1941030025482178,1.1901729106903076,1.2146399021148682,1.1933858394622803,1.1908245086669922,1.1921679973602295,1.1997758150100708,1.1999353170394897,1.2743604183197021,1.1904155015945435,1.1831810474395752,1.2045691013336182,1.220814824104309,1.2267200946807861,1.244508981704712,1.2518643140792847,1.2148159742355347
2.83,1.32213,0.0,1.2095541954040527,1.2416207790374756,1.2523412704467773,1.2627546787261963,1.185706615447998,1.2220596075057983,1.2355544567108154,1.2301788330078125,1.1939009428024292,1.2014598846435547,1.172760009765625,1.1945512294769287,1.2762513160705566,1.190043330192566,1.1975345611572266,1.1941030025482178,1.1901729106903076,1.2146399021148682,1.1933858394622803,1.1908245086669922,1.1921679973602295,1.1997758150100708,1.1999353170394897,1.2743604183197021,1.1904155015945435,1.1831810474395752,1.2045691013336182,1.220814824104309,1.2267200946807861,1.244508981704712,1.2518643140792847,1.2148159742355347
2.84,1.35748,0.0,1.4397118091583252,1.4648085832595825,1.495908498764038,1.5174802541732788,1.4113484621047974,1.4604548215866089,1.4809796810150146,1.4862016439437866,1.396037220954895,1.4124938249588013,1.3912640810012817,1.4045016765594482,1.5025761127471924,1.399466872215271,1.4119079113006592,1.412337064743042,1.405329942703247,1.425482988357544,1.407942771911621,1.4037123918533325,1.4035087823867798,1.407929539680481,1.4124559164047241,1.4791516065597534,1.3993141651153564,1.3892834186553955,1.4215266704559326,1.4469298124313354,1.4531810283660889,1.4731776714324951,1.4860293865203857,1.4515877962112427
2.85,1.39343,0.0,1.4397118091583252,1.4648085832595825,1.495908498764038,1.5174802541732788,1.4113484621047974,1.4604548215866089,1.4809796810150146,1.4862016439437866,1.396037220954895,1.4124938249588013,1.3912640810012817,1.4045016765594482,1.5025761127471924,1.399466872215271,1.4119079113006592,1.412337064743042,1.405329942703247,1.425482988357544,1.407942771911621,1.4037123918533325,1.4035087823867798,1.407929539680481,1.4124559164047241,1.4791516065597534,1.3993141651153564,1.3892834186553955,1.4215266704559326,1.4469298124313354,1.4531810283660889,1.4731776714324951,1.4860293865203857,1.4515877962112427
2.86,1.42994,0.0,1.4397118091583252,1.4648085832595825,1.495908498764038,1.5174802541732788,1.4113484621047974,1.4604548215866089,1.4809796810150146,1.4862016439437866,1.396037220954895,1.4124938249588013,1.3912640810012817,1.4045016765594482,1.5025761127471924,1.399466872215271,1.4119079113006592,1.412337064743042,1.405329942703247,1.425482988357544,1.407942771911621,1.4037123918533325,1.4035087823867798,1.407929539680481,1.4124559164047241,1.4791516065597534,1.3993141651153564,1.3892834186553955,1.4215266704559326,1.4469298124313354,1.4531810283660889,1.4731776714324951,1.4860293865203857,1.4515877962112427
2.87,1.46701,0.0,1.4397118091583252,1.4648085832595825,1.495908498764038,1.5174802541732788,1.4113484621047974,1.4604548215866089,1.4809796810150146,1.4862016439437866,1.396037220954895,1.4124938249588013,1.3912640810012817,1.4045016765594482,1.5025761127471924,1.399466872215271,1.4119079113006592,1.412337064743042,1.405329942703247,1.425482988357544,1.407942771911621,1.4037123918533325,1.4035087823867798,1.407929539680481,1.4124559164047241,1.4791516065597534,1.3993141651153564,1.3892834186553955,1.4215266704559326,1.4469298124313354,1.4531810283660889,1.4731776714324951,1.4860293865203857,1.4515877962112427
2.88,1.50461,0.0,1.4397118091583252,1.4648085832595825,1.495908498764038,1.5174802541732788,1.4113484621047974,1.4604548215866089,1.4809796810150146,1.4862016439437866,1.396037220954895,1.4124938249588013,1.3912640810012817,1.4045016765594482,1.5025761127471924,1.399466872215271,1.4119079113006592,1.412337064743042,1.405329942703247,1.425482988357544,1.407942771911621,1.4037123918533325,1.4035087823867798,1.407929539680481,1.4124559164047241,1.4791516065597534,1.3993141651153564,1.3892834186553955,1.4215266704559326,1.4469298124313354,1.4531810283660889,1.4731776714324951,1.4860293865203857,1.4515877962112427
2.89,1.54274,0.0,1.6427724361419678,1.6196153163909912,1.6466701030731201,1.652754545211792,1.6155375242233276,1.635849952697754,1.6309213638305664,1.6428539752960205,1.5913313627243042,1.614446759223938,1.5932368040084839,1.6002311706542969,1.625262975692749,1.5991615056991577,1.6150999069213867,1.6154004335403442,1.6087726354599,1.6284611225128174,1.6081488132476807,1.6000962257385254,1.5996580123901367,1.6081641912460327,1.6108750104904175,1.5810903310775757,1.5940477848052979,1.5736722946166992,1.6143056154251099,1.608821153640747,1.5980322360992432,1.6088552474975586,1.6994131803512573,1.6299024820327759
2.9,1.58133,0.0,1.6427724361419678,1.6196153163909912,1.6466701030731201,1.652754545211792,1.6155375242233276,1.635849952697754,1.6309213638305664,1.6428539752960205,1.5913313627243042,1.614446759223938,1.5932368040084839,1.6002311706542969,1.625262975692749,1.5991615056991577,1.6150999069213867,1.6154004335403442,1.6087726354599,1.6284611225128174,1.6081488132476807,1.6000962257385254,1.5996580123901367,1.6081641912460327,1.6108750104904175,1.5810903310775757,1.5940477848052979,1.5736722946166992,1.6143056154251099,1.608821153640747,1.5980322360992432,1.6088552474975586,1.6994131803512573,1.6299024820327759
2.91,1.62039,0.0,1.6427724361419678,1.6196153163909912,1.6466701030731201,1.652754545211792,1.6155375242233276,1.635849952697754,1.6309213638305664,1.6428539752960205,1.5913313627243042,1.614446759223938,1.5932368040084839,1.6002311706542969,1.625262975692749,1.5991615056991577,1.6150999069213867,1.6154004335403442,1.6087726354599,1.6284611225128174,1.6081488132476807,1.6000962257385254,1.5996580123901367,1.6081641912460327,1.6108750104904175,1.5810903310775757,1.5940477848052979,1.5736722946166992,1.6143056154251099,1.608821153640747,1.5980322360992432,1.6088552474975586,1.6994131803512573,1.6299024820327759
2.92,1.65989,0.0,1.6427724361419678,1.6196153163909912,1.6466701030731201,1.652754545211792,1.6155375242233276,1.635849952697754,1.6309213638305664,1.6428539752960205,1.5913313627243042,1.614446759223938,1.5932368040084839,1.6002311706542969,1.625262975692749,1.5991615056991577,1.6150999069213867,1.6154004335403442,1.6087726354599,1.6284611225128174,1.6081488132476807,1.6000962257385254,1.5996580123901367,1.6081641912460327,1.6108750104904175,1.5810903310775757,1.5940477848052979,1.5736722946166992,1.6143056154251099,1.608821153640747,1.5980322360992432,1.6088552474975586,1.6994131803512573,1.6299024820327759
2.93,1.6998,0.0,1.6427724361419678,1.6196153163909912,1.6466701030731201,1.652754545211792,1.6155375242233276,1.635849952697754,1.6309213638305664,1.6428539752960205,1.5913313627243042,1.614446759223938,1.5932368040084839,1.6002311706542969,1.625262975692749,1.5991615056991577,1.6150999069213867,1.6154004335403442,1.6087726354599,1.6284611225128174,1.6081488132476807,1.6000962257385254,1.5996580123901367,1.6081641912460327,1.6108750104904175,1.5810903310775757,1.5940477848052979,1.5736722946166992,1.6143056154251099,1.608821153640747,1.5980322360992432,1.6088552474975586,1.6994131803512573,1.6299024820327759
2.94,1.74009,0.0,1.8021550178527832,1.7465965747833252,1.7379035949707031,1.7139407396316528,1.786238670349121,1.7716307640075684,1.7371946573257446,1.7324366569519043,1.7712652683258057,1.7934077978134155,1.7632083892822266,1.7716944217681885,1.7221105098724365,1.774301290512085,1.7860991954803467,1.7816977500915527,1.7787920236587524,1.8078467845916748,1.78078293800354,1.771216869354248,1.7714415788650513,1.791353464126587,1.7865811586380005,1.7011457681655884,1.7688043117523193,1.74076247215271,1.7769982814788818,1.7324888706207275,1.707751989364624,1.7121176719665527,1.8716598749160767,1.7541764974594116
2.95,1.78072,0.0,1.8021550178527832,1.7465965747833252,1.7379035949707031,1.7139407396316528,1.786238670349121,1.7716307640075684,1.7371946573257446,1.7324366569519043,1.7712652683258057,1.7934077978134155,1.7632083892822266,1.7716944217681885,1.7221105098724365,1.774301290512085,1.7860991954803467,1.7816977500915527,1.7787920236587524,1.8078467845916748,1.78078293800354,1.771216869354248,1.7714415788650513,1.791353464126587,1.7865811586380005,1.7011457681655884,1.7688043117523193,1.74076247215271,1.7769982814788818,1.7324888706207275,1.707751989364624,1.7121176719665527,1.8716598749160767,1.7541764974594116
2.96,1.82166,0.0,1.8021550178527832,1.7465965747833252,1.7379035949707031,1.7139407396316528,1.786238670349121,1.7716307640075684,1.7371946573257446,1.7324366569519043,1.7712652683258057,1.7934077978134155,1.7632083892822266,1.7716944217681885,1.7221105098724365,1.774301290512085,1.7860991954803467,1.7816977500915527,1.7787920236587524,1.8078467845916748,1.78078293800354,1.771216869354248,1.7714415788650513,1.791353464126587,1.7865811586380005,1.7011457681655884,1.7688043117523193,1.74076247215271,1.7769982814788818,1.7324888706207275,1.707751989364624,1.7121176719665527,1.8716598749160767,1.7541764974594116
2.97,1.8629,0.0,1.8021550178527832,1.7465965747833252,1.7379035949707031,1.7139407396316528,1.786238670349121,1.7716307640075684,1.7371946573257446,1.7324366569519043,1.7712652683258057,1.7934077978134155,1.7632083892822266,1.7716944217681885,1.7221105098724365,1.774301290512085,1.7860991954803467,1.7816977500915527,1.7787920236587524,1.8078467845916748,1.78078293800354,1.771216869354248,1.7714415788650513,1.791353464126587,1.7865811586380005,1.7011457681655884,1.7688043117523193,1.74076247215271,1.7769982814788818,1.7324888706207275,1.707751989364624,1.7121176719665527,1.8716598749160767,1.7541764974594116
2.98,1.9044,0.0,1.8021550178527832,1.7465965747833252,1.7379035949707031,1.7139407396316528,1.786238670349121,1.7716307640075684,1.7371946573257446,1.7324366569519043,1.7712652683258057,1.7934077978134155,1.7632083892822266,1.7716944217681885,1.7221105098724365,1.774301290512085,1.7860991954803467,1.7816977500915527,1.7787920236587524,1.8078467845916748,1.78078293800354,1.771216869354248,1.7714415788650513,1.791353464126587,1.7865811586380005,1.7011457681655884,1.7688043117523193,1.74076247215271,1.7769982814788818,1.7324888706207275,1.707751989364624,1.7121176719665527,1.8716598749160767,1.7541764974594116
2.99,1.94615,0.0,1.9593024253845215,1.9269682168960571,1.8875494003295898,1.8676247596740723,1.958574652671814,1.9432659149169922,1.9133601188659668,1.9039100408554077,1.9584120512008667,1.9725760221481323,1.9299041032791138,1.9483442306518555,1.902277946472168,1.9537484645843506,1.9552226066589355,1.950551152229309,1.953171730041504,1.987868070602417,1.9554154872894287,1.9503185749053955,1.9509022235870361,1.9789057970046997,1.9685794115066528,1.9228984117507935,1.953218698501587,1.923694372177124,1.951399564743042,1.9098381996154785,1.899857521057129,1.910292387008667,2.0299904346466064,1.9008785486221313
3.0,1.98808,0.0,1.9593024253845215,1.9269682168960571,1.8875494003295898,1.8676247596740723,1.958574652671814,1.9432659149169922,1.9133601188659668,1.9039100408554077,1.9584120512008667,1.9725760221481323,1.9299041032791138,1.9483442306518555,1.902277946472168,1.9537484645843506,1.9552226066589355,1.950551152229309,1.953171730041504,1.987868070602417,1.9554154872894287,1.9503185749053955,1.9509022235870361,1.9789057970046997,1.9685794115066528,1.9228984117507935,1.953218698501587,1.923694372177124,1.951399564743042,1.9098381996154785,1.899857521057129,1.910292387008667,2.0299904346466064,1.9008785486221313
3.01,2.02177,0.0,1.9593024253845215,1.9269682168960571,1.8875494003295898,1.8676247596740723,1.958574652671814,1.9432659149169922,1.9133601188659668,1.9039100408554077,1.9584120512008667,1.9725760221481323,1.9299041032791138,1.9483442306518555,1.902277946472168,1.9537484645843506,1.9552226066589355,1.950551152229309,1.953171730041504,1.987868070602417,1.9554154872894287,1.9503185749053955,1.9509022235870361,1.9789057970046997,1.9685794115066528,1.9228984117507935,1.953218698501587,1.923694372177124,1.951399564743042,1.9098381996154785,1.899857521057129,1.910292387008667,2.0299904346466064,1.9008785486221313
3.02,2.0725,0.0,1.9593024253845215,1.9269682168960571,1.8875494003295898,1.8676247596740723,1.958574652671814,1.9432659149169922,1.9133601188659668,1.9039100408554077,1.9584120512008667,1.9725760221481323,1.9299041032791138,1.9483442306518555,1.902277946472168,1.9537484645843506,1.9552226066589355,1.950551152229309,1.953171730041504,1.987868070602417,1.9554154872894287,1.9503185749053955,1.9509022235870361,1.9789057970046997,1.9685794115066528,1.9228984117507935,1.953218698501587,1.923694372177124,1.951399564743042,1.9098381996154785,1.899857521057129,1.910292387008667,2.0299904346466064,1.9008785486221313
3.03,2.10644,0.0,1.9593024253845215,1.9269682168960571,1.8875494003295898,1.8676247596740723,1.958574652671814,1.9432659149169922,1.9133601188659668,1.9039100408554077,1.9584120512008667,1.9725760221481323,1.9299041032791138,1.9483442306518555,1.902277946472168,1.9537484645843506,1.9552226066589355,1.950551152229309,1.953171730041504,1.987868070602417,1.9554154872894287,1.9503185749053955,1.9509022235870361,1.9789057970046997,1.9685794115066528,1.9228984117507935,1.953218698501587,1.923694372177124,1.951399564743042,1.9098381996154785,1.899857521057129,1.910292387008667,2.0299904346466064,1.9008785486221313
3.04,2.1575,0.0,2.1267905235290527,2.128209114074707,2.1075615882873535,2.1279518604278564,2.142400026321411,2.1428158283233643,2.131795644760132,2.1556973457336426,2.1515932083129883,2.15842604637146,2.108377695083618,2.13618540763855,2.1144332885742188,2.144418954849243,2.139014959335327,2.138469934463501,2.1430866718292236,2.1758670806884766,2.144157648086548,2.1422922611236572,2.141951560974121,2.172779083251953,2.161808729171753,2.1357812881469727,2.148204803466797,2.119189977645874,2.1442270278930664,2.129823684692383,2.1391348838806152,2.154818058013916,2.1997289657592773,2.0979623794555664
3.05,2.19163,0.0,2.1267905235290527,2.128209114074707,2.1075615882873535,2.1279518604278564,2.142400026321411,2.1428158283233643,2.131795644760132,2.1556973457336426,2.1515932083129883,2.15842604637146,2.108377695083618,2.13618540763855,2.1144332885742188,2.144418954849243,2.139014959335327,2.138469934463501,2.1430866718292236,2.1758670806884766,2.144157648086548,2.1422922611236572,2.141951560974121,2.172779083251953,2.161808729171753,2.1357812881469727,2.148204803466797,2.119189977645874,2.1442270278930664,2.129823684692383,2.1391348838806152,2.154818058013916,2.1997289657592773,2.0979623794555664
3.06,2.24294,0.0,2.1267905235290527,2.128209114074707,2.1075615882873535,2.1279518604278564,2.142400026321411,2.1428158283233643,2.131795644760132,2.1556973457336426,2.1515932083129883,2.15842604637146,2.108377695083618,2.13618540763855,2.1144332885742188,2.144418954849243,2.139014959335327,2.138469934463501,2.1430866718292236,2.1758670806884766,2.144157648086548,2.1422922611236572,2.141951560974121,2.172779083251953,2.161808729171753,2.1357812881469727,2.148204803466797,2.119189977645874,2.1442270278930664,2.129823684692383,2.1391348838806152,2.154818058013916,2.1997289657592773,2.0979623794555664
3.07,2.27722,0.0,2.1267905235290527,2.128209114074707,2.1075615882873535,2.1279518604278564,2.142400026321411,2.1428158283233643,2.131795644760132,2.1556973457336426,2.1515932083129883,2.15842604637146,2.108377695083618,2.13618540763855,2.1144332885742188,2.144418954849243,2.139014959335327,2.138469934463501,2.1430866718292236,2.1758670806884766,2.144157648086548,2.1422922611236572,2.141951560974121,2.172779083251953,2.161808729171753,2.1357812881469727,2.148204803466797,2.119189977645874,2.1442270278930664,2.129823684692383,2.1391348838806152,2.154818058013916,2.1997289657592773,2.0979623794555664
3.08,2.32874,0.0,2.1267905235290527,2.128209114074707,2.1075615882873535,2.1279518604278564,2.142400026321411,2.1428158283233643,2.131795644760132,2.1556973457336426,2.1515932083129883,2.15842604637146,2.108377695083618,2.13618540763855,2.1144332885742188,2.144418954849243,2.139014959335327,2.138469934463501,2.1430866718292236,2.1758670806884766,2.144157648086548,2.1422922611236572,2.141951560974121,2.172779083251953,2.161808729171753,2.1357812881469727,2.148204803466797,2.119189977645874,2.1442270278930664,2.129823684692383,2.1391348838806152,2.154818058013916,2.1997289657592773,2.0979623794555664
3.09,2.37174,0.0,2.320436477661133,2.340502977371216,2.339066982269287,2.3801233768463135,2.343719959259033,2.35269832611084,2.343113422393799,2.386573553085327,2.356853485107422,2.3600590229034424,2.3070311546325684,2.3410072326660156,2.3334169387817383,2.348562240600586,2.342621088027954,2.346390962600708,2.349940776824951,2.3787965774536133,2.3494977951049805,2.348048448562622,2.346980333328247,2.3769314289093018,2.3674581050872803,2.3345656394958496,2.354074716567993,2.326108694076538,2.349003791809082,2.347658157348633,2.3479208946228027,2.3594536781311035,2.397982597351074,2.325622797012329
3.1,2.41482,0.0,2.320436477661133,2.340502977371216,2.339066982269287,2.3801233768463135,2.343719959259033,2.35269832611084,2.343113422393799,2.386573553085327,2.356853485107422,2.3600590229034424,2.3070311546325684,2.3410072326660156,2.3334169387817383,2.348562240600586,2.342621088027954,2.346390962600708,2.349940776824951,2.3787965774536133,2.3494977951049805,2.348048448562622,2.346980333328247,2.3769314289093018,2.3674581050872803,2.3345656394958496,2.354074716567993,2.326108694076538,2.349003791809082,2.347658157348633,2.3479208946228027,2.3594536781311035,2.397982597351074,2.325622797012329
3.11,2.45796,0.0,2.320436477661133,2.340502977371216,2.339066982269287,2.3801233768463135,2.343719959259033,2.35269832611084,2.343113422393799,2.386573553085327,2.356853485107422,2.3600590229034424,2.3070311546325684,2.3410072326660156,2.3334169387817383,2.348562240600586,2.342621088027954,2.346390962600708,2.349940776824951,2.3787965774536133,2.3494977951049805,2.348048448562622,2.346980333328247,2.3769314289093018,2.3674581050872803,2.3345656394958496,2.354074716567993,2.326108694076538,2.349003791809082,2.347658157348633,2.3479208946228027,2.3594536781311035,2.397982597351074,2.325622797012329
3.12,2.50117,0.0,2.320436477661133,2.340502977371216,2.339066982269287,2.3801233768463135,2.343719959259033,2.35269832611084,2.343113422393799,2.386573553085327,2.356853485107422,2.3600590229034424,2.3070311546325684,2.3410072326660156,2.3334169387817383,2.348562240600586,2.342621088027954,2.346390962600708,2.349940776824951,2.3787965774536133,2.3494977951049805,2.348048448562622,2.346980333328247,2.3769314289093018,2.3674581050872803,2.3345656394958496,2.354074716567993,2.326108694076538,2.349003791809082,2.347658157348633,2.3479208946228027,2.3594536781311035,2.397982597351074,2.325622797012329
3.13,2.54445,0.0,2.320436477661133,2.340502977371216,2.339066982269287,2.3801233768463135,2.343719959259033,2.35269832611084,2.343113422393799,2.386573553085327,2.356853485107422,2.3600590229034424,2.3070311546325684,2.3410072326660156,2.3334169387817383,2.348562240600586,2.342621088027954,2.346390962600708,2.349940776824951,2.3787965774536133,2.3494977951049805,2.348048448562622,2.346980333328247,2.3769314289093018,2.3674581050872803,2.3345656394958496,2.354074716567993,2.326108694076538,2.349003791809082,2.347658157348633,2.3479208946228027,2.3594536781311035,2.397982597351074,2.325622797012329
3.14,2.5878,0.0,2.536691427230835,2.5625462532043457,2.556893825531006,2.579122304916382,2.5603246688842773,2.573615550994873,2.5598576068878174,2.5866193771362305,2.5761563777923584,2.5790152549743652,2.526174306869507,2.563831090927124,2.555988311767578,2.571138381958008,2.5670852661132812,2.5738437175750732,2.576925277709961,2.6029105186462402,2.5751633644104004,2.5745456218719482,2.5738964080810547,2.5986223220825195,2.590471029281616,2.5565288066864014,2.577876329421997,2.55046010017395,2.5650408267974854,2.566577434539795,2.5538878440856934,2.562664031982422,2.622036933898926,2.558793544769287
3.15,2.63123,0.0,2.536691427230835,2.5625462532043457,2.556893825531006,2.579122304916382,2.5603246688842773,2.573615550994873,2.5598576068878174,2.5866193771362305,2.5761563777923584,2.5790152549743652,2.526174306869507,2.563831090927124,2.555988311767578,2.571138381958008,2.5670852661132812,2.5738437175750732,2.576925277709961,2.6029105186462402,2.5751633644104004,2.5745456218719482,2.5738964080810547,2.5986223220825195,2.590471029281616,2.5565288066864014,2.577876329421997,2.55046010017395,2.5650408267974854,2.566577434539795,2.5538878440856934,2.562664031982422,2.622036933898926,2.558793544769287
3.16,2.67474,0.0,2.536691427230835,2.5625462532043457,2.556893825531006,2.579122304916382,2.5603246688842773,2.573615550994873,2.5598576068878174,2.5866193771362305,2.5761563777923584,2.5790152549743652,2.526174306869507,2.563831090927124,2.555988311767578,2.571138381958008,2.5670852661132812,2.5738437175750732,2.576925277709961,2.6029105186462402,2.5751633644104004,2.5745456218719482,2.5738964080810547,2.5986223220825195,2.590471029281616,2.5565288066864014,2.577876329421997,2.55046010017395,2.5650408267974854,2.566577434539795,2.5538878440856934,2.562664031982422,2.622036933898926,2.558793544769287
3.17,2.71834,0.0,2.536691427230835,2.5625462532043457,2.556893825531006,2.579122304916382,2.5603246688842773,2.573615550994873,2.5598576068878174,2.5866193771362305,2.5761563777923584,2.5790152549743652,2.526174306869507,2.563831090927124,2.555988311767578,2.571138381958008,2.5670852661132812,2.5738437175750732,2.576925277709961,2.6029105186462402,2.5751633644104004,2.5745456218719482,2.5738964080810547,2.5986223220825195,2.590471029281616,2.5565288066864014,2.577876329421997,2.55046010017395,2.5650408267974854,2.566577434539795,2.5538878440856934,2.562664031982422,2.622036933898926,2.558793544769287
3.18,2.76204,0.0,2.536691427230835,2.5625462532043457,2.556893825531006,2.579122304916382,2.5603246688842773,2.573615550994873,2.5598576068878174,2.5866193771362305,2.5761563777923584,2.5790152549743652,2.526174306869507,2.563831090927124,2.555988311767578,2.571138381958008,2.5670852661132812,2.5738437175750732,2.576925277709961,2.6029105186462402,2.5751633644104004,2.5745456218719482,2.5738964080810547,2.5986223220825195,2.590471029281616,2.5565288066864014,2.577876329421997,2.55046010017395,2.5650408267974854,2.566577434539795,2.5538878440856934,2.562664031982422,2.622036933898926,2.558793544769287
3.19,2.80587,0.0,2.7565813064575195,2.7758123874664307,2.7571792602539062,2.757948160171509,2.774656057357788,2.78692364692688,2.7737843990325928,2.7869088649749756,2.788837432861328,2.7951507568359375,2.7448196411132812,2.7808890342712402,2.764336585998535,2.785205841064453,2.7855160236358643,2.7900378704071045,2.7889740467071533,2.8192737102508545,2.7924764156341553,2.7876968383789062,2.7860262393951416,2.813655138015747,2.8057196140289307,2.763810157775879,2.790750503540039,2.76143479347229,2.775902509689331,2.7770943641662598,2.764531373977661,2.775001049041748,2.845505714416504,2.770775318145752
3.2,2.84975,0.0,2.7565813064575195,2.7758123874664307,2.7571792602539062,2.757948160171509,2.774656057357788,2.78692364692688,2.7737843990325928,2.7869088649749756,2.788837432861328,2.7951507568359375,2.7448196411132812,2.7808890342712402,2.764336585998535,2.785205841064453,2.7855160236358643,2.7900378704071045,2.7889740467071533,2.8192737102508545,2.7924764156341553,2.7876968383789062,2.7860262393951416,2.813655138015747,2.8057196140289307,2.763810157775879,2.790750503540039,2.76143479347229,2.775902509689331,2.7770943641662598,2.764531373977661,2.775001049041748,2.845505714416504,2.770775318145752
3.21,2.89378,0.0,2.7565813064575195,2.7758123874664307,2.7571792602539062,2.757948160171509,2.774656057357788,2.78692364692688,2.7737843990325928,2.7869088649749756,2.788837432861328,2.7951507568359375,2.7448196411132812,2.7808890342712402,2.764336585998535,2.785205841064453,2.7855160236358643,2.7900378704071045,2.7889740467071533,2.8192737102508545,2.7924764156341553,2.7876968383789062,2.7860262393951416,2.813655138015747,2.8057196140289307,2.763810157775879,2.790750503540039,2.76143479347229,2.775902509689331,2.7770943641662598,2.764531373977661,2.775001049041748,2.845505714416504,2.770775318145752
3.22,2.93795,0.0,2.7565813064575195,2.7758123874664307,2.7571792602539062,2.757948160171509,2.774656057357788,2.78692364692688,2.7737843990325928,2.7869088649749756,2.788837432861328,2.7951507568359375,2.7448196411132812,2.7808890342712402,2.764336585998535,2.785205841064453,2.7855160236358643,2.7900378704071045,2.7889740467071533,2.8192737102508545,2.7924764156341553,2.7876968383789062,2.7860262393951416,2.813655138015747,2.8057196140289307,2.763810157775879,2.790750503540039,2.76143479347229,2.775902509689331,2.7770943641662598,2.764531373977661,2.775001049041748,2.845505714416504,2.770775318145752
3.23,2.98224,0.0,2.7565813064575195,2.7758123874664307,2.7571792602539062,2.757948160171509,2.774656057357788,2.78692364692688,2.7737843990325928,2.7869088649749756,2.788837432861328,2.7951507568359375,2.7448196411132812,2.7808890342712402,2.764336585998535,2.785205841064453,2.7855160236358643,2.7900378704071045,2.7889740467071533,2.8192737102508545,2.7924764156341553,2.7876968383789062,2.7860262393951416,2.813655138015747,2.8057196140289307,2.763810157775879,2.790750503540039,2.76143479347229,2.775902509689331,2.7770943641662598,2.764531373977661,2.775001049041748,2.845505714416504,2.770775318145752
3.24,3.02667,0.0,2.976621150970459,2.9918854236602783,2.976391315460205,2.9847300052642822,2.9907615184783936,3.0055150985717773,2.994598627090454,3.0163373947143555,3.004521608352661,3.0142080783843994,2.966151237487793,2.9991226196289062,2.979708194732666,2.9985525608062744,3.0026979446411133,3.0037944316864014,3.000701427459717,3.0343477725982666,3.0081658363342285,3.0012495517730713,2.9988956451416016,3.031552314758301,3.0234432220458984,2.9770994186401367,3.0064847469329834,2.976135015487671,2.991344690322876,2.9984917640686035,2.990389347076416,3.003448009490967,3.0677313804626465,2.9858145713806152
3.25,3.07124,0.00131,2.976621150970459,2.9918854236602783,2.976391315460205,2.9847300052642822,2.9907615184783936,3.0055150985717773,2.994598627090454,3.0163373947143555,3.004521608352661,3.0142080783843994,2.966151237487793,2.9991226196289062,2.979708194732666,2.9985525608062744,3.0026979446411133,3.0037944316864014,3.000701427459717,3.0343477725982666,3.0081658363342285,3.0012495517730713,2.9988956451416016,3.031552314758301,3.0234432220458984,2.9770994186401367,3.0064847469329834,2.976135015487671,2.991344690322876,2.9984917640686035,2.990389347076416,3.003448009490967,3.0677313804626465,2.9858145713806152
3.26,3.10704,0.00155,2.976621150970459,2.9918854236602783,2.976391315460205,2.9847300052642822,2.9907615184783936,3.0055150985717773,2.994598627090454,3.0163373947143555,3.004521608352661,3.0142080783843994,2.966151237487793,2.9991226196289062,2.979708194732666,2.9985525608062744,3.0026979446411133,3.0037944316864014,3.000701427459717,3.0343477725982666,3.0081658363342285,3.0012495517730713,2.9988956451416016,3.031552314758301,3.0234432220458984,2.9770994186401367,3.0064847469329834,2.976135015487671,2.991344690322876,2.9984917640686035,2.990389347076416,3.003448009490967,3.0677313804626465,2.9858145713806152
3.27,3.16084,0.00189,2.976621150970459,2.9918854236602783,2.976391315460205,2.9847300052642822,2.9907615184783936,3.0055150985717773,2.994598627090454,3.0163373947143555,3.004521608352661,3.0142080783843994,2.966151237487793,2.9991226196289062,2.979708194732666,2.9985525608062744,3.0026979446411133,3.0037944316864014,3.000701427459717,3.0343477725982666,3.0081658363342285,3.0012495517730713,2.9988956451416016,3.031552314758301,3.0234432220458984,2.9770994186401367,3.0064847469329834,2.976135015487671,2.991344690322876,2.9984917640686035,2.990389347076416,3.003448009490967,3.0677313804626465,2.9858145713806152
3.28,3.19689,0.00209,2.976621150970459,2.9918854236602783,2.976391315460205,2.9847300052642822,2.9907615184783936,3.0055150985717773,2.994598627090454,3.0163373947143555,3.004521608352661,3.0142080783843994,2.966151237487793,2.9991226196289062,2.979708194732666,2.9985525608062744,3.0026979446411133,3.0037944316864014,3.000701427459717,3.0343477725982666,3.0081658363342285,3.0012495517730713,2.9988956451416016,3.031552314758301,3.0234432220458984,2.9770994186401367,3.0064847469329834,2.976135015487671,2.991344690322876,2.9984917640686035,2.990389347076416,3.003448009490967,3.0677313804626465,2.9858145713806152
3.29,3.25107,0.00237,3.1992454528808594,3.212603807449341,3.2028517723083496,3.2256758213043213,3.2099664211273193,3.228400945663452,3.2168829441070557,3.246708869934082,3.2229995727539062,3.234778881072998,3.188535451889038,3.2183244228363037,3.2003068923950195,3.2164926528930664,3.2217957973480225,3.221278190612793,3.219404458999634,3.252528190612793,3.226400136947632,3.2196383476257324,3.217374563217163,3.253357172012329,3.2447288036346436,3.196852922439575,3.2270939350128174,3.1959614753723145,3.208106279373169,3.2199032306671143,3.2086150646209717,3.2210164070129395,3.2875092029571533,3.208883285522461
3.3,3.28735,0.00253,3.1992454528808594,3.212603807449341,3.2028517723083496,3.2256758213043213,3.2099664211273193,3.228400945663452,3.2168829441070557,3.246708869934082,3.2229995727539062,3.234778881072998,3.188535451889038,3.2183244228363037,3.2003068923950195,3.2164926528930664,3.2217957973480225,3.221278190612793,3.219404458999634,3.252528190612793,3.226400136947632,3.2196383476257324,3.217374563217163,3.253357172012329,3.2447288036346436,3.196852922439575,3.2270939350128174,3.1959614753723145,3.208106279373169,3.2199032306671143,3.2086150646209717,3.2210164070129395,3.2875092029571533,3.208883285522461
3.31,3.34189,0.00275,3.1992454528808594,3.212603807449341,3.2028517723083496,3.2256758213043213,3.2099664211273193,3.228400945663452,3.2168829441070557,3.246708869934082,3.2229995727539062,3.234778881072998,3.188535451889038,3.2183244228363037,3.2003068923950195,3.2164926528930664,3.2217957973480225,3.221278190612793,3.219404458999634,3.252528190612793,3.226400136947632,3.2196383476257324,3.217374563217163,3.253357172012329,3.2447288036346436,3.196852922439575,3.2270939350128174,3.1959614753723145,3.208106279373169,3.2199032306671143,3.2086150646209717,3.2210164070129395,3.2875092029571533,3.208883285522461
3.32,3.37843,0.00288,3.1992454528808594,3.212603807449341,3.2028517723083496,3.2256758213043213,3.2099664211273193,3.228400945663452,3.2168829441070557,3.246708869934082,3.2229995727539062,3.234778881072998,3.188535451889038,3.2183244228363037,3.2003068923950195,3.2164926528930664,3.2217957973480225,3.221278190612793,3.219404458999634,3.252528190612793,3.226400136947632,3.2196383476257324,3.217374563217163,3.253357172012329,3.2447288036346436,3.196852922439575,3.2270939350128174,3.1959614753723145,3.208106279373169,3.2199032306671143,3.2086150646209717,3.2210164070129395,3.2875092029571533,3.208883285522461
3.33,3.43334,0.00304,3.1992454528808594,3.212603807449341,3.2028517723083496,3.2256758213043213,3.2099664211273193,3.228400945663452,3.2168829441070557,3.246708869934082,3.2229995727539062,3.234778881072998,3.188535451889038,3.2183244228363037,3.2003068923950195,3.2164926528930664,3.2217957973480225,3.221278190612793,3.219404458999634,3.252528190612793,3.226400136947632,3.2196383476257324,3.217374563217163,3.253357172012329,3.2447288036346436,3.196852922439575,3.2270939350128174,3.1959614753723145,3.208106279373169,3.2199032306671143,3.2086150646209717,3.2210164070129395,3.2875092029571533,3.208883285522461
3.34,3.47929,0.00315,3.4279918670654297,3.444509983062744,3.4349913597106934,3.4538280963897705,3.438478946685791,3.462125778198242,3.4507904052734375,3.4721133708953857,3.4482991695404053,3.4616847038269043,3.415262222290039,3.4439356327056885,3.4335403442382812,3.4421215057373047,3.4457602500915527,3.445082664489746,3.4446065425872803,3.4804165363311768,3.453819751739502,3.4478461742401123,3.445277452468872,3.4829273223876953,3.4733612537384033,3.43141770362854,3.454921245574951,3.423459053039551,3.434037923812866,3.4521303176879883,3.4370458126068115,3.4501399993896484,3.5148282051086426,3.4440884590148926
3.35,3.52539,0.00324,3.4279918670654297,3.444509983062744,3.4349913597106934,3.4538280963897705,3.438478946685791,3.462125778198242,3.4507904052734375,3.4721133708953857,3.4482991695404053,3.4616847038269043,3.415262222290039,3.4439356327056885,3.4335403442382812,3.4421215057373047,3.4457602500915527,3.445082664489746,3.4446065425872803,3.4804165363311768,3.453819751739502,3.4478461742401123,3.445277452468872,3.4829273223876953,3.4733612537384033,3.43141770362854,3.454921245574951,3.423459053039551,3.434037923812866,3.4521303176879883,3.4370458126068115,3.4501399993896484,3.5148282051086426,3.4440884590148926
3.36,3.57162,0.00331,3.4279918670654297,3.444509983062744,3.4349913597106934,3.4538280963897705,3.438478946685791,3.462125778198242,3.4507904052734375,3.4721133708953857,3.4482991695404053,3.4616847038269043,3.415262222290039,3.4439356327056885,3.4335403442382812,3.4421215057373047,3.4457602500915527,3.445082664489746,3.4446065425872803,3.4804165363311768,3.453819751739502,3.4478461742401123,3.445277452468872,3.4829273223876953,3.4733612537384033,3.43141770362854,3.454921245574951,3.423459053039551,3.434037923812866,3.4521303176879883,3.4370458126068115,3.4501399993896484,3.5148282051086426,3.4440884590148926
3.37,3.61799,0.00336,3.4279918670654297,3.444509983062744,3.4349913597106934,3.4538280963897705,3.438478946685791,3.462125778198242,3.4507904052734375,3.4721133708953857,3.4482991695404053,3.4616847038269043,3.415262222290039,3.4439356327056885,3.4335403442382812,3.4421215057373047,3.4457602500915527,3.445082664489746,3.4446065425872803,3.4804165363311768,3.453819751739502,3.4478461742401123,3.445277452468872,3.4829273223876953,3.4733612537384033,3.43141770362854,3.454921245574951,3.423459053039551,3.434037923812866,3.4521303176879883,3.4370458126068115,3.4501399993896484,3.5148282051086426,3.4440884590148926
3.38,3.66449,0.00338,3.4279918670654297,3.444509983062744,3.4349913597106934,3.4538280963897705,3.438478946685791,3.462125778198242,3.4507904052734375,3.4721133708953857,3.4482991695404053,3.4616847038269043,3.415262222290039,3.4439356327056885,3.4335403442382812,3.4421215057373047,3.4457602500915527,3.445082664489746,3.4446065425872803,3.4804165363311768,3.453819751739502,3.4478461742401123,3.445277452468872,3.4829273223876953,3.4733612537384033,3.43141770362854,3.454921245574951,3.423459053039551,3.434037923812866,3.4521303176879883,3.4370458126068115,3.4501399993896484,3.5148282051086426,3.4440884590148926
3.39,3.7111,0.00338,3.6685714721679688,3.688558578491211,3.6735734939575195,3.6844875812530518,3.6746413707733154,3.702577829360962,3.6925246715545654,3.712812662124634,3.688175916671753,3.700425386428833,3.6524531841278076,3.682711362838745,3.6760969161987305,3.6827101707458496,3.6834027767181396,3.685075521469116,3.6873888969421387,3.7211713790893555,3.693999767303467,3.6892309188842773,3.686845541000366,3.72365665435791,3.7136406898498535,3.675539493560791,3.6954963207244873,3.6630918979644775,3.669532060623169,3.694882392883301,3.683465003967285,3.6988072395324707,3.7522425651550293,3.687568187713623
3.4,3.75783,0.00335,3.6685714721679688,3.688558578491211,3.6735734939575195,3.6844875812530518,3.6746413707733154,3.702577829360962,3.6925246715545654,3.712812662124634,3.688175916671753,3.700425386428833,3.6524531841278076,3.682711362838745,3.6760969161987305,3.6827101707458496,3.6834027767181396,3.685075521469116,3.6873888969421387,3.7211713790893555,3.693999767303467,3.6892309188842773,3.686845541000366,3.72365665435791,3.7136406898498535,3.675539493560791,3.6954963207244873,3.6630918979644775,3.669532060623169,3.694882392883301,3.683465003967285,3.6988072395324707,3.7522425651550293,3.687568187713623
3.41,3.80467,0.00329,3.6685714721679688,3.688558578491211,3.6735734939575195,3.6844875812530518,3.6746413707733154,3.702577829360962,3.6925246715545654,3.712812662124634,3.688175916671753,3.700425386428833,3.6524531841278076,3.682711362838745,3.6760969161987305,3.6827101707458496,3.6834027767181396,3.685075521469116,3.6873888969421387,3.7211713790893555,3.693999767303467,3.6892309188842773,3.686845541000366,3.72365665435791,3.7136406898498535,3.675539493560791,3.6954963207244873,3.6630918979644775,3.669532060623169,3.694882392883301,3.683465003967285,3.6988072395324707,3.7522425651550293,3.687568187713623
3.42,3.85162,0.0032,3.6685714721679688,3.688558578491211,3.6735734939575195,3.6844875812530518,3.6746413707733154,3.702577829360962,3.6925246715545654,3.712812662124634,3.688175916671753,3.700425386428833,3.6524531841278076,3.682711362838745,3.6760969161987305,3.6827101707458496,3.6834027767181396,3.685075521469116,3.6873888969421387,3.7211713790893555,3.693999767303467,3.6892309188842773,3.686845541000366,3.72365665435791,3.7136406898498535,3.675539493560791,3.6954963207244873,3.6630918979644775,3.669532060623169,3.694882392883301,3.683465003967285,3.6988072395324707,3.7522425651550293,3.687568187713623
3.43,3.89865,0.00308,3.6685714721679688,3.688558578491211,3.6735734939575195,3.6844875812530518,3.6746413707733154,3.702577829360962,3.6925246715545654,3.712812662124634,3.688175916671753,3.700425386428833,3.6524531841278076,3.682711362838745,3.6760969161987305,3.6827101707458496,3.6834027767181396,3.685075521469116,3.6873888969421387,3.7211713790893555,3.693999767303467,3.6892309188842773,3.686845541000366,3.72365665435791,3.7136406898498535,3.675539493560791,3.6954963207244873,3.6630918979644775,3.669532060623169,3.694882392883301,3.683465003967285,3.6988072395324707,3.7522425651550293,3.687568187713623
3.44,3.94578,0.00293,3.9055542945861816,3.9182324409484863,3.909280300140381,3.9222517013549805,3.9117727279663086,3.9400205612182617,3.9282195568084717,3.9558804035186768,3.926771879196167,3.939055919647217,3.8903000354766846,3.921196222305298,3.902426242828369,3.924222230911255,3.923198699951172,3.925593376159668,3.9282078742980957,3.9631876945495605,3.936147928237915,3.930495262145996,3.928175926208496,3.9653663635253906,3.9548773765563965,3.899951934814453,3.935847282409668,3.901679277420044,3.9038383960723877,3.929783821105957,3.915415048599243,3.9317188262939453,3.990821361541748,3.927011013031006
3.45,3.99299,0.00274,3.9055542945861816,3.9182324409484863,3.909280300140381,3.9222517013549805,3.9117727279663086,3.9400205612182617,3.9282195568084717,3.9558804035186768,3.926771879196167,3.939055919647217,3.8903000354766846,3.921196222305298,3.902426242828369,3.924222230911255,3.923198699951172,3.925593376159668,3.9282078742980957,3.9631876945495605,3.936147928237915,3.930495262145996,3.928175926208496,3.9653663635253906,3.9548773765563965,3.899951934814453,3.935847282409668,3.901679277420044,3.9038383960723877,3.929783821105957,3.915415048599243,3.9317188262939453,3.990821361541748,3.927011013031006
3.46,4.04027,0.0025,3.9055542945861816,3.9182324409484863,3.909280300140381,3.9222517013549805,3.9117727279663086,3.9400205612182617,3.9282195568084717,3.9558804035186768,3.926771879196167,3.939055919647217,3.8903000354766846,3.921196222305298,3.902426242828369,3.924222230911255,3.923198699951172,3.925593376159668,3.9282078742980957,3.9631876945495605,3.936147928237915,3.930495262145996,3.928175926208496,3.9653663635253906,3.9548773765563965,3.899951934814453,3.935847282409668,3.901679277420044,3.9038383960723877,3.929783821105957,3.915415048599243,3.9317188262939453,3.990821361541748,3.927011013031006
3.47,4.08764,0.00223,3.9055542945861816,3.9182324409484863,3.909280300140381,3.9222517013549805,3.9117727279663086,3.9400205612182617,3.9282195568084717,3.9558804035186768,3.926771879196167,3.939055919647217,3.8903000354766846,3.921196222305298,3.902426242828369,3.924222230911255,3.923198699951172,3.925593376159668,3.9282078742980957,3.9631876945495605,3.936147928237915,3.930495262145996,3.928175926208496,3.9653663635253906,3.9548773765563965,3.899951934814453,3.935847282409668,3.901679277420044,3.9038383960723877,3.929783821105957,3.915415048599243,3.9317188262939453,3.990821361541748,3.927011013031006
3.48,4.13508,0.00191,3.9055542945861816,3.9182324409484863,3.909280300140381,3.9222517013549805,3.9117727279663086,3.9400205612182617,3.9282195568084717,3.9558804035186768,3.926771879196167,3.939055919647217,3.8903000354766846,3.921196222305298,3.902426242828369,3.924222230911255,3.923198699951172,3.925593376159668,3.9282078742980957,3.9631876945495605,3.936147928237915,3.930495262145996,3.928175926208496,3.9653663635253906,3.9548773765563965,3.899951934814453,3.935847282409668,3.901679277420044,3.9038383960723877,3.929783821105957,3.915415048599243,3.9317188262939453,3.990821361541748,3.927011013031006
3.49,4.18259,0.00154,4.146018981933594,4.157093524932861,4.140237331390381,4.157743453979492,4.144561767578125,4.171396255493164,4.156685829162598,4.184220790863037,4.168278217315674,4.179423809051514,4.128886699676514,4.16267204284668,4.13815975189209,4.16348123550415,4.161498069763184,4.164262771606445,4.167580604553223,4.202073097229004,4.1747541427612305,4.16904354095459,4.166731357574463,4.20593786239624,4.1946539878845215,4.142425060272217,4.175462245941162,4.139219284057617,4.139603614807129,4.1651458740234375,4.148987770080566,4.163991451263428,4.225509166717529,4.161375045776367
3.5,4.23019,0.00112,4.146018981933594,4.157093524932861,4.140237331390381,4.157743453979492,4.144561767578125,4.171396255493164,4.156685829162598,4.184220790863037,4.168278217315674,4.179423809051514,4.128886699676514,4.16267204284668,4.13815975189209,4.16348123550415,4.161498069763184,4.164262771606445,4.167580604553223,4.202073097229004,4.1747541427612305,4.16904354095459,4.166731357574463,4.20593786239624,4.1946539878845215,4.142425060272217,4.175462245941162,4.139219284057617,4.139603614807129,4.1651458740234375,4.148987770080566,4.163991451263428,4.225509166717529,4.161375045776367
3.51,4.26828,0.0,4.146018981933594,4.157093524932861,4.140237331390381,4.157743453979492,4.144561767578125,4.171396255493164,4.156685829162598,4.184220790863037,4.168278217315674,4.179423809051514,4.128886699676514,4.16267204284668,4.13815975189209,4.16348123550415,4.161498069763184,4.164262771606445,4.167580604553223,4.202073097229004,4.1747541427612305,4.16904354095459,4.166731357574463,4.20593786239624,4.1946539878845215,4.142425060272217,4.175462245941162,4.139219284057617,4.139603614807129,4.1651458740234375,4.148987770080566,4.163991451263428,4.225509166717529,4.161375045776367
3.52,4.32552,0.0,4.146018981933594,4.157093524932861,4.140237331390381,4.157743453979492,4.144561767578125,4.171396255493164,4.156685829162598,4.184220790863037,4.168278217315674,4.179423809051514,4.128886699676514,4.16267204284668,4.13815975189209,4.16348123550415,4.161498069763184,4.164262771606445,4.167580604553223,4.202073097229004,4.1747541427612305,4.16904354095459,4.166731357574463,4.20593786239624,4.1946539878845215,4.142425060272217,4.175462245941162,4.139219284057617,4.139603614807129,4.1651458740234375,4.148987770080566,4.163991451263428,4.225509166717529,4.161375045776367
3.53,4.36374,0.0,4.146018981933594,4.157093524932861,4.140237331390381,4.157743453979492,4.144561767578125,4.171396255493164,4.156685829162598,4.184220790863037,4.168278217315674,4.179423809051514,4.128886699676514,4.16267204284668,4.13815975189209,4.16348123550415,4.161498069763184,4.164262771606445,4.167580604553223,4.202073097229004,4.1747541427612305,4.16904354095459,4.166731357574463,4.20593786239624,4.1946539878845215,4.142425060272217,4.175462245941162,4.139219284057617,4.139603614807129,4.1651458740234375,4.148987770080566,4.163991451263428,4.225509166717529,4.161375045776367
3.54,4.42115,0.0,4.378525257110596,4.385031223297119,4.3766770362854,4.392844200134277,4.380730152130127,4.411426544189453,4.4000725746154785,4.417759418487549,4.398536682128906,4.4112653732299805,4.361331462860107,4.39333438873291,4.370236396789551,4.394205093383789,4.393012523651123,4.393563747406006,4.3959269523620605,4.433473110198975,4.406671524047852,4.39924430847168,4.396162986755371,4.442174434661865,4.430276870727539,4.370227813720703,4.409395217895508,4.3724164962768555,4.369034290313721,4.396483421325684,4.379420757293701,4.393559455871582,4.45640230178833,4.396176338195801
3.55,4.45948,0.0,4.378525257110596,4.385031223297119,4.3766770362854,4.392844200134277,4.380730152130127,4.411426544189453,4.4000725746154785,4.417759418487549,4.398536682128906,4.4112653732299805,4.361331462860107,4.39333438873291,4.370236396789551,4.394205093383789,4.393012523651123,4.393563747406006,4.3959269523620605,4.433473110198975,4.406671524047852,4.39924430847168,4.396162986755371,4.442174434661865,4.430276870727539,4.370227813720703,4.409395217895508,4.3724164962768555,4.369034290313721,4.396483421325684,4.379420757293701,4.393559455871582,4.45640230178833,4.396176338195801
3.56,4.51708,0.0,4.378525257110596,4.385031223297119,4.3766770362854,4.392844200134277,4.380730152130127,4.411426544189453,4.4000725746154785,4.417759418487549,4.398536682128906,4.4112653732299805,4.361331462860107,4.39333438873291,4.370236396789551,4.394205093383789,4.393012523651123,4.393563747406006,4.3959269523620605,4.433473110198975,4.406671524047852,4.39924430847168,4.396162986755371,4.442174434661865,4.430276870727539,4.370227813720703,4.409395217895508,4.3724164962768555,4.369034290313721,4.396483421325684,4.379420757293701,4.393559455871582,4.45640230178833,4.396176338195801
3.57,4.55553,0.0,4.378525257110596,4.385031223297119,4.3766770362854,4.392844200134277,4.380730152130127,4.411426544189453,4.4000725746154785,4.417759418487549,4.398536682128906,4.4112653732299805,4.361331462860107,4.39333438873291,4.370236396789551,4.394205093383789,4.393012523651123,4.393563747406006,4.3959269523620605,4.433473110198975,4.406671524047852,4.39924430847168,4.396162986755371,4.442174434661865,4.430276870727539,4.370227813720703,4.409395217895508,4.3724164962768555,4.369034290313721,4.396483421325684,4.379420757293701,4.393559455871582,4.45640230178833,4.396176338195801
3.58,4.61333,0.0,4.378525257110596,4.385031223297119,4.3766770362854,4.392844200134277,4.380730152130127,4.411426544189453,4.4000725746154785,4.417759418487549,4.398536682128906,4.4112653732299805,4.361331462860107,4.39333438873291,4.370236396789551,4.394205093383789,4.393012523651123,4.393563747406006,4.3959269523620605,4.433473110198975,4.406671524047852,4.39924430847168,4.396162986755371,4.442174434661865,4.430276870727539,4.370227813720703,4.409395217895508,4.3724164962768555,4.369034290313721,4.396483421325684,4.379420757293701,4.393559455871582,4.45640230178833,4.396176338195801
3.59,4.6616,0.0,4.6155104637146,4.623647212982178,4.60747766494751,4.619563102722168,4.612046241760254,4.6415815353393555,4.629200458526611,4.647385120391846,4.631580352783203,4.643788814544678,4.593976974487305,4.625619411468506,4.605696678161621,4.62354850769043,4.622946262359619,4.62150239944458,4.6258931159973145,4.661522388458252,4.635626792907715,4.626920700073242,4.6243486404418945,4.672667026519775,4.660364627838135,4.602693557739258,4.638125419616699,4.599985122680664,4.601346015930176,4.6310319900512695,4.615691661834717,4.629462718963623,4.685204029083252,4.62862491607666
3.6,4.70997,0.0,4.6155104637146,4.623647212982178,4.60747766494751,4.619563102722168,4.612046241760254,4.6415815353393555,4.629200458526611,4.647385120391846,4.631580352783203,4.643788814544678,4.593976974487305,4.625619411468506,4.605696678161621,4.62354850769043,4.622946262359619,4.62150239944458,4.6258931159973145,4.661522388458252,4.635626792907715,4.626920700073242,4.6243486404418945,4.672667026519775,4.660364627838135,4.602693557739258,4.638125419616699,4.599985122680664,4.601346015930176,4.6310319900512695,4.615691661834717,4.629462718963623,4.685204029083252,4.62862491607666
3.61,4.75844,0.0,4.6155104637146,4.623647212982178,4.60747766494751,4.619563102722168,4.612046241760254,4.6415815353393555,4.629200458526611,4.647385120391846,4.631580352783203,4.643788814544678,4.593976974487305,4.625619411468506,4.605696678161621,4.62354850769043,4.622946262359619,4.62150239944458,4.6258931159973145,4.661522388458252,4.635626792907715,4.626920700073242,4.6243486404418945,4.672667026519775,4.660364627838135,4.602693557739258,4.638125419616699,4.599985122680664,4.601346015930176,4.6310319900512695,4.615691661834717,4.629462718963623,4.685204029083252,4.62862491607666
3.62,4.80704,0.0,4.6155104637146,4.623647212982178,4.60747766494751,4.619563102722168,4.612046241760254,4.6415815353393555,4.629200458526611,4.647385120391846,4.631580352783203,4.643788814544678,4.593976974487305,4.625619411468506,4.605696678161621,4.62354850769043,4.622946262359619,4.62150239944458,4.6258931159973145,4.661522388458252,4.635626792907715,4.626920700073242,4.6243486404418945,4.672667026519775,4.660364627838135,4.602693557739258,4.638125419616699,4.599985122680664,4.601346015930176,4.6310319900512695,4.615691661834717,4.629462718963623,4.685204029083252,4.62862491607666
3.63,4.85575,0.0,4.6155104637146,4.623647212982178,4.60747766494751,4.619563102722168,4.612046241760254,4.6415815353393555,4.629200458526611,4.647385120391846,4.631580352783203,4.643788814544678,4.593976974487305,4.625619411468506,4.605696678161621,4.62354850769043,4.622946262359619,4.62150239944458,4.6258931159973145,4.661522388458252,4.635626792907715,4.626920700073242,4.6243486404418945,4.672667026519775,4.660364627838135,4.602693557739258,4.638125419616699,4.599985122680664,4.601346015930176,4.6310319900512695,4.615691661834717,4.629462718963623,4.685204029083252,4.62862491607666
3.64,4.90461,0.0,4.860686302185059,4.868617534637451,4.860594749450684,4.876081943511963,4.850847244262695,4.8850836753845215,4.875351905822754,4.897096633911133,4.872554779052734,4.883728981018066,4.832714080810547,4.865838527679443,4.8546953201293945,4.864398956298828,4.861291885375977,4.860000133514404,4.867506504058838,4.904860019683838,4.8775482177734375,4.870826721191406,4.868924140930176,4.912994384765625,4.900484085083008,4.855284690856934,4.878253936767578,4.839894771575928,4.841307640075684,4.875823974609375,4.862307071685791,4.877198696136475,4.926445484161377,4.878232955932617
3.65,4.9536,0.0,4.860686302185059,4.868617534637451,4.860594749450684,4.876081943511963,4.850847244262695,4.8850836753845215,4.875351905822754,4.897096633911133,4.872554779052734,4.883728981018066,4.832714080810547,4.865838527679443,4.8546953201293945,4.864398956298828,4.861291885375977,4.860000133514404,4.867506504058838,4.904860019683838,4.8775482177734375,4.870826721191406,4.868924140930176,4.912994384765625,4.900484085083008,4.855284690856934,4.878253936767578,4.839894771575928,4.841307640075684,4.875823974609375,4.862307071685791,4.877198696136475,4.926445484161377,4.878232955932617
3.66,5.00275,0.0,4.860686302185059,4.868617534637451,4.860594749450684,4.876081943511963,4.850847244262695,4.8850836753845215,4.875351905822754,4.897096633911133,4.872554779052734,4.883728981018066,4.832714080810547,4.865838527679443,4.8546953201293945,4.864398956298828,4.861291885375977,4.860000133514404,4.867506504058838,4.904860019683838,4.8775482177734375,4.870826721191406,4.868924140930176,4.912994384765625,4.900484085083008,4.855284690856934,4.878253936767578,4.839894771575928,4.841307640075684,4.875823974609375,4.862307071685791,4.877198696136475,4.926445484161377,4.878232955932617
3.67,5.05205,0.0,4.860686302185059,4.868617534637451,4.860594749450684,4.876081943511963,4.850847244262695,4.8850836753845215,4.875351905822754,4.897096633911133,4.872554779052734,4.883728981018066,4.832714080810547,4.865838527679443,4.8546953201293945,4.864398956298828,4.861291885375977,4.860000133514404,4.867506504058838,4.904860019683838,4.8775482177734375,4.870826721191406,4.868924140930176,4.912994384765625,4.900484085083008,4.855284690856934,4.878253936767578,4.839894771575928,4.841307640075684,4.875823974609375,4.862307071685791,4.877198696136475,4.926445484161377,4.878232955932617
3.68,5.10153,0.0,4.860686302185059,4.868617534637451,4.860594749450684,4.876081943511963,4.850847244262695,4.8850836753845215,4.875351905822754,4.897096633911133,4.872554779052734,4.883728981018066,4.832714080810547,4.865838527679443,4.8546953201293945,4.864398956298828,4.861291885375977,4.860000133514404,4.867506504058838,4.904860019683838,4.8775482177734375,4.870826721191406,4.868924140930176,4.912994384765625,4.900484085083008,4.855284690856934,4.878253936767578,4.839894771575928,4.841307640075684,4.875823974609375,4.862307071685791,4.877198696136475,4.926445484161377,4.878232955932617
3.69,5.15118,0.0,5.113593578338623,5.1194539070129395,5.115607261657715,5.1350274085998535,5.095017433166504,5.1334757804870605,5.127445220947266,5.149519443511963,5.121397018432617,5.131287574768066,5.07924222946167,5.113531112670898,5.10759162902832,5.114103317260742,5.108327865600586,5.108154296875,5.118388652801514,5.154353618621826,5.126807689666748,5.120671272277832,5.118660926818848,5.160499095916748,5.147541046142578,5.107029914855957,5.125361919403076,5.086518287658691,5.088145732879639,5.1267595291137695,5.113966464996338,5.129086017608643,5.175333499908447,5.131555080413818
3.7,5.201,0.0,5.113593578338623,5.1194539070129395,5.115607261657715,5.1350274085998535,5.095017433166504,5.1334757804870605,5.127445220947266,5.149519443511963,5.121397018432617,5.131287574768066,5.07924222946167,5.113531112670898,5.10759162902832,5.114103317260742,5.108327865600586,5.108154296875,5.118388652801514,5.154353618621826,5.126807689666748,5.120671272277832,5.118660926818848,5.160499095916748,5.147541046142578,5.107029914855957,5.125361919403076,5.086518287658691,5.088145732879639,5.1267595291137695,5.113966464996338,5.129086017608643,5.175333499908447,5.131555080413818
3.71,5.25101,0.0,5.113593578338623,5.1194539070129395,5.115607261657715,5.1350274085998535,5.095017433166504,5.1334757804870605,5.127445220947266,5.149519443511963,5.121397018432617,5.131287574768066,5.07924222946167,5.113531112670898,5.10759162902832,5.114103317260742,5.108327865600586,5.108154296875,5.118388652801514,5.154353618621826,5.126807689666748,5.120671272277832,5.118660926818848,5.160499095916748,5.147541046142578,5.107029914855957,5.125361919403076,5.086518287658691,5.088145732879639,5.1267595291137695,5.113966464996338,5.129086017608643,5.175333499908447,5.131555080413818
3.72,5.30122,0.0,5.113593578338623,5.1194539070129395,5.115607261657715,5.1350274085998535,5.095017433166504,5.1334757804870605,5.127445220947266,5.149519443511963,5.121397018432617,5.131287574768066,5.07924222946167,5.113531112670898,5.10759162902832,5.114103317260742,5.108327865600586,5.108154296875,5.118388652801514,5.154353618621826,5.126807689666748,5.120671272277832,5.118660926818848,5.160499095916748,5.147541046142578,5.107029914855957,5.125361919403076,5.086518287658691,5.088145732879639,5.1267595291137695,5.113966464996338,5.129086017608643,5.175333499908447,5.131555080413818
3.73,5.35162,0.0,5.113593578338623,5.1194539070129395,5.115607261657715,5.1350274085998535,5.095017433166504,5.1334757804870605,5.127445220947266,5.149519443511963,5.121397018432617,5.131287574768066,5.07924222946167,5.113531112670898,5.10759162902832,5.114103317260742,5.108327865600586,5.108154296875,5.118388652801514,5.154353618621826,5.126807689666748,5.120671272277832,5.118660926818848,5.160499095916748,5.147541046142578,5.107029914855957,5.125361919403076,5.086518287658691,5.088145732879639,5.1267595291137695,5.113966464996338,5.129086017608643,5.175333499908447,5.131555080413818
3.74,5.40223,0.0,5.376283168792725,5.381402492523193,5.388335704803467,5.405691623687744,5.35785436630249,5.404942989349365,5.403284072875977,5.420612335205078,5.372889518737793,5.385583877563477,5.332785129547119,5.365085124969482,5.381006240844727,5.367528438568115,5.3610639572143555,5.359630107879639,5.368651866912842,5.411221981048584,5.382827281951904,5.375060081481934,5.372612476348877,5.418102264404297,5.4041852951049805,5.378321647644043,5.380682468414307,5.342893600463867,5.343588352203369,5.389463424682617,5.377318859100342,5.392993450164795,5.4403977394104,5.400062561035156
3.75,5.45302,0.0,5.376283168792725,5.381402492523193,5.388335704803467,5.405691623687744,5.35785436630249,5.404942989349365,5.403284072875977,5.420612335205078,5.372889518737793,5.385583877563477,5.332785129547119,5.365085124969482,5.381006240844727,5.367528438568115,5.3610639572143555,5.359630107879639,5.368651866912842,5.411221981048584,5.382827281951904,5.375060081481934,5.372612476348877,5.418102264404297,5.4041852951049805,5.378321647644043,5.380682468414307,5.342893600463867,5.343588352203369,5.389463424682617,5.377318859100342,5.392993450164795,5.4403977394104,5.400062561035156
3.76,5.49384,0.0,5.376283168792725,5.381402492523193,5.388335704803467,5.405691623687744,5.35785436630249,5.404942989349365,5.403284072875977,5.420612335205078,5.372889518737793,5.385583877563477,5.332785129547119,5.365085124969482,5.381006240844727,5.367528438568115,5.3610639572143555,5.359630107879639,5.368651866912842,5.411221981048584,5.382827281951904,5.375060081481934,5.372612476348877,5.418102264404297,5.4041852951049805,5.378321647644043,5.380682468414307,5.342893600463867,5.343588352203369,5.389463424682617,5.377318859100342,5.392993450164795,5.4403977394104,5.400062561035156
3.77,5.55521,0.0,5.376283168792725,5.381402492523193,5.388335704803467,5.405691623687744,5.35785436630249,5.404942989349365,5.403284072875977,5.420612335205078,5.372889518737793,5.385583877563477,5.332785129547119,5.365085124969482,5.381006240844727,5.367528438568115,5.3610639572143555,5.359630107879639,5.368651866912842,5.411221981048584,5.382827281951904,5.375060081481934,5.372612476348877,5.418102264404297,5.4041852951049805,5.378321647644043,5.380682468414307,5.342893600463867,5.343588352203369,5.389463424682617,5.377318859100342,5.392993450164795,5.4403977394104,5.400062561035156
3.78,5.59635,0.0,5.376283168792725,5.381402492523193,5.388335704803467,5.405691623687744,5.35785436630249,5.404942989349365,5.403284072875977,5.420612335205078,5.372889518737793,5.385583877563477,5.332785129547119,5.365085124969482,5.381006240844727,5.367528438568115,5.3610639572143555,5.359630107879639,5.368651866912842,5.411221981048584,5.382827281951904,5.375060081481934,5.372612476348877,5.418102264404297,5.4041852951049805,5.378321647644043,5.380682468414307,5.342893600463867,5.343588352203369,5.389463424682617,5.377318859100342,5.392993450164795,5.4403977394104,5.400062561035156
3.79,5.65822,0.0,5.645137310028076,5.647739410400391,5.661086559295654,5.673415184020996,5.6295366287231445,5.6796650886535645,5.678171634674072,5.689909934997559,5.624551773071289,5.642844200134277,5.590754985809326,5.61709451675415,5.651759624481201,5.6225762367248535,5.617547035217285,5.613491058349609,5.621825695037842,5.6685662269592285,5.640839099884033,5.629393577575684,5.626750469207764,5.680916786193848,5.665823936462402,5.640033721923828,5.639260768890381,5.6013970375061035,5.60729455947876,5.661167621612549,5.647759914398193,5.66526460647583,5.713952541351318,5.6707353591918945
3.8,5.69964,0.0,5.645137310028076,5.647739410400391,5.661086559295654,5.673415184020996,5.6295366287231445,5.6796650886535645,5.678171634674072,5.689909934997559,5.624551773071289,5.642844200134277,5.590754985809326,5.61709451675415,5.651759624481201,5.6225762367248535,5.617547035217285,5.613491058349609,5.621825695037842,5.6685662269592285,5.640839099884033,5.629393577575684,5.626750469207764,5.680916786193848,5.665823936462402,5.640033721923828,5.639260768890381,5.6013970375061035,5.60729455947876,5.661167621612549,5.647759914398193,5.66526460647583,5.713952541351318,5.6707353591918945
3.81,5.76193,0.0,5.645137310028076,5.647739410400391,5.661086559295654,5.673415184020996,5.6295366287231445,5.6796650886535645,5.678171634674072,5.689909934997559,5.624551773071289,5.642844200134277,5.590754985809326,5.61709451675415,5.651759624481201,5.6225762367248535,5.617547035217285,5.613491058349609,5.621825695037842,5.6685662269592285,5.640839099884033,5.629393577575684,5.626750469207764,5.680916786193848,5.665823936462402,5.640033721923828,5.639260768890381,5.6013970375061035,5.60729455947876,5.661167621612549,5.647759914398193,5.66526460647583,5.713952541351318,5.6707353591918945
3.82,5.80366,0.0,5.645137310028076,5.647739410400391,5.661086559295654,5.673415184020996,5.6295366287231445,5.6796650886535645,5.678171634674072,5.689909934997559,5.624551773071289,5.642844200134277,5.590754985809326,5.61709451675415,5.651759624481201,5.6225762367248535,5.617547035217285,5.613491058349609,5.621825695037842,5.6685662269592285,5.640839099884033,5.629393577575684,5.626750469207764,5.680916786193848,5.665823936462402,5.640033721923828,5.639260768890381,5.6013970375061035,5.60729455947876,5.661167621612549,5.647759914398193,5.66526460647583,5.713952541351318,5.6707353591918945
3.83,5.86636,0.0,5.645137310028076,5.647739410400391,5.661086559295654,5.673415184020996,5.6295366287231445,5.6796650886535645,5.678171634674072,5.689909934997559,5.624551773071289,5.642844200134277,5.590754985809326,5.61709451675415,5.651759624481201,5.6225762367248535,5.617547035217285,5.613491058349609,5.621825695037842,5.6685662269592285,5.640839099884033,5.629393577575684,5.626750469207764,5.680916786193848,5.665823936462402,5.640033721923828,5.639260768890381,5.6013970375061035,5.60729455947876,5.661167621612549,5.647759914398193,5.66526460647583,5.713952541351318,5.6707353591918945
3.84,5.91882,0.0,5.911933422088623,5.904425621032715,5.921171188354492,5.928547382354736,5.899696350097656,5.943845748901367,5.936962127685547,5.944458484649658,5.880974769592285,5.902802467346191,5.85082483291626,5.873620510101318,5.903952598571777,5.881844997406006,5.877665042877197,5.872888088226318,5.884004592895508,5.927863597869873,5.899961948394775,5.887866020202637,5.885416030883789,5.944421768188477,5.928966522216797,5.8853254318237305,5.900603771209717,5.859728813171387,5.8705925941467285,5.922212600708008,5.906058311462402,5.922905445098877,5.986577987670898,5.935466289520264
3.85,5.97142,0.0,5.911933422088623,5.904425621032715,5.921171188354492,5.928547382354736,5.899696350097656,5.943845748901367,5.936962127685547,5.944458484649658,5.880974769592285,5.902802467346191,5.85082483291626,5.873620510101318,5.903952598571777,5.881844997406006,5.877665042877197,5.872888088226318,5.884004592895508,5.927863597869873,5.899961948394775,5.887866020202637,5.885416030883789,5.944421768188477,5.928966522216797,5.8853254318237305,5.900603771209717,5.859728813171387,5.8705925941467285,5.922212600708008,5.906058311462402,5.922905445098877,5.986577987670898,5.935466289520264
3.86,6.02415,0.0,5.911933422088623,5.904425621032715,5.921171188354492,5.928547382354736,5.899696350097656,5.943845748901367,5.936962127685547,5.944458484649658,5.880974769592285,5.902802467346191,5.85082483291626,5.873620510101318,5.903952598571777,5.881844997406006,5.877665042877197,5.872888088226318,5.884004592895508,5.927863597869873,5.899961948394775,5.887866020202637,5.885416030883789,5.944421768188477,5.928966522216797,5.8853254318237305,5.900603771209717,5.859728813171387,5.8705925941467285,5.922212600708008,5.906058311462402,5.922905445098877,5.986577987670898,5.935466289520264
3.87,6.07701,0.0,5.911933422088623,5.904425621032715,5.921171188354492,5.928547382354736,5.899696350097656,5.943845748901367,5.936962127685547,5.944458484649658,5.880974769592285,5.902802467346191,5.85082483291626,5.873620510101318,5.903952598571777,5.881844997406006,5.877665042877197,5.872888088226318,5.884004592895508,5.927863597869873,5.899961948394775,5.887866020202637,5.885416030883789,5.944421768188477,5.928966522216797,5.8853254318237305,5.900603771209717,5.859728813171387,5.8705925941467285,5.922212600708008,5.906058311462402,5.922905445098877,5.986577987670898,5.935466289520264
3.88,6.12998,0.0,5.911933422088623,5.904425621032715,5.921171188354492,5.928547382354736,5.899696350097656,5.943845748901367,5.936962127685547,5.944458484649658,5.880974769592285,5.902802467346191,5.85082483291626,5.873620510101318,5.903952598571777,5.881844997406006,5.877665042877197,5.872888088226318,5.884004592895508,5.927863597869873,5.899961948394775,5.887866020202637,5.885416030883789,5.944421768188477,5.928966522216797,5.8853254318237305,5.900603771209717,5.859728813171387,5.8705925941467285,5.922212600708008,5.906058311462402,5.922905445098877,5.986577987670898,5.935466289520264
3.89,6.18306,0.0,6.176732540130615,6.166772365570068,6.1752424240112305,6.181947231292725,6.160175323486328,6.194610595703125,6.182147979736328,6.1956562995910645,6.153570175170898,6.169010162353516,6.11292028427124,6.143190383911133,6.160017013549805,6.155843257904053,6.1434431076049805,6.142740726470947,6.162003517150879,6.198389053344727,6.166986465454102,6.160125732421875,6.159526824951172,6.211292266845703,6.194856643676758,6.157012939453125,6.16859245300293,6.1237874031066895,6.137266159057617,6.1795549392700195,6.168399333953857,6.181440830230713,6.252044677734375,6.195400238037109
3.9,6.23618,0.0,6.176732540130615,6.166772365570068,6.1752424240112305,6.181947231292725,6.160175323486328,6.194610595703125,6.182147979736328,6.1956562995910645,6.153570175170898,6.169010162353516,6.11292028427124,6.143190383911133,6.160017013549805,6.155843257904053,6.1434431076049805,6.142740726470947,6.162003517150879,6.198389053344727,6.166986465454102,6.160125732421875,6.159526824951172,6.211292266845703,6.194856643676758,6.157012939453125,6.16859245300293,6.1237874031066895,6.137266159057617,6.1795549392700195,6.168399333953857,6.181440830230713,6.252044677734375,6.195400238037109
3.91,6.2894,0.0,6.176732540130615,6.166772365570068,6.1752424240112305,6.181947231292725,6.160175323486328,6.194610595703125,6.182147979736328,6.1956562995910645,6.153570175170898,6.169010162353516,6.11292028427124,6.143190383911133,6.160017013549805,6.155843257904053,6.1434431076049805,6.142740726470947,6.162003517150879,6.198389053344727,6.166986465454102,6.160125732421875,6.159526824951172,6.211292266845703,6.194856643676758,6.157012939453125,6.16859245300293,6.1237874031066895,6.137266159057617,6.1795549392700195,6.168399333953857,6.181440830230713,6.252044677734375,6.195400238037109
3.92,6.34268,0.0,6.176732540130615,6.166772365570068,6.1752424240112305,6.181947231292725,6.160175323486328,6.194610595703125,6.182147979736328,6.1956562995910645,6.153570175170898,6.169010162353516,6.11292028427124,6.143190383911133,6.160017013549805,6.155843257904053,6.1434431076049805,6.142740726470947,6.162003517150879,6.198389053344727,6.166986465454102,6.160125732421875,6.159526824951172,6.211292266845703,6.194856643676758,6.157012939453125,6.16859245300293,6.1237874031066895,6.137266159057617,6.1795549392700195,6.168399333953857,6.181440830230713,6.252044677734375,6.195400238037109
3.93,6.39599,0.0,6.176732540130615,6.166772365570068,6.1752424240112305,6.181947231292725,6.160175323486328,6.194610595703125,6.182147979736328,6.1956562995910645,6.153570175170898,6.169010162353516,6.11292028427124,6.143190383911133,6.160017013549805,6.155843257904053,6.1434431076049805,6.142740726470947,6.162003517150879,6.198389053344727,6.166986465454102,6.160125732421875,6.159526824951172,6.211292266845703,6.194856643676758,6.157012939453125,6.16859245300293,6.1237874031066895,6.137266159057617,6.1795549392700195,6.168399333953857,6.181440830230713,6.252044677734375,6.195400238037109
3.94,6.44935,0.0,6.434422492980957,6.426392078399658,6.442159175872803,6.453402519226074,6.425581932067871,6.461525917053223,6.455386161804199,6.470927715301514,6.423274993896484,6.433086395263672,6.3738579750061035,6.410786151885986,6.428342819213867,6.426567554473877,6.406179428100586,6.408267498016357,6.431174278259277,6.467230319976807,6.433341026306152,6.430192947387695,6.429817199707031,6.4810709953308105,6.463199615478516,6.434244155883789,6.438597679138184,6.3931708335876465,6.402694225311279,6.440136909484863,6.432178974151611,6.443357944488525,6.5126051902771,6.456494331359863
3.95,6.50273,0.0,6.434422492980957,6.426392078399658,6.442159175872803,6.453402519226074,6.425581932067871,6.461525917053223,6.455386161804199,6.470927715301514,6.423274993896484,6.433086395263672,6.3738579750061035,6.410786151885986,6.428342819213867,6.426567554473877,6.406179428100586,6.408267498016357,6.431174278259277,6.467230319976807,6.433341026306152,6.430192947387695,6.429817199707031,6.4810709953308105,6.463199615478516,6.434244155883789,6.438597679138184,6.3931708335876465,6.402694225311279,6.440136909484863,6.432178974151611,6.443357944488525,6.5126051902771,6.456494331359863
3.96,6.55612,0.0,6.434422492980957,6.426392078399658,6.442159175872803,6.453402519226074,6.425581932067871,6.461525917053223,6.455386161804199,6.470927715301514,6.423274993896484,6.433086395263672,6.3738579750061035,6.410786151885986,6.428342819213867,6.426567554473877,6.406179428100586,6.408267498016357,6.431174278259277,6.467230319976807,6.433341026306152,6.430192947387695,6.429817199707031,6.4810709953308105,6.463199615478516,6.434244155883789,6.438597679138184,6.3931708335876465,6.402694225311279,6.440136909484863,6.432178974151611,6.443357944488525,6.5126051902771,6.456494331359863
3.97,6.60952,0.0,6.434422492980957,6.426392078399658,6.442159175872803,6.453402519226074,6.425581932067871,6.461525917053223,6.455386161804199,6.470927715301514,6.423274993896484,6.433086395263672,6.3738579750061035,6.410786151885986,6.428342819213867,6.426567554473877,6.406179428100586,6.408267498016357,6.431174278259277,6.467230319976807,6.433341026306152,6.430192947387695,6.429817199707031,6.4810709953308105,6.463199615478516,6.434244155883789,6.438597679138184,6.3931708335876465,6.402694225311279,6.440136909484863,6.432178974151611,6.443357944488525,6.5126051902771,6.456494331359863
3.98,6.66291,0.0,6.434422492980957,6.426392078399658,6.442159175872803,6.453402519226074,6.425581932067871,6.461525917053223,6.455386161804199,6.470927715301514,6.423274993896484,6.433086395263672,6.3738579750061035,6.410786151885986,6.428342819213867,6.426567554473877,6.406179428100586,6.408267498016357,6.431174278259277,6.467230319976807,6.433341026306152,6.430192947387695,6.429817199707031,6.4810709953308105,6.463199615478516,6.434244155883789,6.438597679138184,6.3931708335876465,6.402694225311279,6.440136909484863,6.432178974151611,6.443357944488525,6.5126051902771,6.456494331359863
3.99,6.71628,0.0,6.696611404418945,6.697960376739502,6.713615894317627,6.727479457855225,6.6963725090026855,6.734217643737793,6.731938362121582,6.7472825050354,6.6938934326171875,6.699211120605469,6.638606071472168,6.679317951202393,6.704166412353516,6.697323322296143,6.673553466796875,6.676446437835693,6.6999921798706055,6.733998775482178,6.700592994689941,6.697504997253418,6.696970462799072,6.752116680145264,6.733603477478027,6.702055931091309,6.709226608276367,6.664699554443359,6.668984889984131,6.708843231201172,6.706328868865967,6.71559476852417,6.774109363555908,6.72276496887207
4.0,6.76964,0.0,6.696611404418945,6.697960376739502,6.713615894317627,6.727479457855225,6.6963725090026855,6.734217643737793,6.731938362121582,6.7472825050354,6.6938934326171875,6.699211120605469,6.638606071472168,6.679317951202393,6.704166412353516,6.697323322296143,6.673553466796875,6.676446437835693,6.6999921798706055,6.733998775482178,6.700592994689941,6.697504997253418,6.696970462799072,6.752116680145264,6.733603477478027,6.702055931091309,6.709226608276367,6.664699554443359,6.668984889984131,6.708843231201172,6.706328868865967,6.71559476852417,6.774109363555908,6.72276496887207
4.01,6.82298,0.0,6.696611404418945,6.697960376739502,6.713615894317627,6.727479457855225,6.6963725090026855,6.734217643737793,6.731938362121582,6.7472825050354,6.6938934326171875,6.699211120605469,6.638606071472168,6.679317951202393,6.704166412353516,6.697323322296143,6.673553466796875,6.676446437835693,6.6999921798706055,6.733998775482178,6.700592994689941,6.697504997253418,6.696970462799072,6.752116680145264,6.733603477478027,6.702055931091309,6.709226608276367,6.664699554443359,6.668984889984131,6.708843231201172,6.706328868865967,6.71559476852417,6.774109363555908,6.72276496887207
4.02,6.86567,0.0,6.696611404418945,6.697960376739502,6.713615894317627,6.727479457855225,6.6963725090026855,6.734217643737793,6.731938362121582,6.7472825050354,6.6938934326171875,6.699211120605469,6.638606071472168,6.679317951202393,6.704166412353516,6.697323322296143,6.673553466796875,6.676446437835693,6.6999921798706055,6.733998775482178,6.700592994689941,6.697504997253418,6.696970462799072,6.752116680145264,6.733603477478027,6.702055931091309,6.709226608276367,6.664699554443359,6.668984889984131,6.708843231201172,6.706328868865967,6.71559476852417,6.774109363555908,6.72276496887207
4.03,6.91891,0.0,6.696611404418945,6.697960376739502,6.713615894317627,6.727479457855225,6.6963725090026855,6.734217643737793,6.731938362121582,6.7472825050354,6.6938934326171875,6.699211120605469,6.638606071472168,6.679317951202393,6.704166412353516,6.697323322296143,6.673553466796875,6.676446437835693,6.6999921798706055,6.733998775482178,6.700592994689941,6.697504997253418,6.696970462799072,6.752116680145264,6.733603477478027,6.702055931091309,6.709226608276367,6.664699554443359,6.668984889984131,6.708843231201172,6.706328868865967,6.71559476852417,6.774109363555908,6.72276496887207
4.04,6.98282,0.0,6.9541192054748535,6.95405912399292,6.970771312713623,6.978184700012207,6.957934379577637,6.986560821533203,6.979789733886719,6.987295627593994,6.952906608581543,6.95805549621582,6.8974995613098145,6.939169406890869,6.956738471984863,6.957172870635986,6.934910774230957,6.935201168060303,6.9570465087890625,6.991159915924072,6.959165573120117,6.952749252319336,6.952425956726074,7.0089945793151855,6.991453170776367,6.943973541259766,6.964656829833984,6.917969703674316,6.930131435394287,6.965078353881836,6.962506294250488,6.967414855957031,7.031978607177734,6.9812912940979
4.05,7.03604,0.0,6.9541192054748535,6.95405912399292,6.970771312713623,6.978184700012207,6.957934379577637,6.986560821533203,6.979789733886719,6.987295627593994,6.952906608581543,6.95805549621582,6.8974995613098145,6.939169406890869,6.956738471984863,6.957172870635986,6.934910774230957,6.935201168060303,6.9570465087890625,6.991159915924072,6.959165573120117,6.952749252319336,6.952425956726074,7.0089945793151855,6.991453170776367,6.943973541259766,6.964656829833984,6.917969703674316,6.930131435394287,6.965078353881836,6.962506294250488,6.967414855957031,7.031978607177734,6.9812912940979
4.06,7.07864,0.0,6.9541192054748535,6.95405912399292,6.970771312713623,6.978184700012207,6.957934379577637,6.986560821533203,6.979789733886719,6.987295627593994,6.952906608581543,6.95805549621582,6.8974995613098145,6.939169406890869,6.956738471984863,6.957172870635986,6.934910774230957,6.935201168060303,6.9570465087890625,6.991159915924072,6.959165573120117,6.952749252319336,6.952425956726074,7.0089945793151855,6.991453170776367,6.943973541259766,6.964656829833984,6.917969703674316,6.930131435394287,6.965078353881836,6.962506294250488,6.967414855957031,7.031978607177734,6.9812912940979
4.07,7.13176,0.0,6.9541192054748535,6.95405912399292,6.970771312713623,6.978184700012207,6.957934379577637,6.986560821533203,6.979789733886719,6.987295627593994,6.952906608581543,6.95805549621582,6.8974995613098145,6.939169406890869,6.956738471984863,6.957172870635986,6.934910774230957,6.935201168060303,6.9570465087890625,6.991159915924072,6.959165573120117,6.952749252319336,6.952425956726074,7.0089945793151855,6.991453170776367,6.943973541259766,6.964656829833984,6.917969703674316,6.930131435394287,6.965078353881836,6.962506294250488,6.967414855957031,7.031978607177734,6.9812912940979
4.08,7.19553,0.0,6.9541192054748535,6.95405912399292,6.970771312713623,6.978184700012207,6.957934379577637,6.986560821533203,6.979789733886719,6.987295627593994,6.952906608581543,6.95805549621582,6.8974995613098145,6.939169406890869,6.956738471984863,6.957172870635986,6.934910774230957,6.935201168060303,6.9570465087890625,6.991159915924072,6.959165573120117,6.952749252319336,6.952425956726074,7.0089945793151855,6.991453170776367,6.943973541259766,6.964656829833984,6.917969703674316,6.930131435394287,6.965078353881836,6.962506294250488,6.967414855957031,7.031978607177734,6.9812912940979
4.09,7.24865,0.0,7.218015193939209,7.216833591461182,7.2383928298950195,7.242433547973633,7.224484443664551,7.250513076782227,7.247984886169434,7.249282360076904,7.213566780090332,7.218657970428467,7.157270908355713,7.199440002441406,7.227654933929443,7.214262962341309,7.193284034729004,7.190470218658447,7.213382244110107,7.247673988342285,7.215489387512207,7.207733154296875,7.207254409790039,7.264550685882568,7.246955394744873,7.217512130737305,7.2190704345703125,7.172234058380127,7.195356845855713,7.225523948669434,7.225782871246338,7.226216793060303,7.296365261077881,7.245123863220215
4.1,7.30174,0.0,7.218015193939209,7.216833591461182,7.2383928298950195,7.242433547973633,7.224484443664551,7.250513076782227,7.247984886169434,7.249282360076904,7.213566780090332,7.218657970428467,7.157270908355713,7.199440002441406,7.227654933929443,7.214262962341309,7.193284034729004,7.190470218658447,7.213382244110107,7.247673988342285,7.215489387512207,7.207733154296875,7.207254409790039,7.264550685882568,7.246955394744873,7.217512130737305,7.2190704345703125,7.172234058380127,7.195356845855713,7.225523948669434,7.225782871246338,7.226216793060303,7.296365261077881,7.245123863220215
4.11,7.35483,0.0,7.218015193939209,7.216833591461182,7.2383928298950195,7.242433547973633,7.224484443664551,7.250513076782227,7.247984886169434,7.249282360076904,7.213566780090332,7.218657970428467,7.157270908355713,7.199440002441406,7.227654933929443,7.214262962341309,7.193284034729004,7.190470218658447,7.213382244110107,7.247673988342285,7.215489387512207,7.207733154296875,7.207254409790039,7.264550685882568,7.246955394744873,7.217512130737305,7.2190704345703125,7.172234058380127,7.195356845855713,7.225523948669434,7.225782871246338,7.226216793060303,7.296365261077881,7.245123863220215
4.12,7.40792,0.0,7.218015193939209,7.216833591461182,7.2383928298950195,7.242433547973633,7.224484443664551,7.250513076782227,7.247984886169434,7.249282360076904,7.213566780090332,7.218657970428467,7.157270908355713,7.199440002441406,7.227654933929443,7.214262962341309,7.193284034729004,7.190470218658447,7.213382244110107,7.247673988342285,7.215489387512207,7.207733154296875,7.207254409790039,7.264550685882568,7.246955394744873,7.217512130737305,7.2190704345703125,7.172234058380127,7.195356845855713,7.225523948669434,7.225782871246338,7.226216793060303,7.296365261077881,7.245123863220215
4.13,7.46099,0.0,7.218015193939209,7.216833591461182,7.2383928298950195,7.242433547973633,7.224484443664551,7.250513076782227,7.247984886169434,7.249282360076904,7.213566780090332,7.218657970428467,7.157270908355713,7.199440002441406,7.227654933929443,7.214262962341309,7.193284034729004,7.190470218658447,7.213382244110107,7.247673988342285,7.215489387512207,7.207733154296875,7.207254409790039,7.264550685882568,7.246955394744873,7.217512130737305,7.2190704345703125,7.172234058380127,7.195356845855713,7.225523948669434,7.225782871246338,7.226216793060303,7.296365261077881,7.245123863220215
4.14,7.51408,0.0,7.485385417938232,7.488839626312256,7.51587438583374,7.525999069213867,7.496791839599609,7.5231547355651855,7.527790069580078,7.540805339813232,7.486037254333496,7.488556861877441,7.426141262054443,7.470083236694336,7.505807876586914,7.486819744110107,7.461747169494629,7.460368633270264,7.488361358642578,7.517655849456787,7.48372220993042,7.479722023010254,7.480058193206787,7.534937858581543,7.516186714172363,7.500109672546387,7.490159511566162,7.445217132568359,7.467399597167969,7.499235153198242,7.509040355682373,7.508741855621338,7.565614223480225,7.515562057495117
4.15,7.56717,0.0,7.485385417938232,7.488839626312256,7.51587438583374,7.525999069213867,7.496791839599609,7.5231547355651855,7.527790069580078,7.540805339813232,7.486037254333496,7.488556861877441,7.426141262054443,7.470083236694336,7.505807876586914,7.486819744110107,7.461747169494629,7.460368633270264,7.488361358642578,7.517655849456787,7.48372220993042,7.479722023010254,7.480058193206787,7.534937858581543,7.516186714172363,7.500109672546387,7.490159511566162,7.445217132568359,7.467399597167969,7.499235153198242,7.509040355682373,7.508741855621338,7.565614223480225,7.515562057495117
4.16,7.62028,0.0,7.485385417938232,7.488839626312256,7.51587438583374,7.525999069213867,7.496791839599609,7.5231547355651855,7.527790069580078,7.540805339813232,7.486037254333496,7.488556861877441,7.426141262054443,7.470083236694336,7.505807876586914,7.486819744110107,7.461747169494629,7.460368633270264,7.488361358642578,7.517655849456787,7.48372220993042,7.479722023010254,7.480058193206787,7.534937858581543,7.516186714172363,7.500109672546387,7.490159511566162,7.445217132568359,7.467399597167969,7.499235153198242,7.509040355682373,7.508741855621338,7.565614223480225,7.515562057495117
4.17,7.67341,0.0,7.485385417938232,7.488839626312256,7.51587438583374,7.525999069213867,7.496791839599609,7.5231547355651855,7.527790069580078,7.540805339813232,7.486037254333496,7.488556861877441,7.426141262054443,7.470083236694336,7.505807876586914,7.486819744110107,7.461747169494629,7.460368633270264,7.488361358642578,7.517655849456787,7.48372220993042,7.479722023010254,7.480058193206787,7.534937858581543,7.516186714172363,7.500109672546387,7.490159511566162,7.445217132568359,7.467399597167969,7.499235153198242,7.509040355682373,7.508741855621338,7.565614223480225,7.515562057495117
4.18,7.72657,0.0,7.485385417938232,7.488839626312256,7.51587438583374,7.525999069213867,7.496791839599609,7.5231547355651855,7.527790069580078,7.540805339813232,7.486037254333496,7.488556861877441,7.426141262054443,7.470083236694336,7.505807876586914,7.486819744110107,7.461747169494629,7.460368633270264,7.488361358642578,7.517655849456787,7.48372220993042,7.479722023010254,7.480058193206787,7.534937858581543,7.516186714172363,7.500109672546387,7.490159511566162,7.445217132568359,7.467399597167969,7.499235153198242,7.509040355682373,7.508741855621338,7.565614223480225,7.515562057495117
4.19,7.7798,0.0,7.757897853851318,7.761458873748779,7.797043800354004,7.808135032653809,7.7749128341674805,7.799077987670898,7.806365013122559,7.817246913909912,7.757539749145508,7.760968208312988,7.698334217071533,7.741967678070068,7.784544944763184,7.761897563934326,7.733622074127197,7.731722354888916,7.760047912597656,7.7937846183776855,7.757978439331055,7.754951477050781,7.755151271820068,7.80888557434082,7.789043426513672,7.774579048156738,7.763127326965332,7.718794822692871,7.742222309112549,7.773392677307129,7.785072326660156,7.784371852874756,7.8394341468811035,7.790053367614746
4.2,7.83299,0.0,7.757897853851318,7.761458873748779,7.797043800354004,7.808135032653809,7.7749128341674805,7.799077987670898,7.806365013122559,7.817246913909912,7.757539749145508,7.760968208312988,7.698334217071533,7.741967678070068,7.784544944763184,7.761897563934326,7.733622074127197,7.731722354888916,7.760047912597656,7.7937846183776855,7.757978439331055,7.754951477050781,7.755151271820068,7.80888557434082,7.789043426513672,7.774579048156738,7.763127326965332,7.718794822692871,7.742222309112549,7.773392677307129,7.785072326660156,7.784371852874756,7.8394341468811035,7.790053367614746
4.21,7.88626,0.0,7.757897853851318,7.761458873748779,7.797043800354004,7.808135032653809,7.7749128341674805,7.799077987670898,7.806365013122559,7.817246913909912,7.757539749145508,7.760968208312988,7.698334217071533,7.741967678070068,7.784544944763184,7.761897563934326,7.733622074127197,7.731722354888916,7.760047912597656,7.7937846183776855,7.757978439331055,7.754951477050781,7.755151271820068,7.80888557434082,7.789043426513672,7.774579048156738,7.763127326965332,7.718794822692871,7.742222309112549,7.773392677307129,7.785072326660156,7.784371852874756,7.8394341468811035,7.790053367614746
4.22,7.93958,0.0,7.757897853851318,7.761458873748779,7.797043800354004,7.808135032653809,7.7749128341674805,7.799077987670898,7.806365013122559,7.817246913909912,7.757539749145508,7.760968208312988,7.698334217071533,7.741967678070068,7.784544944763184,7.761897563934326,7.733622074127197,7.731722354888916,7.760047912597656,7.7937846183776855,7.757978439331055,7.754951477050781,7.755151271820068,7.80888557434082,7.789043426513672,7.774579048156738,7.763127326965332,7.718794822692871,7.742222309112549,7.773392677307129,7.785072326660156,7.784371852874756,7.8394341468811035,7.790053367614746
4.23,7.99294,0.0,7.757897853851318,7.761458873748779,7.797043800354004,7.808135032653809,7.7749128341674805,7.799077987670898,7.806365013122559,7.817246913909912,7.757539749145508,7.760968208312988,7.698334217071533,7.741967678070068,7.784544944763184,7.761897563934326,7.733622074127197,7.731722354888916,7.760047912597656,7.7937846183776855,7.757978439331055,7.754951477050781,7.755151271820068,7.80888557434082,7.789043426513672,7.774579048156738,7.763127326965332,7.718794822692871,7.742222309112549,7.773392677307129,7.785072326660156,7.784371852874756,7.8394341468811035,7.790053367614746
4.24,8.04636,0.0,8.030041694641113,8.032841682434082,8.073188781738281,8.078638076782227,8.05439281463623,8.07506275177002,8.083621978759766,8.083100318908691,8.025219917297363,8.032392501831055,7.971014976501465,8.010967254638672,8.059014320373535,8.033745765686035,8.006200790405273,8.003662109375,8.03200912475586,8.065631866455078,8.03100299835205,8.026467323303223,8.026144981384277,8.082921028137207,8.062867164611816,8.042573928833008,8.035811424255371,7.9915032386779785,8.018379211425781,8.046927452087402,8.057018280029297,8.054771423339844,8.115361213684082,8.063538551330566
4.25,8.09983,0.0,8.030041694641113,8.032841682434082,8.073188781738281,8.078638076782227,8.05439281463623,8.07506275177002,8.083621978759766,8.083100318908691,8.025219917297363,8.032392501831055,7.971014976501465,8.010967254638672,8.059014320373535,8.033745765686035,8.006200790405273,8.003662109375,8.03200912475586,8.065631866455078,8.03100299835205,8.026467323303223,8.026144981384277,8.082921028137207,8.062867164611816,8.042573928833008,8.035811424255371,7.9915032386779785,8.018379211425781,8.046927452087402,8.057018280029297,8.054771423339844,8.115361213684082,8.063538551330566
4.26,8.15335,0.0,8.030041694641113,8.032841682434082,8.073188781738281,8.078638076782227,8.05439281463623,8.07506275177002,8.083621978759766,8.083100318908691,8.025219917297363,8.032392501831055,7.971014976501465,8.010967254638672,8.059014320373535,8.033745765686035,8.006200790405273,8.003662109375,8.03200912475586,8.065631866455078,8.03100299835205,8.026467323303223,8.026144981384277,8.082921028137207,8.062867164611816,8.042573928833008,8.035811424255371,7.9915032386779785,8.018379211425781,8.046927452087402,8.057018280029297,8.054771423339844,8.115361213684082,8.063538551330566
4.27,8.19621,0.0,8.030041694641113,8.032841682434082,8.073188781738281,8.078638076782227,8.05439281463623,8.07506275177002,8.083621978759766,8.083100318908691,8.025219917297363,8.032392501831055,7.971014976501465,8.010967254638672,8.059014320373535,8.033745765686035,8.006200790405273,8.003662109375,8.03200912475586,8.065631866455078,8.03100299835205,8.026467323303223,8.026144981384277,8.082921028137207,8.062867164611816,8.042573928833008,8.035811424255371,7.9915032386779785,8.018379211425781,8.046927452087402,8.057018280029297,8.054771423339844,8.115361213684082,8.063538551330566
4.28,8.26058,0.0,8.030041694641113,8.032841682434082,8.073188781738281,8.078638076782227,8.05439281463623,8.07506275177002,8.083621978759766,8.083100318908691,8.025219917297363,8.032392501831055,7.971014976501465,8.010967254638672,8.059014320373535,8.033745765686035,8.006200790405273,8.003662109375,8.03200912475586,8.065631866455078,8.03100299835205,8.026467323303223,8.026144981384277,8.082921028137207,8.062867164611816,8.042573928833008,8.035811424255371,7.9915032386779785,8.018379211425781,8.046927452087402,8.057018280029297,8.054771423339844,8.115361213684082,8.063538551330566
4.29,8.31428,0.0,8.29275131225586,8.296916961669922,8.342089653015137,8.344332695007324,8.327984809875488,8.343605041503906,8.352252960205078,8.3544921875,8.290094375610352,8.29902172088623,8.23862361907959,8.276479721069336,8.321924209594727,8.302587509155273,8.275459289550781,8.272342681884766,8.300701141357422,8.33321762084961,8.300321578979492,8.293929100036621,8.293846130371094,8.35278606414795,8.332749366760254,8.300891876220703,8.305126190185547,8.259756088256836,8.289267539978027,8.313102722167969,8.326705932617188,8.319941520690918,8.385616302490234,8.332728385925293
4.3,8.36804,0.0,8.29275131225586,8.296916961669922,8.342089653015137,8.344332695007324,8.327984809875488,8.343605041503906,8.352252960205078,8.3544921875,8.290094375610352,8.29902172088623,8.23862361907959,8.276479721069336,8.321924209594727,8.302587509155273,8.275459289550781,8.272342681884766,8.300701141357422,8.33321762084961,8.300321578979492,8.293929100036621,8.293846130371094,8.35278606414795,8.332749366760254,8.300891876220703,8.305126190185547,8.259756088256836,8.289267539978027,8.313102722167969,8.326705932617188,8.319941520690918,8.385616302490234,8.332728385925293
4.31,8.41109,0.0,8.29275131225586,8.296916961669922,8.342089653015137,8.344332695007324,8.327984809875488,8.343605041503906,8.352252960205078,8.3544921875,8.290094375610352,8.29902172088623,8.23862361907959,8.276479721069336,8.321924209594727,8.302587509155273,8.275459289550781,8.272342681884766,8.300701141357422,8.33321762084961,8.300321578979492,8.293929100036621,8.293846130371094,8.35278606414795,8.332749366760254,8.300891876220703,8.305126190185547,8.259756088256836,8.289267539978027,8.313102722167969,8.326705932617188,8.319941520690918,8.385616302490234,8.332728385925293
4.32,8.47572,0.0,8.29275131225586,8.296916961669922,8.342089653015137,8.344332695007324,8.327984809875488,8.343605041503906,8.352252960205078,8.3544921875,8.290094375610352,8.29902172088623,8.23862361907959,8.276479721069336,8.321924209594727,8.302587509155273,8.275459289550781,8.272342681884766,8.300701141357422,8.33321762084961,8.300321578979492,8.293929100036621,8.293846130371094,8.35278606414795,8.332749366760254,8.300891876220703,8.305126190185547,8.259756088256836,8.289267539978027,8.313102722167969,8.326705932617188,8.319941520690918,8.385616302490234,8.332728385925293
4.33,8.52965,0.0,8.29275131225586,8.296916961669922,8.342089653015137,8.344332695007324,8.327984809875488,8.343605041503906,8.352252960205078,8.3544921875,8.290094375610352,8.29902172088623,8.23862361907959,8.276479721069336,8.321924209594727,8.302587509155273,8.275459289550781,8.272342681884766,8.300701141357422,8.33321762084961,8.300321578979492,8.293929100036621,8.293846130371094,8.35278606414795,8.332749366760254,8.300891876220703,8.305126190185547,8.259756088256836,8.289267539978027,8.313102722167969,8.326705932617188,8.319941520690918,8.385616302490234,8.332728385925293
4.34,8.58363,0.0,8.554962158203125,8.559063911437988,8.604598045349121,8.604924201965332,8.599039077758789,8.608545303344727,8.617454528808594,8.616344451904297,8.552998542785645,8.561227798461914,8.501668930053711,8.539356231689453,8.586871147155762,8.564459800720215,8.537368774414062,8.53311538696289,8.561869621276855,8.592669486999512,8.561163902282715,8.553364753723145,8.553179740905762,8.614777565002441,8.594992637634277,8.563822746276855,8.567086219787598,8.520628929138184,8.555347442626953,8.570293426513672,8.586977005004883,8.575260162353516,8.651483535766602,8.59514331817627
4.35,8.62684,0.0,8.554962158203125,8.559063911437988,8.604598045349121,8.604924201965332,8.599039077758789,8.608545303344727,8.617454528808594,8.616344451904297,8.552998542785645,8.561227798461914,8.501668930053711,8.539356231689453,8.586871147155762,8.564459800720215,8.537368774414062,8.53311538696289,8.561869621276855,8.592669486999512,8.561163902282715,8.553364753723145,8.553179740905762,8.614777565002441,8.594992637634277,8.563822746276855,8.567086219787598,8.520628929138184,8.555347442626953,8.570293426513672,8.586977005004883,8.575260162353516,8.651483535766602,8.59514331817627
4.36,8.69172,0.0,8.554962158203125,8.559063911437988,8.604598045349121,8.604924201965332,8.599039077758789,8.608545303344727,8.617454528808594,8.616344451904297,8.552998542785645,8.561227798461914,8.501668930053711,8.539356231689453,8.586871147155762,8.564459800720215,8.537368774414062,8.53311538696289,8.561869621276855,8.592669486999512,8.561163902282715,8.553364753723145,8.553179740905762,8.614777565002441,8.594992637634277,8.563822746276855,8.567086219787598,8.520628929138184,8.555347442626953,8.570293426513672,8.586977005004883,8.575260162353516,8.651483535766602,8.59514331817627
4.37,8.74583,0.0,8.554962158203125,8.559063911437988,8.604598045349121,8.604924201965332,8.599039077758789,8.608545303344727,8.617454528808594,8.616344451904297,8.552998542785645,8.561227798461914,8.501668930053711,8.539356231689453,8.586871147155762,8.564459800720215,8.537368774414062,8.53311538696289,8.561869621276855,8.592669486999512,8.561163902282715,8.553364753723145,8.553179740905762,8.614777565002441,8.594992637634277,8.563822746276855,8.567086219787598,8.520628929138184,8.555347442626953,8.570293426513672,8.586977005004883,8.575260162353516,8.651483535766602,8.59514331817627
4.38,8.79998,0.0,8.554962158203125,8.559063911437988,8.604598045349121,8.604924201965332,8.599039077758789,8.608545303344727,8.617454528808594,8.616344451904297,8.552998542785645,8.561227798461914,8.501668930053711,8.539356231689453,8.586871147155762,8.564459800720215,8.537368774414062,8.53311538696289,8.561869621276855,8.592669486999512,8.561163902282715,8.553364753723145,8.553179740905762,8.614777565002441,8.594992637634277,8.563822746276855,8.567086219787598,8.520628929138184,8.555347442626953,8.570293426513672,8.586977005004883,8.575260162353516,8.651483535766602,8.59514331817627
4.39,8.85419,0.0,8.821562767028809,8.826286315917969,8.873939514160156,8.875168800354004,8.869393348693848,8.87423324584961,8.886815071105957,8.884507179260254,8.822773933410645,8.827353477478027,8.767511367797852,8.807574272155762,8.853686332702637,8.833983421325684,8.80402946472168,8.799651145935059,8.83128547668457,8.859046936035156,8.826379776000977,8.819374084472656,8.819704055786133,8.878570556640625,8.858855247497559,8.830587387084961,8.831453323364258,8.784639358520508,8.825579643249512,8.836137771606445,8.860014915466309,8.845264434814453,8.917152404785156,8.860560417175293
4.4,8.90836,0.0,8.821562767028809,8.826286315917969,8.873939514160156,8.875168800354004,8.869393348693848,8.87423324584961,8.886815071105957,8.884507179260254,8.822773933410645,8.827353477478027,8.767511367797852,8.807574272155762,8.853686332702637,8.833983421325684,8.80402946472168,8.799651145935059,8.83128547668457,8.859046936035156,8.826379776000977,8.819374084472656,8.819704055786133,8.878570556640625,8.858855247497559,8.830587387084961,8.831453323364258,8.784639358520508,8.825579643249512,8.836137771606445,8.860014915466309,8.845264434814453,8.917152404785156,8.860560417175293
4.41,8.96259,0.0,8.821562767028809,8.826286315917969,8.873939514160156,8.875168800354004,8.869393348693848,8.87423324584961,8.886815071105957,8.884507179260254,8.822773933410645,8.827353477478027,8.767511367797852,8.807574272155762,8.853686332702637,8.833983421325684,8.80402946472168,8.799651145935059,8.83128547668457,8.859046936035156,8.826379776000977,8.819374084472656,8.819704055786133,8.878570556640625,8.858855247497559,8.830587387084961,8.831453323364258,8.784639358520508,8.825579643249512,8.836137771606445,8.860014915466309,8.845264434814453,8.917152404785156,8.860560417175293
4.42,9.01683,0.0,8.821562767028809,8.826286315917969,8.873939514160156,8.875168800354004,8.869393348693848,8.87423324584961,8.886815071105957,8.884507179260254,8.822773933410645,8.827353477478027,8.767511367797852,8.807574272155762,8.853686332702637,8.833983421325684,8.80402946472168,8.799651145935059,8.83128547668457,8.859046936035156,8.826379776000977,8.819374084472656,8.819704055786133,8.878570556640625,8.858855247497559,8.830587387084961,8.831453323364258,8.784639358520508,8.825579643249512,8.836137771606445,8.860014915466309,8.845264434814453,8.917152404785156,8.860560417175293
4.43,9.07107,0.0,8.821562767028809,8.826286315917969,8.873939514160156,8.875168800354004,8.869393348693848,8.87423324584961,8.886815071105957,8.884507179260254,8.822773933410645,8.827353477478027,8.767511367797852,8.807574272155762,8.853686332702637,8.833983421325684,8.80402946472168,8.799651145935059,8.83128547668457,8.859046936035156,8.826379776000977,8.819374084472656,8.819704055786133,8.878570556640625,8.858855247497559,8.830587387084961,8.831453323364258,8.784639358520508,8.825579643249512,8.836137771606445,8.860014915466309,8.845264434814453,8.917152404785156,8.860560417175293
4.44,9.12531,0.0,9.088163375854492,9.094472885131836,9.14604663848877,9.147610664367676,9.137697219848633,9.141228675842285,9.156672477722168,9.155586242675781,9.093377113342285,9.095523834228516,9.034622192382812,9.077535629272461,9.122207641601562,9.105889320373535,9.073346138000488,9.068629264831543,9.101106643676758,9.128047943115234,9.09389591217041,9.087712287902832,9.088354110717773,9.143925666809082,9.124127388000488,9.097572326660156,9.097628593444824,9.05095386505127,9.095175743103027,9.101431846618652,9.129342079162598,9.111738204956055,9.182881355285645,9.129511833190918
4.45,9.17956,0.0,9.088163375854492,9.094472885131836,9.14604663848877,9.147610664367676,9.137697219848633,9.141228675842285,9.156672477722168,9.155586242675781,9.093377113342285,9.095523834228516,9.034622192382812,9.077535629272461,9.122207641601562,9.105889320373535,9.073346138000488,9.068629264831543,9.101106643676758,9.128047943115234,9.09389591217041,9.087712287902832,9.088354110717773,9.143925666809082,9.124127388000488,9.097572326660156,9.097628593444824,9.05095386505127,9.095175743103027,9.101431846618652,9.129342079162598,9.111738204956055,9.182881355285645,9.129511833190918
4.46,9.23378,0.0,9.088163375854492,9.094472885131836,9.14604663848877,9.147610664367676,9.137697219848633,9.141228675842285,9.156672477722168,9.155586242675781,9.093377113342285,9.095523834228516,9.034622192382812,9.077535629272461,9.122207641601562,9.105889320373535,9.073346138000488,9.068629264831543,9.101106643676758,9.128047943115234,9.09389591217041,9.087712287902832,9.088354110717773,9.143925666809082,9.124127388000488,9.097572326660156,9.097628593444824,9.05095386505127,9.095175743103027,9.101431846618652,9.129342079162598,9.111738204956055,9.182881355285645,9.129511833190918
4.47,9.28797,0.0,9.088163375854492,9.094472885131836,9.14604663848877,9.147610664367676,9.137697219848633,9.141228675842285,9.156672477722168,9.155586242675781,9.093377113342285,9.095523834228516,9.034622192382812,9.077535629272461,9.122207641601562,9.105889320373535,9.073346138000488,9.068629264831543,9.101106643676758,9.128047943115234,9.09389591217041,9.087712287902832,9.088354110717773,9.143925666809082,9.124127388000488,9.097572326660156,9.097628593444824,9.05095386505127,9.095175743103027,9.101431846618652,9.129342079162598,9.111738204956055,9.182881355285645,9.129511833190918
4.48,9.34214,0.0,9.088163375854492,9.094472885131836,9.14604663848877,9.147610664367676,9.137697219848633,9.141228675842285,9.156672477722168,9.155586242675781,9.093377113342285,9.095523834228516,9.034622192382812,9.077535629272461,9.122207641601562,9.105889320373535,9.073346138000488,9.068629264831543,9.101106643676758,9.128047943115234,9.09389591217041,9.087712287902832,9.088354110717773,9.143925666809082,9.124127388000488,9.097572326660156,9.097628593444824,9.05095386505127,9.095175743103027,9.101431846618652,9.129342079162598,9.111738204956055,9.182881355285645,9.129511833190918
4.49,9.39626,0.0,9.351597785949707,9.358665466308594,9.413395881652832,9.412957191467285,9.407767295837402,9.411054611206055,9.428805351257324,9.424727439880371,9.358453750610352,9.361889839172363,9.30150032043457,9.344213485717773,9.390427589416504,9.372173309326172,9.339706420898438,9.334540367126465,9.366454124450684,9.393424034118652,9.359944343566895,9.35375690460205,9.353553771972656,9.409817695617676,9.389418601989746,9.365673065185547,9.363607406616211,9.317909240722656,9.36181926727295,9.363733291625977,9.392815589904785,9.373023986816406,9.447206497192383,9.39484691619873
4.5,9.45036,0.0,9.351597785949707,9.358665466308594,9.413395881652832,9.412957191467285,9.407767295837402,9.411054611206055,9.428805351257324,9.424727439880371,9.358453750610352,9.361889839172363,9.30150032043457,9.344213485717773,9.390427589416504,9.372173309326172,9.339706420898438,9.334540367126465,9.366454124450684,9.393424034118652,9.359944343566895,9.35375690460205,9.353553771972656,9.409817695617676,9.389418601989746,9.365673065185547,9.363607406616211,9.317909240722656,9.36181926727295,9.363733291625977,9.392815589904785,9.373023986816406,9.447206497192383,9.39484691619873
4.51,9.50435,0.0,9.351597785949707,9.358665466308594,9.413395881652832,9.412957191467285,9.407767295837402,9.411054611206055,9.428805351257324,9.424727439880371,9.358453750610352,9.361889839172363,9.30150032043457,9.344213485717773,9.390427589416504,9.372173309326172,9.339706420898438,9.334540367126465,9.366454124450684,9.393424034118652,9.359944343566895,9.35375690460205,9.353553771972656,9.409817695617676,9.389418601989746,9.365673065185547,9.363607406616211,9.317909240722656,9.36181926727295,9.363733291625977,9.392815589904785,9.373023986816406,9.447206497192383,9.39484691619873
4.52,9.54756,0.0,9.351597785949707,9.358665466308594,9.413395881652832,9.412957191467285,9.407767295837402,9.411054611206055,9.428805351257324,9.424727439880371,9.358453750610352,9.361889839172363,9.30150032043457,9.344213485717773,9.390427589416504,9.372173309326172,9.339706420898438,9.334540367126465,9.366454124450684,9.393424034118652,9.359944343566895,9.35375690460205,9.353553771972656,9.409817695617676,9.389418601989746,9.365673065185547,9.363607406616211,9.317909240722656,9.36181926727295,9.363733291625977,9.392815589904785,9.373023986816406,9.447206497192383,9.39484691619873
4.53,9.61218,0.0,9.351597785949707,9.358665466308594,9.413395881652832,9.412957191467285,9.407767295837402,9.411054611206055,9.428805351257324,9.424727439880371,9.358453750610352,9.361889839172363,9.30150032043457,9.344213485717773,9.390427589416504,9.372173309326172,9.339706420898438,9.334540367126465,9.366454124450684,9.393424034118652,9.359944343566895,9.35375690460205,9.353553771972656,9.409817695617676,9.389418601989746,9.365673065185547,9.363607406616211,9.317909240722656,9.36181926727295,9.363733291625977,9.392815589904785,9.373023986816406,9.447206497192383,9.39484691619873
4.54,9.66598,0.0,9.617088317871094,9.618945121765137,9.676482200622559,9.674771308898926,9.67846965789795,9.675755500793457,9.693779945373535,9.68857192993164,9.619585990905762,9.62436580657959,9.56596565246582,9.606832504272461,9.65161418914795,9.633976936340332,9.603673934936523,9.59814167022705,9.628448486328125,9.655835151672363,9.624213218688965,9.617741584777832,9.616687774658203,9.675427436828613,9.654816627502441,9.624995231628418,9.629487991333008,9.58430004119873,9.627771377563477,9.623872756958008,9.656171798706055,9.634678840637207,9.712156295776367,9.657458305358887
4.55,9.71969,0.0,9.617088317871094,9.618945121765137,9.676482200622559,9.674771308898926,9.67846965789795,9.675755500793457,9.693779945373535,9.68857192993164,9.619585990905762,9.62436580657959,9.56596565246582,9.606832504272461,9.65161418914795,9.633976936340332,9.603673934936523,9.59814167022705,9.628448486328125,9.655835151672363,9.624213218688965,9.617741584777832,9.616687774658203,9.675427436828613,9.654816627502441,9.624995231628418,9.629487991333008,9.58430004119873,9.627771377563477,9.623872756958008,9.656171798706055,9.634678840637207,9.712156295776367,9.657458305358887
4.56,9.76264,0.0,9.617088317871094,9.618945121765137,9.676482200622559,9.674771308898926,9.67846965789795,9.675755500793457,9.693779945373535,9.68857192993164,9.619585990905762,9.62436580657959,9.56596565246582,9.606832504272461,9.65161418914795,9.633976936340332,9.603673934936523,9.59814167022705,9.628448486328125,9.655835151672363,9.624213218688965,9.617741584777832,9.616687774658203,9.675427436828613,9.654816627502441,9.624995231628418,9.629487991333008,9.58430004119873,9.627771377563477,9.623872756958008,9.656171798706055,9.634678840637207,9.712156295776367,9.657458305358887
4.57,9.82682,0.0,9.617088317871094,9.618945121765137,9.676482200622559,9.674771308898926,9.67846965789795,9.675755500793457,9.693779945373535,9.68857192993164,9.619585990905762,9.62436580657959,9.56596565246582,9.606832504272461,9.65161418914795,9.633976936340332,9.603673934936523,9.59814167022705,9.628448486328125,9.655835151672363,9.624213218688965,9.617741584777832,9.616687774658203,9.675427436828613,9.654816627502441,9.624995231628418,9.629487991333008,9.58430004119873,9.627771377563477,9.623872756958008,9.656171798706055,9.634678840637207,9.712156295776367,9.657458305358887
4.58,9.88023,0.0,9.617088317871094,9.618945121765137,9.676482200622559,9.674771308898926,9.67846965789795,9.675755500793457,9.693779945373535,9.68857192993164,9.619585990905762,9.62436580657959,9.56596565246582,9.606832504272461,9.65161418914795,9.633976936340332,9.603673934936523,9.59814167022705,9.628448486328125,9.655835151672363,9.624213218688965,9.617741584777832,9.616687774658203,9.675427436828613,9.654816627502441,9.624995231628418,9.629487991333008,9.58430004119873,9.627771377563477,9.623872756958008,9.656171798706055,9.634678840637207,9.712156295776367,9.657458305358887
4.59,9.93354,0.0,9.882146835327148,9.881988525390625,9.93994426727295,9.937140464782715,9.944916725158691,9.936050415039062,9.953948020935059,9.94682502746582,9.878656387329102,9.884045600891113,9.827274322509766,9.867315292358398,9.911567687988281,9.894865989685059,9.866313934326172,9.860159873962402,9.88949966430664,9.917569160461426,9.887491226196289,9.879220008850098,9.878173828125,9.93550968170166,9.91549015045166,9.881904602050781,9.889764785766602,9.843738555908203,9.892159461975098,9.884269714355469,9.92058277130127,9.896077156066895,9.976029396057129,9.9207763671875
4.6,9.97615,0.0,9.882146835327148,9.881988525390625,9.93994426727295,9.937140464782715,9.944916725158691,9.936050415039062,9.953948020935059,9.94682502746582,9.878656387329102,9.884045600891113,9.827274322509766,9.867315292358398,9.911567687988281,9.894865989685059,9.866313934326172,9.860159873962402,9.88949966430664,9.917569160461426,9.887491226196289,9.879220008850098,9.878173828125,9.93550968170166,9.91549015045166,9.881904602050781,9.889764785766602,9.843738555908203,9.892159461975098,9.884269714355469,9.92058277130127,9.896077156066895,9.976029396057129,9.9207763671875
4.61,10.03982,0.0,9.882146835327148,9.881988525390625,9.93994426727295,9.937140464782715,9.944916725158691,9.936050415039062,9.953948020935059,9.94682502746582,9.878656387329102,9.884045600891113,9.827274322509766,9.867315292358398,9.911567687988281,9.894865989685059,9.866313934326172,9.860159873962402,9.88949966430664,9.917569160461426,9.887491226196289,9.879220008850098,9.878173828125,9.93550968170166,9.91549015045166,9.881904602050781,9.889764785766602,9.843738555908203,9.892159461975098,9.884269714355469,9.92058277130127,9.896077156066895,9.976029396057129,9.9207763671875
4.62,10.0928,0.0,9.882146835327148,9.881988525390625,9.93994426727295,9.937140464782715,9.944916725158691,9.936050415039062,9.953948020935059,9.94682502746582,9.878656387329102,9.884045600891113,9.827274322509766,9.867315292358398,9.911567687988281,9.894865989685059,9.866313934326172,9.860159873962402,9.88949966430664,9.917569160461426,9.887491226196289,9.879220008850098,9.878173828125,9.93550968170166,9.91549015045166,9.881904602050781,9.889764785766602,9.843738555908203,9.892159461975098,9.884269714355469,9.92058277130127,9.896077156066895,9.976029396057129,9.9207763671875
4.63,10.14566,0.0,9.882146835327148,9.881988525390625,9.93994426727295,9.937140464782715,9.944916725158691,9.936050415039062,9.953948020935059,9.94682502746582,9.878656387329102,9.884045600891113,9.827274322509766,9.867315292358398,9.911567687988281,9.894865989685059,9.866313934326172,9.860159873962402,9.88949966430664,9.917569160461426,9.887491226196289,9.879220008850098,9.878173828125,9.93550968170166,9.91549015045166,9.881904602050781,9.889764785766602,9.843738555908203,9.892159461975098,9.884269714355469,9.92058277130127,9.896077156066895,9.976029396057129,9.9207763671875
4.64,10.19843,0.0,10.150299072265625,10.1466703414917,10.20411205291748,10.201759338378906,10.21231746673584,10.200325012207031,10.221076011657715,10.21308708190918,10.143682479858398,10.147054672241211,10.09044075012207,10.131622314453125,10.175484657287598,10.159112930297852,10.13076114654541,10.124591827392578,10.154458045959473,10.181361198425293,10.15168285369873,10.142664909362793,10.141416549682617,10.19577693939209,10.175999641418457,10.145658493041992,10.150551795959473,10.104753494262695,10.156241416931152,10.144460678100586,10.183365821838379,10.155269622802734,10.238582611083984,10.184086799621582
4.65,10.25109,0.0,10.150299072265625,10.1466703414917,10.20411205291748,10.201759338378906,10.21231746673584,10.200325012207031,10.221076011657715,10.21308708190918,10.143682479858398,10.147054672241211,10.09044075012207,10.131622314453125,10.175484657287598,10.159112930297852,10.13076114654541,10.124591827392578,10.154458045959473,10.181361198425293,10.15168285369873,10.142664909362793,10.141416549682617,10.19577693939209,10.175999641418457,10.145658493041992,10.150551795959473,10.104753494262695,10.156241416931152,10.144460678100586,10.183365821838379,10.155269622802734,10.238582611083984,10.184086799621582
4.66,10.30365,0.0,10.150299072265625,10.1466703414917,10.20411205291748,10.201759338378906,10.21231746673584,10.200325012207031,10.221076011657715,10.21308708190918,10.143682479858398,10.147054672241211,10.09044075012207,10.131622314453125,10.175484657287598,10.159112930297852,10.13076114654541,10.124591827392578,10.154458045959473,10.181361198425293,10.15168285369873,10.142664909362793,10.141416549682617,10.19577693939209,10.175999641418457,10.145658493041992,10.150551795959473,10.104753494262695,10.156241416931152,10.144460678100586,10.183365821838379,10.155269622802734,10.238582611083984,10.184086799621582
4.67,10.35611,0.0,10.150299072265625,10.1466703414917,10.20411205291748,10.201759338378906,10.21231746673584,10.200325012207031,10.221076011657715,10.21308708190918,10.143682479858398,10.147054672241211,10.09044075012207,10.131622314453125,10.175484657287598,10.159112930297852,10.13076114654541,10.124591827392578,10.154458045959473,10.181361198425293,10.15168285369873,10.142664909362793,10.141416549682617,10.19577693939209,10.175999641418457,10.145658493041992,10.150551795959473,10.104753494262695,10.156241416931152,10.144460678100586,10.183365821838379,10.155269622802734,10.238582611083984,10.184086799621582
4.68,10.4085,0.0,10.150299072265625,10.1466703414917,10.20411205291748,10.201759338378906,10.21231746673584,10.200325012207031,10.221076011657715,10.21308708190918,10.143682479858398,10.147054672241211,10.09044075012207,10.131622314453125,10.175484657287598,10.159112930297852,10.13076114654541,10.124591827392578,10.154458045959473,10.181361198425293,10.15168285369873,10.142664909362793,10.141416549682617,10.19577693939209,10.175999641418457,10.145658493041992,10.150551795959473,10.104753494262695,10.156241416931152,10.144460678100586,10.183365821838379,10.155269622802734,10.238582611083984,10.184086799621582
4.69,10.46082,0.0,10.420084953308105,10.414804458618164,10.470967292785645,10.47077465057373,10.47899341583252,10.466154098510742,10.48945140838623,10.486988067626953,10.417675971984863,10.417268753051758,10.360054016113281,10.404684066772461,10.441275596618652,10.433699607849121,10.402587890625,10.397965431213379,10.429584503173828,10.453895568847656,10.42339038848877,10.41611385345459,10.414907455444336,10.463785171508789,10.443511962890625,10.417889595031738,10.420438766479492,10.375822067260742,10.423335075378418,10.40889835357666,10.451803207397461,10.42190933227539,10.502601623535156,10.4508695602417
4.7,10.51308,0.0,10.420084953308105,10.414804458618164,10.470967292785645,10.47077465057373,10.47899341583252,10.466154098510742,10.48945140838623,10.486988067626953,10.417675971984863,10.417268753051758,10.360054016113281,10.404684066772461,10.441275596618652,10.433699607849121,10.402587890625,10.397965431213379,10.429584503173828,10.453895568847656,10.42339038848877,10.41611385345459,10.414907455444336,10.463785171508789,10.443511962890625,10.417889595031738,10.420438766479492,10.375822067260742,10.423335075378418,10.40889835357666,10.451803207397461,10.42190933227539,10.502601623535156,10.4508695602417
4.71,10.56528,0.0,10.420084953308105,10.414804458618164,10.470967292785645,10.47077465057373,10.47899341583252,10.466154098510742,10.48945140838623,10.486988067626953,10.417675971984863,10.417268753051758,10.360054016113281,10.404684066772461,10.441275596618652,10.433699607849121,10.402587890625,10.397965431213379,10.429584503173828,10.453895568847656,10.42339038848877,10.41611385345459,10.414907455444336,10.463785171508789,10.443511962890625,10.417889595031738,10.420438766479492,10.375822067260742,10.423335075378418,10.40889835357666,10.451803207397461,10.42190933227539,10.502601623535156,10.4508695602417
4.72,10.61745,0.0,10.420084953308105,10.414804458618164,10.470967292785645,10.47077465057373,10.47899341583252,10.466154098510742,10.48945140838623,10.486988067626953,10.417675971984863,10.417268753051758,10.360054016113281,10.404684066772461,10.441275596618652,10.433699607849121,10.402587890625,10.397965431213379,10.429584503173828,10.453895568847656,10.42339038848877,10.41611385345459,10.414907455444336,10.463785171508789,10.443511962890625,10.417889595031738,10.420438766479492,10.375822067260742,10.423335075378418,10.40889835357666,10.451803207397461,10.42190933227539,10.502601623535156,10.4508695602417
4.73,10.66958,0.0,10.420084953308105,10.414804458618164,10.470967292785645,10.47077465057373,10.47899341583252,10.466154098510742,10.48945140838623,10.486988067626953,10.417675971984863,10.417268753051758,10.360054016113281,10.404684066772461,10.441275596618652,10.433699607849121,10.402587890625,10.397965431213379,10.429584503173828,10.453895568847656,10.42339038848877,10.41611385345459,10.414907455444336,10.463785171508789,10.443511962890625,10.417889595031738,10.420438766479492,10.375822067260742,10.423335075378418,10.40889835357666,10.451803207397461,10.42190933227539,10.502601623535156,10.4508695602417
4.74,10.72171,0.0,10.682961463928223,10.68020248413086,10.73730754852295,10.738734245300293,10.74347972869873,10.733926773071289,10.758591651916504,10.75765323638916,10.690407752990723,10.688749313354492,10.631744384765625,10.67845630645752,10.706043243408203,10.707612991333008,10.675745010375977,10.672079086303711,10.70240306854248,10.727466583251953,10.697403907775879,10.691216468811035,10.689458847045898,10.73475170135498,10.713932037353516,10.688272476196289,10.693172454833984,10.649513244628906,10.688397407531738,10.672700881958008,10.71709156036377,10.685958862304688,10.764045715332031,10.717453956604004
4.75,10.77383,0.0,10.682961463928223,10.68020248413086,10.73730754852295,10.738734245300293,10.74347972869873,10.733926773071289,10.758591651916504,10.75765323638916,10.690407752990723,10.688749313354492,10.631744384765625,10.67845630645752,10.706043243408203,10.707612991333008,10.675745010375977,10.672079086303711,10.70240306854248,10.727466583251953,10.697403907775879,10.691216468811035,10.689458847045898,10.73475170135498,10.713932037353516,10.688272476196289,10.693172454833984,10.649513244628906,10.688397407531738,10.672700881958008,10.71709156036377,10.685958862304688,10.764045715332031,10.717453956604004
4.76,10.82597,0.0,10.682961463928223,10.68020248413086,10.73730754852295,10.738734245300293,10.74347972869873,10.733926773071289,10.758591651916504,10.75765323638916,10.690407752990723,10.688749313354492,10.631744384765625,10.67845630645752,10.706043243408203,10.707612991333008,10.675745010375977,10.672079086303711,10.70240306854248,10.727466583251953,10.697403907775879,10.691216468811035,10.689458847045898,10.73475170135498,10.713932037353516,10.688272476196289,10.693172454833984,10.649513244628906,10.688397407531738,10.672700881958008,10.71709156036377,10.685958862304688,10.764045715332031,10.717453956604004
4.77,10.86769,0.0,10.682961463928223,10.68020248413086,10.73730754852295,10.738734245300293,10.74347972869873,10.733926773071289,10.758591651916504,10.75765323638916,10.690407752990723,10.688749313354492,10.631744384765625,10.67845630645752,10.706043243408203,10.707612991333008,10.675745010375977,10.672079086303711,10.70240306854248,10.727466583251953,10.697403907775879,10.691216468811035,10.689458847045898,10.73475170135498,10.713932037353516,10.688272476196289,10.693172454833984,10.649513244628906,10.688397407531738,10.672700881958008,10.71709156036377,10.685958862304688,10.764045715332031,10.717453956604004
4.78,10.93035,0.0,10.682961463928223,10.68020248413086,10.73730754852295,10.738734245300293,10.74347972869873,10.733926773071289,10.758591651916504,10.75765323638916,10.690407752990723,10.688749313354492,10.631744384765625,10.67845630645752,10.706043243408203,10.707612991333008,10.675745010375977,10.672079086303711,10.70240306854248,10.727466583251953,10.697403907775879,10.691216468811035,10.689458847045898,10.73475170135498,10.713932037353516,10.688272476196289,10.693172454833984,10.649513244628906,10.688397407531738,10.672700881958008,10.71709156036377,10.685958862304688,10.764045715332031,10.717453956604004
4.79,10.98263,0.0,10.939992904663086,10.931734085083008,10.982643127441406,10.980218887329102,11.002432823181152,10.9866361618042,11.006508827209473,11.00042724609375,10.942975997924805,10.945459365844727,10.891895294189453,10.935766220092773,10.951902389526367,10.963030815124512,10.936328887939453,10.932390213012695,10.958528518676758,10.98185920715332,10.956986427307129,10.9480562210083,10.944684982299805,10.99255657196045,10.97287654876709,10.928735733032227,10.951601028442383,10.906517028808594,10.943685531616211,10.919559478759766,10.961179733276367,10.927597045898438,11.018620491027832,10.969294548034668
4.8,11.03493,0.0,10.939992904663086,10.931734085083008,10.982643127441406,10.980218887329102,11.002432823181152,10.9866361618042,11.006508827209473,11.00042724609375,10.942975997924805,10.945459365844727,10.891895294189453,10.935766220092773,10.951902389526367,10.963030815124512,10.936328887939453,10.932390213012695,10.958528518676758,10.98185920715332,10.956986427307129,10.9480562210083,10.944684982299805,10.99255657196045,10.97287654876709,10.928735733032227,10.951601028442383,10.906517028808594,10.943685531616211,10.919559478759766,10.961179733276367,10.927597045898438,11.018620491027832,10.969294548034668
4.81,11.07684,0.0,10.939992904663086,10.931734085083008,10.982643127441406,10.980218887329102,11.002432823181152,10.9866361618042,11.006508827209473,11.00042724609375,10.942975997924805,10.945459365844727,10.891895294189453,10.935766220092773,10.951902389526367,10.963030815124512,10.936328887939453,10.932390213012695,10.958528518676758,10.98185920715332,10.956986427307129,10.9480562210083,10.944684982299805,10.99255657196045,10.97287654876709,10.928735733032227,10.951601028442383,10.906517028808594,10.943685531616211,10.919559478759766,10.961179733276367,10.927597045898438,11.018620491027832,10.969294548034668
4.82,11.13982,0.0,10.939992904663086,10.931734085083008,10.982643127441406,10.980218887329102,11.002432823181152,10.9866361618042,11.006508827209473,11.00042724609375,10.942975997924805,10.945459365844727,10.891895294189453,10.935766220092773,10.951902389526367,10.963030815124512,10.936328887939453,10.932390213012695,10.958528518676758,10.98185920715332,10.956986427307129,10.9480562210083,10.944684982299805,10.99255657196045,10.97287654876709,10.928735733032227,10.951601028442383,10.906517028808594,10.943685531616211,10.919559478759766,10.961179733276367,10.927597045898438,11.018620491027832,10.969294548034668
4.83,11.19239,0.0,10.939992904663086,10.931734085083008,10.982643127441406,10.980218887329102,11.002432823181152,10.9866361618042,11.006508827209473,11.00042724609375,10.942975997924805,10.945459365844727,10.891895294189453,10.935766220092773,10.951902389526367,10.963030815124512,10.936328887939453,10.932390213012695,10.958528518676758,10.98185920715332,10.956986427307129,10.9480562210083,10.944684982299805,10.99255657196045,10.97287654876709,10.928735733032227,10.951601028442383,10.906517028808594,10.943685531616211,10.919559478759766,10.961179733276367,10.927597045898438,11.018620491027832,10.969294548034668
4.84,11.24507,0.0,11.19250202178955,11.182177543640137,11.235146522521973,11.232239723205566,11.257784843444824,11.240327835083008,11.258576393127441,11.251592636108398,11.192010879516602,11.195950508117676,11.144691467285156,11.186323165893555,11.201642036437988,11.21214485168457,11.189774513244629,11.183467864990234,11.205028533935547,11.230549812316895,11.209321022033691,11.19667911529541,11.19248104095459,11.24228286743164,11.223288536071777,11.18108081817627,11.20108699798584,11.155169486999512,11.197431564331055,11.170705795288086,11.21715259552002,11.178466796875,11.273521423339844,11.225069999694824
4.85,11.28729,0.0,11.19250202178955,11.182177543640137,11.235146522521973,11.232239723205566,11.257784843444824,11.240327835083008,11.258576393127441,11.251592636108398,11.192010879516602,11.195950508117676,11.144691467285156,11.186323165893555,11.201642036437988,11.21214485168457,11.189774513244629,11.183467864990234,11.205028533935547,11.230549812316895,11.209321022033691,11.19667911529541,11.19248104095459,11.24228286743164,11.223288536071777,11.18108081817627,11.20108699798584,11.155169486999512,11.197431564331055,11.170705795288086,11.21715259552002,11.178466796875,11.273521423339844,11.225069999694824
4.86,11.35075,0.0,11.19250202178955,11.182177543640137,11.235146522521973,11.232239723205566,11.257784843444824,11.240327835083008,11.258576393127441,11.251592636108398,11.192010879516602,11.195950508117676,11.144691467285156,11.186323165893555,11.201642036437988,11.21214485168457,11.189774513244629,11.183467864990234,11.205028533935547,11.230549812316895,11.209321022033691,11.19667911529541,11.19248104095459,11.24228286743164,11.223288536071777,11.18108081817627,11.20108699798584,11.155169486999512,11.197431564331055,11.170705795288086,11.21715259552002,11.178466796875,11.273521423339844,11.225069999694824
4.87,11.40373,0.0,11.19250202178955,11.182177543640137,11.235146522521973,11.232239723205566,11.257784843444824,11.240327835083008,11.258576393127441,11.251592636108398,11.192010879516602,11.195950508117676,11.144691467285156,11.186323165893555,11.201642036437988,11.21214485168457,11.189774513244629,11.183467864990234,11.205028533935547,11.230549812316895,11.209321022033691,11.19667911529541,11.19248104095459,11.24228286743164,11.223288536071777,11.18108081817627,11.20108699798584,11.155169486999512,11.197431564331055,11.170705795288086,11.21715259552002,11.178466796875,11.273521423339844,11.225069999694824
4.88,11.45683,0.0,11.19250202178955,11.182177543640137,11.235146522521973,11.232239723205566,11.257784843444824,11.240327835083008,11.258576393127441,11.251592636108398,11.192010879516602,11.195950508117676,11.144691467285156,11.186323165893555,11.201642036437988,11.21214485168457,11.189774513244629,11.183467864990234,11.205028533935547,11.230549812316895,11.209321022033691,11.19667911529541,11.19248104095459,11.24228286743164,11.223288536071777,11.18108081817627,11.20108699798584,11.155169486999512,11.197431564331055,11.170705795288086,11.21715259552002,11.178466796875,11.273521423339844,11.225069999694824
4.89,11.51001,0.0,11.45661735534668,11.448028564453125,11.49053955078125,11.4903564453125,11.51604175567627,11.496879577636719,11.516115188598633,11.511493682861328,11.451773643493652,11.453205108642578,11.403228759765625,11.445158004760742,11.463593482971191,11.466824531555176,11.44624137878418,11.440712928771973,11.463117599487305,11.4838285446167,11.46419906616211,11.452252388000488,11.447368621826172,11.494467735290527,11.475711822509766,11.448713302612305,11.45421314239502,11.40919017791748,11.455570220947266,11.4295654296875,11.479517936706543,11.43946647644043,11.530391693115234,11.481969833374023
4.9,11.56329,0.0,11.45661735534668,11.448028564453125,11.49053955078125,11.4903564453125,11.51604175567627,11.496879577636719,11.516115188598633,11.511493682861328,11.451773643493652,11.453205108642578,11.403228759765625,11.445158004760742,11.463593482971191,11.466824531555176,11.44624137878418,11.440712928771973,11.463117599487305,11.4838285446167,11.46419906616211,11.452252388000488,11.447368621826172,11.494467735290527,11.475711822509766,11.448713302612305,11.45421314239502,11.40919017791748,11.455570220947266,11.4295654296875,11.479517936706543,11.43946647644043,11.530391693115234,11.481969833374023
4.91,11.61664,0.0,11.45661735534668,11.448028564453125,11.49053955078125,11.4903564453125,11.51604175567627,11.496879577636719,11.516115188598633,11.511493682861328,11.451773643493652,11.453205108642578,11.403228759765625,11.445158004760742,11.463593482971191,11.466824531555176,11.44624137878418,11.440712928771973,11.463117599487305,11.4838285446167,11.46419906616211,11.452252388000488,11.447368621826172,11.494467735290527,11.475711822509766,11.448713302612305,11.45421314239502,11.40919017791748,11.455570220947266,11.4295654296875,11.479517936706543,11.43946647644043,11.530391693115234,11.481969833374023
4.92,11.67006,0.0,11.45661735534668,11.448028564453125,11.49053955078125,11.4903564453125,11.51604175567627,11.496879577636719,11.516115188598633,11.511493682861328,11.451773643493652,11.453205108642578,11.403228759765625,11.445158004760742,11.463593482971191,11.466824531555176,11.44624137878418,11.440712928771973,11.463117599487305,11.4838285446167,11.46419906616211,11.452252388000488,11.447368621826172,11.494467735290527,11.475711822509766,11.448713302612305,11.45421314239502,11.40919017791748,11.455570220947266,11.4295654296875,11.479517936706543,11.43946647644043,11.530391693115234,11.481969833374023
4.93,11.72353,0.0,11.45661735534668,11.448028564453125,11.49053955078125,11.4903564453125,11.51604175567627,11.496879577636719,11.516115188598633,11.511493682861328,11.451773643493652,11.453205108642578,11.403228759765625,11.445158004760742,11.463593482971191,11.466824531555176,11.44624137878418,11.440712928771973,11.463117599487305,11.4838285446167,11.46419906616211,11.452252388000488,11.447368621826172,11.494467735290527,11.475711822509766,11.448713302612305,11.45421314239502,11.40919017791748,11.455570220947266,11.4295654296875,11.479517936706543,11.43946647644043,11.530391693115234,11.481969833374023
4.94,11.77702,0.0,11.724716186523438,11.717216491699219,11.762514114379883,11.768926620483398,11.780064582824707,11.765445709228516,11.789984703063965,11.796038627624512,11.72922420501709,11.725780487060547,11.674823760986328,11.721444129943848,11.732151985168457,11.74341106414795,11.719074249267578,11.717905044555664,11.74177360534668,11.762547492980957,11.739706993103027,11.732695579528809,11.728065490722656,11.767044067382812,11.745966911315918,11.729049682617188,11.729171752929688,11.6875581741333,11.720223426818848,11.69823169708252,11.751042366027832,11.711383819580078,11.792951583862305,11.751643180847168
4.95,11.83053,0.0,11.724716186523438,11.717216491699219,11.762514114379883,11.768926620483398,11.780064582824707,11.765445709228516,11.789984703063965,11.796038627624512,11.72922420501709,11.725780487060547,11.674823760986328,11.721444129943848,11.732151985168457,11.74341106414795,11.719074249267578,11.717905044555664,11.74177360534668,11.762547492980957,11.739706993103027,11.732695579528809,11.728065490722656,11.767044067382812,11.745966911315918,11.729049682617188,11.729171752929688,11.6875581741333,11.720223426818848,11.69823169708252,11.751042366027832,11.711383819580078,11.792951583862305,11.751643180847168
4.96,11.88402,0.0,11.724716186523438,11.717216491699219,11.762514114379883,11.768926620483398,11.780064582824707,11.765445709228516,11.789984703063965,11.796038627624512,11.72922420501709,11.725780487060547,11.674823760986328,11.721444129943848,11.732151985168457,11.74341106414795,11.719074249267578,11.717905044555664,11.74177360534668,11.762547492980957,11.739706993103027,11.732695579528809,11.728065490722656,11.767044067382812,11.745966911315918,11.729049682617188,11.729171752929688,11.6875581741333,11.720223426818848,11.69823169708252,11.751042366027832,11.711383819580078,11.792951583862305,11.751643180847168
4.97,11.93746,0.0,11.724716186523438,11.717216491699219,11.762514114379883,11.768926620483398,11.780064582824707,11.765445709228516,11.789984703063965,11.796038627624512,11.72922420501709,11.725780487060547,11.674823760986328,11.721444129943848,11.732151985168457,11.74341106414795,11.719074249267578,11.717905044555664,11.74177360534668,11.762547492980957,11.739706993103027,11.732695579528809,11.728065490722656,11.767044067382812,11.745966911315918,11.729049682617188,11.729171752929688,11.6875581741333,11.720223426818848,11.69823169708252,11.751042366027832,11.711383819580078,11.792951583862305,11.751643180847168
4.98,11.99083,0.0,11.724716186523438,11.717216491699219,11.762514114379883,11.768926620483398,11.780064582824707,11.765445709228516,11.789984703063965,11.796038627624512,11.72922420501709,11.725780487060547,11.674823760986328,11.721444129943848,11.732151985168457,11.74341106414795,11.719074249267578,11.717905044555664,11.74177360534668,11.762547492980957,11.739706993103027,11.732695579528809,11.728065490722656,11.767044067382812,11.745966911315918,11.729049682617188,11.729171752929688,11.6875581741333,11.720223426818848,11.69823169708252,11.751042366027832,11.711383819580078,11.792951583862305,11.751643180847168
4.99,12.0441,0.0,11.98169231414795,11.966185569763184,12.009971618652344,12.013554573059082,12.035475730895996,12.019158363342285,12.038392066955566,12.038663864135742,11.982682228088379,11.982796669006348,11.934537887573242,11.978435516357422,11.977616310119629,12.001246452331543,11.979029655456543,11.979225158691406,11.99756908416748,12.02052116394043,12.000582695007324,11.991955757141113,11.985506057739258,12.026677131652832,12.005507469177246,11.969525337219238,11.989290237426758,11.947125434875488,11.974407196044922,11.949014663696289,11.99826717376709,11.955927848815918,12.047048568725586,12.00562572479248
5.0,12.09723,0.0,11.98169231414795,11.966185569763184,12.009971618652344,12.013554573059082,12.035475730895996,12.019158363342285,12.038392066955566,12.038663864135742,11.982682228088379,11.982796669006348,11.934537887573242,11.978435516357422,11.977616310119629,12.001246452331543,11.979029655456543,11.979225158691406,11.99756908416748,12.02052116394043,12.000582695007324,11.991955757141113,11.985506057739258,12.026677131652832,12.005507469177246,11.969525337219238,11.989290237426758,11.947125434875488,11.974407196044922,11.949014663696289,11.99826717376709,11.955927848815918,12.047048568725586,12.00562572479248
5.01,12.15019,0.0,11.98169231414795,11.966185569763184,12.009971618652344,12.013554573059082,12.035475730895996,12.019158363342285,12.038392066955566,12.038663864135742,11.982682228088379,11.982796669006348,11.934537887573242,11.978435516357422,11.977616310119629,12.001246452331543,11.979029655456543,11.979225158691406,11.99756908416748,12.02052116394043,12.000582695007324,11.991955757141113,11.985506057739258,12.026677131652832,12.005507469177246,11.969525337219238,11.989290237426758,11.947125434875488,11.974407196044922,11.949014663696289,11.99826717376709,11.955927848815918,12.047048568725586,12.00562572479248
5.02,12.19245,0.0,11.98169231414795,11.966185569763184,12.009971618652344,12.013554573059082,12.035475730895996,12.019158363342285,12.038392066955566,12.038663864135742,11.982682228088379,11.982796669006348,11.934537887573242,11.978435516357422,11.977616310119629,12.001246452331543,11.979029655456543,11.979225158691406,11.99756908416748,12.02052116394043,12.000582695007324,11.991955757141113,11.985506057739258,12.026677131652832,12.005507469177246,11.969525337219238,11.989290237426758,11.947125434875488,11.974407196044922,11.949014663696289,11.99826717376709,11.955927848815918,12.047048568725586,12.00562572479248
5.03,12.25546,0.0,11.98169231414795,11.966185569763184,12.009971618652344,12.013554573059082,12.035475730895996,12.019158363342285,12.038392066955566,12.038663864135742,11.982682228088379,11.982796669006348,11.934537887573242,11.978435516357422,11.977616310119629,12.001246452331543,11.979029655456543,11.979225158691406,11.99756908416748,12.02052116394043,12.000582695007324,11.991955757141113,11.985506057739258,12.026677131652832,12.005507469177246,11.969525337219238,11.989290237426758,11.947125434875488,11.974407196044922,11.949014663696289,11.99826717376709,11.955927848815918,12.047048568725586,12.00562572479248
5.04,12.30769,0.0,12.233675003051758,12.221086502075195,12.26063346862793,12.261658668518066,12.287585258483887,12.27226448059082,12.286906242370605,12.281135559082031,12.23127555847168,12.234804153442383,12.188798904418945,12.229362487792969,12.225977897644043,12.25179386138916,12.234107971191406,12.233078002929688,12.247078895568848,12.268640518188477,12.254006385803223,12.241042137145996,12.233209609985352,12.27595043182373,12.25603199005127,12.21504020690918,12.238264083862305,12.194167137145996,12.227121353149414,12.204071998596191,12.25240707397461,12.205960273742676,12.302265167236328,12.262502670288086
5.05,12.3596,0.0,12.233675003051758,12.221086502075195,12.26063346862793,12.261658668518066,12.287585258483887,12.27226448059082,12.286906242370605,12.281135559082031,12.23127555847168,12.234804153442383,12.188798904418945,12.229362487792969,12.225977897644043,12.25179386138916,12.234107971191406,12.233078002929688,12.247078895568848,12.268640518188477,12.254006385803223,12.241042137145996,12.233209609985352,12.27595043182373,12.25603199005127,12.21504020690918,12.238264083862305,12.194167137145996,12.227121353149414,12.204071998596191,12.25240707397461,12.205960273742676,12.302265167236328,12.262502670288086
5.06,12.40092,0.0,12.233675003051758,12.221086502075195,12.26063346862793,12.261658668518066,12.287585258483887,12.27226448059082,12.286906242370605,12.281135559082031,12.23127555847168,12.234804153442383,12.188798904418945,12.229362487792969,12.225977897644043,12.25179386138916,12.234107971191406,12.233078002929688,12.247078895568848,12.268640518188477,12.254006385803223,12.241042137145996,12.233209609985352,12.27595043182373,12.25603199005127,12.21504020690918,12.238264083862305,12.194167137145996,12.227121353149414,12.204071998596191,12.25240707397461,12.205960273742676,12.302265167236328,12.262502670288086
5.07,12.46232,0.0,12.233675003051758,12.221086502075195,12.26063346862793,12.261658668518066,12.287585258483887,12.27226448059082,12.286906242370605,12.281135559082031,12.23127555847168,12.234804153442383,12.188798904418945,12.229362487792969,12.225977897644043,12.25179386138916,12.234107971191406,12.233078002929688,12.247078895568848,12.268640518188477,12.254006385803223,12.241042137145996,12.233209609985352,12.27595043182373,12.25603199005127,12.21504020690918,12.238264083862305,12.194167137145996,12.227121353149414,12.204071998596191,12.25240707397461,12.205960273742676,12.302265167236328,12.262502670288086
5.08,12.51306,0.0,12.233675003051758,12.221086502075195,12.26063346862793,12.261658668518066,12.287585258483887,12.27226448059082,12.286906242370605,12.281135559082031,12.23127555847168,12.234804153442383,12.188798904418945,12.229362487792969,12.225977897644043,12.25179386138916,12.234107971191406,12.233078002929688,12.247078895568848,12.268640518188477,12.254006385803223,12.241042137145996,12.233209609985352,12.27595043182373,12.25603199005127,12.21504020690918,12.238264083862305,12.194167137145996,12.227121353149414,12.204071998596191,12.25240707397461,12.205960273742676,12.302265167236328,12.262502670288086
5.09,12.56346,0.0,12.483506202697754,12.47330093383789,12.497782707214355,12.497742652893066,12.535886764526367,12.510687828063965,12.516484260559082,12.519808769226074,12.484590530395508,12.484762191772461,12.441062927246094,12.483353614807129,12.466066360473633,12.503665924072266,12.485877990722656,12.486668586730957,12.50269889831543,12.516902923583984,12.505913734436035,12.493188858032227,12.484707832336426,12.5198974609375,12.501723289489746,12.468999862670898,12.48489761352539,12.438220977783203,12.477898597717285,12.449288368225098,12.499309539794922,12.448497772216797,12.552785873413086,12.511064529418945
5.1,12.60322,0.0,12.483506202697754,12.47330093383789,12.497782707214355,12.497742652893066,12.535886764526367,12.510687828063965,12.516484260559082,12.519808769226074,12.484590530395508,12.484762191772461,12.441062927246094,12.483353614807129,12.466066360473633,12.503665924072266,12.485877990722656,12.486668586730957,12.50269889831543,12.516902923583984,12.505913734436035,12.493188858032227,12.484707832336426,12.5198974609375,12.501723289489746,12.468999862670898,12.48489761352539,12.438220977783203,12.477898597717285,12.449288368225098,12.499309539794922,12.448497772216797,12.552785873413086,12.511064529418945
5.11,12.66233,0.0,12.483506202697754,12.47330093383789,12.497782707214355,12.497742652893066,12.535886764526367,12.510687828063965,12.516484260559082,12.519808769226074,12.484590530395508,12.484762191772461,12.441062927246094,12.483353614807129,12.466066360473633,12.503665924072266,12.485877990722656,12.486668586730957,12.50269889831543,12.516902923583984,12.505913734436035,12.493188858032227,12.484707832336426,12.5198974609375,12.501723289489746,12.468999862670898,12.48489761352539,12.438220977783203,12.477898597717285,12.449288368225098,12.499309539794922,12.448497772216797,12.552785873413086,12.511064529418945
5.12,12.71101,0.0,12.483506202697754,12.47330093383789,12.497782707214355,12.497742652893066,12.535886764526367,12.510687828063965,12.516484260559082,12.519808769226074,12.484590530395508,12.484762191772461,12.441062927246094,12.483353614807129,12.466066360473633,12.503665924072266,12.485877990722656,12.486668586730957,12.50269889831543,12.516902923583984,12.505913734436035,12.493188858032227,12.484707832336426,12.5198974609375,12.501723289489746,12.468999862670898,12.48489761352539,12.438220977783203,12.477898597717285,12.449288368225098,12.499309539794922,12.448497772216797,12.552785873413086,12.511064529418945
5.13,12.75911,0.0,12.483506202697754,12.47330093383789,12.497782707214355,12.497742652893066,12.535886764526367,12.510687828063965,12.516484260559082,12.519808769226074,12.484590530395508,12.484762191772461,12.441062927246094,12.483353614807129,12.466066360473633,12.503665924072266,12.485877990722656,12.486668586730957,12.50269889831543,12.516902923583984,12.505913734436035,12.493188858032227,12.484707832336426,12.5198974609375,12.501723289489746,12.468999862670898,12.48489761352539,12.438220977783203,12.477898597717285,12.449288368225098,12.499309539794922,12.448497772216797,12.552785873413086,12.511064529418945
5.14,12.80658,0.0,12.735359191894531,12.719380378723145,12.747306823730469,12.753376960754395,12.788007736206055,12.765403747558594,12.774168968200684,12.785520553588867,12.73937702178955,12.736793518066406,12.693979263305664,12.737302780151367,12.71833324432373,12.754006385803223,12.73498821258545,12.738511085510254,12.750364303588867,12.768430709838867,12.75671672821045,12.746681213378906,12.737471580505371,12.772360801696777,12.752528190612793,12.735919952392578,12.738743782043457,12.69499397277832,12.728642463684082,12.698556900024414,12.750643730163574,12.696779251098633,12.805562019348145,12.762245178222656
5.15,12.85343,0.0,12.735359191894531,12.719380378723145,12.747306823730469,12.753376960754395,12.788007736206055,12.765403747558594,12.774168968200684,12.785520553588867,12.73937702178955,12.736793518066406,12.693979263305664,12.737302780151367,12.71833324432373,12.754006385803223,12.73498821258545,12.738511085510254,12.750364303588867,12.768430709838867,12.75671672821045,12.746681213378906,12.737471580505371,12.772360801696777,12.752528190612793,12.735919952392578,12.738743782043457,12.69499397277832,12.728642463684082,12.698556900024414,12.750643730163574,12.696779251098633,12.805562019348145,12.762245178222656
5.16,12.89963,0.0,12.735359191894531,12.719380378723145,12.747306823730469,12.753376960754395,12.788007736206055,12.765403747558594,12.774168968200684,12.785520553588867,12.73937702178955,12.736793518066406,12.693979263305664,12.737302780151367,12.71833324432373,12.754006385803223,12.73498821258545,12.738511085510254,12.750364303588867,12.768430709838867,12.75671672821045,12.746681213378906,12.737471580505371,12.772360801696777,12.752528190612793,12.735919952392578,12.738743782043457,12.69499397277832,12.728642463684082,12.698556900024414,12.750643730163574,12.696779251098633,12.805562019348145,12.762245178222656
5.17,12.94517,0.0,12.735359191894531,12.719380378723145,12.747306823730469,12.753376960754395,12.788007736206055,12.765403747558594,12.774168968200684,12.785520553588867,12.73937702178955,12.736793518066406,12.693979263305664,12.737302780151367,12.71833324432373,12.754006385803223,12.73498821258545,12.738511085510254,12.750364303588867,12.768430709838867,12.75671672821045,12.746681213378906,12.737471580505371,12.772360801696777,12.752528190612793,12.735919952392578,12.738743782043457,12.69499397277832,12.728642463684082,12.698556900024414,12.750643730163574,12.696779251098633,12.805562019348145,12.762245178222656
5.18,12.99003,0.0,12.735359191894531,12.719380378723145,12.747306823730469,12.753376960754395,12.788007736206055,12.765403747558594,12.774168968200684,12.785520553588867,12.73937702178955,12.736793518066406,12.693979263305664,12.737302780151367,12.71833324432373,12.754006385803223,12.73498821258545,12.738511085510254,12.750364303588867,12.768430709838867,12.75671672821045,12.746681213378906,12.737471580505371,12.772360801696777,12.752528190612793,12.735919952392578,12.738743782043457,12.69499397277832,12.728642463684082,12.698556900024414,12.750643730163574,12.696779251098633,12.805562019348145,12.762245178222656
5.19,13.03423,0.0,12.98866081237793,12.96841049194336,12.987165451049805,12.995247840881348,13.03628158569336,13.011345863342285,13.016804695129395,13.029016494750977,12.990389823913574,12.987669944763184,12.948023796081543,12.990289688110352,12.96251392364502,13.005990028381348,12.986370086669922,12.994340896606445,13.005231857299805,13.018529891967773,13.009051322937012,13.00182056427002,12.991422653198242,13.026286125183105,13.00510025024414,12.981476783752441,12.993692398071289,12.951469421386719,12.975604057312012,12.94517993927002,12.997922897338867,12.944766998291016,13.052120208740234,13.007296562194824
5.2,13.07773,0.0,12.98866081237793,12.96841049194336,12.987165451049805,12.995247840881348,13.03628158569336,13.011345863342285,13.016804695129395,13.029016494750977,12.990389823913574,12.987669944763184,12.948023796081543,12.990289688110352,12.96251392364502,13.005990028381348,12.986370086669922,12.994340896606445,13.005231857299805,13.018529891967773,13.009051322937012,13.00182056427002,12.991422653198242,13.026286125183105,13.00510025024414,12.981476783752441,12.993692398071289,12.951469421386719,12.975604057312012,12.94517993927002,12.997922897338867,12.944766998291016,13.052120208740234,13.007296562194824
5.21,13.12057,0.0,12.98866081237793,12.96841049194336,12.987165451049805,12.995247840881348,13.03628158569336,13.011345863342285,13.016804695129395,13.029016494750977,12.990389823913574,12.987669944763184,12.948023796081543,12.990289688110352,12.96251392364502,13.005990028381348,12.986370086669922,12.994340896606445,13.005231857299805,13.018529891967773,13.009051322937012,13.00182056427002,12.991422653198242,13.026286125183105,13.00510025024414,12.981476783752441,12.993692398071289,12.951469421386719,12.975604057312012,12.94517993927002,12.997922897338867,12.944766998291016,13.052120208740234,13.007296562194824
5.22,13.16274,0.0,12.98866081237793,12.96841049194336,12.987165451049805,12.995247840881348,13.03628158569336,13.011345863342285,13.016804695129395,13.029016494750977,12.990389823913574,12.987669944763184,12.948023796081543,12.990289688110352,12.96251392364502,13.005990028381348,12.986370086669922,12.994340896606445,13.005231857299805,13.018529891967773,13.009051322937012,13.00182056427002,12.991422653198242,13.026286125183105,13.00510025024414,12.981476783752441,12.993692398071289,12.951469421386719,12.975604057312012,12.94517993927002,12.997922897338867,12.944766998291016,13.052120208740234,13.007296562194824
5.23,13.20425,0.0,12.98866081237793,12.96841049194336,12.987165451049805,12.995247840881348,13.03628158569336,13.011345863342285,13.016804695129395,13.029016494750977,12.990389823913574,12.987669944763184,12.948023796081543,12.990289688110352,12.96251392364502,13.005990028381348,12.986370086669922,12.994340896606445,13.005231857299805,13.018529891967773,13.009051322937012,13.00182056427002,12.991422653198242,13.026286125183105,13.00510025024414,12.981476783752441,12.993692398071289,12.951469421386719,12.975604057312012,12.94517993927002,12.997922897338867,12.944766998291016,13.052120208740234,13.007296562194824
5.24,13.24512,0.0,13.207866668701172,13.185728073120117,13.18819808959961,13.188399314880371,13.253979682922363,13.218009948730469,13.204609870910645,13.213349342346191,13.206559181213379,13.206571578979492,13.172935485839844,13.210504531860352,13.15532112121582,13.232659339904785,13.215365409851074,13.223453521728516,13.228989601135254,13.240032196044922,13.237801551818848,13.22447681427002,13.212902069091797,13.245409965515137,13.227770805358887,13.166414260864258,13.21312427520752,13.16439151763916,13.19577693939209,13.15947151184082,13.206741333007812,13.148067474365234,13.27007007598877,13.226693153381348
5.25,13.28538,0.0,13.207866668701172,13.185728073120117,13.18819808959961,13.188399314880371,13.253979682922363,13.218009948730469,13.204609870910645,13.213349342346191,13.206559181213379,13.206571578979492,13.172935485839844,13.210504531860352,13.15532112121582,13.232659339904785,13.215365409851074,13.223453521728516,13.228989601135254,13.240032196044922,13.237801551818848,13.22447681427002,13.212902069091797,13.245409965515137,13.227770805358887,13.166414260864258,13.21312427520752,13.16439151763916,13.19577693939209,13.15947151184082,13.206741333007812,13.148067474365234,13.27007007598877,13.226693153381348
5.26,13.32504,0.0,13.207866668701172,13.185728073120117,13.18819808959961,13.188399314880371,13.253979682922363,13.218009948730469,13.204609870910645,13.213349342346191,13.206559181213379,13.206571578979492,13.172935485839844,13.210504531860352,13.15532112121582,13.232659339904785,13.215365409851074,13.223453521728516,13.228989601135254,13.240032196044922,13.237801551818848,13.22447681427002,13.212902069091797,13.245409965515137,13.227770805358887,13.166414260864258,13.21312427520752,13.16439151763916,13.19577693939209,13.15947151184082,13.206741333007812,13.148067474365234,13.27007007598877,13.226693153381348
5.27,13.35636,0.0,13.207866668701172,13.185728073120117,13.18819808959961,13.188399314880371,13.253979682922363,13.218009948730469,13.204609870910645,13.213349342346191,13.206559181213379,13.206571578979492,13.172935485839844,13.210504531860352,13.15532112121582,13.232659339904785,13.215365409851074,13.223453521728516,13.228989601135254,13.240032196044922,13.237801551818848,13.22447681427002,13.212902069091797,13.245409965515137,13.227770805358887,13.166414260864258,13.21312427520752,13.16439151763916,13.19577693939209,13.15947151184082,13.206741333007812,13.148067474365234,13.27007007598877,13.226693153381348
5.28,13.4027,0.0,13.207866668701172,13.185728073120117,13.18819808959961,13.188399314880371,13.253979682922363,13.218009948730469,13.204609870910645,13.213349342346191,13.206559181213379,13.206571578979492,13.172935485839844,13.210504531860352,13.15532112121582,13.232659339904785,13.215365409851074,13.223453521728516,13.228989601135254,13.240032196044922,13.237801551818848,13.22447681427002,13.212902069091797,13.245409965515137,13.227770805358887,13.166414260864258,13.21312427520752,13.16439151763916,13.19577693939209,13.15947151184082,13.206741333007812,13.148067474365234,13.27007007598877,13.226693153381348
5.29,13.44079,0.0,13.404985427856445,13.389434814453125,13.333685874938965,13.332329750061035,13.44607925415039,13.37127685546875,13.325366973876953,13.36267375946045,13.418509483337402,13.402658462524414,13.376792907714844,13.418718338012695,13.317766189575195,13.4412202835083,13.417284965515137,13.427088737487793,13.438379287719727,13.432256698608398,13.440157890319824,13.424161911010742,13.413311004638672,13.431501388549805,13.419862747192383,13.371217727661133,13.405662536621094,13.348455429077148,13.392386436462402,13.332319259643555,13.39290714263916,13.324594497680664,13.460107803344727,13.4074068069458
5.3,13.47836,0.0,13.404985427856445,13.389434814453125,13.333685874938965,13.332329750061035,13.44607925415039,13.37127685546875,13.325366973876953,13.36267375946045,13.418509483337402,13.402658462524414,13.376792907714844,13.418718338012695,13.317766189575195,13.4412202835083,13.417284965515137,13.427088737487793,13.438379287719727,13.432256698608398,13.440157890319824,13.424161911010742,13.413311004638672,13.431501388549805,13.419862747192383,13.371217727661133,13.405662536621094,13.348455429077148,13.392386436462402,13.332319259643555,13.39290714263916,13.324594497680664,13.460107803344727,13.4074068069458
5.31,13.50813,0.0,13.404985427856445,13.389434814453125,13.333685874938965,13.332329750061035,13.44607925415039,13.37127685546875,13.325366973876953,13.36267375946045,13.418509483337402,13.402658462524414,13.376792907714844,13.418718338012695,13.317766189575195,13.4412202835083,13.417284965515137,13.427088737487793,13.438379287719727,13.432256698608398,13.440157890319824,13.424161911010742,13.413311004638672,13.431501388549805,13.419862747192383,13.371217727661133,13.405662536621094,13.348455429077148,13.392386436462402,13.332319259643555,13.39290714263916,13.324594497680664,13.460107803344727,13.4074068069458
5.32,13.55234,0.0,13.404985427856445,13.389434814453125,13.333685874938965,13.332329750061035,13.44607925415039,13.37127685546875,13.325366973876953,13.36267375946045,13.418509483337402,13.402658462524414,13.376792907714844,13.418718338012695,13.317766189575195,13.4412202835083,13.417284965515137,13.427088737487793,13.438379287719727,13.432256698608398,13.440157890319824,13.424161911010742,13.413311004638672,13.431501388549805,13.419862747192383,13.371217727661133,13.405662536621094,13.348455429077148,13.392386436462402,13.332319259643555,13.39290714263916,13.324594497680664,13.460107803344727,13.4074068069458
5.33,13.5888,0.0,13.404985427856445,13.389434814453125,13.333685874938965,13.332329750061035,13.44607925415039,13.37127685546875,13.325366973876953,13.36267375946045,13.418509483337402,13.402658462524414,13.376792907714844,13.418718338012695,13.317766189575195,13.4412202835083,13.417284965515137,13.427088737487793,13.438379287719727,13.432256698608398,13.440157890319824,13.424161911010742,13.413311004638672,13.431501388549805,13.419862747192383,13.371217727661133,13.405662536621094,13.348455429077148,13.392386436462402,13.332319259643555,13.39290714263916,13.324594497680664,13.460107803344727,13.4074068069458
5.34,13.62497,0.0,13.592591285705566,13.571380615234375,13.499384880065918,13.508200645446777,13.639172554016113,13.556163787841797,13.513739585876465,13.566510200500488,13.614715576171875,13.592164039611816,13.568405151367188,13.612360000610352,13.510444641113281,13.620169639587402,13.595584869384766,13.605751037597656,13.606706619262695,13.610206604003906,13.616898536682129,13.604191780090332,13.593793869018555,13.612407684326172,13.59935474395752,13.593975067138672,13.587544441223145,13.535455703735352,13.579081535339355,13.504863739013672,13.566914558410645,13.497398376464844,13.645111083984375,13.578303337097168
5.35,13.65372,0.0,13.592591285705566,13.571380615234375,13.499384880065918,13.508200645446777,13.639172554016113,13.556163787841797,13.513739585876465,13.566510200500488,13.614715576171875,13.592164039611816,13.568405151367188,13.612360000610352,13.510444641113281,13.620169639587402,13.595584869384766,13.605751037597656,13.606706619262695,13.610206604003906,13.616898536682129,13.604191780090332,13.593793869018555,13.612407684326172,13.59935474395752,13.593975067138672,13.587544441223145,13.535455703735352,13.579081535339355,13.504863739013672,13.566914558410645,13.497398376464844,13.645111083984375,13.578303337097168
5.36,13.69661,0.0,13.592591285705566,13.571380615234375,13.499384880065918,13.508200645446777,13.639172554016113,13.556163787841797,13.513739585876465,13.566510200500488,13.614715576171875,13.592164039611816,13.568405151367188,13.612360000610352,13.510444641113281,13.620169639587402,13.595584869384766,13.605751037597656,13.606706619262695,13.610206604003906,13.616898536682129,13.604191780090332,13.593793869018555,13.612407684326172,13.59935474395752,13.593975067138672,13.587544441223145,13.535455703735352,13.579081535339355,13.504863739013672,13.566914558410645,13.497398376464844,13.645111083984375,13.578303337097168
5.37,13.73218,0.0,13.592591285705566,13.571380615234375,13.499384880065918,13.508200645446777,13.639172554016113,13.556163787841797,13.513739585876465,13.566510200500488,13.614715576171875,13.592164039611816,13.568405151367188,13.612360000610352,13.510444641113281,13.620169639587402,13.595584869384766,13.605751037597656,13.606706619262695,13.610206604003906,13.616898536682129,13.604191780090332,13.593793869018555,13.612407684326172,13.59935474395752,13.593975067138672,13.587544441223145,13.535455703735352,13.579081535339355,13.504863739013672,13.566914558410645,13.497398376464844,13.645111083984375,13.578303337097168
5.38,13.76764,0.0,13.592591285705566,13.571380615234375,13.499384880065918,13.508200645446777,13.639172554016113,13.556163787841797,13.513739585876465,13.566510200500488,13.614715576171875,13.592164039611816,13.568405151367188,13.612360000610352,13.510444641113281,13.620169639587402,13.595584869384766,13.605751037597656,13.606706619262695,13.610206604003906,13.616898536682129,13.604191780090332,13.593793869018555,13.612407684326172,13.59935474395752,13.593975067138672,13.587544441223145,13.535455703735352,13.579081535339355,13.504863739013672,13.566914558410645,13.497398376464844,13.645111083984375,13.578303337097168
5.39,13.80305,0.0,13.807699203491211,13.782540321350098,13.691812515258789,13.708693504333496,13.837637901306152,13.7492094039917,13.713990211486816,13.761226654052734,13.81103229522705,13.789977073669434,13.766695022583008,13.809439659118652,13.725059509277344,13.80829906463623,13.787847518920898,13.803020477294922,13.800253868103027,13.796197891235352,13.801481246948242,13.795668601989746,13.784505844116211,13.803376197814941,13.786590576171875,13.804075241088867,13.778132438659668,13.733848571777344,13.775437355041504,13.70344352722168,13.768097877502441,13.706987380981445,13.838951110839844,13.763278007507324
5.4,13.8384,0.0,13.807699203491211,13.782540321350098,13.691812515258789,13.708693504333496,13.837637901306152,13.7492094039917,13.713990211486816,13.761226654052734,13.81103229522705,13.789977073669434,13.766695022583008,13.809439659118652,13.725059509277344,13.80829906463623,13.787847518920898,13.803020477294922,13.800253868103027,13.796197891235352,13.801481246948242,13.795668601989746,13.784505844116211,13.803376197814941,13.786590576171875,13.804075241088867,13.778132438659668,13.733848571777344,13.775437355041504,13.70344352722168,13.768097877502441,13.706987380981445,13.838951110839844,13.763278007507324
5.41,13.87379,0.0,13.807699203491211,13.782540321350098,13.691812515258789,13.708693504333496,13.837637901306152,13.7492094039917,13.713990211486816,13.761226654052734,13.81103229522705,13.789977073669434,13.766695022583008,13.809439659118652,13.725059509277344,13.80829906463623,13.787847518920898,13.803020477294922,13.800253868103027,13.796197891235352,13.801481246948242,13.795668601989746,13.784505844116211,13.803376197814941,13.786590576171875,13.804075241088867,13.778132438659668,13.733848571777344,13.775437355041504,13.70344352722168,13.768097877502441,13.706987380981445,13.838951110839844,13.763278007507324
5.42,13.90923,0.0,13.807699203491211,13.782540321350098,13.691812515258789,13.708693504333496,13.837637901306152,13.7492094039917,13.713990211486816,13.761226654052734,13.81103229522705,13.789977073669434,13.766695022583008,13.809439659118652,13.725059509277344,13.80829906463623,13.787847518920898,13.803020477294922,13.800253868103027,13.796197891235352,13.801481246948242,13.795668601989746,13.784505844116211,13.803376197814941,13.786590576171875,13.804075241088867,13.778132438659668,13.733848571777344,13.775437355041504,13.70344352722168,13.768097877502441,13.706987380981445,13.838951110839844,13.763278007507324
5.43,13.94478,0.0,13.807699203491211,13.782540321350098,13.691812515258789,13.708693504333496,13.837637901306152,13.7492094039917,13.713990211486816,13.761226654052734,13.81103229522705,13.789977073669434,13.766695022583008,13.809439659118652,13.725059509277344,13.80829906463623,13.787847518920898,13.803020477294922,13.800253868103027,13.796197891235352,13.801481246948242,13.795668601989746,13.784505844116211,13.803376197814941,13.786590576171875,13.804075241088867,13.778132438659668,13.733848571777344,13.775437355041504,13.70344352722168,13.768097877502441,13.706987380981445,13.838951110839844,13.763278007507324
5.44,13.98044,0.0,14.008260726928711,13.986638069152832,13.908300399780273,13.923527717590332,14.0308198928833,13.954005241394043,13.926115989685059,13.956377983093262,14.002237319946289,13.989784240722656,13.96214485168457,14.0053129196167,13.936688423156738,14.005250930786133,13.989797592163086,14.00827407836914,14.001063346862793,13.999500274658203,13.999606132507324,13.998978614807129,13.986310958862305,14.000029563903809,13.979290962219238,13.993408203125,13.973868370056152,13.934335708618164,13.972695350646973,13.915273666381836,13.968785285949707,13.913572311401367,14.034065246582031,13.967534065246582
5.45,14.01625,0.0,14.008260726928711,13.986638069152832,13.908300399780273,13.923527717590332,14.0308198928833,13.954005241394043,13.926115989685059,13.956377983093262,14.002237319946289,13.989784240722656,13.96214485168457,14.0053129196167,13.936688423156738,14.005250930786133,13.989797592163086,14.00827407836914,14.001063346862793,13.999500274658203,13.999606132507324,13.998978614807129,13.986310958862305,14.000029563903809,13.979290962219238,13.993408203125,13.973868370056152,13.934335708618164,13.972695350646973,13.915273666381836,13.968785285949707,13.913572311401367,14.034065246582031,13.967534065246582
5.46,14.05225,0.0,14.008260726928711,13.986638069152832,13.908300399780273,13.923527717590332,14.0308198928833,13.954005241394043,13.926115989685059,13.956377983093262,14.002237319946289,13.989784240722656,13.96214485168457,14.0053129196167,13.936688423156738,14.005250930786133,13.989797592163086,14.00827407836914,14.001063346862793,13.999500274658203,13.999606132507324,13.998978614807129,13.986310958862305,14.000029563903809,13.979290962219238,13.993408203125,13.973868370056152,13.934335708618164,13.972695350646973,13.915273666381836,13.968785285949707,13.913572311401367,14.034065246582031,13.967534065246582
5.47,14.08844,0.0,14.008260726928711,13.986638069152832,13.908300399780273,13.923527717590332,14.0308198928833,13.954005241394043,13.926115989685059,13.956377983093262,14.002237319946289,13.989784240722656,13.96214485168457,14.0053129196167,13.936688423156738,14.005250930786133,13.989797592163086,14.00827407836914,14.001063346862793,13.999500274658203,13.999606132507324,13.998978614807129,13.986310958862305,14.000029563903809,13.979290962219238,13.993408203125,13.973868370056152,13.934335708618164,13.972695350646973,13.915273666381836,13.968785285949707,13.913572311401367,14.034065246582031,13.967534065246582
5.48,14.12486,0.0,14.008260726928711,13.986638069152832,13.908300399780273,13.923527717590332,14.0308198928833,13.954005241394043,13.926115989685059,13.956377983093262,14.002237319946289,13.989784240722656,13.96214485168457,14.0053129196167,13.936688423156738,14.005250930786133,13.989797592163086,14.00827407836914,14.001063346862793,13.999500274658203,13.999606132507324,13.998978614807129,13.986310958862305,14.000029563903809,13.979290962219238,13.993408203125,13.973868370056152,13.934335708618164,13.972695350646973,13.915273666381836,13.968785285949707,13.913572311401367,14.034065246582031,13.967534065246582
5.49,14.16151,0.0,14.201583862304688,14.172647476196289,14.108988761901855,14.117847442626953,14.221356391906738,14.151986122131348,14.12291431427002,14.143178939819336,14.182449340820312,14.179765701293945,14.151710510253906,14.192136764526367,14.131121635437012,14.192243576049805,14.18023681640625,14.201025009155273,14.189921379089355,14.192647933959961,14.191933631896973,14.192075729370117,14.177120208740234,14.19237232208252,14.169486045837402,14.171175003051758,14.166431427001953,14.127849578857422,14.164162635803223,14.113195419311523,14.157225608825684,14.10049819946289,14.228322982788086,14.165709495544434
5.5,14.19841,0.0,14.201583862304688,14.172647476196289,14.108988761901855,14.117847442626953,14.221356391906738,14.151986122131348,14.12291431427002,14.143178939819336,14.182449340820312,14.179765701293945,14.151710510253906,14.192136764526367,14.131121635437012,14.192243576049805,14.18023681640625,14.201025009155273,14.189921379089355,14.192647933959961,14.191933631896973,14.192075729370117,14.177120208740234,14.19237232208252,14.169486045837402,14.171175003051758,14.166431427001953,14.127849578857422,14.164162635803223,14.113195419311523,14.157225608825684,14.10049819946289,14.228322982788086,14.165709495544434
5.51,14.23555,0.0,14.201583862304688,14.172647476196289,14.108988761901855,14.117847442626953,14.221356391906738,14.151986122131348,14.12291431427002,14.143178939819336,14.182449340820312,14.179765701293945,14.151710510253906,14.192136764526367,14.131121635437012,14.192243576049805,14.18023681640625,14.201025009155273,14.189921379089355,14.192647933959961,14.191933631896973,14.192075729370117,14.177120208740234,14.19237232208252,14.169486045837402,14.171175003051758,14.166431427001953,14.127849578857422,14.164162635803223,14.113195419311523,14.157225608825684,14.10049819946289,14.228322982788086,14.165709495544434
5.52,14.26549,0.0,14.201583862304688,14.172647476196289,14.108988761901855,14.117847442626953,14.221356391906738,14.151986122131348,14.12291431427002,14.143178939819336,14.182449340820312,14.179765701293945,14.151710510253906,14.192136764526367,14.131121635437012,14.192243576049805,14.18023681640625,14.201025009155273,14.189921379089355,14.192647933959961,14.191933631896973,14.192075729370117,14.177120208740234,14.19237232208252,14.169486045837402,14.171175003051758,14.166431427001953,14.127849578857422,14.164162635803223,14.113195419311523,14.157225608825684,14.10049819946289,14.228322982788086,14.165709495544434
5.53,14.31061,0.0,14.201583862304688,14.172647476196289,14.108988761901855,14.117847442626953,14.221356391906738,14.151986122131348,14.12291431427002,14.143178939819336,14.182449340820312,14.179765701293945,14.151710510253906,14.192136764526367,14.131121635437012,14.192243576049805,14.18023681640625,14.201025009155273,14.189921379089355,14.192647933959961,14.191933631896973,14.192075729370117,14.177120208740234,14.19237232208252,14.169486045837402,14.171175003051758,14.166431427001953,14.127849578857422,14.164162635803223,14.113195419311523,14.157225608825684,14.10049819946289,14.228322982788086,14.165709495544434
5.54,14.34851,0.0,14.385149955749512,14.354299545288086,14.296795845031738,14.29908561706543,14.406230926513672,14.340076446533203,14.304718971252441,14.314889907836914,14.351225852966309,14.358623504638672,14.33387565612793,14.366385459899902,14.31897258758545,14.364233016967773,14.356361389160156,14.37643814086914,14.363415718078613,14.368852615356445,14.372736930847168,14.368684768676758,14.351339340209961,14.373238563537598,14.3502779006958,14.346613883972168,14.345173835754395,14.304393768310547,14.347023010253906,14.302906036376953,14.343364715576172,14.28274917602539,14.417562484741211,14.3556547164917
5.55,14.38665,0.0,14.385149955749512,14.354299545288086,14.296795845031738,14.29908561706543,14.406230926513672,14.340076446533203,14.304718971252441,14.314889907836914,14.351225852966309,14.358623504638672,14.33387565612793,14.366385459899902,14.31897258758545,14.364233016967773,14.356361389160156,14.37643814086914,14.363415718078613,14.368852615356445,14.372736930847168,14.368684768676758,14.351339340209961,14.373238563537598,14.3502779006958,14.346613883972168,14.345173835754395,14.304393768310547,14.347023010253906,14.302906036376953,14.343364715576172,14.28274917602539,14.417562484741211,14.3556547164917
5.56,14.41736,0.0,14.385149955749512,14.354299545288086,14.296795845031738,14.29908561706543,14.406230926513672,14.340076446533203,14.304718971252441,14.314889907836914,14.351225852966309,14.358623504638672,14.33387565612793,14.366385459899902,14.31897258758545,14.364233016967773,14.356361389160156,14.37643814086914,14.363415718078613,14.368852615356445,14.372736930847168,14.368684768676758,14.351339340209961,14.373238563537598,14.3502779006958,14.346613883972168,14.345173835754395,14.304393768310547,14.347023010253906,14.302906036376953,14.343364715576172,14.28274917602539,14.417562484741211,14.3556547164917
5.57,14.4636,0.00238,14.385149955749512,14.354299545288086,14.296795845031738,14.29908561706543,14.406230926513672,14.340076446533203,14.304718971252441,14.314889907836914,14.351225852966309,14.358623504638672,14.33387565612793,14.366385459899902,14.31897258758545,14.364233016967773,14.356361389160156,14.37643814086914,14.363415718078613,14.368852615356445,14.372736930847168,14.368684768676758,14.351339340209961,14.373238563537598,14.3502779006958,14.346613883972168,14.345173835754395,14.304393768310547,14.347023010253906,14.302906036376953,14.343364715576172,14.28274917602539,14.417562484741211,14.3556547164917
5.58,14.50236,0.00389,14.385149955749512,14.354299545288086,14.296795845031738,14.29908561706543,14.406230926513672,14.340076446533203,14.304718971252441,14.314889907836914,14.351225852966309,14.358623504638672,14.33387565612793,14.366385459899902,14.31897258758545,14.364233016967773,14.356361389160156,14.37643814086914,14.363415718078613,14.368852615356445,14.372736930847168,14.368684768676758,14.351339340209961,14.373238563537598,14.3502779006958,14.346613883972168,14.345173835754395,14.304393768310547,14.347023010253906,14.302906036376953,14.343364715576172,14.28274917602539,14.417562484741211,14.3556547164917
5.59,14.5413,0.00533,14.596229553222656,14.547119140625,14.490190505981445,14.490145683288574,14.61009693145752,14.527960777282715,14.488362312316895,14.496430397033691,14.53445053100586,14.54222297668457,14.519516944885254,14.548582077026367,14.513238906860352,14.542794227600098,14.534688949584961,14.554487228393555,14.545406341552734,14.549509048461914,14.556220054626465,14.549288749694824,14.531773567199707,14.553828239440918,14.531079292297363,14.539363861083984,14.524325370788574,14.481624603271484,14.550370216369629,14.498573303222656,14.54123306274414,14.477621078491211,14.617803573608398,14.550236701965332
5.6,14.57259,0.00644,14.596229553222656,14.547119140625,14.490190505981445,14.490145683288574,14.61009693145752,14.527960777282715,14.488362312316895,14.496430397033691,14.53445053100586,14.54222297668457,14.519516944885254,14.548582077026367,14.513238906860352,14.542794227600098,14.534688949584961,14.554487228393555,14.545406341552734,14.549509048461914,14.556220054626465,14.549288749694824,14.531773567199707,14.553828239440918,14.531079292297363,14.539363861083984,14.524325370788574,14.481624603271484,14.550370216369629,14.498573303222656,14.54123306274414,14.477621078491211,14.617803573608398,14.550236701965332
5.61,14.61958,0.00801,14.596229553222656,14.547119140625,14.490190505981445,14.490145683288574,14.61009693145752,14.527960777282715,14.488362312316895,14.496430397033691,14.53445053100586,14.54222297668457,14.519516944885254,14.548582077026367,14.513238906860352,14.542794227600098,14.534688949584961,14.554487228393555,14.545406341552734,14.549509048461914,14.556220054626465,14.549288749694824,14.531773567199707,14.553828239440918,14.531079292297363,14.539363861083984,14.524325370788574,14.481624603271484,14.550370216369629,14.498573303222656,14.54123306274414,14.477621078491211,14.617803573608398,14.550236701965332
5.62,14.65888,0.00924,14.596229553222656,14.547119140625,14.490190505981445,14.490145683288574,14.61009693145752,14.527960777282715,14.488362312316895,14.496430397033691,14.53445053100586,14.54222297668457,14.519516944885254,14.548582077026367,14.513238906860352,14.542794227600098,14.534688949584961,14.554487228393555,14.545406341552734,14.549509048461914,14.556220054626465,14.549288749694824,14.531773567199707,14.553828239440918,14.531079292297363,14.539363861083984,14.524325370788574,14.481624603271484,14.550370216369629,14.498573303222656,14.54123306274414,14.477621078491211,14.617803573608398,14.550236701965332
5.63,14.69823,0.01038,14.596229553222656,14.547119140625,14.490190505981445,14.490145683288574,14.61009693145752,14.527960777282715,14.488362312316895,14.496430397033691,14.53445053100586,14.54222297668457,14.519516944885254,14.548582077026367,14.513238906860352,14.542794227600098,14.534688949584961,14.554487228393555,14.545406341552734,14.549509048461914,14.556220054626465,14.549288749694824,14.531773567199707,14.553828239440918,14.531079292297363,14.539363861083984,14.524325370788574,14.481624603271484,14.550370216369629,14.498573303222656,14.54123306274414,14.477621078491211,14.617803573608398,14.550236701965332
5.64,14.73761,0.01145,14.772680282592773,14.724686622619629,14.6847562789917,14.684187889099121,14.774398803710938,14.72178840637207,14.684794425964355,14.6946382522583,14.72148323059082,14.72817611694336,14.705327033996582,14.73552131652832,14.699677467346191,14.728753089904785,14.716279983520508,14.739741325378418,14.733179092407227,14.736680030822754,14.742032051086426,14.737722396850586,14.720466613769531,14.743304252624512,14.7184476852417,14.727001190185547,14.714166641235352,14.672935485839844,14.728821754455566,14.689085006713867,14.730925559997559,14.665127754211426,14.787688255310059,14.743437767028809
5.65,14.77699,0.01244,14.772680282592773,14.724686622619629,14.6847562789917,14.684187889099121,14.774398803710938,14.72178840637207,14.684794425964355,14.6946382522583,14.72148323059082,14.72817611694336,14.705327033996582,14.73552131652832,14.699677467346191,14.728753089904785,14.716279983520508,14.739741325378418,14.733179092407227,14.736680030822754,14.742032051086426,14.737722396850586,14.720466613769531,14.743304252624512,14.7184476852417,14.727001190185547,14.714166641235352,14.672935485839844,14.728821754455566,14.689085006713867,14.730925559997559,14.665127754211426,14.787688255310059,14.743437767028809
5.66,14.81632,0.01334,14.772680282592773,14.724686622619629,14.6847562789917,14.684187889099121,14.774398803710938,14.72178840637207,14.684794425964355,14.6946382522583,14.72148323059082,14.72817611694336,14.705327033996582,14.73552131652832,14.699677467346191,14.728753089904785,14.716279983520508,14.739741325378418,14.733179092407227,14.736680030822754,14.742032051086426,14.737722396850586,14.720466613769531,14.743304252624512,14.7184476852417,14.727001190185547,14.714166641235352,14.672935485839844,14.728821754455566,14.689085006713867,14.730925559997559,14.665127754211426,14.787688255310059,14.743437767028809
5.67,14.8556,0.01417,14.772680282592773,14.724686622619629,14.6847562789917,14.684187889099121,14.774398803710938,14.72178840637207,14.684794425964355,14.6946382522583,14.72148323059082,14.72817611694336,14.705327033996582,14.73552131652832,14.699677467346191,14.728753089904785,14.716279983520508,14.739741325378418,14.733179092407227,14.736680030822754,14.742032051086426,14.737722396850586,14.720466613769531,14.743304252624512,14.7184476852417,14.727001190185547,14.714166641235352,14.672935485839844,14.728821754455566,14.689085006713867,14.730925559997559,14.665127754211426,14.787688255310059,14.743437767028809
5.68,14.89477,0.01492,14.772680282592773,14.724686622619629,14.6847562789917,14.684187889099121,14.774398803710938,14.72178840637207,14.684794425964355,14.6946382522583,14.72148323059082,14.72817611694336,14.705327033996582,14.73552131652832,14.699677467346191,14.728753089904785,14.716279983520508,14.739741325378418,14.733179092407227,14.736680030822754,14.742032051086426,14.737722396850586,14.720466613769531,14.743304252624512,14.7184476852417,14.727001190185547,14.714166641235352,14.672935485839844,14.728821754455566,14.689085006713867,14.730925559997559,14.665127754211426,14.787688255310059,14.743437767028809
5.69,14.93381,0.0156,14.911482810974121,14.907941818237305,14.873538970947266,14.871283531188965,14.899617195129395,14.908931732177734,14.86982250213623,14.876564025878906,14.905745506286621,14.911874771118164,14.891311645507812,14.920310020446777,14.887465476989746,14.91455364227295,14.897051811218262,14.923761367797852,14.919905662536621,14.921564102172852,14.92716121673584,14.924629211425781,14.906794548034668,14.930224418640137,14.904295921325684,14.912870407104492,14.900779724121094,14.85910415649414,14.87345027923584,14.876664161682129,14.920889854431152,14.853378295898438,14.929054260253906,14.932982444763184
5.7,14.97267,0.01621,14.911482810974121,14.907941818237305,14.873538970947266,14.871283531188965,14.899617195129395,14.908931732177734,14.86982250213623,14.876564025878906,14.905745506286621,14.911874771118164,14.891311645507812,14.920310020446777,14.887465476989746,14.91455364227295,14.897051811218262,14.923761367797852,14.919905662536621,14.921564102172852,14.92716121673584,14.924629211425781,14.906794548034668,14.930224418640137,14.904295921325684,14.912870407104492,14.900779724121094,14.85910415649414,14.87345027923584,14.876664161682129,14.920889854431152,14.853378295898438,14.929054260253906,14.932982444763184
5.71,15.01134,0.01675,14.911482810974121,14.907941818237305,14.873538970947266,14.871283531188965,14.899617195129395,14.908931732177734,14.86982250213623,14.876564025878906,14.905745506286621,14.911874771118164,14.891311645507812,14.920310020446777,14.887465476989746,14.91455364227295,14.897051811218262,14.923761367797852,14.919905662536621,14.921564102172852,14.92716121673584,14.924629211425781,14.906794548034668,14.930224418640137,14.904295921325684,14.912870407104492,14.900779724121094,14.85910415649414,14.87345027923584,14.876664161682129,14.920889854431152,14.853378295898438,14.929054260253906,14.932982444763184
5.72,15.04979,0.01724,14.911482810974121,14.907941818237305,14.873538970947266,14.871283531188965,14.899617195129395,14.908931732177734,14.86982250213623,14.876564025878906,14.905745506286621,14.911874771118164,14.891311645507812,14.920310020446777,14.887465476989746,14.91455364227295,14.897051811218262,14.923761367797852,14.919905662536621,14.921564102172852,14.92716121673584,14.924629211425781,14.906794548034668,14.930224418640137,14.904295921325684,14.912870407104492,14.900779724121094,14.85910415649414,14.87345027923584,14.876664161682129,14.920889854431152,14.853378295898438,14.929054260253906,14.932982444763184
5.73,15.08798,0.01767,14.911482810974121,14.907941818237305,14.873538970947266,14.871283531188965,14.899617195129395,14.908931732177734,14.86982250213623,14.876564025878906,14.905745506286621,14.911874771118164,14.891311645507812,14.920310020446777,14.887465476989746,14.91455364227295,14.897051811218262,14.923761367797852,14.919905662536621,14.921564102172852,14.92716121673584,14.924629211425781,14.906794548034668,14.930224418640137,14.904295921325684,14.912870407104492,14.900779724121094,14.85910415649414,14.87345027923584,14.876664161682129,14.920889854431152,14.853378295898438,14.929054260253906,14.932982444763184
5.74,15.1259,0.01805,15.057427406311035,15.093931198120117,15.066439628601074,15.063575744628906,15.04476261138916,15.093782424926758,15.054858207702637,15.05912971496582,15.092347145080566,15.096647262573242,15.076874732971191,15.104573249816895,15.076269149780273,15.102217674255371,15.080059051513672,15.106363296508789,15.105598449707031,15.109825134277344,15.114646911621094,15.111371040344238,15.09371280670166,15.113627433776855,15.087236404418945,15.103606224060059,15.082792282104492,15.039183616638184,15.029369354248047,15.066605567932129,15.115836143493652,15.046856880187988,15.101611137390137,15.122736930847168
5.75,15.16352,0.01838,15.057427406311035,15.093931198120117,15.066439628601074,15.063575744628906,15.04476261138916,15.093782424926758,15.054858207702637,15.05912971496582,15.092347145080566,15.096647262573242,15.076874732971191,15.104573249816895,15.076269149780273,15.102217674255371,15.080059051513672,15.106363296508789,15.105598449707031,15.109825134277344,15.114646911621094,15.111371040344238,15.09371280670166,15.113627433776855,15.087236404418945,15.103606224060059,15.082792282104492,15.039183616638184,15.029369354248047,15.066605567932129,15.115836143493652,15.046856880187988,15.101611137390137,15.122736930847168
5.76,15.20081,0.01868,15.057427406311035,15.093931198120117,15.066439628601074,15.063575744628906,15.04476261138916,15.093782424926758,15.054858207702637,15.05912971496582,15.092347145080566,15.096647262573242,15.076874732971191,15.104573249816895,15.076269149780273,15.102217674255371,15.080059051513672,15.106363296508789,15.105598449707031,15.109825134277344,15.114646911621094,15.111371040344238,15.09371280670166,15.113627433776855,15.087236404418945,15.103606224060059,15.082792282104492,15.039183616638184,15.029369354248047,15.066605567932129,15.115836143493652,15.046856880187988,15.101611137390137,15.122736930847168
5.77,15.2304,0.0189,15.057427406311035,15.093931198120117,15.066439628601074,15.063575744628906,15.04476261138916,15.093782424926758,15.054858207702637,15.05912971496582,15.092347145080566,15.096647262573242,15.076874732971191,15.104573249816895,15.076269149780273,15.102217674255371,15.080059051513672,15.106363296508789,15.105598449707031,15.109825134277344,15.114646911621094,15.111371040344238,15.09371280670166,15.113627433776855,15.087236404418945,15.103606224060059,15.082792282104492,15.039183616638184,15.029369354248047,15.066605567932129,15.115836143493652,15.046856880187988,15.101611137390137,15.122736930847168
5.78,15.27437,0.01919,15.057427406311035,15.093931198120117,15.066439628601074,15.063575744628906,15.04476261138916,15.093782424926758,15.054858207702637,15.05912971496582,15.092347145080566,15.096647262573242,15.076874732971191,15.104573249816895,15.076269149780273,15.102217674255371,15.080059051513672,15.106363296508789,15.105598449707031,15.109825134277344,15.114646911621094,15.111371040344238,15.09371280670166,15.113627433776855,15.087236404418945,15.103606224060059,15.082792282104492,15.039183616638184,15.029369354248047,15.066605567932129,15.115836143493652,15.046856880187988,15.101611137390137,15.122736930847168
5.79,15.31062,0.01941,15.279951095581055,15.265850067138672,15.252605438232422,15.247314453125,15.264071464538574,15.27889347076416,15.241211891174316,15.241960525512695,15.269017219543457,15.274772644042969,15.256315231323242,15.282510757446289,15.25524616241455,15.27883529663086,15.255446434020996,15.282495498657227,15.281412124633789,15.287558555603027,15.293427467346191,15.289935111999512,15.271814346313477,15.293869018554688,15.266823768615723,15.279763221740723,15.262495040893555,15.218448638916016,15.244063377380371,15.246826171875,15.294676780700684,15.225101470947266,15.312119483947754,15.307127952575684
5.8,15.34648,0.01963,15.279951095581055,15.265850067138672,15.252605438232422,15.247314453125,15.264071464538574,15.27889347076416,15.241211891174316,15.241960525512695,15.269017219543457,15.274772644042969,15.256315231323242,15.282510757446289,15.25524616241455,15.27883529663086,15.255446434020996,15.282495498657227,15.281412124633789,15.287558555603027,15.293427467346191,15.289935111999512,15.271814346313477,15.293869018554688,15.266823768615723,15.279763221740723,15.262495040893555,15.218448638916016,15.244063377380371,15.246826171875,15.294676780700684,15.225101470947266,15.312119483947754,15.307127952575684
5.81,15.37489,0.01979,15.279951095581055,15.265850067138672,15.252605438232422,15.247314453125,15.264071464538574,15.27889347076416,15.241211891174316,15.241960525512695,15.269017219543457,15.274772644042969,15.256315231323242,15.282510757446289,15.25524616241455,15.27883529663086,15.255446434020996,15.282495498657227,15.281412124633789,15.287558555603027,15.293427467346191,15.289935111999512,15.271814346313477,15.293869018554688,15.266823768615723,15.279763221740723,15.262495040893555,15.218448638916016,15.244063377380371,15.246826171875,15.294676780700684,15.225101470947266,15.312119483947754,15.307127952575684
5.82,15.41706,0.02004,15.279951095581055,15.265850067138672,15.252605438232422,15.247314453125,15.264071464538574,15.27889347076416,15.241211891174316,15.241960525512695,15.269017219543457,15.274772644042969,15.256315231323242,15.282510757446289,15.25524616241455,15.27883529663086,15.255446434020996,15.282495498657227,15.281412124633789,15.287558555603027,15.293427467346191,15.289935111999512,15.271814346313477,15.293869018554688,15.266823768615723,15.279763221740723,15.262495040893555,15.218448638916016,15.244063377380371,15.246826171875,15.294676780700684,15.225101470947266,15.312119483947754,15.307127952575684
5.83,15.45179,0.02026,15.279951095581055,15.265850067138672,15.252605438232422,15.247314453125,15.264071464538574,15.27889347076416,15.241211891174316,15.241960525512695,15.269017219543457,15.274772644042969,15.256315231323242,15.282510757446289,15.25524616241455,15.27883529663086,15.255446434020996,15.282495498657227,15.281412124633789,15.287558555603027,15.293427467346191,15.289935111999512,15.271814346313477,15.293869018554688,15.266823768615723,15.279763221740723,15.262495040893555,15.218448638916016,15.244063377380371,15.246826171875,15.294676780700684,15.225101470947266,15.312119483947754,15.307127952575684
5.84,15.48614,0.02049,15.467317581176758,15.447525024414062,15.437507629394531,15.433279991149902,15.448233604431152,15.458661079406738,15.419812202453613,15.422086715698242,15.45044231414795,15.453691482543945,15.437726974487305,15.46275520324707,15.440464973449707,15.459061622619629,15.431808471679688,15.45926284790039,15.462560653686523,15.468238830566406,15.475077629089355,15.472027778625488,15.454010963439941,15.474459648132324,15.446645736694336,15.471334457397461,15.443012237548828,15.398641586303711,15.434839248657227,15.427924156188965,15.483028411865234,15.412820816040039,15.506080627441406,15.49092960357666
5.85,15.51335,0.02068,15.467317581176758,15.447525024414062,15.437507629394531,15.433279991149902,15.448233604431152,15.458661079406738,15.419812202453613,15.422086715698242,15.45044231414795,15.453691482543945,15.437726974487305,15.46275520324707,15.440464973449707,15.459061622619629,15.431808471679688,15.45926284790039,15.462560653686523,15.468238830566406,15.475077629089355,15.472027778625488,15.454010963439941,15.474459648132324,15.446645736694336,15.471334457397461,15.443012237548828,15.398641586303711,15.434839248657227,15.427924156188965,15.483028411865234,15.412820816040039,15.506080627441406,15.49092960357666
5.86,15.55373,0.02101,15.467317581176758,15.447525024414062,15.437507629394531,15.433279991149902,15.448233604431152,15.458661079406738,15.419812202453613,15.422086715698242,15.45044231414795,15.453691482543945,15.437726974487305,15.46275520324707,15.440464973449707,15.459061622619629,15.431808471679688,15.45926284790039,15.462560653686523,15.468238830566406,15.475077629089355,15.472027778625488,15.454010963439941,15.474459648132324,15.446645736694336,15.471334457397461,15.443012237548828,15.398641586303711,15.434839248657227,15.427924156188965,15.483028411865234,15.412820816040039,15.506080627441406,15.49092960357666
5.87,15.58701,0.02132,15.467317581176758,15.447525024414062,15.437507629394531,15.433279991149902,15.448233604431152,15.458661079406738,15.419812202453613,15.422086715698242,15.45044231414795,15.453691482543945,15.437726974487305,15.46275520324707,15.440464973449707,15.459061622619629,15.431808471679688,15.45926284790039,15.462560653686523,15.468238830566406,15.475077629089355,15.472027778625488,15.454010963439941,15.474459648132324,15.446645736694336,15.471334457397461,15.443012237548828,15.398641586303711,15.434839248657227,15.427924156188965,15.483028411865234,15.412820816040039,15.506080627441406,15.49092960357666
5.88,15.61994,0.02167,15.467317581176758,15.447525024414062,15.437507629394531,15.433279991149902,15.448233604431152,15.458661079406738,15.419812202453613,15.422086715698242,15.45044231414795,15.453691482543945,15.437726974487305,15.46275520324707,15.440464973449707,15.459061622619629,15.431808471679688,15.45926284790039,15.462560653686523,15.468238830566406,15.475077629089355,15.472027778625488,15.454010963439941,15.474459648132324,15.446645736694336,15.471334457397461,15.443012237548828,15.398641586303711,15.434839248657227,15.427924156188965,15.483028411865234,15.412820816040039,15.506080627441406,15.49092960357666
5.89,15.65258,0.02206,15.652920722961426,15.623176574707031,15.6176176071167,15.612192153930664,15.637564659118652,15.634085655212402,15.593805313110352,15.593829154968262,15.627102851867676,15.628511428833008,15.614174842834473,15.638778686523438,15.615073204040527,15.634394645690918,15.60560417175293,15.63339614868164,15.638850212097168,15.642007827758789,15.650420188903809,15.646247863769531,15.628534317016602,15.649016380310059,15.621284484863281,15.642271995544434,15.616462707519531,15.570460319519043,15.619359016418457,15.605079650878906,15.663079261779785,15.593491554260254,15.697751998901367,15.670931816101074
5.9,15.68492,0.02249,15.652920722961426,15.623176574707031,15.6176176071167,15.612192153930664,15.637564659118652,15.634085655212402,15.593805313110352,15.593829154968262,15.627102851867676,15.628511428833008,15.614174842834473,15.638778686523438,15.615073204040527,15.634394645690918,15.60560417175293,15.63339614868164,15.638850212097168,15.642007827758789,15.650420188903809,15.646247863769531,15.628534317016602,15.649016380310059,15.621284484863281,15.642271995544434,15.616462707519531,15.570460319519043,15.619359016418457,15.605079650878906,15.663079261779785,15.593491554260254,15.697751998901367,15.670931816101074
5.91,15.71698,0.02298,15.652920722961426,15.623176574707031,15.6176176071167,15.612192153930664,15.637564659118652,15.634085655212402,15.593805313110352,15.593829154968262,15.627102851867676,15.628511428833008,15.614174842834473,15.638778686523438,15.615073204040527,15.634394645690918,15.60560417175293,15.63339614868164,15.638850212097168,15.642007827758789,15.650420188903809,15.646247863769531,15.628534317016602,15.649016380310059,15.621284484863281,15.642271995544434,15.616462707519531,15.570460319519043,15.619359016418457,15.605079650878906,15.663079261779785,15.593491554260254,15.697751998901367,15.670931816101074
5.92,15.7488,0.02353,15.652920722961426,15.623176574707031,15.6176176071167,15.612192153930664,15.637564659118652,15.634085655212402,15.593805313110352,15.593829154968262,15.627102851867676,15.628511428833008,15.614174842834473,15.638778686523438,15.615073204040527,15.634394645690918,15.60560417175293,15.63339614868164,15.638850212097168,15.642007827758789,15.650420188903809,15.646247863769531,15.628534317016602,15.649016380310059,15.621284484863281,15.642271995544434,15.616462707519531,15.570460319519043,15.619359016418457,15.605079650878906,15.663079261779785,15.593491554260254,15.697751998901367,15.670931816101074
5.93,15.78041,0.02413,15.652920722961426,15.623176574707031,15.6176176071167,15.612192153930664,15.637564659118652,15.634085655212402,15.593805313110352,15.593829154968262,15.627102851867676,15.628511428833008,15.614174842834473,15.638778686523438,15.615073204040527,15.634394645690918,15.60560417175293,15.63339614868164,15.638850212097168,15.642007827758789,15.650420188903809,15.646247863769531,15.628534317016602,15.649016380310059,15.621284484863281,15.642271995544434,15.616462707519531,15.570460319519043,15.619359016418457,15.605079650878906,15.663079261779785,15.593491554260254,15.697751998901367,15.670931816101074
5.94,15.81181,0.02481,15.823599815368652,15.788743019104004,15.779959678649902,15.77281665802002,15.806564331054688,15.793540954589844,15.74838924407959,15.75227165222168,15.79481315612793,15.792043685913086,15.780424118041992,15.805131912231445,15.775303840637207,15.803796768188477,15.771642684936523,15.799482345581055,15.808755874633789,15.804434776306152,15.815886497497559,15.810327529907227,15.793340682983398,15.812300682067871,15.78554916381836,15.807344436645508,15.780584335327148,15.731988906860352,15.785270690917969,15.764952659606934,15.827908515930176,15.756896018981934,15.865289688110352,15.837194442749023
5.95,15.84305,0.02554,15.823599815368652,15.788743019104004,15.779959678649902,15.77281665802002,15.806564331054688,15.793540954589844,15.74838924407959,15.75227165222168,15.79481315612793,15.792043685913086,15.780424118041992,15.805131912231445,15.775303840637207,15.803796768188477,15.771642684936523,15.799482345581055,15.808755874633789,15.804434776306152,15.815886497497559,15.810327529907227,15.793340682983398,15.812300682067871,15.78554916381836,15.807344436645508,15.780584335327148,15.731988906860352,15.785270690917969,15.764952659606934,15.827908515930176,15.756896018981934,15.865289688110352,15.837194442749023
5.96,15.87414,0.02635,15.823599815368652,15.788743019104004,15.779959678649902,15.77281665802002,15.806564331054688,15.793540954589844,15.74838924407959,15.75227165222168,15.79481315612793,15.792043685913086,15.780424118041992,15.805131912231445,15.775303840637207,15.803796768188477,15.771642684936523,15.799482345581055,15.808755874633789,15.804434776306152,15.815886497497559,15.810327529907227,15.793340682983398,15.812300682067871,15.78554916381836,15.807344436645508,15.780584335327148,15.731988906860352,15.785270690917969,15.764952659606934,15.827908515930176,15.756896018981934,15.865289688110352,15.837194442749023
5.97,15.90512,0.02722,15.823599815368652,15.788743019104004,15.779959678649902,15.77281665802002,15.806564331054688,15.793540954589844,15.74838924407959,15.75227165222168,15.79481315612793,15.792043685913086,15.780424118041992,15.805131912231445,15.775303840637207,15.803796768188477,15.771642684936523,15.799482345581055,15.808755874633789,15.804434776306152,15.815886497497559,15.810327529907227,15.793340682983398,15.812300682067871,15.78554916381836,15.807344436645508,15.780584335327148,15.731988906860352,15.785270690917969,15.764952659606934,15.827908515930176,15.756896018981934,15.865289688110352,15.837194442749023
5.98,15.93601,0.02817,15.823599815368652,15.788743019104004,15.779959678649902,15.77281665802002,15.806564331054688,15.793540954589844,15.74838924407959,15.75227165222168,15.79481315612793,15.792043685913086,15.780424118041992,15.805131912231445,15.775303840637207,15.803796768188477,15.771642684936523,15.799482345581055,15.808755874633789,15.804434776306152,15.815886497497559,15.810327529907227,15.793340682983398,15.812300682067871,15.78554916381836,15.807344436645508,15.780584335327148,15.731988906860352,15.785270690917969,15.764952659606934,15.827908515930176,15.756896018981934,15.865289688110352,15.837194442749023
5.99,15.96684,0.02919,15.981144905090332,15.94347858428955,15.934062957763672,15.928356170654297,15.9624605178833,15.948173522949219,15.901602745056152,15.910888671875,15.955022811889648,15.948827743530273,15.939294815063477,15.963583946228027,15.932877540588379,15.961874961853027,15.926347732543945,15.952864646911621,15.963029861450195,15.957756996154785,15.969951629638672,15.964177131652832,15.948152542114258,15.967137336730957,15.940241813659668,15.975608825683594,15.935283660888672,15.88616943359375,15.944555282592773,15.916122436523438,15.985224723815918,15.913426399230957,16.020671844482422,15.993382453918457
6.0,15.99763,0.03027,15.981144905090332,15.94347858428955,15.934062957763672,15.928356170654297,15.9624605178833,15.948173522949219,15.901602745056152,15.910888671875,15.955022811889648,15.948827743530273,15.939294815063477,15.963583946228027,15.932877540588379,15.961874961853027,15.926347732543945,15.952864646911621,15.963029861450195,15.957756996154785,15.969951629638672,15.964177131652832,15.948152542114258,15.967137336730957,15.940241813659668,15.975608825683594,15.935283660888672,15.88616943359375,15.944555282592773,15.916122436523438,15.985224723815918,15.913426399230957,16.020671844482422,15.993382453918457
6.01,16.0284,0.03142,15.981144905090332,15.94347858428955,15.934062957763672,15.928356170654297,15.9624605178833,15.948173522949219,15.901602745056152,15.910888671875,15.955022811889648,15.948827743530273,15.939294815063477,15.963583946228027,15.932877540588379,15.961874961853027,15.926347732543945,15.952864646911621,15.963029861450195,15.957756996154785,15.969951629638672,15.964177131652832,15.948152542114258,15.967137336730957,15.940241813659668,15.975608825683594,15.935283660888672,15.88616943359375,15.944555282592773,15.916122436523438,15.985224723815918,15.913426399230957,16.020671844482422,15.993382453918457
6.02,16.05304,0.03239,15.981144905090332,15.94347858428955,15.934062957763672,15.928356170654297,15.9624605178833,15.948173522949219,15.901602745056152,15.910888671875,15.955022811889648,15.948827743530273,15.939294815063477,15.963583946228027,15.932877540588379,15.961874961853027,15.926347732543945,15.952864646911621,15.963029861450195,15.957756996154785,15.969951629638672,15.964177131652832,15.948152542114258,15.967137336730957,15.940241813659668,15.975608825683594,15.935283660888672,15.88616943359375,15.944555282592773,15.916122436523438,15.985224723815918,15.913426399230957,16.020671844482422,15.993382453918457
6.03,16.08996,0.03392,15.981144905090332,15.94347858428955,15.934062957763672,15.928356170654297,15.9624605178833,15.948173522949219,15.901602745056152,15.910888671875,15.955022811889648,15.948827743530273,15.939294815063477,15.963583946228027,15.932877540588379,15.961874961853027,15.926347732543945,15.952864646911621,15.963029861450195,15.957756996154785,15.969951629638672,15.964177131652832,15.948152542114258,15.967137336730957,15.940241813659668,15.975608825683594,15.935283660888672,15.88616943359375,15.944555282592773,15.916122436523438,15.985224723815918,15.913426399230957,16.020671844482422,15.993382453918457
6.04,16.1208,0.03525,16.13950538635254,16.104034423828125,16.096555709838867,16.09355354309082,16.125080108642578,16.10698699951172,16.06481170654297,16.07415771484375,16.116872787475586,16.109214782714844,16.099424362182617,16.124250411987305,16.09972381591797,16.119752883911133,16.083106994628906,16.1091365814209,16.120819091796875,16.11359405517578,16.12409210205078,16.121614456176758,16.105953216552734,16.123952865600586,16.09485626220703,16.147626876831055,16.09074592590332,16.04358673095703,16.104780197143555,16.071823120117188,16.147216796875,16.079118728637695,16.188690185546875,16.149721145629883
6.05,16.15168,0.03663,16.13950538635254,16.104034423828125,16.096555709838867,16.09355354309082,16.125080108642578,16.10698699951172,16.06481170654297,16.07415771484375,16.116872787475586,16.109214782714844,16.099424362182617,16.124250411987305,16.09972381591797,16.119752883911133,16.083106994628906,16.1091365814209,16.120819091796875,16.11359405517578,16.12409210205078,16.121614456176758,16.105953216552734,16.123952865600586,16.09485626220703,16.147626876831055,16.09074592590332,16.04358673095703,16.104780197143555,16.071823120117188,16.147216796875,16.079118728637695,16.188690185546875,16.149721145629883
6.06,16.17645,0.03777,16.13950538635254,16.104034423828125,16.096555709838867,16.09355354309082,16.125080108642578,16.10698699951172,16.06481170654297,16.07415771484375,16.116872787475586,16.109214782714844,16.099424362182617,16.124250411987305,16.09972381591797,16.119752883911133,16.083106994628906,16.1091365814209,16.120819091796875,16.11359405517578,16.12409210205078,16.121614456176758,16.105953216552734,16.123952865600586,16.09485626220703,16.147626876831055,16.09074592590332,16.04358673095703,16.104780197143555,16.071823120117188,16.147216796875,16.079118728637695,16.188690185546875,16.149721145629883
6.07,16.21363,0.03952,16.13950538635254,16.104034423828125,16.096555709838867,16.09355354309082,16.125080108642578,16.10698699951172,16.06481170654297,16.07415771484375,16.116872787475586,16.109214782714844,16.099424362182617,16.124250411987305,16.09972381591797,16.119752883911133,16.083106994628906,16.1091365814209,16.120819091796875,16.11359405517578,16.12409210205078,16.121614456176758,16.105953216552734,16.123952865600586,16.09485626220703,16.147626876831055,16.09074592590332,16.04358673095703,16.104780197143555,16.071823120117188,16.147216796875,16.079118728637695,16.188690185546875,16.149721145629883
6.08,16.24471,0.04101,16.13950538635254,16.104034423828125,16.096555709838867,16.09355354309082,16.125080108642578,16.10698699951172,16.06481170654297,16.07415771484375,16.116872787475586,16.109214782714844,16.099424362182617,16.124250411987305,16.09972381591797,16.119752883911133,16.083106994628906,16.1091365814209,16.120819091796875,16.11359405517578,16.12409210205078,16.121614456176758,16.105953216552734,16.123952865600586,16.09485626220703,16.147626876831055,16.09074592590332,16.04358673095703,16.104780197143555,16.071823120117188,16.147216796875,16.079118728637695,16.188690185546875,16.149721145629883
6.09,16.27587,0.04253,16.31927490234375,16.264909744262695,16.262296676635742,16.260440826416016,16.30263328552246,16.272594451904297,16.233585357666016,16.236804962158203,16.274255752563477,16.268705368041992,16.257776260375977,16.284351348876953,16.267210006713867,16.277442932128906,16.241273880004883,16.269502639770508,16.282155990600586,16.272981643676758,16.28040885925293,16.284141540527344,16.267976760864258,16.285581588745117,16.253244400024414,16.31097984313965,16.25185203552246,16.20755386352539,16.27570152282715,16.23096466064453,16.303836822509766,16.24204444885254,16.360979080200195,16.310836791992188
6.1,16.30087,0.04376,16.31927490234375,16.264909744262695,16.262296676635742,16.260440826416016,16.30263328552246,16.272594451904297,16.233585357666016,16.236804962158203,16.274255752563477,16.268705368041992,16.257776260375977,16.284351348876953,16.267210006713867,16.277442932128906,16.241273880004883,16.269502639770508,16.282155990600586,16.272981643676758,16.28040885925293,16.284141540527344,16.267976760864258,16.285581588745117,16.253244400024414,16.31097984313965,16.25185203552246,16.20755386352539,16.27570152282715,16.23096466064453,16.303836822509766,16.24204444885254,16.360979080200195,16.310836791992188
6.11,16.33839,0.0456,16.31927490234375,16.264909744262695,16.262296676635742,16.260440826416016,16.30263328552246,16.272594451904297,16.233585357666016,16.236804962158203,16.274255752563477,16.268705368041992,16.257776260375977,16.284351348876953,16.267210006713867,16.277442932128906,16.241273880004883,16.269502639770508,16.282155990600586,16.272981643676758,16.28040885925293,16.284141540527344,16.267976760864258,16.285581588745117,16.253244400024414,16.31097984313965,16.25185203552246,16.20755386352539,16.27570152282715,16.23096466064453,16.303836822509766,16.24204444885254,16.360979080200195,16.310836791992188
6.12,16.36975,0.04713,16.31927490234375,16.264909744262695,16.262296676635742,16.260440826416016,16.30263328552246,16.272594451904297,16.233585357666016,16.236804962158203,16.274255752563477,16.268705368041992,16.257776260375977,16.284351348876953,16.267210006713867,16.277442932128906,16.241273880004883,16.269502639770508,16.282155990600586,16.272981643676758,16.28040885925293,16.284141540527344,16.267976760864258,16.285581588745117,16.253244400024414,16.31097984313965,16.25185203552246,16.20755386352539,16.27570152282715,16.23096466064453,16.303836822509766,16.24204444885254,16.360979080200195,16.310836791992188
6.13,16.40114,0.04866,16.31927490234375,16.264909744262695,16.262296676635742,16.260440826416016,16.30263328552246,16.272594451904297,16.233585357666016,16.236804962158203,16.274255752563477,16.268705368041992,16.257776260375977,16.284351348876953,16.267210006713867,16.277442932128906,16.241273880004883,16.269502639770508,16.282155990600586,16.272981643676758,16.28040885925293,16.284141540527344,16.267976760864258,16.285581588745117,16.253244400024414,16.31097984313965,16.25185203552246,16.20755386352539,16.27570152282715,16.23096466064453,16.303836822509766,16.24204444885254,16.360979080200195,16.310836791992188
6.14,16.42631,0.04986,16.477365493774414,16.418743133544922,16.4234561920166,16.42083740234375,16.454544067382812,16.42921257019043,16.392776489257812,16.386978149414062,16.422204971313477,16.420312881469727,16.409990310668945,16.43482780456543,16.426321029663086,16.427045822143555,16.392812728881836,16.421123504638672,16.433597564697266,16.424856185913086,16.432418823242188,16.436824798583984,16.419580459594727,16.4399356842041,16.406265258789062,16.459503173828125,16.404354095458984,16.359739303588867,16.432497024536133,16.38412094116211,16.457738876342773,16.400434494018555,16.515972137451172,16.465930938720703
6.15,16.46403,0.05164,16.477365493774414,16.418743133544922,16.4234561920166,16.42083740234375,16.454544067382812,16.42921257019043,16.392776489257812,16.386978149414062,16.422204971313477,16.420312881469727,16.409990310668945,16.43482780456543,16.426321029663086,16.427045822143555,16.392812728881836,16.421123504638672,16.433597564697266,16.424856185913086,16.432418823242188,16.436824798583984,16.419580459594727,16.4399356842041,16.406265258789062,16.459503173828125,16.404354095458984,16.359739303588867,16.432497024536133,16.38412094116211,16.457738876342773,16.400434494018555,16.515972137451172,16.465930938720703
6.16,16.49547,0.05307,16.477365493774414,16.418743133544922,16.4234561920166,16.42083740234375,16.454544067382812,16.42921257019043,16.392776489257812,16.386978149414062,16.422204971313477,16.420312881469727,16.409990310668945,16.43482780456543,16.426321029663086,16.427045822143555,16.392812728881836,16.421123504638672,16.433597564697266,16.424856185913086,16.432418823242188,16.436824798583984,16.419580459594727,16.4399356842041,16.406265258789062,16.459503173828125,16.404354095458984,16.359739303588867,16.432497024536133,16.38412094116211,16.457738876342773,16.400434494018555,16.515972137451172,16.465930938720703
6.17,16.52689,0.05447,16.477365493774414,16.418743133544922,16.4234561920166,16.42083740234375,16.454544067382812,16.42921257019043,16.392776489257812,16.386978149414062,16.422204971313477,16.420312881469727,16.409990310668945,16.43482780456543,16.426321029663086,16.427045822143555,16.392812728881836,16.421123504638672,16.433597564697266,16.424856185913086,16.432418823242188,16.436824798583984,16.419580459594727,16.4399356842041,16.406265258789062,16.459503173828125,16.404354095458984,16.359739303588867,16.432497024536133,16.38412094116211,16.457738876342773,16.400434494018555,16.515972137451172,16.465930938720703
6.18,16.55826,0.05582,16.477365493774414,16.418743133544922,16.4234561920166,16.42083740234375,16.454544067382812,16.42921257019043,16.392776489257812,16.386978149414062,16.422204971313477,16.420312881469727,16.409990310668945,16.43482780456543,16.426321029663086,16.427045822143555,16.392812728881836,16.421123504638672,16.433597564697266,16.424856185913086,16.432418823242188,16.436824798583984,16.419580459594727,16.4399356842041,16.406265258789062,16.459503173828125,16.404354095458984,16.359739303588867,16.432497024536133,16.38412094116211,16.457738876342773,16.400434494018555,16.515972137451172,16.465930938720703
6.19,16.5897,0.05711,16.62692642211914,16.572370529174805,16.581775665283203,16.579181671142578,16.609600067138672,16.57605743408203,16.54462242126465,16.536575317382812,16.573760986328125,16.571378707885742,16.562002182006836,16.585721969604492,16.58208656311035,16.578550338745117,16.544347763061523,16.5706844329834,16.586538314819336,16.577194213867188,16.585416793823242,16.588455200195312,16.571428298950195,16.590782165527344,16.556663513183594,16.613693237304688,16.553659439086914,16.507261276245117,16.58497428894043,16.530895233154297,16.612089157104492,16.558000564575195,16.674907684326172,16.615028381347656
6.2,16.62075,0.05833,16.62692642211914,16.572370529174805,16.581775665283203,16.579181671142578,16.609600067138672,16.57605743408203,16.54462242126465,16.536575317382812,16.573760986328125,16.571378707885742,16.562002182006836,16.585721969604492,16.58208656311035,16.578550338745117,16.544347763061523,16.5706844329834,16.586538314819336,16.577194213867188,16.585416793823242,16.588455200195312,16.571428298950195,16.590782165527344,16.556663513183594,16.613693237304688,16.553659439086914,16.507261276245117,16.58497428894043,16.530895233154297,16.612089157104492,16.558000564575195,16.674907684326172,16.615028381347656
6.21,16.65181,0.05949,16.62692642211914,16.572370529174805,16.581775665283203,16.579181671142578,16.609600067138672,16.57605743408203,16.54462242126465,16.536575317382812,16.573760986328125,16.571378707885742,16.562002182006836,16.585721969604492,16.58208656311035,16.578550338745117,16.544347763061523,16.5706844329834,16.586538314819336,16.577194213867188,16.585416793823242,16.588455200195312,16.571428298950195,16.590782165527344,16.556663513183594,16.613693237304688,16.553659439086914,16.507261276245117,16.58497428894043,16.530895233154297,16.612089157104492,16.558000564575195,16.674907684326172,16.615028381347656
6.22,16.68273,0.06057,16.62692642211914,16.572370529174805,16.581775665283203,16.579181671142578,16.609600067138672,16.57605743408203,16.54462242126465,16.536575317382812,16.573760986328125,16.571378707885742,16.562002182006836,16.585721969604492,16.58208656311035,16.578550338745117,16.544347763061523,16.5706844329834,16.586538314819336,16.577194213867188,16.585416793823242,16.588455200195312,16.571428298950195,16.590782165527344,16.556663513183594,16.613693237304688,16.553659439086914,16.507261276245117,16.58497428894043,16.530895233154297,16.612089157104492,16.558000564575195,16.674907684326172,16.615028381347656
6.23,16.71345,0.06158,16.62692642211914,16.572370529174805,16.581775665283203,16.579181671142578,16.609600067138672,16.57605743408203,16.54462242126465,16.536575317382812,16.573760986328125,16.571378707885742,16.562002182006836,16.585721969604492,16.58208656311035,16.578550338745117,16.544347763061523,16.5706844329834,16.586538314819336,16.577194213867188,16.585416793823242,16.588455200195312,16.571428298950195,16.590782165527344,16.556663513183594,16.613693237304688,16.553659439086914,16.507261276245117,16.58497428894043,16.530895233154297,16.612089157104492,16.558000564575195,16.674907684326172,16.615028381347656
6.24,16.74396,0.06252,16.781545639038086,16.717187881469727,16.734230041503906,16.733684539794922,16.758136749267578,16.723487854003906,16.698440551757812,16.691986083984375,16.72781753540039,16.72284507751465,16.71424674987793,16.73893165588379,16.735824584960938,16.728866577148438,16.692367553710938,16.719884872436523,16.73811912536621,16.72919464111328,16.736032485961914,16.74117660522461,16.724702835083008,16.74469757080078,16.70835304260254,16.767845153808594,16.706762313842773,16.661191940307617,16.73174476623535,16.670610427856445,16.758821487426758,16.70842170715332,16.81967544555664,16.756507873535156
6.25,16.77423,0.06337,16.781545639038086,16.717187881469727,16.734230041503906,16.733684539794922,16.758136749267578,16.723487854003906,16.698440551757812,16.691986083984375,16.72781753540039,16.72284507751465,16.71424674987793,16.73893165588379,16.735824584960938,16.728866577148438,16.692367553710938,16.719884872436523,16.73811912536621,16.72919464111328,16.736032485961914,16.74117660522461,16.724702835083008,16.74469757080078,16.70835304260254,16.767845153808594,16.706762313842773,16.661191940307617,16.73174476623535,16.670610427856445,16.758821487426758,16.70842170715332,16.81967544555664,16.756507873535156
6.26,16.80424,0.06414,16.781545639038086,16.717187881469727,16.734230041503906,16.733684539794922,16.758136749267578,16.723487854003906,16.698440551757812,16.691986083984375,16.72781753540039,16.72284507751465,16.71424674987793,16.73893165588379,16.735824584960938,16.728866577148438,16.692367553710938,16.719884872436523,16.73811912536621,16.72919464111328,16.736032485961914,16.74117660522461,16.724702835083008,16.74469757080078,16.70835304260254,16.767845153808594,16.706762313842773,16.661191940307617,16.73174476623535,16.670610427856445,16.758821487426758,16.70842170715332,16.81967544555664,16.756507873535156
6.27,16.82803,0.06469,16.781545639038086,16.717187881469727,16.734230041503906,16.733684539794922,16.758136749267578,16.723487854003906,16.698440551757812,16.691986083984375,16.72781753540039,16.72284507751465,16.71424674987793,16.73893165588379,16.735824584960938,16.728866577148438,16.692367553710938,16.719884872436523,16.73811912536621,16.72919464111328,16.736032485961914,16.74117660522461,16.724702835083008,16.74469757080078,16.70835304260254,16.767845153808594,16.706762313842773,16.661191940307617,16.73174476623535,16.670610427856445,16.758821487426758,16.70842170715332,16.81967544555664,16.756507873535156
6.28,16.86335,0.06543,16.781545639038086,16.717187881469727,16.734230041503906,16.733684539794922,16.758136749267578,16.723487854003906,16.698440551757812,16.691986083984375,16.72781753540039,16.72284507751465,16.71424674987793,16.73893165588379,16.735824584960938,16.728866577148438,16.692367553710938,16.719884872436523,16.73811912536621,16.72919464111328,16.736032485961914,16.74117660522461,16.724702835083008,16.74469757080078,16.70835304260254,16.767845153808594,16.706762313842773,16.661191940307617,16.73174476623535,16.670610427856445,16.758821487426758,16.70842170715332,16.81967544555664,16.756507873535156
6.29,16.89241,0.06595,16.928068161010742,16.869462966918945,16.88337516784668,16.884082794189453,16.903717041015625,16.87459945678711,16.846370697021484,16.835121154785156,16.871618270874023,16.867570877075195,16.86053466796875,16.88207244873047,16.885759353637695,16.87166976928711,16.835351943969727,16.861581802368164,16.880128860473633,16.870346069335938,16.878198623657227,16.882232666015625,16.865930557250977,16.88998031616211,16.852449417114258,16.910362243652344,16.8488826751709,16.803056716918945,16.88022232055664,16.817886352539062,16.903684616088867,16.85723876953125,16.967662811279297,16.905248641967773
6.3,16.92109,0.0664,16.928068161010742,16.869462966918945,16.88337516784668,16.884082794189453,16.903717041015625,16.87459945678711,16.846370697021484,16.835121154785156,16.871618270874023,16.867570877075195,16.86053466796875,16.88207244873047,16.885759353637695,16.87166976928711,16.835351943969727,16.861581802368164,16.880128860473633,16.870346069335938,16.878198623657227,16.882232666015625,16.865930557250977,16.88998031616211,16.852449417114258,16.910362243652344,16.8488826751709,16.803056716918945,16.88022232055664,16.817886352539062,16.903684616088867,16.85723876953125,16.967662811279297,16.905248641967773
6.31,16.94377,0.06669,16.928068161010742,16.869462966918945,16.88337516784668,16.884082794189453,16.903717041015625,16.87459945678711,16.846370697021484,16.835121154785156,16.871618270874023,16.867570877075195,16.86053466796875,16.88207244873047,16.885759353637695,16.87166976928711,16.835351943969727,16.861581802368164,16.880128860473633,16.870346069335938,16.878198623657227,16.882232666015625,16.865930557250977,16.88998031616211,16.852449417114258,16.910362243652344,16.8488826751709,16.803056716918945,16.88022232055664,16.817886352539062,16.903684616088867,16.85723876953125,16.967662811279297,16.905248641967773
6.32,16.97731,0.06705,16.928068161010742,16.869462966918945,16.88337516784668,16.884082794189453,16.903717041015625,16.87459945678711,16.846370697021484,16.835121154785156,16.871618270874023,16.867570877075195,16.86053466796875,16.88207244873047,16.885759353637695,16.87166976928711,16.835351943969727,16.861581802368164,16.880128860473633,16.870346069335938,16.878198623657227,16.882232666015625,16.865930557250977,16.88998031616211,16.852449417114258,16.910362243652344,16.8488826751709,16.803056716918945,16.88022232055664,16.817886352539062,16.903684616088867,16.85723876953125,16.967662811279297,16.905248641967773
6.33,17.00482,0.06726,16.928068161010742,16.869462966918945,16.88337516784668,16.884082794189453,16.903717041015625,16.87459945678711,16.846370697021484,16.835121154785156,16.871618270874023,16.867570877075195,16.86053466796875,16.88207244873047,16.885759353637695,16.87166976928711,16.835351943969727,16.861581802368164,16.880128860473633,16.870346069335938,16.878198623657227,16.882232666015625,16.865930557250977,16.88998031616211,16.852449417114258,16.910362243652344,16.8488826751709,16.803056716918945,16.88022232055664,16.817886352539062,16.903684616088867,16.85723876953125,16.967662811279297,16.905248641967773
6.34,17.03189,0.06741,17.06109046936035,17.016267776489258,17.03669548034668,17.038171768188477,17.026527404785156,17.02353286743164,16.997982025146484,16.982648849487305,17.014450073242188,17.011764526367188,17.003894805908203,17.024982452392578,17.03443717956543,17.016002655029297,16.980043411254883,17.004276275634766,17.02443504333496,17.013534545898438,17.020944595336914,17.024415969848633,17.008516311645508,17.032630920410156,16.994321823120117,17.05218505859375,16.989686965942383,16.943449020385742,17.016353607177734,16.96550178527832,17.047365188598633,17.00551986694336,17.10141944885254,17.055030822753906
6.35,17.05324,0.06747,17.06109046936035,17.016267776489258,17.03669548034668,17.038171768188477,17.026527404785156,17.02353286743164,16.997982025146484,16.982648849487305,17.014450073242188,17.011764526367188,17.003894805908203,17.024982452392578,17.03443717956543,17.016002655029297,16.980043411254883,17.004276275634766,17.02443504333496,17.013534545898438,17.020944595336914,17.024415969848633,17.008516311645508,17.032630920410156,16.994321823120117,17.05218505859375,16.989686965942383,16.943449020385742,17.016353607177734,16.96550178527832,17.047365188598633,17.00551986694336,17.10141944885254,17.055030822753906
6.36,17.08473,0.0675,17.06109046936035,17.016267776489258,17.03669548034668,17.038171768188477,17.026527404785156,17.02353286743164,16.997982025146484,16.982648849487305,17.014450073242188,17.011764526367188,17.003894805908203,17.024982452392578,17.03443717956543,17.016002655029297,16.980043411254883,17.004276275634766,17.02443504333496,17.013534545898438,17.020944595336914,17.024415969848633,17.008516311645508,17.032630920410156,16.994321823120117,17.05218505859375,16.989686965942383,16.943449020385742,17.016353607177734,16.96550178527832,17.047365188598633,17.00551986694336,17.10141944885254,17.055030822753906
6.37,17.11048,0.06745,17.06109046936035,17.016267776489258,17.03669548034668,17.038171768188477,17.026527404785156,17.02353286743164,16.997982025146484,16.982648849487305,17.014450073242188,17.011764526367188,17.003894805908203,17.024982452392578,17.03443717956543,17.016002655029297,16.980043411254883,17.004276275634766,17.02443504333496,17.013534545898438,17.020944595336914,17.024415969848633,17.008516311645508,17.032630920410156,16.994321823120117,17.05218505859375,16.989686965942383,16.943449020385742,17.016353607177734,16.96550178527832,17.047365188598633,17.00551986694336,17.10141944885254,17.055030822753906
6.38,17.13578,0.06735,17.06109046936035,17.016267776489258,17.03669548034668,17.038171768188477,17.026527404785156,17.02353286743164,16.997982025146484,16.982648849487305,17.014450073242188,17.011764526367188,17.003894805908203,17.024982452392578,17.03443717956543,17.016002655029297,16.980043411254883,17.004276275634766,17.02443504333496,17.013534545898438,17.020944595336914,17.024415969848633,17.008516311645508,17.032630920410156,16.994321823120117,17.05218505859375,16.989686965942383,16.943449020385742,17.016353607177734,16.96550178527832,17.047365188598633,17.00551986694336,17.10141944885254,17.055030822753906
6.39,17.15571,0.06723,17.17296028137207,17.144636154174805,17.16229248046875,17.160951614379883,17.13946533203125,17.150188446044922,17.116863250732422,17.100975036621094,17.138355255126953,17.135711669921875,17.132320404052734,17.14944076538086,17.153963088989258,17.145723342895508,17.109312057495117,17.133209228515625,17.155590057373047,17.140018463134766,17.151552200317383,17.152183532714844,17.135778427124023,17.158851623535156,17.122282028198242,17.165056228637695,17.115224838256836,17.065351486206055,17.128267288208008,17.091983795166016,17.17207145690918,17.130346298217773,17.21974754333496,17.189971923828125
6.4,17.18501,0.06699,17.17296028137207,17.144636154174805,17.16229248046875,17.160951614379883,17.13946533203125,17.150188446044922,17.116863250732422,17.100975036621094,17.138355255126953,17.135711669921875,17.132320404052734,17.14944076538086,17.153963088989258,17.145723342895508,17.109312057495117,17.133209228515625,17.155590057373047,17.140018463134766,17.151552200317383,17.152183532714844,17.135778427124023,17.158851623535156,17.122282028198242,17.165056228637695,17.115224838256836,17.065351486206055,17.128267288208008,17.091983795166016,17.17207145690918,17.130346298217773,17.21974754333496,17.189971923828125
6.41,17.20896,0.06675,17.17296028137207,17.144636154174805,17.16229248046875,17.160951614379883,17.13946533203125,17.150188446044922,17.116863250732422,17.100975036621094,17.138355255126953,17.135711669921875,17.132320404052734,17.14944076538086,17.153963088989258,17.145723342895508,17.109312057495117,17.133209228515625,17.155590057373047,17.140018463134766,17.151552200317383,17.152183532714844,17.135778427124023,17.158851623535156,17.122282028198242,17.165056228637695,17.115224838256836,17.065351486206055,17.128267288208008,17.091983795166016,17.17207145690918,17.130346298217773,17.21974754333496,17.189971923828125
6.42,17.23245,0.06648,17.17296028137207,17.144636154174805,17.16229248046875,17.160951614379883,17.13946533203125,17.150188446044922,17.116863250732422,17.100975036621094,17.138355255126953,17.135711669921875,17.132320404052734,17.14944076538086,17.153963088989258,17.145723342895508,17.109312057495117,17.133209228515625,17.155590057373047,17.140018463134766,17.151552200317383,17.152183532714844,17.135778427124023,17.158851623535156,17.122282028198242,17.165056228637695,17.115224838256836,17.065351486206055,17.128267288208008,17.091983795166016,17.17207145690918,17.130346298217773,17.21974754333496,17.189971923828125
6.43,17.2555,0.06617,17.17296028137207,17.144636154174805,17.16229248046875,17.160951614379883,17.13946533203125,17.150188446044922,17.116863250732422,17.100975036621094,17.138355255126953,17.135711669921875,17.132320404052734,17.14944076538086,17.153963088989258,17.145723342895508,17.109312057495117,17.133209228515625,17.155590057373047,17.140018463134766,17.151552200317383,17.152183532714844,17.135778427124023,17.158851623535156,17.122282028198242,17.165056228637695,17.115224838256836,17.065351486206055,17.128267288208008,17.091983795166016,17.17207145690918,17.130346298217773,17.21974754333496,17.189971923828125
6.44,17.27811,0.06584,17.287639617919922,17.26273536682129,17.273042678833008,17.273223876953125,17.264659881591797,17.25929832458496,17.21884536743164,17.21506690979004,17.257246017456055,17.249065399169922,17.25118637084961,17.261280059814453,17.260705947875977,17.265066146850586,17.226110458374023,17.243938446044922,17.26945686340332,17.254474639892578,17.269948959350586,17.262832641601562,17.24863052368164,17.268617630004883,17.233991622924805,17.281597137451172,17.22322654724121,17.169757843017578,17.249998092651367,17.202972412109375,17.28982162475586,17.24517059326172,17.343400955200195,17.3082332611084
6.45,17.3003,0.06549,17.287639617919922,17.26273536682129,17.273042678833008,17.273223876953125,17.264659881591797,17.25929832458496,17.21884536743164,17.21506690979004,17.257246017456055,17.249065399169922,17.25118637084961,17.261280059814453,17.260705947875977,17.265066146850586,17.226110458374023,17.243938446044922,17.26945686340332,17.254474639892578,17.269948959350586,17.262832641601562,17.24863052368164,17.268617630004883,17.233991622924805,17.281597137451172,17.22322654724121,17.169757843017578,17.249998092651367,17.202972412109375,17.28982162475586,17.24517059326172,17.343400955200195,17.3082332611084
6.46,17.32206,0.06514,17.287639617919922,17.26273536682129,17.273042678833008,17.273223876953125,17.264659881591797,17.25929832458496,17.21884536743164,17.21506690979004,17.257246017456055,17.249065399169922,17.25118637084961,17.261280059814453,17.260705947875977,17.265066146850586,17.226110458374023,17.243938446044922,17.26945686340332,17.254474639892578,17.269948959350586,17.262832641601562,17.24863052368164,17.268617630004883,17.233991622924805,17.281597137451172,17.22322654724121,17.169757843017578,17.249998092651367,17.202972412109375,17.28982162475586,17.24517059326172,17.343400955200195,17.3082332611084
6.47,17.3434,0.06478,17.287639617919922,17.26273536682129,17.273042678833008,17.273223876953125,17.264659881591797,17.25929832458496,17.21884536743164,17.21506690979004,17.257246017456055,17.249065399169922,17.25118637084961,17.261280059814453,17.260705947875977,17.265066146850586,17.226110458374023,17.243938446044922,17.26945686340332,17.254474639892578,17.269948959350586,17.262832641601562,17.24863052368164,17.268617630004883,17.233991622924805,17.281597137451172,17.22322654724121,17.169757843017578,17.249998092651367,17.202972412109375,17.28982162475586,17.24517059326172,17.343400955200195,17.3082332611084
6.48,17.36434,0.06443,17.287639617919922,17.26273536682129,17.273042678833008,17.273223876953125,17.264659881591797,17.25929832458496,17.21884536743164,17.21506690979004,17.257246017456055,17.249065399169922,17.25118637084961,17.261280059814453,17.260705947875977,17.265066146850586,17.226110458374023,17.243938446044922,17.26945686340332,17.254474639892578,17.269948959350586,17.262832641601562,17.24863052368164,17.268617630004883,17.233991622924805,17.281597137451172,17.22322654724121,17.169757843017578,17.249998092651367,17.202972412109375,17.28982162475586,17.24517059326172,17.343400955200195,17.3082332611084
6.49,17.38489,0.06409,17.40300178527832,17.36141586303711,17.360321044921875,17.36331558227539,17.384727478027344,17.35407829284668,17.30767059326172,17.317951202392578,17.363340377807617,17.349519729614258,17.35679817199707,17.363313674926758,17.353261947631836,17.36614990234375,17.323999404907227,17.342992782592773,17.371315002441406,17.349367141723633,17.367822647094727,17.362154006958008,17.349576950073242,17.368064880371094,17.33347511291504,17.388931274414062,17.32364845275879,17.27134895324707,17.362567901611328,17.292171478271484,17.38454818725586,17.33942985534668,17.458101272583008,17.40399169921875
6.5,17.40502,0.06377,17.40300178527832,17.36141586303711,17.360321044921875,17.36331558227539,17.384727478027344,17.35407829284668,17.30767059326172,17.317951202392578,17.363340377807617,17.349519729614258,17.35679817199707,17.363313674926758,17.353261947631836,17.36614990234375,17.323999404907227,17.342992782592773,17.371315002441406,17.349367141723633,17.367822647094727,17.362154006958008,17.349576950073242,17.368064880371094,17.33347511291504,17.388931274414062,17.32364845275879,17.27134895324707,17.362567901611328,17.292171478271484,17.38454818725586,17.33942985534668,17.458101272583008,17.40399169921875
6.51,17.42478,0.06348,17.40300178527832,17.36141586303711,17.360321044921875,17.36331558227539,17.384727478027344,17.35407829284668,17.30767059326172,17.317951202392578,17.363340377807617,17.349519729614258,17.35679817199707,17.363313674926758,17.353261947631836,17.36614990234375,17.323999404907227,17.342992782592773,17.371315002441406,17.349367141723633,17.367822647094727,17.362154006958008,17.349576950073242,17.368064880371094,17.33347511291504,17.388931274414062,17.32364845275879,17.27134895324707,17.362567901611328,17.292171478271484,17.38454818725586,17.33942985534668,17.458101272583008,17.40399169921875
6.52,17.44033,0.06328,17.40300178527832,17.36141586303711,17.360321044921875,17.36331558227539,17.384727478027344,17.35407829284668,17.30767059326172,17.317951202392578,17.363340377807617,17.349519729614258,17.35679817199707,17.363313674926758,17.353261947631836,17.36614990234375,17.323999404907227,17.342992782592773,17.371315002441406,17.349367141723633,17.367822647094727,17.362154006958008,17.349576950073242,17.368064880371094,17.33347511291504,17.388931274414062,17.32364845275879,17.27134895324707,17.362567901611328,17.292171478271484,17.38454818725586,17.33942985534668,17.458101272583008,17.40399169921875
6.53,17.46318,0.06304,17.40300178527832,17.36141586303711,17.360321044921875,17.36331558227539,17.384727478027344,17.35407829284668,17.30767059326172,17.317951202392578,17.363340377807617,17.349519729614258,17.35679817199707,17.363313674926758,17.353261947631836,17.36614990234375,17.323999404907227,17.342992782592773,17.371315002441406,17.349367141723633,17.367822647094727,17.362154006958008,17.349576950073242,17.368064880371094,17.33347511291504,17.388931274414062,17.32364845275879,17.27134895324707,17.362567901611328,17.292171478271484,17.38454818725586,17.33942985534668,17.458101272583008,17.40399169921875
6.54,17.48183,0.0629,17.516782760620117,17.452550888061523,17.44537353515625,17.454057693481445,17.494144439697266,17.445749282836914,17.398178100585938,17.418540954589844,17.46028709411621,17.443635940551758,17.452838897705078,17.456533432006836,17.447389602661133,17.457313537597656,17.41351890563965,17.432987213134766,17.460294723510742,17.438217163085938,17.454368591308594,17.452346801757812,17.441518783569336,17.460590362548828,17.422945022583008,17.49308204650879,17.415199279785156,17.36695671081543,17.466203689575195,17.37793731689453,17.4747371673584,17.431432723999023,17.559560775756836,17.492313385009766
6.55,17.50012,0.06284,17.516782760620117,17.452550888061523,17.44537353515625,17.454057693481445,17.494144439697266,17.445749282836914,17.398178100585938,17.418540954589844,17.46028709411621,17.443635940551758,17.452838897705078,17.456533432006836,17.447389602661133,17.457313537597656,17.41351890563965,17.432987213134766,17.460294723510742,17.438217163085938,17.454368591308594,17.452346801757812,17.441518783569336,17.460590362548828,17.422945022583008,17.49308204650879,17.415199279785156,17.36695671081543,17.466203689575195,17.37793731689453,17.4747371673584,17.431432723999023,17.559560775756836,17.492313385009766
6.56,17.51452,0.06284,17.516782760620117,17.452550888061523,17.44537353515625,17.454057693481445,17.494144439697266,17.445749282836914,17.398178100585938,17.418540954589844,17.46028709411621,17.443635940551758,17.452838897705078,17.456533432006836,17.447389602661133,17.457313537597656,17.41351890563965,17.432987213134766,17.460294723510742,17.438217163085938,17.454368591308594,17.452346801757812,17.441518783569336,17.460590362548828,17.422945022583008,17.49308204650879,17.415199279785156,17.36695671081543,17.466203689575195,17.37793731689453,17.4747371673584,17.431432723999023,17.559560775756836,17.492313385009766
6.57,17.53568,0.06296,17.516782760620117,17.452550888061523,17.44537353515625,17.454057693481445,17.494144439697266,17.445749282836914,17.398178100585938,17.418540954589844,17.46028709411621,17.443635940551758,17.452838897705078,17.456533432006836,17.447389602661133,17.457313537597656,17.41351890563965,17.432987213134766,17.460294723510742,17.438217163085938,17.454368591308594,17.452346801757812,17.441518783569336,17.460590362548828,17.422945022583008,17.49308204650879,17.415199279785156,17.36695671081543,17.466203689575195,17.37793731689453,17.4747371673584,17.431432723999023,17.559560775756836,17.492313385009766
6.58,17.55297,0.06317,17.516782760620117,17.452550888061523,17.44537353515625,17.454057693481445,17.494144439697266,17.445749282836914,17.398178100585938,17.418540954589844,17.46028709411621,17.443635940551758,17.452838897705078,17.456533432006836,17.447389602661133,17.457313537597656,17.41351890563965,17.432987213134766,17.460294723510742,17.438217163085938,17.454368591308594,17.452346801757812,17.441518783569336,17.460590362548828,17.422945022583008,17.49308204650879,17.415199279785156,17.36695671081543,17.466203689575195,17.37793731689453,17.4747371673584,17.431432723999023,17.559560775756836,17.492313385009766
6.59,17.56994,0.06349,17.613584518432617,17.55146598815918,17.540555953979492,17.551586151123047,17.58568572998047,17.545286178588867,17.500568389892578,17.515838623046875,17.553449630737305,17.53896713256836,17.545129776000977,17.551361083984375,17.553436279296875,17.544708251953125,17.50216293334961,17.525115966796875,17.552209854125977,17.525142669677734,17.536609649658203,17.544649124145508,17.533571243286133,17.55351448059082,17.511009216308594,17.595840454101562,17.507301330566406,17.464448928833008,17.560413360595703,17.472450256347656,17.56531524658203,17.52952003479004,17.64618492126465,17.584304809570312
6.6,17.58328,0.06384,17.613584518432617,17.55146598815918,17.540555953979492,17.551586151123047,17.58568572998047,17.545286178588867,17.500568389892578,17.515838623046875,17.553449630737305,17.53896713256836,17.545129776000977,17.551361083984375,17.553436279296875,17.544708251953125,17.50216293334961,17.525115966796875,17.552209854125977,17.525142669677734,17.536609649658203,17.544649124145508,17.533571243286133,17.55351448059082,17.511009216308594,17.595840454101562,17.507301330566406,17.464448928833008,17.560413360595703,17.472450256347656,17.56531524658203,17.52952003479004,17.64618492126465,17.584304809570312
6.61,17.60292,0.06451,17.613584518432617,17.55146598815918,17.540555953979492,17.551586151123047,17.58568572998047,17.545286178588867,17.500568389892578,17.515838623046875,17.553449630737305,17.53896713256836,17.545129776000977,17.551361083984375,17.553436279296875,17.544708251953125,17.50216293334961,17.525115966796875,17.552209854125977,17.525142669677734,17.536609649658203,17.544649124145508,17.533571243286133,17.55351448059082,17.511009216308594,17.595840454101562,17.507301330566406,17.464448928833008,17.560413360595703,17.472450256347656,17.56531524658203,17.52952003479004,17.64618492126465,17.584304809570312
6.62,17.61898,0.06523,17.613584518432617,17.55146598815918,17.540555953979492,17.551586151123047,17.58568572998047,17.545286178588867,17.500568389892578,17.515838623046875,17.553449630737305,17.53896713256836,17.545129776000977,17.551361083984375,17.553436279296875,17.544708251953125,17.50216293334961,17.525115966796875,17.552209854125977,17.525142669677734,17.536609649658203,17.544649124145508,17.533571243286133,17.55351448059082,17.511009216308594,17.595840454101562,17.507301330566406,17.464448928833008,17.560413360595703,17.472450256347656,17.56531524658203,17.52952003479004,17.64618492126465,17.584304809570312
6.63,17.63477,0.0661,17.613584518432617,17.55146598815918,17.540555953979492,17.551586151123047,17.58568572998047,17.545286178588867,17.500568389892578,17.515838623046875,17.553449630737305,17.53896713256836,17.545129776000977,17.551361083984375,17.553436279296875,17.544708251953125,17.50216293334961,17.525115966796875,17.552209854125977,17.525142669677734,17.536609649658203,17.544649124145508,17.533571243286133,17.55351448059082,17.511009216308594,17.595840454101562,17.507301330566406,17.464448928833008,17.560413360595703,17.472450256347656,17.56531524658203,17.52952003479004,17.64618492126465,17.584304809570312
6.64,17.64722,0.06691,17.700702667236328,17.639760971069336,17.636425018310547,17.645845413208008,17.67776870727539,17.63854217529297,17.60056495666504,17.604413986206055,17.637453079223633,17.627382278442383,17.629304885864258,17.639808654785156,17.651731491088867,17.631336212158203,17.59116554260254,17.617427825927734,17.642316818237305,17.61545753479004,17.621379852294922,17.636611938476562,17.624361038208008,17.645343780517578,17.598623275756836,17.67779541015625,17.597980499267578,17.558012008666992,17.64473533630371,17.56231117248535,17.648242950439453,17.619443893432617,17.740530014038086,17.671630859375
6.65,17.66559,0.06833,17.700702667236328,17.639760971069336,17.636425018310547,17.645845413208008,17.67776870727539,17.63854217529297,17.60056495666504,17.604413986206055,17.637453079223633,17.627382278442383,17.629304885864258,17.639808654785156,17.651731491088867,17.631336212158203,17.59116554260254,17.617427825927734,17.642316818237305,17.61545753479004,17.621379852294922,17.636611938476562,17.624361038208008,17.645343780517578,17.598623275756836,17.67779541015625,17.597980499267578,17.558012008666992,17.64473533630371,17.56231117248535,17.648242950439453,17.619443893432617,17.740530014038086,17.671630859375
6.66,17.68066,0.0697,17.700702667236328,17.639760971069336,17.636425018310547,17.645845413208008,17.67776870727539,17.63854217529297,17.60056495666504,17.604413986206055,17.637453079223633,17.627382278442383,17.629304885864258,17.639808654785156,17.651731491088867,17.631336212158203,17.59116554260254,17.617427825927734,17.642316818237305,17.61545753479004,17.621379852294922,17.636611938476562,17.624361038208008,17.645343780517578,17.598623275756836,17.67779541015625,17.597980499267578,17.558012008666992,17.64473533630371,17.56231117248535,17.648242950439453,17.619443893432617,17.740530014038086,17.671630859375
6.67,17.69555,0.07124,17.700702667236328,17.639760971069336,17.636425018310547,17.645845413208008,17.67776870727539,17.63854217529297,17.60056495666504,17.604413986206055,17.637453079223633,17.627382278442383,17.629304885864258,17.639808654785156,17.651731491088867,17.631336212158203,17.59116554260254,17.617427825927734,17.642316818237305,17.61545753479004,17.621379852294922,17.636611938476562,17.624361038208008,17.645343780517578,17.598623275756836,17.67779541015625,17.597980499267578,17.558012008666992,17.64473533630371,17.56231117248535,17.648242950439453,17.619443893432617,17.740530014038086,17.671630859375
6.68,17.71026,0.07297,17.700702667236328,17.639760971069336,17.636425018310547,17.645845413208008,17.67776870727539,17.63854217529297,17.60056495666504,17.604413986206055,17.637453079223633,17.627382278442383,17.629304885864258,17.639808654785156,17.651731491088867,17.631336212158203,17.59116554260254,17.617427825927734,17.642316818237305,17.61545753479004,17.621379852294922,17.636611938476562,17.624361038208008,17.645343780517578,17.598623275756836,17.67779541015625,17.597980499267578,17.558012008666992,17.64473533630371,17.56231117248535,17.648242950439453,17.619443893432617,17.740530014038086,17.671630859375
6.69,17.72484,0.07489,17.810720443725586,17.726491928100586,17.73029327392578,17.738239288330078,17.780363082885742,17.72711944580078,17.69268798828125,17.686267852783203,17.71782875061035,17.710773468017578,17.7102108001709,17.721837997436523,17.747478485107422,17.71246337890625,17.6751651763916,17.70020866394043,17.724580764770508,17.700485229492188,17.70438003540039,17.719491958618164,17.7059326171875,17.728588104248047,17.680400848388672,17.759891510009766,17.67868995666504,17.63825798034668,17.749889373779297,17.65178680419922,17.7336368560791,17.709056854248047,17.836023330688477,17.760488510131836
6.7,17.7393,0.07699,17.810720443725586,17.726491928100586,17.73029327392578,17.738239288330078,17.780363082885742,17.72711944580078,17.69268798828125,17.686267852783203,17.71782875061035,17.710773468017578,17.7102108001709,17.721837997436523,17.747478485107422,17.71246337890625,17.6751651763916,17.70020866394043,17.724580764770508,17.700485229492188,17.70438003540039,17.719491958618164,17.7059326171875,17.728588104248047,17.680400848388672,17.759891510009766,17.67868995666504,17.63825798034668,17.749889373779297,17.65178680419922,17.7336368560791,17.709056854248047,17.836023330688477,17.760488510131836
6.71,17.75369,0.07928,17.810720443725586,17.726491928100586,17.73029327392578,17.738239288330078,17.780363082885742,17.72711944580078,17.69268798828125,17.686267852783203,17.71782875061035,17.710773468017578,17.7102108001709,17.721837997436523,17.747478485107422,17.71246337890625,17.6751651763916,17.70020866394043,17.724580764770508,17.700485229492188,17.70438003540039,17.719491958618164,17.7059326171875,17.728588104248047,17.680400848388672,17.759891510009766,17.67868995666504,17.63825798034668,17.749889373779297,17.65178680419922,17.7336368560791,17.709056854248047,17.836023330688477,17.760488510131836
6.72,17.76805,0.08176,17.810720443725586,17.726491928100586,17.73029327392578,17.738239288330078,17.780363082885742,17.72711944580078,17.69268798828125,17.686267852783203,17.71782875061035,17.710773468017578,17.7102108001709,17.721837997436523,17.747478485107422,17.71246337890625,17.6751651763916,17.70020866394043,17.724580764770508,17.700485229492188,17.70438003540039,17.719491958618164,17.7059326171875,17.728588104248047,17.680400848388672,17.759891510009766,17.67868995666504,17.63825798034668,17.749889373779297,17.65178680419922,17.7336368560791,17.709056854248047,17.836023330688477,17.760488510131836
6.73,17.78241,0.08442,17.810720443725586,17.726491928100586,17.73029327392578,17.738239288330078,17.780363082885742,17.72711944580078,17.69268798828125,17.686267852783203,17.71782875061035,17.710773468017578,17.7102108001709,17.721837997436523,17.747478485107422,17.71246337890625,17.6751651763916,17.70020866394043,17.724580764770508,17.700485229492188,17.70438003540039,17.719491958618164,17.7059326171875,17.728588104248047,17.680400848388672,17.759891510009766,17.67868995666504,17.63825798034668,17.749889373779297,17.65178680419922,17.7336368560791,17.709056854248047,17.836023330688477,17.760488510131836
6.74,17.79682,0.08725,17.88321876525879,17.81475830078125,17.824539184570312,17.83246612548828,17.85342788696289,17.81463623046875,17.78725242614746,17.777748107910156,17.808908462524414,17.800085067749023,17.795881271362305,17.811986923217773,17.84099006652832,17.804580688476562,17.765539169311523,17.79013442993164,17.81805992126465,17.796300888061523,17.796052932739258,17.811771392822266,17.79871368408203,17.817943572998047,17.76780128479004,17.84504508972168,17.76702880859375,17.72722625732422,17.830307006835938,17.74144744873047,17.821319580078125,17.798986434936523,17.91175651550293,17.848846435546875
6.75,17.81131,0.09026,17.88321876525879,17.81475830078125,17.824539184570312,17.83246612548828,17.85342788696289,17.81463623046875,17.78725242614746,17.777748107910156,17.808908462524414,17.800085067749023,17.795881271362305,17.811986923217773,17.84099006652832,17.804580688476562,17.765539169311523,17.79013442993164,17.81805992126465,17.796300888061523,17.796052932739258,17.811771392822266,17.79871368408203,17.817943572998047,17.76780128479004,17.84504508972168,17.76702880859375,17.72722625732422,17.830307006835938,17.74144744873047,17.821319580078125,17.798986434936523,17.91175651550293,17.848846435546875
6.76,17.82593,0.09344,17.88321876525879,17.81475830078125,17.824539184570312,17.83246612548828,17.85342788696289,17.81463623046875,17.78725242614746,17.777748107910156,17.808908462524414,17.800085067749023,17.795881271362305,17.811986923217773,17.84099006652832,17.804580688476562,17.765539169311523,17.79013442993164,17.81805992126465,17.796300888061523,17.796052932739258,17.811771392822266,17.79871368408203,17.817943572998047,17.76780128479004,17.84504508972168,17.76702880859375,17.72722625732422,17.830307006835938,17.74144744873047,17.821319580078125,17.798986434936523,17.91175651550293,17.848846435546875
6.77,17.83775,0.09609,17.88321876525879,17.81475830078125,17.824539184570312,17.83246612548828,17.85342788696289,17.81463623046875,17.78725242614746,17.777748107910156,17.808908462524414,17.800085067749023,17.795881271362305,17.811986923217773,17.84099006652832,17.804580688476562,17.765539169311523,17.79013442993164,17.81805992126465,17.796300888061523,17.796052932739258,17.811771392822266,17.79871368408203,17.817943572998047,17.76780128479004,17.84504508972168,17.76702880859375,17.72722625732422,17.830307006835938,17.74144744873047,17.821319580078125,17.798986434936523,17.91175651550293,17.848846435546875
6.78,17.85573,0.10024,17.88321876525879,17.81475830078125,17.824539184570312,17.83246612548828,17.85342788696289,17.81463623046875,17.78725242614746,17.777748107910156,17.808908462524414,17.800085067749023,17.795881271362305,17.811986923217773,17.84099006652832,17.804580688476562,17.765539169311523,17.79013442993164,17.81805992126465,17.796300888061523,17.796052932739258,17.811771392822266,17.79871368408203,17.817943572998047,17.76780128479004,17.84504508972168,17.76702880859375,17.72722625732422,17.830307006835938,17.74144744873047,17.821319580078125,17.798986434936523,17.91175651550293,17.848846435546875
6.79,17.87108,0.10386,17.96600914001465,17.896766662597656,17.916101455688477,17.92138671875,17.927820205688477,17.89938735961914,17.879131317138672,17.86520767211914,17.898088455200195,17.88773536682129,17.880863189697266,17.901268005371094,17.934947967529297,17.8939208984375,17.8532772064209,17.878952026367188,17.909870147705078,17.88741683959961,17.884992599487305,17.902172088623047,17.889041900634766,17.907299041748047,17.85560417175293,17.927539825439453,17.856243133544922,17.816997528076172,17.908145904541016,17.827007293701172,17.90558433532715,17.884897232055664,17.99015235900879,17.934579849243164
6.8,17.88659,0.10756,17.96600914001465,17.896766662597656,17.916101455688477,17.92138671875,17.927820205688477,17.89938735961914,17.879131317138672,17.86520767211914,17.898088455200195,17.88773536682129,17.880863189697266,17.901268005371094,17.934947967529297,17.8939208984375,17.8532772064209,17.878952026367188,17.909870147705078,17.88741683959961,17.884992599487305,17.902172088623047,17.889041900634766,17.907299041748047,17.85560417175293,17.927539825439453,17.856243133544922,17.816997528076172,17.908145904541016,17.827007293701172,17.90558433532715,17.884897232055664,17.99015235900879,17.934579849243164
6.81,17.89929,0.11061,17.96600914001465,17.896766662597656,17.916101455688477,17.92138671875,17.927820205688477,17.89938735961914,17.879131317138672,17.86520767211914,17.898088455200195,17.88773536682129,17.880863189697266,17.901268005371094,17.934947967529297,17.8939208984375,17.8532772064209,17.878952026367188,17.909870147705078,17.88741683959961,17.884992599487305,17.902172088623047,17.889041900634766,17.907299041748047,17.85560417175293,17.927539825439453,17.856243133544922,17.816997528076172,17.908145904541016,17.827007293701172,17.90558433532715,17.884897232055664,17.99015235900879,17.934579849243164
6.82,17.91881,0.11528,17.96600914001465,17.896766662597656,17.916101455688477,17.92138671875,17.927820205688477,17.89938735961914,17.879131317138672,17.86520767211914,17.898088455200195,17.88773536682129,17.880863189697266,17.901268005371094,17.934947967529297,17.8939208984375,17.8532772064209,17.878952026367188,17.909870147705078,17.88741683959961,17.884992599487305,17.902172088623047,17.889041900634766,17.907299041748047,17.85560417175293,17.927539825439453,17.856243133544922,17.816997528076172,17.908145904541016,17.827007293701172,17.90558433532715,17.884897232055664,17.99015235900879,17.934579849243164
6.83,17.93553,0.11924,17.96600914001465,17.896766662597656,17.916101455688477,17.92138671875,17.927820205688477,17.89938735961914,17.879131317138672,17.86520767211914,17.898088455200195,17.88773536682129,17.880863189697266,17.901268005371094,17.934947967529297,17.8939208984375,17.8532772064209,17.878952026367188,17.909870147705078,17.88741683959961,17.884992599487305,17.902172088623047,17.889041900634766,17.907299041748047,17.85560417175293,17.927539825439453,17.856243133544922,17.816997528076172,17.908145904541016,17.827007293701172,17.90558433532715,17.884897232055664,17.99015235900879,17.934579849243164
6.84,17.9527,0.12325,17.999250411987305,17.982328414916992,18.009008407592773,18.014232635498047,17.948148727416992,17.98019790649414,17.970935821533203,17.957721710205078,17.99285316467285,17.97942543029785,17.96990394592285,17.993370056152344,18.027647018432617,17.990304946899414,17.94658851623535,17.97118377685547,18.006242752075195,17.983154296875,17.978961944580078,17.996105194091797,17.983516693115234,17.998645782470703,17.945634841918945,18.015731811523438,17.94694709777832,17.90802764892578,17.94893455505371,17.912986755371094,17.995214462280273,17.974456787109375,18.021398544311523,18.019245147705078
6.85,17.96678,0.12648,17.999250411987305,17.982328414916992,18.009008407592773,18.014232635498047,17.948148727416992,17.98019790649414,17.970935821533203,17.957721710205078,17.99285316467285,17.97942543029785,17.96990394592285,17.993370056152344,18.027647018432617,17.990304946899414,17.94658851623535,17.97118377685547,18.006242752075195,17.983154296875,17.978961944580078,17.996105194091797,17.983516693115234,17.998645782470703,17.945634841918945,18.015731811523438,17.94694709777832,17.90802764892578,17.94893455505371,17.912986755371094,17.995214462280273,17.974456787109375,18.021398544311523,18.019245147705078
6.86,17.98848,0.13132,17.999250411987305,17.982328414916992,18.009008407592773,18.014232635498047,17.948148727416992,17.98019790649414,17.970935821533203,17.957721710205078,17.99285316467285,17.97942543029785,17.96990394592285,17.993370056152344,18.027647018432617,17.990304946899414,17.94658851623535,17.97118377685547,18.006242752075195,17.983154296875,17.978961944580078,17.996105194091797,17.983516693115234,17.998645782470703,17.945634841918945,18.015731811523438,17.94694709777832,17.90802764892578,17.94893455505371,17.912986755371094,17.995214462280273,17.974456787109375,18.021398544311523,18.019245147705078
6.87,18.00711,0.13534,17.999250411987305,17.982328414916992,18.009008407592773,18.014232635498047,17.948148727416992,17.98019790649414,17.970935821533203,17.957721710205078,17.99285316467285,17.97942543029785,17.96990394592285,17.993370056152344,18.027647018432617,17.990304946899414,17.94658851623535,17.97118377685547,18.006242752075195,17.983154296875,17.978961944580078,17.996105194091797,17.983516693115234,17.998645782470703,17.945634841918945,18.015731811523438,17.94694709777832,17.90802764892578,17.94893455505371,17.912986755371094,17.995214462280273,17.974456787109375,18.021398544311523,18.019245147705078
6.88,18.02626,0.13931,17.999250411987305,17.982328414916992,18.009008407592773,18.014232635498047,17.948148727416992,17.98019790649414,17.970935821533203,17.957721710205078,17.99285316467285,17.97942543029785,17.96990394592285,17.993370056152344,18.027647018432617,17.990304946899414,17.94658851623535,17.97118377685547,18.006242752075195,17.983154296875,17.978961944580078,17.996105194091797,17.983516693115234,17.998645782470703,17.945634841918945,18.015731811523438,17.94694709777832,17.90802764892578,17.94893455505371,17.912986755371094,17.995214462280273,17.974456787109375,18.021398544311523,18.019245147705078
6.89,18.04195,0.14245,18.04636573791504,18.06267738342285,18.100753784179688,18.105670928955078,17.996326446533203,18.063695907592773,18.06861686706543,18.053699493408203,18.08619499206543,18.07195472717285,18.059080123901367,18.087326049804688,18.120561599731445,18.084924697875977,18.03884506225586,18.064624786376953,18.101634979248047,18.077566146850586,18.07127571105957,18.092205047607422,18.07928466796875,18.094791412353516,18.039167404174805,18.10498046875,18.04311180114746,18.006017684936523,18.007131576538086,17.994346618652344,18.07854461669922,18.059154510498047,18.086721420288086,18.099395751953125
6.9,18.06609,0.14706,18.04636573791504,18.06267738342285,18.100753784179688,18.105670928955078,17.996326446533203,18.063695907592773,18.06861686706543,18.053699493408203,18.08619499206543,18.07195472717285,18.059080123901367,18.087326049804688,18.120561599731445,18.084924697875977,18.03884506225586,18.064624786376953,18.101634979248047,18.077566146850586,18.07127571105957,18.092205047607422,18.07928466796875,18.094791412353516,18.039167404174805,18.10498046875,18.04311180114746,18.006017684936523,18.007131576538086,17.994346618652344,18.07854461669922,18.059154510498047,18.086721420288086,18.099395751953125
6.91,18.08672,0.15078,18.04636573791504,18.06267738342285,18.100753784179688,18.105670928955078,17.996326446533203,18.063695907592773,18.06861686706543,18.053699493408203,18.08619499206543,18.07195472717285,18.059080123901367,18.087326049804688,18.120561599731445,18.084924697875977,18.03884506225586,18.064624786376953,18.101634979248047,18.077566146850586,18.07127571105957,18.092205047607422,18.07928466796875,18.094791412353516,18.039167404174805,18.10498046875,18.04311180114746,18.006017684936523,18.007131576538086,17.994346618652344,18.07854461669922,18.059154510498047,18.086721420288086,18.099395751953125
6.92,18.10783,0.15437,18.04636573791504,18.06267738342285,18.100753784179688,18.105670928955078,17.996326446533203,18.063695907592773,18.06861686706543,18.053699493408203,18.08619499206543,18.07195472717285,18.059080123901367,18.087326049804688,18.120561599731445,18.084924697875977,18.03884506225586,18.064624786376953,18.101634979248047,18.077566146850586,18.07127571105957,18.092205047607422,18.07928466796875,18.094791412353516,18.039167404174805,18.10498046875,18.04311180114746,18.006017684936523,18.007131576538086,17.994346618652344,18.07854461669922,18.059154510498047,18.086721420288086,18.099395751953125
6.93,18.12935,0.15782,18.04636573791504,18.06267738342285,18.100753784179688,18.105670928955078,17.996326446533203,18.063695907592773,18.06861686706543,18.053699493408203,18.08619499206543,18.07195472717285,18.059080123901367,18.087326049804688,18.120561599731445,18.084924697875977,18.03884506225586,18.064624786376953,18.101634979248047,18.077566146850586,18.07127571105957,18.092205047607422,18.07928466796875,18.094791412353516,18.039167404174805,18.10498046875,18.04311180114746,18.006017684936523,18.007131576538086,17.994346618652344,18.07854461669922,18.059154510498047,18.086721420288086,18.099395751953125
6.94,18.15125,0.1611,18.1260929107666,18.14154624938965,18.188522338867188,18.193931579589844,18.069610595703125,18.14748191833496,18.160724639892578,18.14320182800293,18.174713134765625,18.161348342895508,18.14798927307129,18.177139282226562,18.209077835083008,18.17391014099121,18.128116607666016,18.153732299804688,18.191171646118164,18.167390823364258,18.16114616394043,18.182764053344727,18.1690616607666,18.18830108642578,18.131135940551758,18.186805725097656,18.13507652282715,18.0981502532959,18.090145111083984,18.077499389648438,18.162288665771484,18.143321990966797,18.16047477722168,18.180389404296875
6.95,18.17348,0.16419,18.1260929107666,18.14154624938965,18.188522338867188,18.193931579589844,18.069610595703125,18.14748191833496,18.160724639892578,18.14320182800293,18.174713134765625,18.161348342895508,18.14798927307129,18.177139282226562,18.209077835083008,18.17391014099121,18.128116607666016,18.153732299804688,18.191171646118164,18.167390823364258,18.16114616394043,18.182764053344727,18.1690616607666,18.18830108642578,18.131135940551758,18.186805725097656,18.13507652282715,18.0981502532959,18.090145111083984,18.077499389648438,18.162288665771484,18.143321990966797,18.16047477722168,18.180389404296875
6.96,18.19598,0.16709,18.1260929107666,18.14154624938965,18.188522338867188,18.193931579589844,18.069610595703125,18.14748191833496,18.160724639892578,18.14320182800293,18.174713134765625,18.161348342895508,18.14798927307129,18.177139282226562,18.209077835083008,18.17391014099121,18.128116607666016,18.153732299804688,18.191171646118164,18.167390823364258,18.16114616394043,18.182764053344727,18.1690616607666,18.18830108642578,18.131135940551758,18.186805725097656,18.13507652282715,18.0981502532959,18.090145111083984,18.077499389648438,18.162288665771484,18.143321990966797,18.16047477722168,18.180389404296875
6.97,18.21868,0.16978,18.1260929107666,18.14154624938965,18.188522338867188,18.193931579589844,18.069610595703125,18.14748191833496,18.160724639892578,18.14320182800293,18.174713134765625,18.161348342895508,18.14798927307129,18.177139282226562,18.209077835083008,18.17391014099121,18.128116607666016,18.153732299804688,18.191171646118164,18.167390823364258,18.16114616394043,18.182764053344727,18.1690616607666,18.18830108642578,18.131135940551758,18.186805725097656,18.13507652282715,18.0981502532959,18.090145111083984,18.077499389648438,18.162288665771484,18.143321990966797,18.16047477722168,18.180389404296875
6.98,18.2415,0.17224,18.1260929107666,18.14154624938965,18.188522338867188,18.193931579589844,18.069610595703125,18.14748191833496,18.160724639892578,18.14320182800293,18.174713134765625,18.161348342895508,18.14798927307129,18.177139282226562,18.209077835083008,18.17391014099121,18.128116607666016,18.153732299804688,18.191171646118164,18.167390823364258,18.16114616394043,18.182764053344727,18.1690616607666,18.18830108642578,18.131135940551758,18.186805725097656,18.13507652282715,18.0981502532959,18.090145111083984,18.077499389648438,18.162288665771484,18.143321990966797,18.16047477722168,18.180389404296875
6.99,18.26437,0.17446,18.21537971496582,18.227190017700195,18.27996063232422,18.28656005859375,18.166362762451172,18.2362003326416,18.257442474365234,18.236675262451172,18.267417907714844,18.254024505615234,18.239486694335938,18.26944923400879,18.30431365966797,18.26495361328125,18.21965980529785,18.24441146850586,18.2825984954834,18.261226654052734,18.254209518432617,18.276687622070312,18.262784957885742,18.284399032592773,18.225208282470703,18.27616310119629,18.22918128967285,18.192140579223633,18.19265365600586,18.16769790649414,18.24750328063965,18.23044204711914,18.25700569152832,18.268619537353516
7.0,18.28719,0.17645,18.21537971496582,18.227190017700195,18.27996063232422,18.28656005859375,18.166362762451172,18.2362003326416,18.257442474365234,18.236675262451172,18.267417907714844,18.254024505615234,18.239486694335938,18.26944923400879,18.30431365966797,18.26495361328125,18.21965980529785,18.24441146850586,18.2825984954834,18.261226654052734,18.254209518432617,18.276687622070312,18.262784957885742,18.284399032592773,18.225208282470703,18.27616310119629,18.22918128967285,18.192140579223633,18.19265365600586,18.16769790649414,18.24750328063965,18.23044204711914,18.25700569152832,18.268619537353516
7.01,18.30986,0.17819,18.21537971496582,18.227190017700195,18.27996063232422,18.28656005859375,18.166362762451172,18.2362003326416,18.257442474365234,18.236675262451172,18.267417907714844,18.254024505615234,18.239486694335938,18.26944923400879,18.30431365966797,18.26495361328125,18.21965980529785,18.24441146850586,18.2825984954834,18.261226654052734,18.254209518432617,18.276687622070312,18.262784957885742,18.284399032592773,18.225208282470703,18.27616310119629,18.22918128967285,18.192140579223633,18.19265365600586,18.16769790649414,18.24750328063965,18.23044204711914,18.25700569152832,18.268619537353516
7.02,18.32785,0.17941,18.21537971496582,18.227190017700195,18.27996063232422,18.28656005859375,18.166362762451172,18.2362003326416,18.257442474365234,18.236675262451172,18.267417907714844,18.254024505615234,18.239486694335938,18.26944923400879,18.30431365966797,18.26495361328125,18.21965980529785,18.24441146850586,18.2825984954834,18.261226654052734,18.254209518432617,18.276687622070312,18.262784957885742,18.284399032592773,18.225208282470703,18.27616310119629,18.22918128967285,18.192140579223633,18.19265365600586,18.16769790649414,18.24750328063965,18.23044204711914,18.25700569152832,18.268619537353516
7.03,18.3544,0.18093,18.21537971496582,18.227190017700195,18.27996063232422,18.28656005859375,18.166362762451172,18.2362003326416,18.257442474365234,18.236675262451172,18.267417907714844,18.254024505615234,18.239486694335938,18.26944923400879,18.30431365966797,18.26495361328125,18.21965980529785,18.24441146850586,18.2825984954834,18.261226654052734,18.254209518432617,18.276687622070312,18.262784957885742,18.284399032592773,18.225208282470703,18.27616310119629,18.22918128967285,18.192140579223633,18.19265365600586,18.16769790649414,18.24750328063965,18.23044204711914,18.25700569152832,18.268619537353516
7.04,18.37606,0.18194,18.330896377563477,18.308183670043945,18.363582611083984,18.370140075683594,18.274917602539062,18.319242477416992,18.345396041870117,18.31890869140625,18.348787307739258,18.338647842407227,18.32586669921875,18.352827072143555,18.389636993408203,18.344806671142578,18.302358627319336,18.32562255859375,18.362646102905273,18.342979431152344,18.338932037353516,18.358543395996094,18.343645095825195,18.37164306640625,18.312570571899414,18.352283477783203,18.313753128051758,18.27525520324707,18.307491302490234,18.25257110595703,18.32748794555664,18.31061363220215,18.358043670654297,18.352279663085938
7.05,18.39718,0.18271,18.330896377563477,18.308183670043945,18.363582611083984,18.370140075683594,18.274917602539062,18.319242477416992,18.345396041870117,18.31890869140625,18.348787307739258,18.338647842407227,18.32586669921875,18.352827072143555,18.389636993408203,18.344806671142578,18.302358627319336,18.32562255859375,18.362646102905273,18.342979431152344,18.338932037353516,18.358543395996094,18.343645095825195,18.37164306640625,18.312570571899414,18.352283477783203,18.313753128051758,18.27525520324707,18.307491302490234,18.25257110595703,18.32748794555664,18.31061363220215,18.358043670654297,18.352279663085938
7.06,18.41363,0.18316,18.330896377563477,18.308183670043945,18.363582611083984,18.370140075683594,18.274917602539062,18.319242477416992,18.345396041870117,18.31890869140625,18.348787307739258,18.338647842407227,18.32586669921875,18.352827072143555,18.389636993408203,18.344806671142578,18.302358627319336,18.32562255859375,18.362646102905273,18.342979431152344,18.338932037353516,18.358543395996094,18.343645095825195,18.37164306640625,18.312570571899414,18.352283477783203,18.313753128051758,18.27525520324707,18.307491302490234,18.25257110595703,18.32748794555664,18.31061363220215,18.358043670654297,18.352279663085938
7.07,18.43738,0.18357,18.330896377563477,18.308183670043945,18.363582611083984,18.370140075683594,18.274917602539062,18.319242477416992,18.345396041870117,18.31890869140625,18.348787307739258,18.338647842407227,18.32586669921875,18.352827072143555,18.389636993408203,18.344806671142578,18.302358627319336,18.32562255859375,18.362646102905273,18.342979431152344,18.338932037353516,18.358543395996094,18.343645095825195,18.37164306640625,18.312570571899414,18.352283477783203,18.313753128051758,18.27525520324707,18.307491302490234,18.25257110595703,18.32748794555664,18.31061363220215,18.358043670654297,18.352279663085938
7.08,18.45626,0.18369,18.330896377563477,18.308183670043945,18.363582611083984,18.370140075683594,18.274917602539062,18.319242477416992,18.345396041870117,18.31890869140625,18.348787307739258,18.338647842407227,18.32586669921875,18.352827072143555,18.389636993408203,18.344806671142578,18.302358627319336,18.32562255859375,18.362646102905273,18.342979431152344,18.338932037353516,18.358543395996094,18.343645095825195,18.37164306640625,18.312570571899414,18.352283477783203,18.313753128051758,18.27525520324707,18.307491302490234,18.25257110595703,18.32748794555664,18.31061363220215,18.358043670654297,18.352279663085938
7.09,18.4742,0.18362,18.414579391479492,18.390737533569336,18.451580047607422,18.45883560180664,18.355484008789062,18.399429321289062,18.434101104736328,18.404767990112305,18.436017990112305,18.426496505737305,18.414648056030273,18.438684463500977,18.475770950317383,18.429771423339844,18.3892765045166,18.409013748168945,18.4477596282959,18.429767608642578,18.42759132385254,18.443058013916016,18.428434371948242,18.457490921020508,18.399015426635742,18.432456970214844,18.396944046020508,18.356502532958984,18.392780303955078,18.33675765991211,18.41188621520996,18.394643783569336,18.440645217895508,18.434619903564453
7.1,18.48783,0.18344,18.414579391479492,18.390737533569336,18.451580047607422,18.45883560180664,18.355484008789062,18.399429321289062,18.434101104736328,18.404767990112305,18.436017990112305,18.426496505737305,18.414648056030273,18.438684463500977,18.475770950317383,18.429771423339844,18.3892765045166,18.409013748168945,18.4477596282959,18.429767608642578,18.42759132385254,18.443058013916016,18.428434371948242,18.457490921020508,18.399015426635742,18.432456970214844,18.396944046020508,18.356502532958984,18.392780303955078,18.33675765991211,18.41188621520996,18.394643783569336,18.440645217895508,18.434619903564453
7.11,18.50693,0.18299,18.414579391479492,18.390737533569336,18.451580047607422,18.45883560180664,18.355484008789062,18.399429321289062,18.434101104736328,18.404767990112305,18.436017990112305,18.426496505737305,18.414648056030273,18.438684463500977,18.475770950317383,18.429771423339844,18.3892765045166,18.409013748168945,18.4477596282959,18.429767608642578,18.42759132385254,18.443058013916016,18.428434371948242,18.457490921020508,18.399015426635742,18.432456970214844,18.396944046020508,18.356502532958984,18.392780303955078,18.33675765991211,18.41188621520996,18.394643783569336,18.440645217895508,18.434619903564453
7.12,18.52156,0.18247,18.414579391479492,18.390737533569336,18.451580047607422,18.45883560180664,18.355484008789062,18.399429321289062,18.434101104736328,18.404767990112305,18.436017990112305,18.426496505737305,18.414648056030273,18.438684463500977,18.475770950317383,18.429771423339844,18.3892765045166,18.409013748168945,18.4477596282959,18.429767608642578,18.42759132385254,18.443058013916016,18.428434371948242,18.457490921020508,18.399015426635742,18.432456970214844,18.396944046020508,18.356502532958984,18.392780303955078,18.33675765991211,18.41188621520996,18.394643783569336,18.440645217895508,18.434619903564453
7.13,18.53495,0.18184,18.414579391479492,18.390737533569336,18.451580047607422,18.45883560180664,18.355484008789062,18.399429321289062,18.434101104736328,18.404767990112305,18.436017990112305,18.426496505737305,18.414648056030273,18.438684463500977,18.475770950317383,18.429771423339844,18.3892765045166,18.409013748168945,18.4477596282959,18.429767608642578,18.42759132385254,18.443058013916016,18.428434371948242,18.457490921020508,18.399015426635742,18.432456970214844,18.396944046020508,18.356502532958984,18.392780303955078,18.33675765991211,18.41188621520996,18.394643783569336,18.440645217895508,18.434619903564453
7.14,18.54474,0.18128,18.49128532409668,18.470170974731445,18.53597640991211,18.543228149414062,18.435903549194336,18.47992706298828,18.522010803222656,18.491010665893555,18.52745246887207,18.516429901123047,18.504602432250977,18.529403686523438,18.559385299682617,18.519981384277344,18.478666305541992,18.498729705810547,18.540443420410156,18.521385192871094,18.51836585998535,18.534414291381836,18.5201358795166,18.547107696533203,18.48811149597168,18.51091766357422,18.4857120513916,18.444990158081055,18.477285385131836,18.417354583740234,18.492691040039062,18.47531509399414,18.526704788208008,18.516611099243164
7.15,18.55779,0.18035,18.49128532409668,18.470170974731445,18.53597640991211,18.543228149414062,18.435903549194336,18.47992706298828,18.522010803222656,18.491010665893555,18.52745246887207,18.516429901123047,18.504602432250977,18.529403686523438,18.559385299682617,18.519981384277344,18.478666305541992,18.498729705810547,18.540443420410156,18.521385192871094,18.51836585998535,18.534414291381836,18.5201358795166,18.547107696533203,18.48811149597168,18.51091766357422,18.4857120513916,18.444990158081055,18.477285385131836,18.417354583740234,18.492691040039062,18.47531509399414,18.526704788208008,18.516611099243164
7.16,18.56718,0.17954,18.49128532409668,18.470170974731445,18.53597640991211,18.543228149414062,18.435903549194336,18.47992706298828,18.522010803222656,18.491010665893555,18.52745246887207,18.516429901123047,18.504602432250977,18.529403686523438,18.559385299682617,18.519981384277344,18.478666305541992,18.498729705810547,18.540443420410156,18.521385192871094,18.51836585998535,18.534414291381836,18.5201358795166,18.547107696533203,18.48811149597168,18.51091766357422,18.4857120513916,18.444990158081055,18.477285385131836,18.417354583740234,18.492691040039062,18.47531509399414,18.526704788208008,18.516611099243164
7.17,18.57517,0.17871,18.49128532409668,18.470170974731445,18.53597640991211,18.543228149414062,18.435903549194336,18.47992706298828,18.522010803222656,18.491010665893555,18.52745246887207,18.516429901123047,18.504602432250977,18.529403686523438,18.559385299682617,18.519981384277344,18.478666305541992,18.498729705810547,18.540443420410156,18.521385192871094,18.51836585998535,18.534414291381836,18.5201358795166,18.547107696533203,18.48811149597168,18.51091766357422,18.4857120513916,18.444990158081055,18.477285385131836,18.417354583740234,18.492691040039062,18.47531509399414,18.526704788208008,18.516611099243164
7.18,18.58176,0.17789,18.49128532409668,18.470170974731445,18.53597640991211,18.543228149414062,18.435903549194336,18.47992706298828,18.522010803222656,18.491010665893555,18.52745246887207,18.516429901123047,18.504602432250977,18.529403686523438,18.559385299682617,18.519981384277344,18.478666305541992,18.498729705810547,18.540443420410156,18.521385192871094,18.51836585998535,18.534414291381836,18.5201358795166,18.547107696533203,18.48811149597168,18.51091766357422,18.4857120513916,18.444990158081055,18.477285385131836,18.417354583740234,18.492691040039062,18.47531509399414,18.526704788208008,18.516611099243164
7.19,18.58696,0.1771,18.56819725036621,18.542224884033203,18.60650062561035,18.611400604248047,18.519817352294922,18.55034828186035,18.591659545898438,18.559860229492188,18.600008010864258,18.58980369567871,18.581703186035156,18.600034713745117,18.622957229614258,18.598787307739258,18.558290481567383,18.574962615966797,18.616525650024414,18.59667205810547,18.59742546081543,18.60675048828125,18.592374801635742,18.620912551879883,18.56419563293457,18.56647300720215,18.55744743347168,18.513269424438477,18.554887771606445,18.49069595336914,18.563322067260742,18.54255485534668,18.614545822143555,18.591781616210938
7.2,18.59078,0.17636,18.56819725036621,18.542224884033203,18.60650062561035,18.611400604248047,18.519817352294922,18.55034828186035,18.591659545898438,18.559860229492188,18.600008010864258,18.58980369567871,18.581703186035156,18.600034713745117,18.622957229614258,18.598787307739258,18.558290481567383,18.574962615966797,18.616525650024414,18.59667205810547,18.59742546081543,18.60675048828125,18.592374801635742,18.620912551879883,18.56419563293457,18.56647300720215,18.55744743347168,18.513269424438477,18.554887771606445,18.49069595336914,18.563322067260742,18.54255485534668,18.614545822143555,18.591781616210938
7.21,18.59326,0.17569,18.56819725036621,18.542224884033203,18.60650062561035,18.611400604248047,18.519817352294922,18.55034828186035,18.591659545898438,18.559860229492188,18.600008010864258,18.58980369567871,18.581703186035156,18.600034713745117,18.622957229614258,18.598787307739258,18.558290481567383,18.574962615966797,18.616525650024414,18.59667205810547,18.59742546081543,18.60675048828125,18.592374801635742,18.620912551879883,18.56419563293457,18.56647300720215,18.55744743347168,18.513269424438477,18.554887771606445,18.49069595336914,18.563322067260742,18.54255485534668,18.614545822143555,18.591781616210938
7.22,18.59443,0.17512,18.56819725036621,18.542224884033203,18.60650062561035,18.611400604248047,18.519817352294922,18.55034828186035,18.591659545898438,18.559860229492188,18.600008010864258,18.58980369567871,18.581703186035156,18.600034713745117,18.622957229614258,18.598787307739258,18.558290481567383,18.574962615966797,18.616525650024414,18.59667205810547,18.59742546081543,18.60675048828125,18.592374801635742,18.620912551879883,18.56419563293457,18.56647300720215,18.55744743347168,18.513269424438477,18.554887771606445,18.49069595336914,18.563322067260742,18.54255485534668,18.614545822143555,18.591781616210938
7.23,18.59435,0.17465,18.56819725036621,18.542224884033203,18.60650062561035,18.611400604248047,18.519817352294922,18.55034828186035,18.591659545898438,18.559860229492188,18.600008010864258,18.58980369567871,18.581703186035156,18.600034713745117,18.622957229614258,18.598787307739258,18.558290481567383,18.574962615966797,18.616525650024414,18.59667205810547,18.59742546081543,18.60675048828125,18.592374801635742,18.620912551879883,18.56419563293457,18.56647300720215,18.55744743347168,18.513269424438477,18.554887771606445,18.49069595336914,18.563322067260742,18.54255485534668,18.614545822143555,18.591781616210938
7.24,18.59308,0.1743,18.613019943237305,18.559019088745117,18.619731903076172,18.61780548095703,18.571455001831055,18.56865692138672,18.594501495361328,18.571998596191406,18.60943031311035,18.60466194152832,18.614654541015625,18.604480743408203,18.617338180541992,18.626605987548828,18.59234046936035,18.5989990234375,18.63652801513672,18.610685348510742,18.631574630737305,18.616775512695312,18.60271644592285,18.639801025390625,18.593412399291992,18.555240631103516,18.573041915893555,18.5178279876709,18.597702026367188,18.507768630981445,18.588499069213867,18.556640625,18.658931732177734,18.625301361083984
7.25,18.59069,0.17409,18.613019943237305,18.559019088745117,18.619731903076172,18.61780548095703,18.571455001831055,18.56865692138672,18.594501495361328,18.571998596191406,18.60943031311035,18.60466194152832,18.614654541015625,18.604480743408203,18.617338180541992,18.626605987548828,18.59234046936035,18.5989990234375,18.63652801513672,18.610685348510742,18.631574630737305,18.616775512695312,18.60271644592285,18.639801025390625,18.593412399291992,18.555240631103516,18.573041915893555,18.5178279876709,18.597702026367188,18.507768630981445,18.588499069213867,18.556640625,18.658931732177734,18.625301361083984
7.26,18.58726,0.17402,18.613019943237305,18.559019088745117,18.619731903076172,18.61780548095703,18.571455001831055,18.56865692138672,18.594501495361328,18.571998596191406,18.60943031311035,18.60466194152832,18.614654541015625,18.604480743408203,18.617338180541992,18.626605987548828,18.59234046936035,18.5989990234375,18.63652801513672,18.610685348510742,18.631574630737305,18.616775512695312,18.60271644592285,18.639801025390625,18.593412399291992,18.555240631103516,18.573041915893555,18.5178279876709,18.597702026367188,18.507768630981445,18.588499069213867,18.556640625,18.658931732177734,18.625301361083984
7.27,18.58384,0.17408,18.613019943237305,18.559019088745117,18.619731903076172,18.61780548095703,18.571455001831055,18.56865692138672,18.594501495361328,18.571998596191406,18.60943031311035,18.60466194152832,18.614654541015625,18.604480743408203,18.617338180541992,18.626605987548828,18.59234046936035,18.5989990234375,18.63652801513672,18.610685348510742,18.631574630737305,18.616775512695312,18.60271644592285,18.639801025390625,18.593412399291992,18.555240631103516,18.573041915893555,18.5178279876709,18.597702026367188,18.507768630981445,18.588499069213867,18.556640625,18.658931732177734,18.625301361083984
7.28,18.57768,0.17435,18.613019943237305,18.559019088745117,18.619731903076172,18.61780548095703,18.571455001831055,18.56865692138672,18.594501495361328,18.571998596191406,18.60943031311035,18.60466194152832,18.614654541015625,18.604480743408203,18.617338180541992,18.626605987548828,18.59234046936035,18.5989990234375,18.63652801513672,18.610685348510742,18.631574630737305,18.616775512695312,18.60271644592285,18.639801025390625,18.593412399291992,18.555240631103516,18.573041915893555,18.5178279876709,18.597702026367188,18.507768630981445,18.588499069213867,18.556640625,18.658931732177734,18.625301361083984
7.29,18.57171,0.17475,18.608478546142578,18.52768325805664,18.57927703857422,18.582063674926758,18.593460083007812,18.549293518066406,18.552478790283203,18.565940856933594,18.580350875854492,18.574392318725586,18.612319946289062,18.558271408081055,18.571130752563477,18.590557098388672,18.561918258666992,18.554039001464844,18.588003158569336,18.568588256835938,18.6127986907959,18.569744110107422,18.56038475036621,18.60826873779297,18.571664810180664,18.546485900878906,18.53840446472168,18.477840423583984,18.59449005126953,18.47700309753418,18.57619285583496,18.525911331176758,18.670881271362305,18.616735458374023
7.3,18.56509,0.1753,18.608478546142578,18.52768325805664,18.57927703857422,18.582063674926758,18.593460083007812,18.549293518066406,18.552478790283203,18.565940856933594,18.580350875854492,18.574392318725586,18.612319946289062,18.558271408081055,18.571130752563477,18.590557098388672,18.561918258666992,18.554039001464844,18.588003158569336,18.568588256835938,18.6127986907959,18.569744110107422,18.56038475036621,18.60826873779297,18.571664810180664,18.546485900878906,18.53840446472168,18.477840423583984,18.59449005126953,18.47700309753418,18.57619285583496,18.525911331176758,18.670881271362305,18.616735458374023
7.31,18.5594,0.17586,18.608478546142578,18.52768325805664,18.57927703857422,18.582063674926758,18.593460083007812,18.549293518066406,18.552478790283203,18.565940856933594,18.580350875854492,18.574392318725586,18.612319946289062,18.558271408081055,18.571130752563477,18.590557098388672,18.561918258666992,18.554039001464844,18.588003158569336,18.568588256835938,18.6127986907959,18.569744110107422,18.56038475036621,18.60826873779297,18.571664810180664,18.546485900878906,18.53840446472168,18.477840423583984,18.59449005126953,18.47700309753418,18.57619285583496,18.525911331176758,18.670881271362305,18.616735458374023
7.32,18.55034,0.17688,18.608478546142578,18.52768325805664,18.57927703857422,18.582063674926758,18.593460083007812,18.549293518066406,18.552478790283203,18.565940856933594,18.580350875854492,18.574392318725586,18.612319946289062,18.558271408081055,18.571130752563477,18.590557098388672,18.561918258666992,18.554039001464844,18.588003158569336,18.568588256835938,18.6127986907959,18.569744110107422,18.56038475036621,18.60826873779297,18.571664810180664,18.546485900878906,18.53840446472168,18.477840423583984,18.59449005126953,18.47700309753418,18.57619285583496,18.525911331176758,18.670881271362305,18.616735458374023
7.33,18.54241,0.17789,18.608478546142578,18.52768325805664,18.57927703857422,18.582063674926758,18.593460083007812,18.549293518066406,18.552478790283203,18.565940856933594,18.580350875854492,18.574392318725586,18.612319946289062,18.558271408081055,18.571130752563477,18.590557098388672,18.561918258666992,18.554039001464844,18.588003158569336,18.568588256835938,18.6127986907959,18.569744110107422,18.56038475036621,18.60826873779297,18.571664810180664,18.546485900878906,18.53840446472168,18.477840423583984,18.59449005126953,18.47700309753418,18.57619285583496,18.525911331176758,18.670881271362305,18.616735458374023
7.34,18.53425,0.17903,18.63719940185547,18.521461486816406,18.558555603027344,18.570350646972656,18.624271392822266,18.53366470336914,18.53810691833496,18.56496810913086,18.543912887573242,18.543500900268555,18.58985137939453,18.51002311706543,18.563249588012695,18.52435874938965,18.507871627807617,18.49146270751953,18.522659301757812,18.500812530517578,18.553327560424805,18.50531005859375,18.501516342163086,18.557281494140625,18.521900177001953,18.562353134155273,18.484891891479492,18.433778762817383,18.60297393798828,18.447675704956055,18.567564010620117,18.51551628112793,18.686906814575195,18.591184616088867
7.35,18.52762,0.18004,18.63719940185547,18.521461486816406,18.558555603027344,18.570350646972656,18.624271392822266,18.53366470336914,18.53810691833496,18.56496810913086,18.543912887573242,18.543500900268555,18.58985137939453,18.51002311706543,18.563249588012695,18.52435874938965,18.507871627807617,18.49146270751953,18.522659301757812,18.500812530517578,18.553327560424805,18.50531005859375,18.501516342163086,18.557281494140625,18.521900177001953,18.562353134155273,18.484891891479492,18.433778762817383,18.60297393798828,18.447675704956055,18.567564010620117,18.51551628112793,18.686906814575195,18.591184616088867
7.36,18.51761,0.18167,18.63719940185547,18.521461486816406,18.558555603027344,18.570350646972656,18.624271392822266,18.53366470336914,18.53810691833496,18.56496810913086,18.543912887573242,18.543500900268555,18.58985137939453,18.51002311706543,18.563249588012695,18.52435874938965,18.507871627807617,18.49146270751953,18.522659301757812,18.500812530517578,18.553327560424805,18.50531005859375,18.501516342163086,18.557281494140625,18.521900177001953,18.562353134155273,18.484891891479492,18.433778762817383,18.60297393798828,18.447675704956055,18.567564010620117,18.51551628112793,18.686906814575195,18.591184616088867
7.37,18.50931,0.18314,18.63719940185547,18.521461486816406,18.558555603027344,18.570350646972656,18.624271392822266,18.53366470336914,18.53810691833496,18.56496810913086,18.543912887573242,18.543500900268555,18.58985137939453,18.51002311706543,18.563249588012695,18.52435874938965,18.507871627807617,18.49146270751953,18.522659301757812,18.500812530517578,18.553327560424805,18.50531005859375,18.501516342163086,18.557281494140625,18.521900177001953,18.562353134155273,18.484891891479492,18.433778762817383,18.60297393798828,18.447675704956055,18.567564010620117,18.51551628112793,18.686906814575195,18.591184616088867
7.38,18.5011,0.18468,18.63719940185547,18.521461486816406,18.558555603027344,18.570350646972656,18.624271392822266,18.53366470336914,18.53810691833496,18.56496810913086,18.543912887573242,18.543500900268555,18.58985137939453,18.51002311706543,18.563249588012695,18.52435874938965,18.507871627807617,18.49146270751953,18.522659301757812,18.500812530517578,18.553327560424805,18.50531005859375,18.501516342163086,18.557281494140625,18.521900177001953,18.562353134155273,18.484891891479492,18.433778762817383,18.60297393798828,18.447675704956055,18.567564010620117,18.51551628112793,18.686906814575195,18.591184616088867
7.39,18.49464,0.18596,18.637245178222656,18.51179313659668,18.548419952392578,18.560688018798828,18.636878967285156,18.526845932006836,18.532869338989258,18.55876922607422,18.52716064453125,18.526180267333984,18.563810348510742,18.499374389648438,18.553380966186523,18.50393295288086,18.484922409057617,18.48369598388672,18.51997184753418,18.480087280273438,18.517404556274414,18.500835418701172,18.497713088989258,18.537702560424805,18.49289894104004,18.555906295776367,18.473493576049805,18.43857192993164,18.59972381591797,18.429931640625,18.553499221801758,18.50657844543457,18.68906593322754,18.575790405273438
7.4,18.48526,0.18792,18.637245178222656,18.51179313659668,18.548419952392578,18.560688018798828,18.636878967285156,18.526845932006836,18.532869338989258,18.55876922607422,18.52716064453125,18.526180267333984,18.563810348510742,18.499374389648438,18.553380966186523,18.50393295288086,18.484922409057617,18.48369598388672,18.51997184753418,18.480087280273438,18.517404556274414,18.500835418701172,18.497713088989258,18.537702560424805,18.49289894104004,18.555906295776367,18.473493576049805,18.43857192993164,18.59972381591797,18.429931640625,18.553499221801758,18.50657844543457,18.68906593322754,18.575790405273438
7.41,18.4777,0.18959,18.637245178222656,18.51179313659668,18.548419952392578,18.560688018798828,18.636878967285156,18.526845932006836,18.532869338989258,18.55876922607422,18.52716064453125,18.526180267333984,18.563810348510742,18.499374389648438,18.553380966186523,18.50393295288086,18.484922409057617,18.48369598388672,18.51997184753418,18.480087280273438,18.517404556274414,18.500835418701172,18.497713088989258,18.537702560424805,18.49289894104004,18.555906295776367,18.473493576049805,18.43857192993164,18.59972381591797,18.429931640625,18.553499221801758,18.50657844543457,18.68906593322754,18.575790405273438
7.42,18.47042,0.19125,18.637245178222656,18.51179313659668,18.548419952392578,18.560688018798828,18.636878967285156,18.526845932006836,18.532869338989258,18.55876922607422,18.52716064453125,18.526180267333984,18.563810348510742,18.499374389648438,18.553380966186523,18.50393295288086,18.484922409057617,18.48369598388672,18.51997184753418,18.480087280273438,18.517404556274414,18.500835418701172,18.497713088989258,18.537702560424805,18.49289894104004,18.555906295776367,18.473493576049805,18.43857192993164,18.59972381591797,18.429931640625,18.553499221801758,18.50657844543457,18.68906593322754,18.575790405273438
7.43,18.46343,0.1929,18.637245178222656,18.51179313659668,18.548419952392578,18.560688018798828,18.636878967285156,18.526845932006836,18.532869338989258,18.55876922607422,18.52716064453125,18.526180267333984,18.563810348510742,18.499374389648438,18.553380966186523,18.50393295288086,18.484922409057617,18.48369598388672,18.51997184753418,18.480087280273438,18.517404556274414,18.500835418701172,18.497713088989258,18.537702560424805,18.49289894104004,18.555906295776367,18.473493576049805,18.43857192993164,18.59972381591797,18.429931640625,18.553499221801758,18.50657844543457,18.68906593322754,18.575790405273438
7.44,18.45673,0.19451,18.64695167541504,18.50074577331543,18.531845092773438,18.538009643554688,18.64956283569336,18.512828826904297,18.515945434570312,18.523862838745117,18.478357315063477,18.481964111328125,18.51059913635254,18.45880889892578,18.538089752197266,18.46687889099121,18.448469161987305,18.456510543823242,18.48663902282715,18.443737030029297,18.46925163269043,18.470703125,18.463754653930664,18.50072479248047,18.45109748840332,18.525272369384766,18.440526962280273,18.41106605529785,18.595020294189453,18.411500930786133,18.525381088256836,18.483165740966797,18.691978454589844,18.554119110107422
7.45,18.45028,0.19605,18.64695167541504,18.50074577331543,18.531845092773438,18.538009643554688,18.64956283569336,18.512828826904297,18.515945434570312,18.523862838745117,18.478357315063477,18.481964111328125,18.51059913635254,18.45880889892578,18.538089752197266,18.46687889099121,18.448469161987305,18.456510543823242,18.48663902282715,18.443737030029297,18.46925163269043,18.470703125,18.463754653930664,18.50072479248047,18.45109748840332,18.525272369384766,18.440526962280273,18.41106605529785,18.595020294189453,18.411500930786133,18.525381088256836,18.483165740966797,18.691978454589844,18.554119110107422
7.46,18.44407,0.19753,18.64695167541504,18.50074577331543,18.531845092773438,18.538009643554688,18.64956283569336,18.512828826904297,18.515945434570312,18.523862838745117,18.478357315063477,18.481964111328125,18.51059913635254,18.45880889892578,18.538089752197266,18.46687889099121,18.448469161987305,18.456510543823242,18.48663902282715,18.443737030029297,18.46925163269043,18.470703125,18.463754653930664,18.50072479248047,18.45109748840332,18.525272369384766,18.440526962280273,18.41106605529785,18.595020294189453,18.411500930786133,18.525381088256836,18.483165740966797,18.691978454589844,18.554119110107422
7.47,18.43803,0.1989,18.64695167541504,18.50074577331543,18.531845092773438,18.538009643554688,18.64956283569336,18.512828826904297,18.515945434570312,18.523862838745117,18.478357315063477,18.481964111328125,18.51059913635254,18.45880889892578,18.538089752197266,18.46687889099121,18.448469161987305,18.456510543823242,18.48663902282715,18.443737030029297,18.46925163269043,18.470703125,18.463754653930664,18.50072479248047,18.45109748840332,18.525272369384766,18.440526962280273,18.41106605529785,18.595020294189453,18.411500930786133,18.525381088256836,18.483165740966797,18.691978454589844,18.554119110107422
7.48,18.4321,0.20017,18.64695167541504,18.50074577331543,18.531845092773438,18.538009643554688,18.64956283569336,18.512828826904297,18.515945434570312,18.523862838745117,18.478357315063477,18.481964111328125,18.51059913635254,18.45880889892578,18.538089752197266,18.46687889099121,18.448469161987305,18.456510543823242,18.48663902282715,18.443737030029297,18.46925163269043,18.470703125,18.463754653930664,18.50072479248047,18.45109748840332,18.525272369384766,18.440526962280273,18.41106605529785,18.595020294189453,18.411500930786133,18.525381088256836,18.483165740966797,18.691978454589844,18.554119110107422
7.49,18.4262,0.2013,18.615861892700195,18.481225967407227,18.51622200012207,18.515804290771484,18.62729263305664,18.501354217529297,18.49884033203125,18.49266815185547,18.43541145324707,18.43902587890625,18.459402084350586,18.421398162841797,18.521820068359375,18.427993774414062,18.41068458557129,18.42028045654297,18.448190689086914,18.407907485961914,18.426349639892578,18.433618545532227,18.42385482788086,18.462242126464844,18.410703659057617,18.49618148803711,18.404294967651367,18.376617431640625,18.56464385986328,18.398563385009766,18.497770309448242,18.459156036376953,18.660295486450195,18.538616180419922
7.5,18.42024,0.2023,18.615861892700195,18.481225967407227,18.51622200012207,18.515804290771484,18.62729263305664,18.501354217529297,18.49884033203125,18.49266815185547,18.43541145324707,18.43902587890625,18.459402084350586,18.421398162841797,18.521820068359375,18.427993774414062,18.41068458557129,18.42028045654297,18.448190689086914,18.407907485961914,18.426349639892578,18.433618545532227,18.42385482788086,18.462242126464844,18.410703659057617,18.49618148803711,18.404294967651367,18.376617431640625,18.56464385986328,18.398563385009766,18.497770309448242,18.459156036376953,18.660295486450195,18.538616180419922
7.51,18.41411,0.20313,18.615861892700195,18.481225967407227,18.51622200012207,18.515804290771484,18.62729263305664,18.501354217529297,18.49884033203125,18.49266815185547,18.43541145324707,18.43902587890625,18.459402084350586,18.421398162841797,18.521820068359375,18.427993774414062,18.41068458557129,18.42028045654297,18.448190689086914,18.407907485961914,18.426349639892578,18.433618545532227,18.42385482788086,18.462242126464844,18.410703659057617,18.49618148803711,18.404294967651367,18.376617431640625,18.56464385986328,18.398563385009766,18.497770309448242,18.459156036376953,18.660295486450195,18.538616180419922
7.52,18.409,0.20368,18.615861892700195,18.481225967407227,18.51622200012207,18.515804290771484,18.62729263305664,18.501354217529297,18.49884033203125,18.49266815185547,18.43541145324707,18.43902587890625,18.459402084350586,18.421398162841797,18.521820068359375,18.427993774414062,18.41068458557129,18.42028045654297,18.448190689086914,18.407907485961914,18.426349639892578,18.433618545532227,18.42385482788086,18.462242126464844,18.410703659057617,18.49618148803711,18.404294967651367,18.376617431640625,18.56464385986328,18.398563385009766,18.497770309448242,18.459156036376953,18.660295486450195,18.538616180419922
7.53,18.40086,0.20429,18.615861892700195,18.481225967407227,18.51622200012207,18.515804290771484,18.62729263305664,18.501354217529297,18.49884033203125,18.49266815185547,18.43541145324707,18.43902587890625,18.459402084350586,18.421398162841797,18.521820068359375,18.427993774414062,18.41068458557129,18.42028045654297,18.448190689086914,18.407907485961914,18.426349639892578,18.433618545532227,18.42385482788086,18.462242126464844,18.410703659057617,18.49618148803711,18.404294967651367,18.376617431640625,18.56464385986328,18.398563385009766,18.497770309448242,18.459156036376953,18.660295486450195,18.538616180419922
7.54,18.39346,0.20459,18.58207130432129,18.45988655090332,18.494678497314453,18.486101150512695,18.6088924407959,18.48419952392578,18.474212646484375,18.454265594482422,18.385761260986328,18.389711380004883,18.404306411743164,18.37673568725586,18.49778175354004,18.383071899414062,18.367467880249023,18.377849578857422,18.403779983520508,18.36707878112793,18.382551193237305,18.390098571777344,18.378541946411133,18.420673370361328,18.368650436401367,18.45465850830078,18.362892150878906,18.33616828918457,18.535282135009766,18.386714935302734,18.46323585510254,18.42772102355957,18.63971519470215,18.52307891845703
7.55,18.38537,0.2047,18.58207130432129,18.45988655090332,18.494678497314453,18.486101150512695,18.6088924407959,18.48419952392578,18.474212646484375,18.454265594482422,18.385761260986328,18.389711380004883,18.404306411743164,18.37673568725586,18.49778175354004,18.383071899414062,18.367467880249023,18.377849578857422,18.403779983520508,18.36707878112793,18.382551193237305,18.390098571777344,18.378541946411133,18.420673370361328,18.368650436401367,18.45465850830078,18.362892150878906,18.33616828918457,18.535282135009766,18.386714935302734,18.46323585510254,18.42772102355957,18.63971519470215,18.52307891845703
7.56,18.37827,0.20465,18.58207130432129,18.45988655090332,18.494678497314453,18.486101150512695,18.6088924407959,18.48419952392578,18.474212646484375,18.454265594482422,18.385761260986328,18.389711380004883,18.404306411743164,18.37673568725586,18.49778175354004,18.383071899414062,18.367467880249023,18.377849578857422,18.403779983520508,18.36707878112793,18.382551193237305,18.390098571777344,18.378541946411133,18.420673370361328,18.368650436401367,18.45465850830078,18.362892150878906,18.33616828918457,18.535282135009766,18.386714935302734,18.46323585510254,18.42772102355957,18.63971519470215,18.52307891845703
7.57,18.36645,0.20433,18.58207130432129,18.45988655090332,18.494678497314453,18.486101150512695,18.6088924407959,18.48419952392578,18.474212646484375,18.454265594482422,18.385761260986328,18.389711380004883,18.404306411743164,18.37673568725586,18.49778175354004,18.383071899414062,18.367467880249023,18.377849578857422,18.403779983520508,18.36707878112793,18.382551193237305,18.390098571777344,18.378541946411133,18.420673370361328,18.368650436401367,18.45465850830078,18.362892150878906,18.33616828918457,18.535282135009766,18.386714935302734,18.46323585510254,18.42772102355957,18.63971519470215,18.52307891845703
7.58,18.35531,0.20384,18.58207130432129,18.45988655090332,18.494678497314453,18.486101150512695,18.6088924407959,18.48419952392578,18.474212646484375,18.454265594482422,18.385761260986328,18.389711380004883,18.404306411743164,18.37673568725586,18.49778175354004,18.383071899414062,18.367467880249023,18.377849578857422,18.403779983520508,18.36707878112793,18.382551193237305,18.390098571777344,18.378541946411133,18.420673370361328,18.368650436401367,18.45465850830078,18.362892150878906,18.33616828918457,18.535282135009766,18.386714935302734,18.46323585510254,18.42772102355957,18.63971519470215,18.52307891845703
7.59,18.34284,0.20315,18.547443389892578,18.430383682250977,18.47299575805664,18.458984375,18.56877899169922,18.460182189941406,18.449493408203125,18.42096519470215,18.346046447753906,18.346261978149414,18.35554313659668,18.33847427368164,18.47484016418457,18.342302322387695,18.326622009277344,18.33763313293457,18.364944458007812,18.33019256591797,18.343687057495117,18.351757049560547,18.339258193969727,18.380889892578125,18.3291072845459,18.420501708984375,18.323808670043945,18.298398971557617,18.49474334716797,18.367359161376953,18.431034088134766,18.398162841796875,18.59076499938965,18.502296447753906
7.6,18.33178,0.20245,18.547443389892578,18.430383682250977,18.47299575805664,18.458984375,18.56877899169922,18.460182189941406,18.449493408203125,18.42096519470215,18.346046447753906,18.346261978149414,18.35554313659668,18.33847427368164,18.47484016418457,18.342302322387695,18.326622009277344,18.33763313293457,18.364944458007812,18.33019256591797,18.343687057495117,18.351757049560547,18.339258193969727,18.380889892578125,18.3291072845459,18.420501708984375,18.323808670043945,18.298398971557617,18.49474334716797,18.367359161376953,18.431034088134766,18.398162841796875,18.59076499938965,18.502296447753906
7.61,18.31325,0.20118,18.547443389892578,18.430383682250977,18.47299575805664,18.458984375,18.56877899169922,18.460182189941406,18.449493408203125,18.42096519470215,18.346046447753906,18.346261978149414,18.35554313659668,18.33847427368164,18.47484016418457,18.342302322387695,18.326622009277344,18.33763313293457,18.364944458007812,18.33019256591797,18.343687057495117,18.351757049560547,18.339258193969727,18.380889892578125,18.3291072845459,18.420501708984375,18.323808670043945,18.298398971557617,18.49474334716797,18.367359161376953,18.431034088134766,18.398162841796875,18.59076499938965,18.502296447753906
7.62,18.29581,0.19992,18.547443389892578,18.430383682250977,18.47299575805664,18.458984375,18.56877899169922,18.460182189941406,18.449493408203125,18.42096519470215,18.346046447753906,18.346261978149414,18.35554313659668,18.33847427368164,18.47484016418457,18.342302322387695,18.326622009277344,18.33763313293457,18.364944458007812,18.33019256591797,18.343687057495117,18.351757049560547,18.339258193969727,18.380889892578125,18.3291072845459,18.420501708984375,18.323808670043945,18.298398971557617,18.49474334716797,18.367359161376953,18.431034088134766,18.398162841796875,18.59076499938965,18.502296447753906
7.63,18.27642,0.19847,18.547443389892578,18.430383682250977,18.47299575805664,18.458984375,18.56877899169922,18.460182189941406,18.449493408203125,18.42096519470215,18.346046447753906,18.346261978149414,18.35554313659668,18.33847427368164,18.47484016418457,18.342302322387695,18.326622009277344,18.33763313293457,18.364944458007812,18.33019256591797,18.343687057495117,18.351757049560547,18.339258193969727,18.380889892578125,18.3291072845459,18.420501708984375,18.323808670043945,18.298398971557617,18.49474334716797,18.367359161376953,18.431034088134766,18.398162841796875,18.59076499938965,18.502296447753906
7.64,18.25938,0.19719,18.434091567993164,18.38321876525879,18.43836212158203,18.419078826904297,18.444339752197266,18.42072105407715,18.413040161132812,18.376930236816406,18.29823875427246,18.295516967773438,18.30207633972168,18.2922306060791,18.43488311767578,18.29360580444336,18.277921676635742,18.290124893188477,18.31620216369629,18.286529541015625,18.30204963684082,18.3067684173584,18.2933292388916,18.33407211303711,18.283964157104492,18.369178771972656,18.27751350402832,18.251747131347656,18.386350631713867,18.332286834716797,18.38707160949707,18.355947494506836,18.470972061157227,18.467893600463867
7.65,18.2312,0.19509,18.434091567993164,18.38321876525879,18.43836212158203,18.419078826904297,18.444339752197266,18.42072105407715,18.413040161132812,18.376930236816406,18.29823875427246,18.295516967773438,18.30207633972168,18.2922306060791,18.43488311767578,18.29360580444336,18.277921676635742,18.290124893188477,18.31620216369629,18.286529541015625,18.30204963684082,18.3067684173584,18.2933292388916,18.33407211303711,18.283964157104492,18.369178771972656,18.27751350402832,18.251747131347656,18.386350631713867,18.332286834716797,18.38707160949707,18.355947494506836,18.470972061157227,18.467893600463867
7.66,18.20511,0.19317,18.434091567993164,18.38321876525879,18.43836212158203,18.419078826904297,18.444339752197266,18.42072105407715,18.413040161132812,18.376930236816406,18.29823875427246,18.295516967773438,18.30207633972168,18.2922306060791,18.43488311767578,18.29360580444336,18.277921676635742,18.290124893188477,18.31620216369629,18.286529541015625,18.30204963684082,18.3067684173584,18.2933292388916,18.33407211303711,18.283964157104492,18.369178771972656,18.27751350402832,18.251747131347656,18.386350631713867,18.332286834716797,18.38707160949707,18.355947494506836,18.470972061157227,18.467893600463867
7.67,18.17655,0.19112,18.434091567993164,18.38321876525879,18.43836212158203,18.419078826904297,18.444339752197266,18.42072105407715,18.413040161132812,18.376930236816406,18.29823875427246,18.295516967773438,18.30207633972168,18.2922306060791,18.43488311767578,18.29360580444336,18.277921676635742,18.290124893188477,18.31620216369629,18.286529541015625,18.30204963684082,18.3067684173584,18.2933292388916,18.33407211303711,18.283964157104492,18.369178771972656,18.27751350402832,18.251747131347656,18.386350631713867,18.332286834716797,18.38707160949707,18.355947494506836,18.470972061157227,18.467893600463867
7.68,18.14544,0.18895,18.434091567993164,18.38321876525879,18.43836212158203,18.419078826904297,18.444339752197266,18.42072105407715,18.413040161132812,18.376930236816406,18.29823875427246,18.295516967773438,18.30207633972168,18.2922306060791,18.43488311767578,18.29360580444336,18.277921676635742,18.290124893188477,18.31620216369629,18.286529541015625,18.30204963684082,18.3067684173584,18.2933292388916,18.33407211303711,18.283964157104492,18.369178771972656,18.27751350402832,18.251747131347656,18.386350631713867,18.332286834716797,18.38707160949707,18.355947494506836,18.470972061157227,18.467893600463867
7.69,18.11168,0.18668,18.175947189331055,18.286523818969727,18.36552619934082,18.33327865600586,18.190223693847656,18.348678588867188,18.344013214111328,18.286684036254883,18.188825607299805,18.19308090209961,18.203720092773438,18.188831329345703,18.34840202331543,18.188983917236328,18.180309295654297,18.187828063964844,18.201337814331055,18.187129974365234,18.218202590942383,18.20248031616211,18.186315536499023,18.23485565185547,18.19332504272461,18.25505828857422,18.174697875976562,18.139814376831055,18.149429321289062,18.258697509765625,18.295944213867188,18.265535354614258,18.240171432495117,18.40105438232422
7.7,18.0752,0.18432,18.175947189331055,18.286523818969727,18.36552619934082,18.33327865600586,18.190223693847656,18.348678588867188,18.344013214111328,18.286684036254883,18.188825607299805,18.19308090209961,18.203720092773438,18.188831329345703,18.34840202331543,18.188983917236328,18.180309295654297,18.187828063964844,18.201337814331055,18.187129974365234,18.218202590942383,18.20248031616211,18.186315536499023,18.23485565185547,18.19332504272461,18.25505828857422,18.174697875976562,18.139814376831055,18.149429321289062,18.258697509765625,18.295944213867188,18.265535354614258,18.240171432495117,18.40105438232422
7.71,18.03595,0.18189,18.175947189331055,18.286523818969727,18.36552619934082,18.33327865600586,18.190223693847656,18.348678588867188,18.344013214111328,18.286684036254883,18.188825607299805,18.19308090209961,18.203720092773438,18.188831329345703,18.34840202331543,18.188983917236328,18.180309295654297,18.187828063964844,18.201337814331055,18.187129974365234,18.218202590942383,18.20248031616211,18.186315536499023,18.23485565185547,18.19332504272461,18.25505828857422,18.174697875976562,18.139814376831055,18.149429321289062,18.258697509765625,18.295944213867188,18.265535354614258,18.240171432495117,18.40105438232422
7.72,17.99388,0.17941,18.175947189331055,18.286523818969727,18.36552619934082,18.33327865600586,18.190223693847656,18.348678588867188,18.344013214111328,18.286684036254883,18.188825607299805,18.19308090209961,18.203720092773438,18.188831329345703,18.34840202331543,18.188983917236328,18.180309295654297,18.187828063964844,18.201337814331055,18.187129974365234,18.218202590942383,18.20248031616211,18.186315536499023,18.23485565185547,18.19332504272461,18.25505828857422,18.174697875976562,18.139814376831055,18.149429321289062,18.258697509765625,18.295944213867188,18.265535354614258,18.240171432495117,18.40105438232422
7.73,17.94899,0.17689,18.175947189331055,18.286523818969727,18.36552619934082,18.33327865600586,18.190223693847656,18.348678588867188,18.344013214111328,18.286684036254883,18.188825607299805,18.19308090209961,18.203720092773438,18.188831329345703,18.34840202331543,18.188983917236328,18.180309295654297,18.187828063964844,18.201337814331055,18.187129974365234,18.218202590942383,18.20248031616211,18.186315536499023,18.23485565185547,18.19332504272461,18.25505828857422,18.174697875976562,18.139814376831055,18.149429321289062,18.258697509765625,18.295944213867188,18.265535354614258,18.240171432495117,18.40105438232422
7.74,17.90127,0.17434,17.8726863861084,18.087772369384766,18.181583404541016,18.12778091430664,17.993955612182617,18.153522491455078,18.162113189697266,18.065715789794922,17.933298110961914,17.94928550720215,17.975509643554688,17.938152313232422,18.14937400817871,17.910266876220703,17.924985885620117,17.910266876220703,17.894567489624023,17.91309356689453,18.007909774780273,17.91834831237793,17.89384651184082,17.963237762451172,17.953462600708008,18.02356719970703,17.893827438354492,17.820457458496094,17.924421310424805,18.07022476196289,18.09061622619629,18.05951499938965,18.022754669189453,18.22389793395996
7.75,17.85072,0.17179,17.8726863861084,18.087772369384766,18.181583404541016,18.12778091430664,17.993955612182617,18.153522491455078,18.162113189697266,18.065715789794922,17.933298110961914,17.94928550720215,17.975509643554688,17.938152313232422,18.14937400817871,17.910266876220703,17.924985885620117,17.910266876220703,17.894567489624023,17.91309356689453,18.007909774780273,17.91834831237793,17.89384651184082,17.963237762451172,17.953462600708008,18.02356719970703,17.893827438354492,17.820457458496094,17.924421310424805,18.07022476196289,18.09061622619629,18.05951499938965,18.022754669189453,18.22389793395996
7.76,17.79738,0.16926,17.8726863861084,18.087772369384766,18.181583404541016,18.12778091430664,17.993955612182617,18.153522491455078,18.162113189697266,18.065715789794922,17.933298110961914,17.94928550720215,17.975509643554688,17.938152313232422,18.14937400817871,17.910266876220703,17.924985885620117,17.910266876220703,17.894567489624023,17.91309356689453,18.007909774780273,17.91834831237793,17.89384651184082,17.963237762451172,17.953462600708008,18.02356719970703,17.893827438354492,17.820457458496094,17.924421310424805,18.07022476196289,18.09061622619629,18.05951499938965,18.022754669189453,18.22389793395996
7.77,17.75273,0.16725,17.8726863861084,18.087772369384766,18.181583404541016,18.12778091430664,17.993955612182617,18.153522491455078,18.162113189697266,18.065715789794922,17.933298110961914,17.94928550720215,17.975509643554688,17.938152313232422,18.14937400817871,17.910266876220703,17.924985885620117,17.910266876220703,17.894567489624023,17.91309356689453,18.007909774780273,17.91834831237793,17.89384651184082,17.963237762451172,17.953462600708008,18.02356719970703,17.893827438354492,17.820457458496094,17.924421310424805,18.07022476196289,18.09061622619629,18.05951499938965,18.022754669189453,18.22389793395996
7.78,17.68252,0.16427,17.8726863861084,18.087772369384766,18.181583404541016,18.12778091430664,17.993955612182617,18.153522491455078,18.162113189697266,18.065715789794922,17.933298110961914,17.94928550720215,17.975509643554688,17.938152313232422,18.14937400817871,17.910266876220703,17.924985885620117,17.910266876220703,17.894567489624023,17.91309356689453,18.007909774780273,17.91834831237793,17.89384651184082,17.963237762451172,17.953462600708008,18.02356719970703,17.893827438354492,17.820457458496094,17.924421310424805,18.07022476196289,18.09061622619629,18.05951499938965,18.022754669189453,18.22389793395996
7.79,17.62113,0.16185,17.5146427154541,17.64397621154785,17.768978118896484,17.650663375854492,17.767732620239258,17.753742218017578,17.730987548828125,17.555334091186523,17.43125343322754,17.4814453125,17.489791870117188,17.408287048339844,17.663864135742188,17.435821533203125,17.460954666137695,17.397476196289062,17.337514877319336,17.381607055664062,17.56770133972168,17.358640670776367,17.327062606811523,17.444236755371094,17.474428176879883,17.416988372802734,17.345861434936523,17.222410202026367,17.634132385253906,17.667930603027344,17.645965576171875,17.597455978393555,17.732988357543945,17.84465980529785
7.8,17.55722,0.1595,17.5146427154541,17.64397621154785,17.768978118896484,17.650663375854492,17.767732620239258,17.753742218017578,17.730987548828125,17.555334091186523,17.43125343322754,17.4814453125,17.489791870117188,17.408287048339844,17.663864135742188,17.435821533203125,17.460954666137695,17.397476196289062,17.337514877319336,17.381607055664062,17.56770133972168,17.358640670776367,17.327062606811523,17.444236755371094,17.474428176879883,17.416988372802734,17.345861434936523,17.222410202026367,17.634132385253906,17.667930603027344,17.645965576171875,17.597455978393555,17.732988357543945,17.84465980529785
7.81,17.50433,0.15767,17.5146427154541,17.64397621154785,17.768978118896484,17.650663375854492,17.767732620239258,17.753742218017578,17.730987548828125,17.555334091186523,17.43125343322754,17.4814453125,17.489791870117188,17.408287048339844,17.663864135742188,17.435821533203125,17.460954666137695,17.397476196289062,17.337514877319336,17.381607055664062,17.56770133972168,17.358640670776367,17.327062606811523,17.444236755371094,17.474428176879883,17.416988372802734,17.345861434936523,17.222410202026367,17.634132385253906,17.667930603027344,17.645965576171875,17.597455978393555,17.732988357543945,17.84465980529785
7.82,17.42223,0.15502,17.5146427154541,17.64397621154785,17.768978118896484,17.650663375854492,17.767732620239258,17.753742218017578,17.730987548828125,17.555334091186523,17.43125343322754,17.4814453125,17.489791870117188,17.408287048339844,17.663864135742188,17.435821533203125,17.460954666137695,17.397476196289062,17.337514877319336,17.381607055664062,17.56770133972168,17.358640670776367,17.327062606811523,17.444236755371094,17.474428176879883,17.416988372802734,17.345861434936523,17.222410202026367,17.634132385253906,17.667930603027344,17.645965576171875,17.597455978393555,17.732988357543945,17.84465980529785
7.83,17.3514,0.15292,17.5146427154541,17.64397621154785,17.768978118896484,17.650663375854492,17.767732620239258,17.753742218017578,17.730987548828125,17.555334091186523,17.43125343322754,17.4814453125,17.489791870117188,17.408287048339844,17.663864135742188,17.435821533203125,17.460954666137695,17.397476196289062,17.337514877319336,17.381607055664062,17.56770133972168,17.358640670776367,17.327062606811523,17.444236755371094,17.474428176879883,17.416988372802734,17.345861434936523,17.222410202026367,17.634132385253906,17.667930603027344,17.645965576171875,17.597455978393555,17.732988357543945,17.84465980529785
7.84,17.27851,0.15091,17.23429298400879,17.212026596069336,17.319576263427734,17.13088035583496,17.515106201171875,17.356121063232422,17.242557525634766,16.990272521972656,16.900156021118164,16.992172241210938,16.92933464050293,16.807771682739258,17.18440818786621,16.88821029663086,16.922542572021484,16.787200927734375,16.715177536010742,16.7030029296875,16.961652755737305,16.681835174560547,16.65421485900879,16.80583381652832,16.85478401184082,16.958515167236328,16.68865394592285,16.559219360351562,17.325759887695312,17.267736434936523,17.213342666625977,17.13948631286621,17.415388107299805,17.430850982666016
7.85,17.21881,0.14937,17.23429298400879,17.212026596069336,17.319576263427734,17.13088035583496,17.515106201171875,17.356121063232422,17.242557525634766,16.990272521972656,16.900156021118164,16.992172241210938,16.92933464050293,16.807771682739258,17.18440818786621,16.88821029663086,16.922542572021484,16.787200927734375,16.715177536010742,16.7030029296875,16.961652755737305,16.681835174560547,16.65421485900879,16.80583381652832,16.85478401184082,16.958515167236328,16.68865394592285,16.559219360351562,17.325759887695312,17.267736434936523,17.213342666625977,17.13948631286621,17.415388107299805,17.430850982666016
7.86,17.12713,0.14719,17.23429298400879,17.212026596069336,17.319576263427734,17.13088035583496,17.515106201171875,17.356121063232422,17.242557525634766,16.990272521972656,16.900156021118164,16.992172241210938,16.92933464050293,16.807771682739258,17.18440818786621,16.88821029663086,16.922542572021484,16.787200927734375,16.715177536010742,16.7030029296875,16.961652755737305,16.681835174560547,16.65421485900879,16.80583381652832,16.85478401184082,16.958515167236328,16.68865394592285,16.559219360351562,17.325759887695312,17.267736434936523,17.213342666625977,17.13948631286621,17.415388107299805,17.430850982666016
7.87,17.04895,0.14548,17.23429298400879,17.212026596069336,17.319576263427734,17.13088035583496,17.515106201171875,17.356121063232422,17.242557525634766,16.990272521972656,16.900156021118164,16.992172241210938,16.92933464050293,16.807771682739258,17.18440818786621,16.88821029663086,16.922542572021484,16.787200927734375,16.715177536010742,16.7030029296875,16.961652755737305,16.681835174560547,16.65421485900879,16.80583381652832,16.85478401184082,16.958515167236328,16.68865394592285,16.559219360351562,17.325759887695312,17.267736434936523,17.213342666625977,17.13948631286621,17.415388107299805,17.430850982666016
7.88,16.9693,0.14387,17.23429298400879,17.212026596069336,17.319576263427734,17.13088035583496,17.515106201171875,17.356121063232422,17.242557525634766,16.990272521972656,16.900156021118164,16.992172241210938,16.92933464050293,16.807771682739258,17.18440818786621,16.88821029663086,16.922542572021484,16.787200927734375,16.715177536010742,16.7030029296875,16.961652755737305,16.681835174560547,16.65421485900879,16.80583381652832,16.85478401184082,16.958515167236328,16.68865394592285,16.559219360351562,17.325759887695312,17.267736434936523,17.213342666625977,17.13948631286621,17.415388107299805,17.430850982666016
7.89,16.90463,0.14265,16.94108772277832,16.886621475219727,16.966617584228516,16.75680160522461,17.24727439880371,17.018875122070312,16.863189697265625,16.64298439025879,16.564849853515625,16.621335983276367,16.521196365356445,16.49407196044922,16.831092834472656,16.52454948425293,16.539216995239258,16.485570907592773,16.47675323486328,16.394121170043945,16.581390380859375,16.450592041015625,16.433544158935547,16.457630157470703,16.445039749145508,16.693603515625,16.37938117980957,16.32741355895996,17.0355281829834,16.94915008544922,16.884965896606445,16.81791114807129,17.103925704956055,17.090539932250977
7.9,16.80625,0.14092,16.94108772277832,16.886621475219727,16.966617584228516,16.75680160522461,17.24727439880371,17.018875122070312,16.863189697265625,16.64298439025879,16.564849853515625,16.621335983276367,16.521196365356445,16.49407196044922,16.831092834472656,16.52454948425293,16.539216995239258,16.485570907592773,16.47675323486328,16.394121170043945,16.581390380859375,16.450592041015625,16.433544158935547,16.457630157470703,16.445039749145508,16.693603515625,16.37938117980957,16.32741355895996,17.0355281829834,16.94915008544922,16.884965896606445,16.81791114807129,17.103925704956055,17.090539932250977
7.91,16.72317,0.13958,16.94108772277832,16.886621475219727,16.966617584228516,16.75680160522461,17.24727439880371,17.018875122070312,16.863189697265625,16.64298439025879,16.564849853515625,16.621335983276367,16.521196365356445,16.49407196044922,16.831092834472656,16.52454948425293,16.539216995239258,16.485570907592773,16.47675323486328,16.394121170043945,16.581390380859375,16.450592041015625,16.433544158935547,16.457630157470703,16.445039749145508,16.693603515625,16.37938117980957,16.32741355895996,17.0355281829834,16.94915008544922,16.884965896606445,16.81791114807129,17.103925704956055,17.090539932250977
7.92,16.63924,0.13829,16.94108772277832,16.886621475219727,16.966617584228516,16.75680160522461,17.24727439880371,17.018875122070312,16.863189697265625,16.64298439025879,16.564849853515625,16.621335983276367,16.521196365356445,16.49407196044922,16.831092834472656,16.52454948425293,16.539216995239258,16.485570907592773,16.47675323486328,16.394121170043945,16.581390380859375,16.450592041015625,16.433544158935547,16.457630157470703,16.445039749145508,16.693603515625,16.37938117980957,16.32741355895996,17.0355281829834,16.94915008544922,16.884965896606445,16.81791114807129,17.103925704956055,17.090539932250977
7.93,16.57162,0.13731,16.94108772277832,16.886621475219727,16.966617584228516,16.75680160522461,17.24727439880371,17.018875122070312,16.863189697265625,16.64298439025879,16.564849853515625,16.621335983276367,16.521196365356445,16.49407196044922,16.831092834472656,16.52454948425293,16.539216995239258,16.485570907592773,16.47675323486328,16.394121170043945,16.581390380859375,16.450592041015625,16.433544158935547,16.457630157470703,16.445039749145508,16.693603515625,16.37938117980957,16.32741355895996,17.0355281829834,16.94915008544922,16.884965896606445,16.81791114807129,17.103925704956055,17.090539932250977
7.94,16.4695,0.1359,16.66017723083496,16.53917121887207,16.593517303466797,16.406246185302734,16.979907989501953,16.67230796813965,16.499277114868164,16.364294052124023,16.28862953186035,16.293304443359375,16.191547393798828,16.241348266601562,16.479516983032227,16.245670318603516,16.216264724731445,16.247098922729492,16.2701358795166,16.197805404663086,16.290239334106445,16.284730911254883,16.270681381225586,16.24159812927246,16.16193962097168,16.441871643066406,16.190771102905273,16.193912506103516,16.741487503051758,16.618610382080078,16.572248458862305,16.521366119384766,16.783870697021484,16.725914001464844
7.95,16.38397,0.13475,16.66017723083496,16.53917121887207,16.593517303466797,16.406246185302734,16.979907989501953,16.67230796813965,16.499277114868164,16.364294052124023,16.28862953186035,16.293304443359375,16.191547393798828,16.241348266601562,16.479516983032227,16.245670318603516,16.216264724731445,16.247098922729492,16.2701358795166,16.197805404663086,16.290239334106445,16.284730911254883,16.270681381225586,16.24159812927246,16.16193962097168,16.441871643066406,16.190771102905273,16.193912506103516,16.741487503051758,16.618610382080078,16.572248458862305,16.521366119384766,16.783870697021484,16.725914001464844
7.96,16.29814,0.13362,16.66017723083496,16.53917121887207,16.593517303466797,16.406246185302734,16.979907989501953,16.67230796813965,16.499277114868164,16.364294052124023,16.28862953186035,16.293304443359375,16.191547393798828,16.241348266601562,16.479516983032227,16.245670318603516,16.216264724731445,16.247098922729492,16.2701358795166,16.197805404663086,16.290239334106445,16.284730911254883,16.270681381225586,16.24159812927246,16.16193962097168,16.441871643066406,16.190771102905273,16.193912506103516,16.741487503051758,16.618610382080078,16.572248458862305,16.521366119384766,16.783870697021484,16.725914001464844
7.97,16.21221,0.13249,16.66017723083496,16.53917121887207,16.593517303466797,16.406246185302734,16.979907989501953,16.67230796813965,16.499277114868164,16.364294052124023,16.28862953186035,16.293304443359375,16.191547393798828,16.241348266601562,16.479516983032227,16.245670318603516,16.216264724731445,16.247098922729492,16.2701358795166,16.197805404663086,16.290239334106445,16.284730911254883,16.270681381225586,16.24159812927246,16.16193962097168,16.441871643066406,16.190771102905273,16.193912506103516,16.741487503051758,16.618610382080078,16.572248458862305,16.521366119384766,16.783870697021484,16.725914001464844
7.98,16.12626,0.13135,16.66017723083496,16.53917121887207,16.593517303466797,16.406246185302734,16.979907989501953,16.67230796813965,16.499277114868164,16.364294052124023,16.28862953186035,16.293304443359375,16.191547393798828,16.241348266601562,16.479516983032227,16.245670318603516,16.216264724731445,16.247098922729492,16.2701358795166,16.197805404663086,16.290239334106445,16.284730911254883,16.270681381225586,16.24159812927246,16.16193962097168,16.441871643066406,16.190771102905273,16.193912506103516,16.741487503051758,16.618610382080078,16.572248458862305,16.521366119384766,16.783870697021484,16.725914001464844
7.99,16.04034,0.13017,16.275175094604492,16.161842346191406,16.206106185913086,16.0494327545166,16.63668441772461,16.291580200195312,16.138729095458984,16.068979263305664,15.988842964172363,15.955120086669922,15.865087509155273,15.969598770141602,16.1258544921875,15.975448608398438,15.904983520507812,15.984723091125488,16.016889572143555,16.00139617919922,16.028451919555664,16.064472198486328,16.05231285095215,16.018043518066406,15.897388458251953,16.13854217529297,15.966450691223145,15.981048583984375,16.381484985351562,16.2578125,16.23887825012207,16.21626853942871,16.38734245300293,16.32196807861328
8.0,15.95467,0.12894,16.275175094604492,16.161842346191406,16.206106185913086,16.0494327545166,16.63668441772461,16.291580200195312,16.138729095458984,16.068979263305664,15.988842964172363,15.955120086669922,15.865087509155273,15.969598770141602,16.1258544921875,15.975448608398438,15.904983520507812,15.984723091125488,16.016889572143555,16.00139617919922,16.028451919555664,16.064472198486328,16.05231285095215,16.018043518066406,15.897388458251953,16.13854217529297,15.966450691223145,15.981048583984375,16.381484985351562,16.2578125,16.23887825012207,16.21626853942871,16.38734245300293,16.32196807861328
8.01,15.86923,0.12764,16.275175094604492,16.161842346191406,16.206106185913086,16.0494327545166,16.63668441772461,16.291580200195312,16.138729095458984,16.068979263305664,15.988842964172363,15.955120086669922,15.865087509155273,15.969598770141602,16.1258544921875,15.975448608398438,15.904983520507812,15.984723091125488,16.016889572143555,16.00139617919922,16.028451919555664,16.064472198486328,16.05231285095215,16.018043518066406,15.897388458251953,16.13854217529297,15.966450691223145,15.981048583984375,16.381484985351562,16.2578125,16.23887825012207,16.21626853942871,16.38734245300293,16.32196807861328
8.02,15.78414,0.12626,16.275175094604492,16.161842346191406,16.206106185913086,16.0494327545166,16.63668441772461,16.291580200195312,16.138729095458984,16.068979263305664,15.988842964172363,15.955120086669922,15.865087509155273,15.969598770141602,16.1258544921875,15.975448608398438,15.904983520507812,15.984723091125488,16.016889572143555,16.00139617919922,16.028451919555664,16.064472198486328,16.05231285095215,16.018043518066406,15.897388458251953,16.13854217529297,15.966450691223145,15.981048583984375,16.381484985351562,16.2578125,16.23887825012207,16.21626853942871,16.38734245300293,16.32196807861328
8.03,15.69945,0.12478,16.275175094604492,16.161842346191406,16.206106185913086,16.0494327545166,16.63668441772461,16.291580200195312,16.138729095458984,16.068979263305664,15.988842964172363,15.955120086669922,15.865087509155273,15.969598770141602,16.1258544921875,15.975448608398438,15.904983520507812,15.984723091125488,16.016889572143555,16.00139617919922,16.028451919555664,16.064472198486328,16.05231285095215,16.018043518066406,15.897388458251953,16.13854217529297,15.966450691223145,15.981048583984375,16.381484985351562,16.2578125,16.23887825012207,16.21626853942871,16.38734245300293,16.32196807861328
8.04,15.63196,0.12352,15.834691047668457,15.730169296264648,15.757217407226562,15.628034591674805,16.240829467773438,15.839743614196777,15.69941234588623,15.68133544921875,15.621136665344238,15.573816299438477,15.48261833190918,15.599404335021973,15.705361366271973,15.659769058227539,15.557992935180664,15.640684127807617,15.668718338012695,15.68634033203125,15.706488609313965,15.71594524383545,15.703422546386719,15.678425788879395,15.552536964416504,15.752347946166992,15.618175506591797,15.612465858459473,15.965723991394043,15.83556842803955,15.845821380615234,15.856842994689941,15.932755470275879,15.861095428466797
8.05,15.5482,0.12183,15.834691047668457,15.730169296264648,15.757217407226562,15.628034591674805,16.240829467773438,15.839743614196777,15.69941234588623,15.68133544921875,15.621136665344238,15.573816299438477,15.48261833190918,15.599404335021973,15.705361366271973,15.659769058227539,15.557992935180664,15.640684127807617,15.668718338012695,15.68634033203125,15.706488609313965,15.71594524383545,15.703422546386719,15.678425788879395,15.552536964416504,15.752347946166992,15.618175506591797,15.612465858459473,15.965723991394043,15.83556842803955,15.845821380615234,15.856842994689941,15.932755470275879,15.861095428466797
8.06,15.46483,0.12,15.834691047668457,15.730169296264648,15.757217407226562,15.628034591674805,16.240829467773438,15.839743614196777,15.69941234588623,15.68133544921875,15.621136665344238,15.573816299438477,15.48261833190918,15.599404335021973,15.705361366271973,15.659769058227539,15.557992935180664,15.640684127807617,15.668718338012695,15.68634033203125,15.706488609313965,15.71594524383545,15.703422546386719,15.678425788879395,15.552536964416504,15.752347946166992,15.618175506591797,15.612465858459473,15.965723991394043,15.83556842803955,15.845821380615234,15.856842994689941,15.932755470275879,15.861095428466797
8.07,15.36565,0.11761,15.834691047668457,15.730169296264648,15.757217407226562,15.628034591674805,16.240829467773438,15.839743614196777,15.69941234588623,15.68133544921875,15.621136665344238,15.573816299438477,15.48261833190918,15.599404335021973,15.705361366271973,15.659769058227539,15.557992935180664,15.640684127807617,15.668718338012695,15.68634033203125,15.706488609313965,15.71594524383545,15.703422546386719,15.678425788879395,15.552536964416504,15.752347946166992,15.618175506591797,15.612465858459473,15.965723991394043,15.83556842803955,15.845821380615234,15.856842994689941,15.932755470275879,15.861095428466797
8.08,15.28357,0.11544,15.834691047668457,15.730169296264648,15.757217407226562,15.628034591674805,16.240829467773438,15.839743614196777,15.69941234588623,15.68133544921875,15.621136665344238,15.573816299438477,15.48261833190918,15.599404335021973,15.705361366271973,15.659769058227539,15.557992935180664,15.640684127807617,15.668718338012695,15.68634033203125,15.706488609313965,15.71594524383545,15.703422546386719,15.678425788879395,15.552536964416504,15.752347946166992,15.618175506591797,15.612465858459473,15.965723991394043,15.83556842803955,15.845821380615234,15.856842994689941,15.932755470275879,15.861095428466797
8.09,15.20201,0.11311,15.257122039794922,15.06584358215332,15.104901313781738,14.945829391479492,15.679000854492188,15.236486434936523,15.035229682922363,14.973958015441895,14.951162338256836,14.985519409179688,14.88967227935791,14.934921264648438,14.997658729553223,15.157241821289062,15.078670501708984,15.122159957885742,15.097684860229492,15.149681091308594,15.214018821716309,15.154545783996582,15.139303207397461,15.092779159545898,14.999480247497559,14.998950004577637,15.019205093383789,14.965448379516602,15.382011413574219,15.22006607055664,15.183069229125977,15.222518920898438,15.312782287597656,15.242138862609863
8.1,15.12107,0.11061,15.257122039794922,15.06584358215332,15.104901313781738,14.945829391479492,15.679000854492188,15.236486434936523,15.035229682922363,14.973958015441895,14.951162338256836,14.985519409179688,14.88967227935791,14.934921264648438,14.997658729553223,15.157241821289062,15.078670501708984,15.122159957885742,15.097684860229492,15.149681091308594,15.214018821716309,15.154545783996582,15.139303207397461,15.092779159545898,14.999480247497559,14.998950004577637,15.019205093383789,14.965448379516602,15.382011413574219,15.22006607055664,15.183069229125977,15.222518920898438,15.312782287597656,15.242138862609863
8.11,15.04063,0.10794,15.257122039794922,15.06584358215332,15.104901313781738,14.945829391479492,15.679000854492188,15.236486434936523,15.035229682922363,14.973958015441895,14.951162338256836,14.985519409179688,14.88967227935791,14.934921264648438,14.997658729553223,15.157241821289062,15.078670501708984,15.122159957885742,15.097684860229492,15.149681091308594,15.214018821716309,15.154545783996582,15.139303207397461,15.092779159545898,14.999480247497559,14.998950004577637,15.019205093383789,14.965448379516602,15.382011413574219,15.22006607055664,15.183069229125977,15.222518920898438,15.312782287597656,15.242138862609863
8.12,14.97657,0.10567,15.257122039794922,15.06584358215332,15.104901313781738,14.945829391479492,15.679000854492188,15.236486434936523,15.035229682922363,14.973958015441895,14.951162338256836,14.985519409179688,14.88967227935791,14.934921264648438,14.997658729553223,15.157241821289062,15.078670501708984,15.122159957885742,15.097684860229492,15.149681091308594,15.214018821716309,15.154545783996582,15.139303207397461,15.092779159545898,14.999480247497559,14.998950004577637,15.019205093383789,14.965448379516602,15.382011413574219,15.22006607055664,15.183069229125977,15.222518920898438,15.312782287597656,15.242138862609863
8.13,14.89705,0.10269,15.257122039794922,15.06584358215332,15.104901313781738,14.945829391479492,15.679000854492188,15.236486434936523,15.035229682922363,14.973958015441895,14.951162338256836,14.985519409179688,14.88967227935791,14.934921264648438,14.997658729553223,15.157241821289062,15.078670501708984,15.122159957885742,15.097684860229492,15.149681091308594,15.214018821716309,15.154545783996582,15.139303207397461,15.092779159545898,14.999480247497559,14.998950004577637,15.019205093383789,14.965448379516602,15.382011413574219,15.22006607055664,15.183069229125977,15.222518920898438,15.312782287597656,15.242138862609863
8.14,14.81785,0.09954,14.801872253417969,14.77385139465332,14.739670753479004,14.62873649597168,15.0476655960083,14.848007202148438,14.669651985168457,14.657578468322754,14.603787422180176,14.616998672485352,14.503219604492188,14.591840744018555,14.7083158493042,14.750836372375488,14.696043968200684,14.746583938598633,14.751017570495605,14.790820121765137,14.846811294555664,14.803823471069336,14.788190841674805,14.647717475891113,14.56322193145752,14.751901626586914,14.598556518554688,14.560781478881836,14.8739595413208,14.812507629394531,14.828265190124512,14.890403747558594,14.74471378326416,14.835864067077637
8.15,14.72344,0.09555,14.801872253417969,14.77385139465332,14.739670753479004,14.62873649597168,15.0476655960083,14.848007202148438,14.669651985168457,14.657578468322754,14.603787422180176,14.616998672485352,14.503219604492188,14.591840744018555,14.7083158493042,14.750836372375488,14.696043968200684,14.746583938598633,14.751017570495605,14.790820121765137,14.846811294555664,14.803823471069336,14.788190841674805,14.647717475891113,14.56322193145752,14.751901626586914,14.598556518554688,14.560781478881836,14.8739595413208,14.812507629394531,14.828265190124512,14.890403747558594,14.74471378326416,14.835864067077637
8.16,14.64508,0.09205,14.801872253417969,14.77385139465332,14.739670753479004,14.62873649597168,15.0476655960083,14.848007202148438,14.669651985168457,14.657578468322754,14.603787422180176,14.616998672485352,14.503219604492188,14.591840744018555,14.7083158493042,14.750836372375488,14.696043968200684,14.746583938598633,14.751017570495605,14.790820121765137,14.846811294555664,14.803823471069336,14.788190841674805,14.647717475891113,14.56322193145752,14.751901626586914,14.598556518554688,14.560781478881836,14.8739595413208,14.812507629394531,14.828265190124512,14.890403747558594,14.74471378326416,14.835864067077637
8.17,14.56697,0.08842,14.801872253417969,14.77385139465332,14.739670753479004,14.62873649597168,15.0476655960083,14.848007202148438,14.669651985168457,14.657578468322754,14.603787422180176,14.616998672485352,14.503219604492188,14.591840744018555,14.7083158493042,14.750836372375488,14.696043968200684,14.746583938598633,14.751017570495605,14.790820121765137,14.846811294555664,14.803823471069336,14.788190841674805,14.647717475891113,14.56322193145752,14.751901626586914,14.598556518554688,14.560781478881836,14.8739595413208,14.812507629394531,14.828265190124512,14.890403747558594,14.74471378326416,14.835864067077637
8.18,14.48905,0.08466,14.801872253417969,14.77385139465332,14.739670753479004,14.62873649597168,15.0476655960083,14.848007202148438,14.669651985168457,14.657578468322754,14.603787422180176,14.616998672485352,14.503219604492188,14.591840744018555,14.7083158493042,14.750836372375488,14.696043968200684,14.746583938598633,14.751017570495605,14.790820121765137,14.846811294555664,14.803823471069336,14.788190841674805,14.647717475891113,14.56322193145752,14.751901626586914,14.598556518554688,14.560781478881836,14.8739595413208,14.812507629394531,14.828265190124512,14.890403747558594,14.74471378326416,14.835864067077637
8.19,14.41127,0.08078,13.98145866394043,14.237215042114258,14.200111389160156,14.096884727478027,14.038176536560059,14.289281845092773,14.171256065368652,14.157295227050781,14.114028930664062,14.124544143676758,14.015185356140137,14.11959457397461,14.187968254089355,14.226065635681152,14.222748756408691,14.275467872619629,14.244593620300293,14.239866256713867,14.346613883972168,14.244085311889648,14.217222213745117,14.125702857971191,14.076354026794434,14.120002746582031,14.083223342895508,14.02688217163086,14.068570137023926,14.252609252929688,14.34736156463623,14.403438568115234,13.939849853515625,14.258170127868652
8.2,14.33354,0.07681,13.98145866394043,14.237215042114258,14.200111389160156,14.096884727478027,14.038176536560059,14.289281845092773,14.171256065368652,14.157295227050781,14.114028930664062,14.124544143676758,14.015185356140137,14.11959457397461,14.187968254089355,14.226065635681152,14.222748756408691,14.275467872619629,14.244593620300293,14.239866256713867,14.346613883972168,14.244085311889648,14.217222213745117,14.125702857971191,14.076354026794434,14.120002746582031,14.083223342895508,14.02688217163086,14.068570137023926,14.252609252929688,14.34736156463623,14.403438568115234,13.939849853515625,14.258170127868652
8.21,14.25581,0.07276,13.98145866394043,14.237215042114258,14.200111389160156,14.096884727478027,14.038176536560059,14.289281845092773,14.171256065368652,14.157295227050781,14.114028930664062,14.124544143676758,14.015185356140137,14.11959457397461,14.187968254089355,14.226065635681152,14.222748756408691,14.275467872619629,14.244593620300293,14.239866256713867,14.346613883972168,14.244085311889648,14.217222213745117,14.125702857971191,14.076354026794434,14.120002746582031,14.083223342895508,14.02688217163086,14.068570137023926,14.252609252929688,14.34736156463623,14.403438568115234,13.939849853515625,14.258170127868652
8.22,14.17799,0.06865,13.98145866394043,14.237215042114258,14.200111389160156,14.096884727478027,14.038176536560059,14.289281845092773,14.171256065368652,14.157295227050781,14.114028930664062,14.124544143676758,14.015185356140137,14.11959457397461,14.187968254089355,14.226065635681152,14.222748756408691,14.275467872619629,14.244593620300293,14.239866256713867,14.346613883972168,14.244085311889648,14.217222213745117,14.125702857971191,14.076354026794434,14.120002746582031,14.083223342895508,14.02688217163086,14.068570137023926,14.252609252929688,14.34736156463623,14.403438568115234,13.939849853515625,14.258170127868652
8.23,14.10002,0.0645,13.98145866394043,14.237215042114258,14.200111389160156,14.096884727478027,14.038176536560059,14.289281845092773,14.171256065368652,14.157295227050781,14.114028930664062,14.124544143676758,14.015185356140137,14.11959457397461,14.187968254089355,14.226065635681152,14.222748756408691,14.275467872619629,14.244593620300293,14.239866256713867,14.346613883972168,14.244085311889648,14.217222213745117,14.125702857971191,14.076354026794434,14.120002746582031,14.083223342895508,14.02688217163086,14.068570137023926,14.252609252929688,14.34736156463623,14.403438568115234,13.939849853515625,14.258170127868652
8.24,14.02184,0.06034,13.29751205444336,13.901557922363281,13.872885704040527,13.877734184265137,13.23815631866455,13.89912223815918,13.872675895690918,14.009040832519531,13.985878944396973,13.896100997924805,13.766311645507812,13.954140663146973,13.877660751342773,13.95236873626709,13.893282890319824,13.956022262573242,13.996454238891602,13.894004821777344,13.992777824401855,13.950779914855957,13.927817344665527,13.851061820983887,13.779145240783691,14.087372779846191,13.83513069152832,13.814987182617188,13.484598159790039,13.888577461242676,14.108115196228027,14.197266578674316,13.299776077270508,13.835953712463379
8.25,13.94336,0.05618,13.29751205444336,13.901557922363281,13.872885704040527,13.877734184265137,13.23815631866455,13.89912223815918,13.872675895690918,14.009040832519531,13.985878944396973,13.896100997924805,13.766311645507812,13.954140663146973,13.877660751342773,13.95236873626709,13.893282890319824,13.956022262573242,13.996454238891602,13.894004821777344,13.992777824401855,13.950779914855957,13.927817344665527,13.851061820983887,13.779145240783691,14.087372779846191,13.83513069152832,13.814987182617188,13.484598159790039,13.888577461242676,14.108115196228027,14.197266578674316,13.299776077270508,13.835953712463379
8.26,13.86453,0.05205,13.29751205444336,13.901557922363281,13.872885704040527,13.877734184265137,13.23815631866455,13.89912223815918,13.872675895690918,14.009040832519531,13.985878944396973,13.896100997924805,13.766311645507812,13.954140663146973,13.877660751342773,13.95236873626709,13.893282890319824,13.956022262573242,13.996454238891602,13.894004821777344,13.992777824401855,13.950779914855957,13.927817344665527,13.851061820983887,13.779145240783691,14.087372779846191,13.83513069152832,13.814987182617188,13.484598159790039,13.888577461242676,14.108115196228027,14.197266578674316,13.299776077270508,13.835953712463379
8.27,13.78528,0.04797,13.29751205444336,13.901557922363281,13.872885704040527,13.877734184265137,13.23815631866455,13.89912223815918,13.872675895690918,14.009040832519531,13.985878944396973,13.896100997924805,13.766311645507812,13.954140663146973,13.877660751342773,13.95236873626709,13.893282890319824,13.956022262573242,13.996454238891602,13.894004821777344,13.992777824401855,13.950779914855957,13.927817344665527,13.851061820983887,13.779145240783691,14.087372779846191,13.83513069152832,13.814987182617188,13.484598159790039,13.888577461242676,14.108115196228027,14.197266578674316,13.299776077270508,13.835953712463379
8.28,13.70554,0.04396,13.29751205444336,13.901557922363281,13.872885704040527,13.877734184265137,13.23815631866455,13.89912223815918,13.872675895690918,14.009040832519531,13.985878944396973,13.896100997924805,13.766311645507812,13.954140663146973,13.877660751342773,13.95236873626709,13.893282890319824,13.956022262573242,13.996454238891602,13.894004821777344,13.992777824401855,13.950779914855957,13.927817344665527,13.851061820983887,13.779145240783691,14.087372779846191,13.83513069152832,13.814987182617188,13.484598159790039,13.888577461242676,14.108115196228027,14.197266578674316,13.299776077270508,13.835953712463379
8.29,13.64133,0.04081,13.011104583740234,13.443475723266602,13.412707328796387,13.452994346618652,13.001293182373047,13.425115585327148,13.43192195892334,13.607856750488281,13.650863647460938,13.55663013458252,13.417983055114746,13.622129440307617,13.411223411560059,13.634610176086426,13.533282279968262,13.618310928344727,13.658703804016113,13.587958335876465,13.644274711608887,13.636354446411133,13.616767883300781,13.566629409790039,13.461844444274902,13.622980117797852,13.541916847229004,13.53685188293457,13.12911605834961,13.429182052612305,13.647699356079102,13.758193969726562,12.981897354125977,13.35849666595459
8.3,13.54442,0.03625,13.011104583740234,13.443475723266602,13.412707328796387,13.452994346618652,13.001293182373047,13.425115585327148,13.43192195892334,13.607856750488281,13.650863647460938,13.55663013458252,13.417983055114746,13.622129440307617,13.411223411560059,13.634610176086426,13.533282279968262,13.618310928344727,13.658703804016113,13.587958335876465,13.644274711608887,13.636354446411133,13.616767883300781,13.566629409790039,13.461844444274902,13.622980117797852,13.541916847229004,13.53685188293457,13.12911605834961,13.429182052612305,13.647699356079102,13.758193969726562,12.981897354125977,13.35849666595459
8.31,13.46293,0.03259,13.011104583740234,13.443475723266602,13.412707328796387,13.452994346618652,13.001293182373047,13.425115585327148,13.43192195892334,13.607856750488281,13.650863647460938,13.55663013458252,13.417983055114746,13.622129440307617,13.411223411560059,13.634610176086426,13.533282279968262,13.618310928344727,13.658703804016113,13.587958335876465,13.644274711608887,13.636354446411133,13.616767883300781,13.566629409790039,13.461844444274902,13.622980117797852,13.541916847229004,13.53685188293457,13.12911605834961,13.429182052612305,13.647699356079102,13.758193969726562,12.981897354125977,13.35849666595459
8.32,13.38076,0.02909,13.011104583740234,13.443475723266602,13.412707328796387,13.452994346618652,13.001293182373047,13.425115585327148,13.43192195892334,13.607856750488281,13.650863647460938,13.55663013458252,13.417983055114746,13.622129440307617,13.411223411560059,13.634610176086426,13.533282279968262,13.618310928344727,13.658703804016113,13.587958335876465,13.644274711608887,13.636354446411133,13.616767883300781,13.566629409790039,13.461844444274902,13.622980117797852,13.541916847229004,13.53685188293457,13.12911605834961,13.429182052612305,13.647699356079102,13.758193969726562,12.981897354125977,13.35849666595459
8.33,13.29788,0.02576,13.011104583740234,13.443475723266602,13.412707328796387,13.452994346618652,13.001293182373047,13.425115585327148,13.43192195892334,13.607856750488281,13.650863647460938,13.55663013458252,13.417983055114746,13.622129440307617,13.411223411560059,13.634610176086426,13.533282279968262,13.618310928344727,13.658703804016113,13.587958335876465,13.644274711608887,13.636354446411133,13.616767883300781,13.566629409790039,13.461844444274902,13.622980117797852,13.541916847229004,13.53685188293457,13.12911605834961,13.429182052612305,13.647699356079102,13.758193969726562,12.981897354125977,13.35849666595459
8.34,13.21424,0.02263,12.771125793457031,13.016621589660645,12.960558891296387,13.011687278747559,12.791810035705566,12.977907180786133,12.988066673278809,13.144549369812012,13.239673614501953,13.182756423950195,13.033130645751953,13.211082458496094,12.992523193359375,13.23029613494873,13.13321590423584,13.210846900939941,13.243757247924805,13.197282791137695,13.238486289978027,13.22348403930664,13.207330703735352,13.183119773864746,13.066996574401855,13.219132423400879,13.141578674316406,13.13310718536377,12.885002136230469,12.992486953735352,13.208319664001465,13.331284523010254,12.765164375305176,12.904168128967285
8.35,13.12983,0.0197,12.771125793457031,13.016621589660645,12.960558891296387,13.011687278747559,12.791810035705566,12.977907180786133,12.988066673278809,13.144549369812012,13.239673614501953,13.182756423950195,13.033130645751953,13.211082458496094,12.992523193359375,13.23029613494873,13.13321590423584,13.210846900939941,13.243757247924805,13.197282791137695,13.238486289978027,13.22348403930664,13.207330703735352,13.183119773864746,13.066996574401855,13.219132423400879,13.141578674316406,13.13310718536377,12.885002136230469,12.992486953735352,13.208319664001465,13.331284523010254,12.765164375305176,12.904168128967285
8.36,13.04463,0.017,12.771125793457031,13.016621589660645,12.960558891296387,13.011687278747559,12.791810035705566,12.977907180786133,12.988066673278809,13.144549369812012,13.239673614501953,13.182756423950195,13.033130645751953,13.211082458496094,12.992523193359375,13.23029613494873,13.13321590423584,13.210846900939941,13.243757247924805,13.197282791137695,13.238486289978027,13.22348403930664,13.207330703735352,13.183119773864746,13.066996574401855,13.219132423400879,13.141578674316406,13.13310718536377,12.885002136230469,12.992486953735352,13.208319664001465,13.331284523010254,12.765164375305176,12.904168128967285
8.37,12.97587,0.01501,12.771125793457031,13.016621589660645,12.960558891296387,13.011687278747559,12.791810035705566,12.977907180786133,12.988066673278809,13.144549369812012,13.239673614501953,13.182756423950195,13.033130645751953,13.211082458496094,12.992523193359375,13.23029613494873,13.13321590423584,13.210846900939941,13.243757247924805,13.197282791137695,13.238486289978027,13.22348403930664,13.207330703735352,13.183119773864746,13.066996574401855,13.219132423400879,13.141578674316406,13.13310718536377,12.885002136230469,12.992486953735352,13.208319664001465,13.331284523010254,12.765164375305176,12.904168128967285
8.38,12.87176,0.01231,12.771125793457031,13.016621589660645,12.960558891296387,13.011687278747559,12.791810035705566,12.977907180786133,12.988066673278809,13.144549369812012,13.239673614501953,13.182756423950195,13.033130645751953,13.211082458496094,12.992523193359375,13.23029613494873,13.13321590423584,13.210846900939941,13.243757247924805,13.197282791137695,13.238486289978027,13.22348403930664,13.207330703735352,13.183119773864746,13.066996574401855,13.219132423400879,13.141578674316406,13.13310718536377,12.885002136230469,12.992486953735352,13.208319664001465,13.331284523010254,12.765164375305176,12.904168128967285
8.39,12.78404,0.01034,12.470335006713867,12.629350662231445,12.575887680053711,12.651015281677246,12.423348426818848,12.548349380493164,12.606915473937988,12.783218383789062,12.789719581604004,12.771080017089844,12.639680862426758,12.803279876708984,12.636740684509277,12.794054985046387,12.728814125061035,12.820212364196777,12.850269317626953,12.807944297790527,12.850452423095703,12.835444450378418,12.81907844543457,12.785046577453613,12.673137664794922,12.827077865600586,12.751276016235352,12.732511520385742,12.499787330627441,12.585441589355469,12.80167007446289,12.94015884399414,12.367609977722168,12.494552612304688
8.4,12.69559,0.00862,12.470335006713867,12.629350662231445,12.575887680053711,12.651015281677246,12.423348426818848,12.548349380493164,12.606915473937988,12.783218383789062,12.789719581604004,12.771080017089844,12.639680862426758,12.803279876708984,12.636740684509277,12.794054985046387,12.728814125061035,12.820212364196777,12.850269317626953,12.807944297790527,12.850452423095703,12.835444450378418,12.81907844543457,12.785046577453613,12.673137664794922,12.827077865600586,12.751276016235352,12.732511520385742,12.499787330627441,12.585441589355469,12.80167007446289,12.94015884399414,12.367609977722168,12.494552612304688
8.41,12.60628,0.00717,12.470335006713867,12.629350662231445,12.575887680053711,12.651015281677246,12.423348426818848,12.548349380493164,12.606915473937988,12.783218383789062,12.789719581604004,12.771080017089844,12.639680862426758,12.803279876708984,12.636740684509277,12.794054985046387,12.728814125061035,12.820212364196777,12.850269317626953,12.807944297790527,12.850452423095703,12.835444450378418,12.81907844543457,12.785046577453613,12.673137664794922,12.827077865600586,12.751276016235352,12.732511520385742,12.499787330627441,12.585441589355469,12.80167007446289,12.94015884399414,12.367609977722168,12.494552612304688
8.42,12.51616,0.00598,12.470335006713867,12.629350662231445,12.575887680053711,12.651015281677246,12.423348426818848,12.548349380493164,12.606915473937988,12.783218383789062,12.789719581604004,12.771080017089844,12.639680862426758,12.803279876708984,12.636740684509277,12.794054985046387,12.728814125061035,12.820212364196777,12.850269317626953,12.807944297790527,12.850452423095703,12.835444450378418,12.81907844543457,12.785046577453613,12.673137664794922,12.827077865600586,12.751276016235352,12.732511520385742,12.499787330627441,12.585441589355469,12.80167007446289,12.94015884399414,12.367609977722168,12.494552612304688
8.43,12.42525,0.00504,12.470335006713867,12.629350662231445,12.575887680053711,12.651015281677246,12.423348426818848,12.548349380493164,12.606915473937988,12.783218383789062,12.789719581604004,12.771080017089844,12.639680862426758,12.803279876708984,12.636740684509277,12.794054985046387,12.728814125061035,12.820212364196777,12.850269317626953,12.807944297790527,12.850452423095703,12.835444450378418,12.81907844543457,12.785046577453613,12.673137664794922,12.827077865600586,12.751276016235352,12.732511520385742,12.499787330627441,12.585441589355469,12.80167007446289,12.94015884399414,12.367609977722168,12.494552612304688
8.44,12.33358,0.00436,11.901226043701172,12.071761131286621,12.001574516296387,12.046563148498535,11.853610038757324,11.996298789978027,12.028149604797363,12.174522399902344,12.183984756469727,12.234384536743164,12.123079299926758,12.225093841552734,12.095074653625488,12.246777534484863,12.236865997314453,12.310447692871094,12.30575942993164,12.272449493408203,12.35403823852539,12.281813621520996,12.264198303222656,12.22684097290039,12.142071723937988,12.170734405517578,12.18907356262207,12.137439727783203,11.953764915466309,12.037721633911133,12.216011047363281,12.362869262695312,11.823883056640625,11.952643394470215
8.45,12.24117,0.00394,11.901226043701172,12.071761131286621,12.001574516296387,12.046563148498535,11.853610038757324,11.996298789978027,12.028149604797363,12.174522399902344,12.183984756469727,12.234384536743164,12.123079299926758,12.225093841552734,12.095074653625488,12.246777534484863,12.236865997314453,12.310447692871094,12.30575942993164,12.272449493408203,12.35403823852539,12.281813621520996,12.264198303222656,12.22684097290039,12.142071723937988,12.170734405517578,12.18907356262207,12.137439727783203,11.953764915466309,12.037721633911133,12.216011047363281,12.362869262695312,11.823883056640625,11.952643394470215
8.46,12.14806,0.00375,11.901226043701172,12.071761131286621,12.001574516296387,12.046563148498535,11.853610038757324,11.996298789978027,12.028149604797363,12.174522399902344,12.183984756469727,12.234384536743164,12.123079299926758,12.225093841552734,12.095074653625488,12.246777534484863,12.236865997314453,12.310447692871094,12.30575942993164,12.272449493408203,12.35403823852539,12.281813621520996,12.264198303222656,12.22684097290039,12.142071723937988,12.170734405517578,12.18907356262207,12.137439727783203,11.953764915466309,12.037721633911133,12.216011047363281,12.362869262695312,11.823883056640625,11.952643394470215
8.47,12.05429,0.00381,11.901226043701172,12.071761131286621,12.001574516296387,12.046563148498535,11.853610038757324,11.996298789978027,12.028149604797363,12.174522399902344,12.183984756469727,12.234384536743164,12.123079299926758,12.225093841552734,12.095074653625488,12.246777534484863,12.236865997314453,12.310447692871094,12.30575942993164,12.272449493408203,12.35403823852539,12.281813621520996,12.264198303222656,12.22684097290039,12.142071723937988,12.170734405517578,12.18907356262207,12.137439727783203,11.953764915466309,12.037721633911133,12.216011047363281,12.362869262695312,11.823883056640625,11.952643394470215
8.48,11.95988,0.00408,11.901226043701172,12.071761131286621,12.001574516296387,12.046563148498535,11.853610038757324,11.996298789978027,12.028149604797363,12.174522399902344,12.183984756469727,12.234384536743164,12.123079299926758,12.225093841552734,12.095074653625488,12.246777534484863,12.236865997314453,12.310447692871094,12.30575942993164,12.272449493408203,12.35403823852539,12.281813621520996,12.264198303222656,12.22684097290039,12.142071723937988,12.170734405517578,12.18907356262207,12.137439727783203,11.953764915466309,12.037721633911133,12.216011047363281,12.362869262695312,11.823883056640625,11.952643394470215
8.49,11.86491,0.00456,11.454686164855957,11.696281433105469,11.636946678161621,11.711196899414062,11.351038932800293,11.578017234802246,11.634315490722656,11.81319808959961,11.738633155822754,11.79408073425293,11.691797256469727,11.780008316040039,11.737218856811523,11.781185150146484,11.793270111083984,11.866761207580566,11.88005256652832,11.787566184997559,11.895934104919434,11.831400871276855,11.813901901245117,11.74897289276123,11.675848007202148,11.878564834594727,11.736328125,11.685477256774902,11.50306510925293,11.639188766479492,11.832179069519043,11.993974685668945,11.387116432189941,11.567763328552246
8.5,11.7694,0.00524,11.454686164855957,11.696281433105469,11.636946678161621,11.711196899414062,11.351038932800293,11.578017234802246,11.634315490722656,11.81319808959961,11.738633155822754,11.79408073425293,11.691797256469727,11.780008316040039,11.737218856811523,11.781185150146484,11.793270111083984,11.866761207580566,11.88005256652832,11.787566184997559,11.895934104919434,11.831400871276855,11.813901901245117,11.74897289276123,11.675848007202148,11.878564834594727,11.736328125,11.685477256774902,11.50306510925293,11.639188766479492,11.832179069519043,11.993974685668945,11.387116432189941,11.567763328552246
8.51,11.67343,0.0061,11.454686164855957,11.696281433105469,11.636946678161621,11.711196899414062,11.351038932800293,11.578017234802246,11.634315490722656,11.81319808959961,11.738633155822754,11.79408073425293,11.691797256469727,11.780008316040039,11.737218856811523,11.781185150146484,11.793270111083984,11.866761207580566,11.88005256652832,11.787566184997559,11.895934104919434,11.831400871276855,11.813901901245117,11.74897289276123,11.675848007202148,11.878564834594727,11.736328125,11.685477256774902,11.50306510925293,11.639188766479492,11.832179069519043,11.993974685668945,11.387116432189941,11.567763328552246
8.52,11.57703,0.00713,11.454686164855957,11.696281433105469,11.636946678161621,11.711196899414062,11.351038932800293,11.578017234802246,11.634315490722656,11.81319808959961,11.738633155822754,11.79408073425293,11.691797256469727,11.780008316040039,11.737218856811523,11.781185150146484,11.793270111083984,11.866761207580566,11.88005256652832,11.787566184997559,11.895934104919434,11.831400871276855,11.813901901245117,11.74897289276123,11.675848007202148,11.878564834594727,11.736328125,11.685477256774902,11.50306510925293,11.639188766479492,11.832179069519043,11.993974685668945,11.387116432189941,11.567763328552246
8.53,11.48028,0.0083,11.454686164855957,11.696281433105469,11.636946678161621,11.711196899414062,11.351038932800293,11.578017234802246,11.634315490722656,11.81319808959961,11.738633155822754,11.79408073425293,11.691797256469727,11.780008316040039,11.737218856811523,11.781185150146484,11.793270111083984,11.866761207580566,11.88005256652832,11.787566184997559,11.895934104919434,11.831400871276855,11.813901901245117,11.74897289276123,11.675848007202148,11.878564834594727,11.736328125,11.685477256774902,11.50306510925293,11.639188766479492,11.832179069519043,11.993974685668945,11.387116432189941,11.567763328552246
8.54,11.4026,0.00932,10.888097763061523,11.244675636291504,11.184945106506348,11.267828941345215,10.842663764953613,11.093847274780273,11.170937538146973,11.36962604522705,11.219328880310059,11.292734146118164,11.212400436401367,11.287921905517578,11.300610542297363,11.28171443939209,11.31582260131836,11.391551971435547,11.399009704589844,11.295836448669434,11.424893379211426,11.352791786193848,11.334016799926758,11.260614395141602,11.200780868530273,11.392232894897461,11.265472412109375,11.20185661315918,10.950836181640625,11.164697647094727,11.333812713623047,11.498988151550293,10.894033432006836,11.108355522155762
8.55,11.28597,0.01099,10.888097763061523,11.244675636291504,11.184945106506348,11.267828941345215,10.842663764953613,11.093847274780273,11.170937538146973,11.36962604522705,11.219328880310059,11.292734146118164,11.212400436401367,11.287921905517578,11.300610542297363,11.28171443939209,11.31582260131836,11.391551971435547,11.399009704589844,11.295836448669434,11.424893379211426,11.352791786193848,11.334016799926758,11.260614395141602,11.200780868530273,11.392232894897461,11.265472412109375,11.20185661315918,10.950836181640625,11.164697647094727,11.333812713623047,11.498988151550293,10.894033432006836,11.108355522155762
8.56,11.18852,0.01248,10.888097763061523,11.244675636291504,11.184945106506348,11.267828941345215,10.842663764953613,11.093847274780273,11.170937538146973,11.36962604522705,11.219328880310059,11.292734146118164,11.212400436401367,11.287921905517578,11.300610542297363,11.28171443939209,11.31582260131836,11.391551971435547,11.399009704589844,11.295836448669434,11.424893379211426,11.352791786193848,11.334016799926758,11.260614395141602,11.200780868530273,11.392232894897461,11.265472412109375,11.20185661315918,10.950836181640625,11.164697647094727,11.333812713623047,11.498988151550293,10.894033432006836,11.108355522155762
8.57,11.091,0.01404,10.888097763061523,11.244675636291504,11.184945106506348,11.267828941345215,10.842663764953613,11.093847274780273,11.170937538146973,11.36962604522705,11.219328880310059,11.292734146118164,11.212400436401367,11.287921905517578,11.300610542297363,11.28171443939209,11.31582260131836,11.391551971435547,11.399009704589844,11.295836448669434,11.424893379211426,11.352791786193848,11.334016799926758,11.260614395141602,11.200780868530273,11.392232894897461,11.265472412109375,11.20185661315918,10.950836181640625,11.164697647094727,11.333812713623047,11.498988151550293,10.894033432006836,11.108355522155762
8.58,10.99344,0.01564,10.888097763061523,11.244675636291504,11.184945106506348,11.267828941345215,10.842663764953613,11.093847274780273,11.170937538146973,11.36962604522705,11.219328880310059,11.292734146118164,11.212400436401367,11.287921905517578,11.300610542297363,11.28171443939209,11.31582260131836,11.391551971435547,11.399009704589844,11.295836448669434,11.424893379211426,11.352791786193848,11.334016799926758,11.260614395141602,11.200780868530273,11.392232894897461,11.265472412109375,11.20185661315918,10.950836181640625,11.164697647094727,11.333812713623047,11.498988151550293,10.894033432006836,11.108355522155762
8.59,10.8959,0.01727,10.706205368041992,10.80754280090332,10.735335350036621,10.825579643249512,10.55957317352295,10.601860046386719,10.690872192382812,10.90226936340332,10.7291841506958,10.806156158447266,10.73814868927002,10.80752944946289,10.879746437072754,10.78231143951416,10.827157974243164,10.903009414672852,10.91673469543457,10.811845779418945,10.951947212219238,10.866974830627441,10.848360061645508,10.761897087097168,10.708849906921387,10.963977813720703,10.773605346679688,10.697427749633789,10.655735969543457,10.697593688964844,10.88247013092041,11.048666954040527,10.539067268371582,10.639009475708008
8.6,10.7985,0.0189,10.706205368041992,10.80754280090332,10.735335350036621,10.825579643249512,10.55957317352295,10.601860046386719,10.690872192382812,10.90226936340332,10.7291841506958,10.806156158447266,10.73814868927002,10.80752944946289,10.879746437072754,10.78231143951416,10.827157974243164,10.903009414672852,10.91673469543457,10.811845779418945,10.951947212219238,10.866974830627441,10.848360061645508,10.761897087097168,10.708849906921387,10.963977813720703,10.773605346679688,10.697427749633789,10.655735969543457,10.697593688964844,10.88247013092041,11.048666954040527,10.539067268371582,10.639009475708008
8.61,10.70127,0.02053,10.706205368041992,10.80754280090332,10.735335350036621,10.825579643249512,10.55957317352295,10.601860046386719,10.690872192382812,10.90226936340332,10.7291841506958,10.806156158447266,10.73814868927002,10.80752944946289,10.879746437072754,10.78231143951416,10.827157974243164,10.903009414672852,10.91673469543457,10.811845779418945,10.951947212219238,10.866974830627441,10.848360061645508,10.761897087097168,10.708849906921387,10.963977813720703,10.773605346679688,10.697427749633789,10.655735969543457,10.697593688964844,10.88247013092041,11.048666954040527,10.539067268371582,10.639009475708008
8.62,10.62358,0.0218,10.706205368041992,10.80754280090332,10.735335350036621,10.825579643249512,10.55957317352295,10.601860046386719,10.690872192382812,10.90226936340332,10.7291841506958,10.806156158447266,10.73814868927002,10.80752944946289,10.879746437072754,10.78231143951416,10.827157974243164,10.903009414672852,10.91673469543457,10.811845779418945,10.951947212219238,10.866974830627441,10.848360061645508,10.761897087097168,10.708849906921387,10.963977813720703,10.773605346679688,10.697427749633789,10.655735969543457,10.697593688964844,10.88247013092041,11.048666954040527,10.539067268371582,10.639009475708008
8.63,10.5076,0.02365,10.706205368041992,10.80754280090332,10.735335350036621,10.825579643249512,10.55957317352295,10.601860046386719,10.690872192382812,10.90226936340332,10.7291841506958,10.806156158447266,10.73814868927002,10.80752944946289,10.879746437072754,10.78231143951416,10.827157974243164,10.903009414672852,10.91673469543457,10.811845779418945,10.951947212219238,10.866974830627441,10.848360061645508,10.761897087097168,10.708849906921387,10.963977813720703,10.773605346679688,10.697427749633789,10.655735969543457,10.697593688964844,10.88247013092041,11.048666954040527,10.539067268371582,10.639009475708008
8.64,10.41129,0.02512,9.969022750854492,10.259448051452637,10.218867301940918,10.305459022521973,9.945738792419434,10.056694030761719,10.159802436828613,10.372698783874512,10.169615745544434,10.270687103271484,10.215303421020508,10.261049270629883,10.346325874328613,10.246444702148438,10.304899215698242,10.380271911621094,10.385722160339355,10.280505180358887,10.437283515930176,10.328314781188965,10.309465408325195,10.22458553314209,10.176295280456543,10.376144409179688,10.239349365234375,10.151473999023438,10.01114559173584,10.156547546386719,10.346807479858398,10.511842727661133,9.885049819946289,10.107114791870117
8.65,10.31542,0.0265,9.969022750854492,10.259448051452637,10.218867301940918,10.305459022521973,9.945738792419434,10.056694030761719,10.159802436828613,10.372698783874512,10.169615745544434,10.270687103271484,10.215303421020508,10.261049270629883,10.346325874328613,10.246444702148438,10.304899215698242,10.380271911621094,10.385722160339355,10.280505180358887,10.437283515930176,10.328314781188965,10.309465408325195,10.22458553314209,10.176295280456543,10.376144409179688,10.239349365234375,10.151473999023438,10.01114559173584,10.156547546386719,10.346807479858398,10.511842727661133,9.885049819946289,10.107114791870117
8.66,10.22003,0.02777,9.969022750854492,10.259448051452637,10.218867301940918,10.305459022521973,9.945738792419434,10.056694030761719,10.159802436828613,10.372698783874512,10.169615745544434,10.270687103271484,10.215303421020508,10.261049270629883,10.346325874328613,10.246444702148438,10.304899215698242,10.380271911621094,10.385722160339355,10.280505180358887,10.437283515930176,10.328314781188965,10.309465408325195,10.22458553314209,10.176295280456543,10.376144409179688,10.239349365234375,10.151473999023438,10.01114559173584,10.156547546386719,10.346807479858398,10.511842727661133,9.885049819946289,10.107114791870117
8.67,10.1252,0.02892,9.969022750854492,10.259448051452637,10.218867301940918,10.305459022521973,9.945738792419434,10.056694030761719,10.159802436828613,10.372698783874512,10.169615745544434,10.270687103271484,10.215303421020508,10.261049270629883,10.346325874328613,10.246444702148438,10.304899215698242,10.380271911621094,10.385722160339355,10.280505180358887,10.437283515930176,10.328314781188965,10.309465408325195,10.22458553314209,10.176295280456543,10.376144409179688,10.239349365234375,10.151473999023438,10.01114559173584,10.156547546386719,10.346807479858398,10.511842727661133,9.885049819946289,10.107114791870117
8.68,10.03095,0.02994,9.969022750854492,10.259448051452637,10.218867301940918,10.305459022521973,9.945738792419434,10.056694030761719,10.159802436828613,10.372698783874512,10.169615745544434,10.270687103271484,10.215303421020508,10.261049270629883,10.346325874328613,10.246444702148438,10.304899215698242,10.380271911621094,10.385722160339355,10.280505180358887,10.437283515930176,10.328314781188965,10.309465408325195,10.22458553314209,10.176295280456543,10.376144409179688,10.239349365234375,10.151473999023438,10.01114559173584,10.156547546386719,10.346807479858398,10.511842727661133,9.885049819946289,10.107114791870117
8.69,9.93736,0.03081,9.644099235534668,9.527507781982422,9.554817199707031,9.598763465881348,9.501555442810059,9.411815643310547,9.490492820739746,9.63587474822998,9.448172569274902,9.614198684692383,9.570121765136719,9.547595977783203,9.62041187286377,9.585397720336914,9.692245483398438,9.7393798828125,9.711721420288086,9.6195650100708,9.808538436889648,9.649057388305664,9.629076957702637,9.53565502166748,9.50490951538086,9.576786041259766,9.543008804321289,9.431751251220703,9.439677238464355,9.472119331359863,9.63813304901123,9.800065994262695,9.436752319335938,9.461791038513184
8.7,9.86288,0.03139,9.644099235534668,9.527507781982422,9.554817199707031,9.598763465881348,9.501555442810059,9.411815643310547,9.490492820739746,9.63587474822998,9.448172569274902,9.614198684692383,9.570121765136719,9.547595977783203,9.62041187286377,9.585397720336914,9.692245483398438,9.7393798828125,9.711721420288086,9.6195650100708,9.808538436889648,9.649057388305664,9.629076957702637,9.53565502166748,9.50490951538086,9.576786041259766,9.543008804321289,9.431751251220703,9.439677238464355,9.472119331359863,9.63813304901123,9.800065994262695,9.436752319335938,9.461791038513184
8.71,9.75223,0.03204,9.644099235534668,9.527507781982422,9.554817199707031,9.598763465881348,9.501555442810059,9.411815643310547,9.490492820739746,9.63587474822998,9.448172569274902,9.614198684692383,9.570121765136719,9.547595977783203,9.62041187286377,9.585397720336914,9.692245483398438,9.7393798828125,9.711721420288086,9.6195650100708,9.808538436889648,9.649057388305664,9.629076957702637,9.53565502166748,9.50490951538086,9.576786041259766,9.543008804321289,9.431751251220703,9.439677238464355,9.472119331359863,9.63813304901123,9.800065994262695,9.436752319335938,9.461791038513184
8.72,9.66076,0.03239,9.644099235534668,9.527507781982422,9.554817199707031,9.598763465881348,9.501555442810059,9.411815643310547,9.490492820739746,9.63587474822998,9.448172569274902,9.614198684692383,9.570121765136719,9.547595977783203,9.62041187286377,9.585397720336914,9.692245483398438,9.7393798828125,9.711721420288086,9.6195650100708,9.808538436889648,9.649057388305664,9.629076957702637,9.53565502166748,9.50490951538086,9.576786041259766,9.543008804321289,9.431751251220703,9.439677238464355,9.472119331359863,9.63813304901123,9.800065994262695,9.436752319335938,9.461791038513184
8.73,9.57007,0.03254,9.644099235534668,9.527507781982422,9.554817199707031,9.598763465881348,9.501555442810059,9.411815643310547,9.490492820739746,9.63587474822998,9.448172569274902,9.614198684692383,9.570121765136719,9.547595977783203,9.62041187286377,9.585397720336914,9.692245483398438,9.7393798828125,9.711721420288086,9.6195650100708,9.808538436889648,9.649057388305664,9.629076957702637,9.53565502166748,9.50490951538086,9.576786041259766,9.543008804321289,9.431751251220703,9.439677238464355,9.472119331359863,9.63813304901123,9.800065994262695,9.436752319335938,9.461791038513184
8.74,9.48014,0.03248,9.078496932983398,9.057784080505371,9.082239151000977,9.13199520111084,8.916516304016113,8.932608604431152,8.998323440551758,9.107172012329102,8.914063453674316,9.052011489868164,9.01154899597168,9.004036903381348,9.167417526245117,9.001581192016602,9.117276191711426,9.168657302856445,9.16916275024414,9.104169845581055,9.265639305114746,9.144350051879883,9.132640838623047,8.959725379943848,8.921313285827637,9.221809387207031,8.98280143737793,8.885782241821289,8.856663703918457,8.952615737915039,9.058379173278809,9.232892036437988,8.880702018737793,9.004765510559082
8.75,9.391,0.03222,9.078496932983398,9.057784080505371,9.082239151000977,9.13199520111084,8.916516304016113,8.932608604431152,8.998323440551758,9.107172012329102,8.914063453674316,9.052011489868164,9.01154899597168,9.004036903381348,9.167417526245117,9.001581192016602,9.117276191711426,9.168657302856445,9.16916275024414,9.104169845581055,9.265639305114746,9.144350051879883,9.132640838623047,8.959725379943848,8.921313285827637,9.221809387207031,8.98280143737793,8.885782241821289,8.856663703918457,8.952615737915039,9.058379173278809,9.232892036437988,8.880702018737793,9.004765510559082
8.76,9.30267,0.03174,9.078496932983398,9.057784080505371,9.082239151000977,9.13199520111084,8.916516304016113,8.932608604431152,8.998323440551758,9.107172012329102,8.914063453674316,9.052011489868164,9.01154899597168,9.004036903381348,9.167417526245117,9.001581192016602,9.117276191711426,9.168657302856445,9.16916275024414,9.104169845581055,9.265639305114746,9.144350051879883,9.132640838623047,8.959725379943848,8.921313285827637,9.221809387207031,8.98280143737793,8.885782241821289,8.856663703918457,8.952615737915039,9.058379173278809,9.232892036437988,8.880702018737793,9.004765510559082
8.77,9.21511,0.03104,9.078496932983398,9.057784080505371,9.082239151000977,9.13199520111084,8.916516304016113,8.932608604431152,8.998323440551758,9.107172012329102,8.914063453674316,9.052011489868164,9.01154899597168,9.004036903381348,9.167417526245117,9.001581192016602,9.117276191711426,9.168657302856445,9.16916275024414,9.104169845581055,9.265639305114746,9.144350051879883,9.132640838623047,8.959725379943848,8.921313285827637,9.221809387207031,8.98280143737793,8.885782241821289,8.856663703918457,8.952615737915039,9.058379173278809,9.232892036437988,8.880702018737793,9.004765510559082
8.78,9.12831,0.03013,9.078496932983398,9.057784080505371,9.082239151000977,9.13199520111084,8.916516304016113,8.932608604431152,8.998323440551758,9.107172012329102,8.914063453674316,9.052011489868164,9.01154899597168,9.004036903381348,9.167417526245117,9.001581192016602,9.117276191711426,9.168657302856445,9.16916275024414,9.104169845581055,9.265639305114746,9.144350051879883,9.132640838623047,8.959725379943848,8.921313285827637,9.221809387207031,8.98280143737793,8.885782241821289,8.856663703918457,8.952615737915039,9.058379173278809,9.232892036437988,8.880702018737793,9.004765510559082
8.79,9.05942,0.02923,8.669082641601562,8.761287689208984,8.794827461242676,8.909449577331543,8.514317512512207,8.61754035949707,8.739482879638672,8.931243896484375,8.62768840789795,8.663101196289062,8.617751121520996,8.69250774383545,8.874089241027832,8.632181167602539,8.676830291748047,8.766477584838867,8.81469440460205,8.7833251953125,8.880935668945312,8.801612854003906,8.793846130371094,8.634217262268066,8.57416820526123,8.87768268585205,8.67237663269043,8.606931686401367,8.459542274475098,8.64742660522461,8.751839637756348,8.893415451049805,8.496824264526367,8.701193809509277
8.8,8.95695,0.02763,8.669082641601562,8.761287689208984,8.794827461242676,8.909449577331543,8.514317512512207,8.61754035949707,8.739482879638672,8.931243896484375,8.62768840789795,8.663101196289062,8.617751121520996,8.69250774383545,8.874089241027832,8.632181167602539,8.676830291748047,8.766477584838867,8.81469440460205,8.7833251953125,8.880935668945312,8.801612854003906,8.793846130371094,8.634217262268066,8.57416820526123,8.87768268585205,8.67237663269043,8.606931686401367,8.459542274475098,8.64742660522461,8.751839637756348,8.893415451049805,8.496824264526367,8.701193809509277
8.81,8.87231,0.02605,8.669082641601562,8.761287689208984,8.794827461242676,8.909449577331543,8.514317512512207,8.61754035949707,8.739482879638672,8.931243896484375,8.62768840789795,8.663101196289062,8.617751121520996,8.69250774383545,8.874089241027832,8.632181167602539,8.676830291748047,8.766477584838867,8.81469440460205,8.7833251953125,8.880935668945312,8.801612854003906,8.793846130371094,8.634217262268066,8.57416820526123,8.87768268585205,8.67237663269043,8.606931686401367,8.459542274475098,8.64742660522461,8.751839637756348,8.893415451049805,8.496824264526367,8.701193809509277
8.82,8.78832,0.02425,8.669082641601562,8.761287689208984,8.794827461242676,8.909449577331543,8.514317512512207,8.61754035949707,8.739482879638672,8.931243896484375,8.62768840789795,8.663101196289062,8.617751121520996,8.69250774383545,8.874089241027832,8.632181167602539,8.676830291748047,8.766477584838867,8.81469440460205,8.7833251953125,8.880935668945312,8.801612854003906,8.793846130371094,8.634217262268066,8.57416820526123,8.87768268585205,8.67237663269043,8.606931686401367,8.459542274475098,8.64742660522461,8.751839637756348,8.893415451049805,8.496824264526367,8.701193809509277
8.83,8.70491,0.02225,8.669082641601562,8.761287689208984,8.794827461242676,8.909449577331543,8.514317512512207,8.61754035949707,8.739482879638672,8.931243896484375,8.62768840789795,8.663101196289062,8.617751121520996,8.69250774383545,8.874089241027832,8.632181167602539,8.676830291748047,8.766477584838867,8.81469440460205,8.7833251953125,8.880935668945312,8.801612854003906,8.793846130371094,8.634217262268066,8.57416820526123,8.87768268585205,8.67237663269043,8.606931686401367,8.459542274475098,8.64742660522461,8.751839637756348,8.893415451049805,8.496824264526367,8.701193809509277
8.84,8.62205,0.02005,8.219475746154785,8.377447128295898,8.37983226776123,8.49023723602295,8.02347183227539,8.184525489807129,8.283344268798828,8.447624206542969,8.306601524353027,8.288761138916016,8.220205307006836,8.332338333129883,8.475552558898926,8.27879810333252,8.242939949035645,8.329309463500977,8.393856048583984,8.340965270996094,8.425641059875488,8.330445289611816,8.324117660522461,8.246529579162598,8.183867454528809,8.476468086242676,8.26475715637207,8.193554878234863,8.056044578552246,8.339479446411133,8.460237503051758,8.560040473937988,8.034124374389648,8.2943754196167
8.85,8.53966,0.01765,8.219475746154785,8.377447128295898,8.37983226776123,8.49023723602295,8.02347183227539,8.184525489807129,8.283344268798828,8.447624206542969,8.306601524353027,8.288761138916016,8.220205307006836,8.332338333129883,8.475552558898926,8.27879810333252,8.242939949035645,8.329309463500977,8.393856048583984,8.340965270996094,8.425641059875488,8.330445289611816,8.324117660522461,8.246529579162598,8.183867454528809,8.476468086242676,8.26475715637207,8.193554878234863,8.056044578552246,8.339479446411133,8.460237503051758,8.560040473937988,8.034124374389648,8.2943754196167
8.86,8.45769,0.01508,8.219475746154785,8.377447128295898,8.37983226776123,8.49023723602295,8.02347183227539,8.184525489807129,8.283344268798828,8.447624206542969,8.306601524353027,8.288761138916016,8.220205307006836,8.332338333129883,8.475552558898926,8.27879810333252,8.242939949035645,8.329309463500977,8.393856048583984,8.340965270996094,8.425641059875488,8.330445289611816,8.324117660522461,8.246529579162598,8.183867454528809,8.476468086242676,8.26475715637207,8.193554878234863,8.056044578552246,8.339479446411133,8.460237503051758,8.560040473937988,8.034124374389648,8.2943754196167
8.87,8.39236,0.0129,8.219475746154785,8.377447128295898,8.37983226776123,8.49023723602295,8.02347183227539,8.184525489807129,8.283344268798828,8.447624206542969,8.306601524353027,8.288761138916016,8.220205307006836,8.332338333129883,8.475552558898926,8.27879810333252,8.242939949035645,8.329309463500977,8.393856048583984,8.340965270996094,8.425641059875488,8.330445289611816,8.324117660522461,8.246529579162598,8.183867454528809,8.476468086242676,8.26475715637207,8.193554878234863,8.056044578552246,8.339479446411133,8.460237503051758,8.560040473937988,8.034124374389648,8.2943754196167
8.88,8.29467,0.00944,8.219475746154785,8.377447128295898,8.37983226776123,8.49023723602295,8.02347183227539,8.184525489807129,8.283344268798828,8.447624206542969,8.306601524353027,8.288761138916016,8.220205307006836,8.332338333129883,8.475552558898926,8.27879810333252,8.242939949035645,8.329309463500977,8.393856048583984,8.340965270996094,8.425641059875488,8.330445289611816,8.324117660522461,8.246529579162598,8.183867454528809,8.476468086242676,8.26475715637207,8.193554878234863,8.056044578552246,8.339479446411133,8.460237503051758,8.560040473937988,8.034124374389648,8.2943754196167
8.89,8.21344,0.0064,7.813380718231201,8.100419998168945,8.121503829956055,8.280720710754395,7.638533592224121,7.877440929412842,7.988620281219482,8.232653617858887,8.118447303771973,8.050968170166016,7.95960807800293,8.128559112548828,8.191764831542969,8.084107398986816,7.947075843811035,8.063522338867188,8.17230224609375,8.095231056213379,8.136028289794922,8.11441707611084,8.114495277404785,8.040397644042969,7.949563980102539,8.344761848449707,8.072031021118164,8.029045104980469,7.723368167877197,8.06632137298584,8.200017929077148,8.305232048034668,7.665205001831055,8.008459091186523
8.9,8.13239,0.00325,7.813380718231201,8.100419998168945,8.121503829956055,8.280720710754395,7.638533592224121,7.877440929412842,7.988620281219482,8.232653617858887,8.118447303771973,8.050968170166016,7.95960807800293,8.128559112548828,8.191764831542969,8.084107398986816,7.947075843811035,8.063522338867188,8.17230224609375,8.095231056213379,8.136028289794922,8.11441707611084,8.114495277404785,8.040397644042969,7.949563980102539,8.344761848449707,8.072031021118164,8.029045104980469,7.723368167877197,8.06632137298584,8.200017929077148,8.305232048034668,7.665205001831055,8.008459091186523
8.91,8.05133,0.0,7.813380718231201,8.100419998168945,8.121503829956055,8.280720710754395,7.638533592224121,7.877440929412842,7.988620281219482,8.232653617858887,8.118447303771973,8.050968170166016,7.95960807800293,8.128559112548828,8.191764831542969,8.084107398986816,7.947075843811035,8.063522338867188,8.17230224609375,8.095231056213379,8.136028289794922,8.11441707611084,8.114495277404785,8.040397644042969,7.949563980102539,8.344761848449707,8.072031021118164,8.029045104980469,7.723368167877197,8.06632137298584,8.200017929077148,8.305232048034668,7.665205001831055,8.008459091186523
8.92,7.97022,0.0,7.813380718231201,8.100419998168945,8.121503829956055,8.280720710754395,7.638533592224121,7.877440929412842,7.988620281219482,8.232653617858887,8.118447303771973,8.050968170166016,7.95960807800293,8.128559112548828,8.191764831542969,8.084107398986816,7.947075843811035,8.063522338867188,8.17230224609375,8.095231056213379,8.136028289794922,8.11441707611084,8.114495277404785,8.040397644042969,7.949563980102539,8.344761848449707,8.072031021118164,8.029045104980469,7.723368167877197,8.06632137298584,8.200017929077148,8.305232048034668,7.665205001831055,8.008459091186523
8.93,7.88896,0.0,7.813380718231201,8.100419998168945,8.121503829956055,8.280720710754395,7.638533592224121,7.877440929412842,7.988620281219482,8.232653617858887,8.118447303771973,8.050968170166016,7.95960807800293,8.128559112548828,8.191764831542969,8.084107398986816,7.947075843811035,8.063522338867188,8.17230224609375,8.095231056213379,8.136028289794922,8.11441707611084,8.114495277404785,8.040397644042969,7.949563980102539,8.344761848449707,8.072031021118164,8.029045104980469,7.723368167877197,8.06632137298584,8.200017929077148,8.305232048034668,7.665205001831055,8.008459091186523
8.94,7.80748,0.0,7.522718906402588,7.7453083992004395,7.779067516326904,7.937061309814453,7.310047149658203,7.5082197189331055,7.61083984375,7.865720272064209,7.804379463195801,7.756366729736328,7.660532474517822,7.834770202636719,7.824553966522217,7.808156490325928,7.645575046539307,7.771806240081787,7.86802864074707,7.830575466156006,7.850761890411377,7.845422744750977,7.843094348907471,7.777977466583252,7.678643703460693,7.92279052734375,7.806589126586914,7.761596202850342,7.3926239013671875,7.7034759521484375,7.812682151794434,7.910750865936279,7.34958028793335,7.666466236114502
8.95,7.74208,0.0,7.522718906402588,7.7453083992004395,7.779067516326904,7.937061309814453,7.310047149658203,7.5082197189331055,7.61083984375,7.865720272064209,7.804379463195801,7.756366729736328,7.660532474517822,7.834770202636719,7.824553966522217,7.808156490325928,7.645575046539307,7.771806240081787,7.86802864074707,7.830575466156006,7.850761890411377,7.845422744750977,7.843094348907471,7.777977466583252,7.678643703460693,7.92279052734375,7.806589126586914,7.761596202850342,7.3926239013671875,7.7034759521484375,7.812682151794434,7.910750865936279,7.34958028793335,7.666466236114502
8.96,7.64358,0.0,7.522718906402588,7.7453083992004395,7.779067516326904,7.937061309814453,7.310047149658203,7.5082197189331055,7.61083984375,7.865720272064209,7.804379463195801,7.756366729736328,7.660532474517822,7.834770202636719,7.824553966522217,7.808156490325928,7.645575046539307,7.771806240081787,7.86802864074707,7.830575466156006,7.850761890411377,7.845422744750977,7.843094348907471,7.777977466583252,7.678643703460693,7.92279052734375,7.806589126586914,7.761596202850342,7.3926239013671875,7.7034759521484375,7.812682151794434,7.910750865936279,7.34958028793335,7.666466236114502
8.97,7.561,0.0,7.522718906402588,7.7453083992004395,7.779067516326904,7.937061309814453,7.310047149658203,7.5082197189331055,7.61083984375,7.865720272064209,7.804379463195801,7.756366729736328,7.660532474517822,7.834770202636719,7.824553966522217,7.808156490325928,7.645575046539307,7.771806240081787,7.86802864074707,7.830575466156006,7.850761890411377,7.845422744750977,7.843094348907471,7.777977466583252,7.678643703460693,7.92279052734375,7.806589126586914,7.761596202850342,7.3926239013671875,7.7034759521484375,7.812682151794434,7.910750865936279,7.34958028793335,7.666466236114502
8.98,7.47793,0.0,7.522718906402588,7.7453083992004395,7.779067516326904,7.937061309814453,7.310047149658203,7.5082197189331055,7.61083984375,7.865720272064209,7.804379463195801,7.756366729736328,7.660532474517822,7.834770202636719,7.824553966522217,7.808156490325928,7.645575046539307,7.771806240081787,7.86802864074707,7.830575466156006,7.850761890411377,7.845422744750977,7.843094348907471,7.777977466583252,7.678643703460693,7.92279052734375,7.806589126586914,7.761596202850342,7.3926239013671875,7.7034759521484375,7.812682151794434,7.910750865936279,7.34958028793335,7.666466236114502
8.99,7.39426,0.0,7.1185383796691895,7.380539894104004,7.419968605041504,7.56109094619751,6.929052352905273,7.149742126464844,7.239236831665039,7.47664213180542,7.4470109939575195,7.4307861328125,7.339545249938965,7.500236988067627,7.453447341918945,7.46415901184082,7.325001239776611,7.44188117980957,7.515023708343506,7.494576930999756,7.524691104888916,7.494718551635742,7.4882283210754395,7.445108890533447,7.351498603820801,7.539567947387695,7.463762283325195,7.408001899719238,7.020442485809326,7.349435806274414,7.458141803741455,7.5422682762146,6.975265979766846,7.313248634338379
9.0,7.31005,0.0,7.1185383796691895,7.380539894104004,7.419968605041504,7.56109094619751,6.929052352905273,7.149742126464844,7.239236831665039,7.47664213180542,7.4470109939575195,7.4307861328125,7.339545249938965,7.500236988067627,7.453447341918945,7.46415901184082,7.325001239776611,7.44188117980957,7.515023708343506,7.494576930999756,7.524691104888916,7.494718551635742,7.4882283210754395,7.445108890533447,7.351498603820801,7.539567947387695,7.463762283325195,7.408001899719238,7.020442485809326,7.349435806274414,7.458141803741455,7.5422682762146,6.975265979766846,7.313248634338379
9.01,7.22516,0.0,7.1185383796691895,7.380539894104004,7.419968605041504,7.56109094619751,6.929052352905273,7.149742126464844,7.239236831665039,7.47664213180542,7.4470109939575195,7.4307861328125,7.339545249938965,7.500236988067627,7.453447341918945,7.46415901184082,7.325001239776611,7.44188117980957,7.515023708343506,7.494576930999756,7.524691104888916,7.494718551635742,7.4882283210754395,7.445108890533447,7.351498603820801,7.539567947387695,7.463762283325195,7.408001899719238,7.020442485809326,7.349435806274414,7.458141803741455,7.5422682762146,6.975265979766846,7.313248634338379
9.02,7.13958,0.0,7.1185383796691895,7.380539894104004,7.419968605041504,7.56109094619751,6.929052352905273,7.149742126464844,7.239236831665039,7.47664213180542,7.4470109939575195,7.4307861328125,7.339545249938965,7.500236988067627,7.453447341918945,7.46415901184082,7.325001239776611,7.44188117980957,7.515023708343506,7.494576930999756,7.524691104888916,7.494718551635742,7.4882283210754395,7.445108890533447,7.351498603820801,7.539567947387695,7.463762283325195,7.408001899719238,7.020442485809326,7.349435806274414,7.458141803741455,7.5422682762146,6.975265979766846,7.313248634338379
9.03,7.0533,0.0,7.1185383796691895,7.380539894104004,7.419968605041504,7.56109094619751,6.929052352905273,7.149742126464844,7.239236831665039,7.47664213180542,7.4470109939575195,7.4307861328125,7.339545249938965,7.500236988067627,7.453447341918945,7.46415901184082,7.325001239776611,7.44188117980957,7.515023708343506,7.494576930999756,7.524691104888916,7.494718551635742,7.4882283210754395,7.445108890533447,7.351498603820801,7.539567947387695,7.463762283325195,7.408001899719238,7.020442485809326,7.349435806274414,7.458141803741455,7.5422682762146,6.975265979766846,7.313248634338379
9.04,6.98368,0.0,6.726125240325928,6.9972052574157715,7.052486896514893,7.181748867034912,6.55970573425293,6.775634765625,6.862255573272705,7.096867084503174,7.031695365905762,7.047642230987549,6.97382116317749,7.112802505493164,7.058835983276367,7.053772926330566,6.960099220275879,7.0615458488464355,7.10994815826416,7.087610721588135,7.1440019607543945,7.0836591720581055,7.071446418762207,7.052530288696289,6.973410606384277,7.123236656188965,7.06650447845459,6.997069358825684,6.648307800292969,6.972572326660156,7.07563591003418,7.148155689239502,6.601652145385742,6.944836616516113
9.05,6.87857,0.0,6.726125240325928,6.9972052574157715,7.052486896514893,7.181748867034912,6.55970573425293,6.775634765625,6.862255573272705,7.096867084503174,7.031695365905762,7.047642230987549,6.97382116317749,7.112802505493164,7.058835983276367,7.053772926330566,6.960099220275879,7.0615458488464355,7.10994815826416,7.087610721588135,7.1440019607543945,7.0836591720581055,7.071446418762207,7.052530288696289,6.973410606384277,7.123236656188965,7.06650447845459,6.997069358825684,6.648307800292969,6.972572326660156,7.07563591003418,7.148155689239502,6.601652145385742,6.944836616516113
9.06,6.79013,0.0,6.726125240325928,6.9972052574157715,7.052486896514893,7.181748867034912,6.55970573425293,6.775634765625,6.862255573272705,7.096867084503174,7.031695365905762,7.047642230987549,6.97382116317749,7.112802505493164,7.058835983276367,7.053772926330566,6.960099220275879,7.0615458488464355,7.10994815826416,7.087610721588135,7.1440019607543945,7.0836591720581055,7.071446418762207,7.052530288696289,6.973410606384277,7.123236656188965,7.06650447845459,6.997069358825684,6.648307800292969,6.972572326660156,7.07563591003418,7.148155689239502,6.601652145385742,6.944836616516113
9.07,6.70097,0.0,6.726125240325928,6.9972052574157715,7.052486896514893,7.181748867034912,6.55970573425293,6.775634765625,6.862255573272705,7.096867084503174,7.031695365905762,7.047642230987549,6.97382116317749,7.112802505493164,7.058835983276367,7.053772926330566,6.960099220275879,7.0615458488464355,7.10994815826416,7.087610721588135,7.1440019607543945,7.0836591720581055,7.071446418762207,7.052530288696289,6.973410606384277,7.123236656188965,7.06650447845459,6.997069358825684,6.648307800292969,6.972572326660156,7.07563591003418,7.148155689239502,6.601652145385742,6.944836616516113
9.08,6.61115,0.0,6.726125240325928,6.9972052574157715,7.052486896514893,7.181748867034912,6.55970573425293,6.775634765625,6.862255573272705,7.096867084503174,7.031695365905762,7.047642230987549,6.97382116317749,7.112802505493164,7.058835983276367,7.053772926330566,6.960099220275879,7.0615458488464355,7.10994815826416,7.087610721588135,7.1440019607543945,7.0836591720581055,7.071446418762207,7.052530288696289,6.973410606384277,7.123236656188965,7.06650447845459,6.997069358825684,6.648307800292969,6.972572326660156,7.07563591003418,7.148155689239502,6.601652145385742,6.944836616516113
9.09,6.52062,0.0,6.242018222808838,6.5697197914123535,6.659918785095215,6.782197952270508,6.132468223571777,6.363457679748535,6.460206031799316,6.7056193351745605,6.554970741271973,6.596351623535156,6.5515522956848145,6.6704277992248535,6.602613925933838,6.581185340881348,6.537347793579102,6.622152805328369,6.646158218383789,6.614011764526367,6.706691741943359,6.610540390014648,6.590113162994385,6.60520601272583,6.5516357421875,6.617545127868652,6.619143486022949,6.527242660522461,6.2196364402771,6.566908836364746,6.674015045166016,6.725156784057617,6.1548566818237305,6.533668518066406
9.1,6.42962,0.0,6.242018222808838,6.5697197914123535,6.659918785095215,6.782197952270508,6.132468223571777,6.363457679748535,6.460206031799316,6.7056193351745605,6.554970741271973,6.596351623535156,6.5515522956848145,6.6704277992248535,6.602613925933838,6.581185340881348,6.537347793579102,6.622152805328369,6.646158218383789,6.614011764526367,6.706691741943359,6.610540390014648,6.590113162994385,6.60520601272583,6.5516357421875,6.617545127868652,6.619143486022949,6.527242660522461,6.2196364402771,6.566908836364746,6.674015045166016,6.725156784057617,6.1548566818237305,6.533668518066406
9.11,6.33802,0.0,6.242018222808838,6.5697197914123535,6.659918785095215,6.782197952270508,6.132468223571777,6.363457679748535,6.460206031799316,6.7056193351745605,6.554970741271973,6.596351623535156,6.5515522956848145,6.6704277992248535,6.602613925933838,6.581185340881348,6.537347793579102,6.622152805328369,6.646158218383789,6.614011764526367,6.706691741943359,6.610540390014648,6.590113162994385,6.60520601272583,6.5516357421875,6.617545127868652,6.619143486022949,6.527242660522461,6.2196364402771,6.566908836364746,6.674015045166016,6.725156784057617,6.1548566818237305,6.533668518066406
9.12,6.26432,0.0,6.242018222808838,6.5697197914123535,6.659918785095215,6.782197952270508,6.132468223571777,6.363457679748535,6.460206031799316,6.7056193351745605,6.554970741271973,6.596351623535156,6.5515522956848145,6.6704277992248535,6.602613925933838,6.581185340881348,6.537347793579102,6.622152805328369,6.646158218383789,6.614011764526367,6.706691741943359,6.610540390014648,6.590113162994385,6.60520601272583,6.5516357421875,6.617545127868652,6.619143486022949,6.527242660522461,6.2196364402771,6.566908836364746,6.674015045166016,6.725156784057617,6.1548566818237305,6.533668518066406
9.13,6.15346,0.0,6.242018222808838,6.5697197914123535,6.659918785095215,6.782197952270508,6.132468223571777,6.363457679748535,6.460206031799316,6.7056193351745605,6.554970741271973,6.596351623535156,6.5515522956848145,6.6704277992248535,6.602613925933838,6.581185340881348,6.537347793579102,6.622152805328369,6.646158218383789,6.614011764526367,6.706691741943359,6.610540390014648,6.590113162994385,6.60520601272583,6.5516357421875,6.617545127868652,6.619143486022949,6.527242660522461,6.2196364402771,6.566908836364746,6.674015045166016,6.725156784057617,6.1548566818237305,6.533668518066406
9.14,6.06067,0.0,5.714915752410889,6.004848003387451,6.120227336883545,6.22247314453125,5.675386428833008,5.858835697174072,5.932351112365723,6.1551713943481445,6.025876045227051,6.095869064331055,6.070050239562988,6.153685569763184,6.001481056213379,6.043973922729492,6.041358470916748,6.102509498596191,6.103029727935791,6.0552778244018555,6.17835807800293,6.046684265136719,6.019839286804199,6.0814642906188965,6.043788909912109,6.036242485046387,6.086883544921875,5.985983848571777,5.732168674468994,6.054649829864502,6.173859119415283,6.218154430389404,5.648732662200928,5.995288848876953
9.15,5.96763,0.0,5.714915752410889,6.004848003387451,6.120227336883545,6.22247314453125,5.675386428833008,5.858835697174072,5.932351112365723,6.1551713943481445,6.025876045227051,6.095869064331055,6.070050239562988,6.153685569763184,6.001481056213379,6.043973922729492,6.041358470916748,6.102509498596191,6.103029727935791,6.0552778244018555,6.17835807800293,6.046684265136719,6.019839286804199,6.0814642906188965,6.043788909912109,6.036242485046387,6.086883544921875,5.985983848571777,5.732168674468994,6.054649829864502,6.173859119415283,6.218154430389404,5.648732662200928,5.995288848876953
9.16,5.87444,0.0,5.714915752410889,6.004848003387451,6.120227336883545,6.22247314453125,5.675386428833008,5.858835697174072,5.932351112365723,6.1551713943481445,6.025876045227051,6.095869064331055,6.070050239562988,6.153685569763184,6.001481056213379,6.043973922729492,6.041358470916748,6.102509498596191,6.103029727935791,6.0552778244018555,6.17835807800293,6.046684265136719,6.019839286804199,6.0814642906188965,6.043788909912109,6.036242485046387,6.086883544921875,5.985983848571777,5.732168674468994,6.054649829864502,6.173859119415283,6.218154430389404,5.648732662200928,5.995288848876953
9.17,5.78119,0.0,5.714915752410889,6.004848003387451,6.120227336883545,6.22247314453125,5.675386428833008,5.858835697174072,5.932351112365723,6.1551713943481445,6.025876045227051,6.095869064331055,6.070050239562988,6.153685569763184,6.001481056213379,6.043973922729492,6.041358470916748,6.102509498596191,6.103029727935791,6.0552778244018555,6.17835807800293,6.046684265136719,6.019839286804199,6.0814642906188965,6.043788909912109,6.036242485046387,6.086883544921875,5.985983848571777,5.732168674468994,6.054649829864502,6.173859119415283,6.218154430389404,5.648732662200928,5.995288848876953
9.18,5.68798,0.0,5.714915752410889,6.004848003387451,6.120227336883545,6.22247314453125,5.675386428833008,5.858835697174072,5.932351112365723,6.1551713943481445,6.025876045227051,6.095869064331055,6.070050239562988,6.153685569763184,6.001481056213379,6.043973922729492,6.041358470916748,6.102509498596191,6.103029727935791,6.0552778244018555,6.17835807800293,6.046684265136719,6.019839286804199,6.0814642906188965,6.043788909912109,6.036242485046387,6.086883544921875,5.985983848571777,5.732168674468994,6.054649829864502,6.173859119415283,6.218154430389404,5.648732662200928,5.995288848876953
9.19,5.5949,0.0,5.224087238311768,5.309233665466309,5.341757297515869,5.372446537017822,5.204629898071289,5.303230285644531,5.280608177185059,5.3694987297058105,5.42582893371582,5.5290961265563965,5.515697002410889,5.545512676239014,5.357382774353027,5.3608527183532715,5.405430793762207,5.4416656494140625,5.4167585372924805,5.370704174041748,5.49929141998291,5.333029747009277,5.308985710144043,5.416337490081787,5.363717079162598,5.3856048583984375,5.381822109222412,5.295876979827881,5.206178188323975,5.433474063873291,5.47824764251709,5.538564205169678,5.081884384155273,5.30646276473999
9.2,5.52052,0.0,5.224087238311768,5.309233665466309,5.341757297515869,5.372446537017822,5.204629898071289,5.303230285644531,5.280608177185059,5.3694987297058105,5.42582893371582,5.5290961265563965,5.515697002410889,5.545512676239014,5.357382774353027,5.3608527183532715,5.405430793762207,5.4416656494140625,5.4167585372924805,5.370704174041748,5.49929141998291,5.333029747009277,5.308985710144043,5.416337490081787,5.363717079162598,5.3856048583984375,5.381822109222412,5.295876979827881,5.206178188323975,5.433474063873291,5.47824764251709,5.538564205169678,5.081884384155273,5.30646276473999
9.21,5.40953,0.0,5.224087238311768,5.309233665466309,5.341757297515869,5.372446537017822,5.204629898071289,5.303230285644531,5.280608177185059,5.3694987297058105,5.42582893371582,5.5290961265563965,5.515697002410889,5.545512676239014,5.357382774353027,5.3608527183532715,5.405430793762207,5.4416656494140625,5.4167585372924805,5.370704174041748,5.49929141998291,5.333029747009277,5.308985710144043,5.416337490081787,5.363717079162598,5.3856048583984375,5.381822109222412,5.295876979827881,5.206178188323975,5.433474063873291,5.47824764251709,5.538564205169678,5.081884384155273,5.30646276473999
9.22,5.31742,0.0,5.224087238311768,5.309233665466309,5.341757297515869,5.372446537017822,5.204629898071289,5.303230285644531,5.280608177185059,5.3694987297058105,5.42582893371582,5.5290961265563965,5.515697002410889,5.545512676239014,5.357382774353027,5.3608527183532715,5.405430793762207,5.4416656494140625,5.4167585372924805,5.370704174041748,5.49929141998291,5.333029747009277,5.308985710144043,5.416337490081787,5.363717079162598,5.3856048583984375,5.381822109222412,5.295876979827881,5.206178188323975,5.433474063873291,5.47824764251709,5.538564205169678,5.081884384155273,5.30646276473999
9.23,5.22582,0.0,5.224087238311768,5.309233665466309,5.341757297515869,5.372446537017822,5.204629898071289,5.303230285644531,5.280608177185059,5.3694987297058105,5.42582893371582,5.5290961265563965,5.515697002410889,5.545512676239014,5.357382774353027,5.3608527183532715,5.405430793762207,5.4416656494140625,5.4167585372924805,5.370704174041748,5.49929141998291,5.333029747009277,5.308985710144043,5.416337490081787,5.363717079162598,5.3856048583984375,5.381822109222412,5.295876979827881,5.206178188323975,5.433474063873291,5.47824764251709,5.538564205169678,5.081884384155273,5.30646276473999
9.24,5.13478,0.0,4.662350654602051,4.749196529388428,4.901071548461914,4.960746765136719,4.736719608306885,4.887645721435547,4.897180557250977,4.986898422241211,4.826441764831543,4.935697078704834,4.946979999542236,4.940822601318359,4.863162040710449,4.769733428955078,4.806565284729004,4.862987041473389,4.848184108734131,4.8332648277282715,4.934049606323242,4.807255744934082,4.7874345779418945,4.847056865692139,4.780022621154785,4.822444915771484,4.813299179077148,4.745878219604492,4.689577579498291,4.94502592086792,4.959342956542969,5.055490016937256,4.577385425567627,4.87389612197876
9.25,5.04442,0.0,4.662350654602051,4.749196529388428,4.901071548461914,4.960746765136719,4.736719608306885,4.887645721435547,4.897180557250977,4.986898422241211,4.826441764831543,4.935697078704834,4.946979999542236,4.940822601318359,4.863162040710449,4.769733428955078,4.806565284729004,4.862987041473389,4.848184108734131,4.8332648277282715,4.934049606323242,4.807255744934082,4.7874345779418945,4.847056865692139,4.780022621154785,4.822444915771484,4.813299179077148,4.745878219604492,4.689577579498291,4.94502592086792,4.959342956542969,5.055490016937256,4.577385425567627,4.87389612197876
9.26,4.95476,0.0,4.662350654602051,4.749196529388428,4.901071548461914,4.960746765136719,4.736719608306885,4.887645721435547,4.897180557250977,4.986898422241211,4.826441764831543,4.935697078704834,4.946979999542236,4.940822601318359,4.863162040710449,4.769733428955078,4.806565284729004,4.862987041473389,4.848184108734131,4.8332648277282715,4.934049606323242,4.807255744934082,4.7874345779418945,4.847056865692139,4.780022621154785,4.822444915771484,4.813299179077148,4.745878219604492,4.689577579498291,4.94502592086792,4.959342956542969,5.055490016937256,4.577385425567627,4.87389612197876
9.27,4.86588,0.0,4.662350654602051,4.749196529388428,4.901071548461914,4.960746765136719,4.736719608306885,4.887645721435547,4.897180557250977,4.986898422241211,4.826441764831543,4.935697078704834,4.946979999542236,4.940822601318359,4.863162040710449,4.769733428955078,4.806565284729004,4.862987041473389,4.848184108734131,4.8332648277282715,4.934049606323242,4.807255744934082,4.7874345779418945,4.847056865692139,4.780022621154785,4.822444915771484,4.813299179077148,4.745878219604492,4.689577579498291,4.94502592086792,4.959342956542969,5.055490016937256,4.577385425567627,4.87389612197876
9.28,4.77783,0.0,4.662350654602051,4.749196529388428,4.901071548461914,4.960746765136719,4.736719608306885,4.887645721435547,4.897180557250977,4.986898422241211,4.826441764831543,4.935697078704834,4.946979999542236,4.940822601318359,4.863162040710449,4.769733428955078,4.806565284729004,4.862987041473389,4.848184108734131,4.8332648277282715,4.934049606323242,4.807255744934082,4.7874345779418945,4.847056865692139,4.780022621154785,4.822444915771484,4.813299179077148,4.745878219604492,4.689577579498291,4.94502592086792,4.959342956542969,5.055490016937256,4.577385425567627,4.87389612197876
9.29,4.70795,0.0,4.215294361114502,4.273837566375732,4.3137617111206055,4.393261432647705,4.2420783042907715,4.337536811828613,4.291429042816162,4.3436360359191895,4.339197158813477,4.407487392425537,4.404085159301758,4.392710208892822,4.41006326675415,4.227177619934082,4.214036464691162,4.255603790283203,4.252814769744873,4.3256330490112305,4.389758110046387,4.28139591217041,4.269391059875488,4.282886028289795,4.195037841796875,4.43670654296875,4.23349666595459,4.194269180297852,4.171555519104004,4.397170543670654,4.384300708770752,4.529386520385742,4.074131965637207,4.319268226623535
9.3,4.6043,0.0,4.215294361114502,4.273837566375732,4.3137617111206055,4.393261432647705,4.2420783042907715,4.337536811828613,4.291429042816162,4.3436360359191895,4.339197158813477,4.407487392425537,4.404085159301758,4.392710208892822,4.41006326675415,4.227177619934082,4.214036464691162,4.255603790283203,4.252814769744873,4.3256330490112305,4.389758110046387,4.28139591217041,4.269391059875488,4.282886028289795,4.195037841796875,4.43670654296875,4.23349666595459,4.194269180297852,4.171555519104004,4.397170543670654,4.384300708770752,4.529386520385742,4.074131965637207,4.319268226623535
9.31,4.51884,0.0,4.215294361114502,4.273837566375732,4.3137617111206055,4.393261432647705,4.2420783042907715,4.337536811828613,4.291429042816162,4.3436360359191895,4.339197158813477,4.407487392425537,4.404085159301758,4.392710208892822,4.41006326675415,4.227177619934082,4.214036464691162,4.255603790283203,4.252814769744873,4.3256330490112305,4.389758110046387,4.28139591217041,4.269391059875488,4.282886028289795,4.195037841796875,4.43670654296875,4.23349666595459,4.194269180297852,4.171555519104004,4.397170543670654,4.384300708770752,4.529386520385742,4.074131965637207,4.319268226623535
9.32,4.43425,0.0,4.215294361114502,4.273837566375732,4.3137617111206055,4.393261432647705,4.2420783042907715,4.337536811828613,4.291429042816162,4.3436360359191895,4.339197158813477,4.407487392425537,4.404085159301758,4.392710208892822,4.41006326675415,4.227177619934082,4.214036464691162,4.255603790283203,4.252814769744873,4.3256330490112305,4.389758110046387,4.28139591217041,4.269391059875488,4.282886028289795,4.195037841796875,4.43670654296875,4.23349666595459,4.194269180297852,4.171555519104004,4.397170543670654,4.384300708770752,4.529386520385742,4.074131965637207,4.319268226623535
9.33,4.35051,0.0,4.215294361114502,4.273837566375732,4.3137617111206055,4.393261432647705,4.2420783042907715,4.337536811828613,4.291429042816162,4.3436360359191895,4.339197158813477,4.407487392425537,4.404085159301758,4.392710208892822,4.41006326675415,4.227177619934082,4.214036464691162,4.255603790283203,4.252814769744873,4.3256330490112305,4.389758110046387,4.28139591217041,4.269391059875488,4.282886028289795,4.195037841796875,4.43670654296875,4.23349666595459,4.194269180297852,4.171555519104004,4.397170543670654,4.384300708770752,4.529386520385742,4.074131965637207,4.319268226623535
9.34,4.26757,0.0,3.829120635986328,4.006587028503418,4.1058244705200195,4.223105430603027,3.861825704574585,4.05043888092041,4.070516586303711,4.160396099090576,4.012628555297852,4.018153190612793,4.008787155151367,4.055824279785156,4.170156478881836,3.90228271484375,3.8196632862091064,3.9103968143463135,3.9392356872558594,4.0557169914245605,4.092644691467285,4.048163890838623,4.039534091949463,3.984200954437256,3.9059669971466064,4.121392726898193,3.980715751647949,3.951322555541992,3.805943727493286,4.074305057525635,4.060695648193359,4.214772701263428,3.7250916957855225,4.056168079376221
9.35,4.18539,0.0,3.829120635986328,4.006587028503418,4.1058244705200195,4.223105430603027,3.861825704574585,4.05043888092041,4.070516586303711,4.160396099090576,4.012628555297852,4.018153190612793,4.008787155151367,4.055824279785156,4.170156478881836,3.90228271484375,3.8196632862091064,3.9103968143463135,3.9392356872558594,4.0557169914245605,4.092644691467285,4.048163890838623,4.039534091949463,3.984200954437256,3.9059669971466064,4.121392726898193,3.980715751647949,3.951322555541992,3.805943727493286,4.074305057525635,4.060695648193359,4.214772701263428,3.7250916957855225,4.056168079376221
9.36,4.1039,0.0,3.829120635986328,4.006587028503418,4.1058244705200195,4.223105430603027,3.861825704574585,4.05043888092041,4.070516586303711,4.160396099090576,4.012628555297852,4.018153190612793,4.008787155151367,4.055824279785156,4.170156478881836,3.90228271484375,3.8196632862091064,3.9103968143463135,3.9392356872558594,4.0557169914245605,4.092644691467285,4.048163890838623,4.039534091949463,3.984200954437256,3.9059669971466064,4.121392726898193,3.980715751647949,3.951322555541992,3.805943727493286,4.074305057525635,4.060695648193359,4.214772701263428,3.7250916957855225,4.056168079376221
9.37,4.03916,0.0,3.829120635986328,4.006587028503418,4.1058244705200195,4.223105430603027,3.861825704574585,4.05043888092041,4.070516586303711,4.160396099090576,4.012628555297852,4.018153190612793,4.008787155151367,4.055824279785156,4.170156478881836,3.90228271484375,3.8196632862091064,3.9103968143463135,3.9392356872558594,4.0557169914245605,4.092644691467285,4.048163890838623,4.039534091949463,3.984200954437256,3.9059669971466064,4.121392726898193,3.980715751647949,3.951322555541992,3.805943727493286,4.074305057525635,4.060695648193359,4.214772701263428,3.7250916957855225,4.056168079376221
9.38,3.94265,0.0,3.829120635986328,4.006587028503418,4.1058244705200195,4.223105430603027,3.861825704574585,4.05043888092041,4.070516586303711,4.160396099090576,4.012628555297852,4.018153190612793,4.008787155151367,4.055824279785156,4.170156478881836,3.90228271484375,3.8196632862091064,3.9103968143463135,3.9392356872558594,4.0557169914245605,4.092644691467285,4.048163890838623,4.039534091949463,3.984200954437256,3.9059669971466064,4.121392726898193,3.980715751647949,3.951322555541992,3.805943727493286,4.074305057525635,4.060695648193359,4.214772701263428,3.7250916957855225,4.056168079376221
9.39,3.86263,0.0,3.448789358139038,3.6073288917541504,3.7223329544067383,3.845543622970581,3.433321952819824,3.571690559387207,3.5942180156707764,3.7091543674468994,3.666954278945923,3.643517017364502,3.602360725402832,3.663370370864868,3.698888063430786,3.6212363243103027,3.498931884765625,3.5787265300750732,3.605811595916748,3.693699836730957,3.747157096862793,3.669084310531616,3.655165910720825,3.637789011001587,3.582036256790161,3.6637232303619385,3.637608289718628,3.600865364074707,3.4065325260162354,3.6564602851867676,3.6958541870117188,3.8302159309387207,3.3575918674468994,3.645382881164551
9.4,3.78303,0.0,3.448789358139038,3.6073288917541504,3.7223329544067383,3.845543622970581,3.433321952819824,3.571690559387207,3.5942180156707764,3.7091543674468994,3.666954278945923,3.643517017364502,3.602360725402832,3.663370370864868,3.698888063430786,3.6212363243103027,3.498931884765625,3.5787265300750732,3.605811595916748,3.693699836730957,3.747157096862793,3.669084310531616,3.655165910720825,3.637789011001587,3.582036256790161,3.6637232303619385,3.637608289718628,3.600865364074707,3.4065325260162354,3.6564602851867676,3.6958541870117188,3.8302159309387207,3.3575918674468994,3.645382881164551
9.41,3.70354,0.0,3.448789358139038,3.6073288917541504,3.7223329544067383,3.845543622970581,3.433321952819824,3.571690559387207,3.5942180156707764,3.7091543674468994,3.666954278945923,3.643517017364502,3.602360725402832,3.663370370864868,3.698888063430786,3.6212363243103027,3.498931884765625,3.5787265300750732,3.605811595916748,3.693699836730957,3.747157096862793,3.669084310531616,3.655165910720825,3.637789011001587,3.582036256790161,3.6637232303619385,3.637608289718628,3.600865364074707,3.4065325260162354,3.6564602851867676,3.6958541870117188,3.8302159309387207,3.3575918674468994,3.645382881164551
9.42,3.62407,0.0,3.448789358139038,3.6073288917541504,3.7223329544067383,3.845543622970581,3.433321952819824,3.571690559387207,3.5942180156707764,3.7091543674468994,3.666954278945923,3.643517017364502,3.602360725402832,3.663370370864868,3.698888063430786,3.6212363243103027,3.498931884765625,3.5787265300750732,3.605811595916748,3.693699836730957,3.747157096862793,3.669084310531616,3.655165910720825,3.637789011001587,3.582036256790161,3.6637232303619385,3.637608289718628,3.600865364074707,3.4065325260162354,3.6564602851867676,3.6958541870117188,3.8302159309387207,3.3575918674468994,3.645382881164551
9.43,3.54447,0.0,3.448789358139038,3.6073288917541504,3.7223329544067383,3.845543622970581,3.433321952819824,3.571690559387207,3.5942180156707764,3.7091543674468994,3.666954278945923,3.643517017364502,3.602360725402832,3.663370370864868,3.698888063430786,3.6212363243103027,3.498931884765625,3.5787265300750732,3.605811595916748,3.693699836730957,3.747157096862793,3.669084310531616,3.655165910720825,3.637789011001587,3.582036256790161,3.6637232303619385,3.637608289718628,3.600865364074707,3.4065325260162354,3.6564602851867676,3.6958541870117188,3.8302159309387207,3.3575918674468994,3.645382881164551
9.44,3.4646,0.0,3.137814521789551,3.301424741744995,3.3616294860839844,3.4364781379699707,3.1210362911224365,3.278705358505249,3.2914555072784424,3.351437568664551,3.3955297470092773,3.3546648025512695,3.290148973464966,3.3918275833129883,3.3958396911621094,3.3696393966674805,3.2404978275299072,3.3115317821502686,3.33190655708313,3.4180591106414795,3.46100115776062,3.3896918296813965,3.380082607269287,3.3671183586120605,3.3132102489471436,3.4014933109283447,3.365420341491699,3.3406689167022705,3.108574151992798,3.32230281829834,3.3535428047180176,3.463954448699951,3.0506038665771484,3.2912631034851074
9.45,3.40042,0.0,3.137814521789551,3.301424741744995,3.3616294860839844,3.4364781379699707,3.1210362911224365,3.278705358505249,3.2914555072784424,3.351437568664551,3.3955297470092773,3.3546648025512695,3.290148973464966,3.3918275833129883,3.3958396911621094,3.3696393966674805,3.2404978275299072,3.3115317821502686,3.33190655708313,3.4180591106414795,3.46100115776062,3.3896918296813965,3.380082607269287,3.3671183586120605,3.3132102489471436,3.4014933109283447,3.365420341491699,3.3406689167022705,3.108574151992798,3.32230281829834,3.3535428047180176,3.463954448699951,3.0506038665771484,3.2912631034851074
9.46,3.30346,0.0,3.137814521789551,3.301424741744995,3.3616294860839844,3.4364781379699707,3.1210362911224365,3.278705358505249,3.2914555072784424,3.351437568664551,3.3955297470092773,3.3546648025512695,3.290148973464966,3.3918275833129883,3.3958396911621094,3.3696393966674805,3.2404978275299072,3.3115317821502686,3.33190655708313,3.4180591106414795,3.46100115776062,3.3896918296813965,3.380082607269287,3.3671183586120605,3.3132102489471436,3.4014933109283447,3.365420341491699,3.3406689167022705,3.108574151992798,3.32230281829834,3.3535428047180176,3.463954448699951,3.0506038665771484,3.2912631034851074
9.47,3.22184,0.0,3.137814521789551,3.301424741744995,3.3616294860839844,3.4364781379699707,3.1210362911224365,3.278705358505249,3.2914555072784424,3.351437568664551,3.3955297470092773,3.3546648025512695,3.290148973464966,3.3918275833129883,3.3958396911621094,3.3696393966674805,3.2404978275299072,3.3115317821502686,3.33190655708313,3.4180591106414795,3.46100115776062,3.3896918296813965,3.380082607269287,3.3671183586120605,3.3132102489471436,3.4014933109283447,3.365420341491699,3.3406689167022705,3.108574151992798,3.32230281829834,3.3535428047180176,3.463954448699951,3.0506038665771484,3.2912631034851074
9.48,3.13936,0.0,3.137814521789551,3.301424741744995,3.3616294860839844,3.4364781379699707,3.1210362911224365,3.278705358505249,3.2914555072784424,3.351437568664551,3.3955297470092773,3.3546648025512695,3.290148973464966,3.3918275833129883,3.3958396911621094,3.3696393966674805,3.2404978275299072,3.3115317821502686,3.33190655708313,3.4180591106414795,3.46100115776062,3.3896918296813965,3.380082607269287,3.3671183586120605,3.3132102489471436,3.4014933109283447,3.365420341491699,3.3406689167022705,3.108574151992798,3.32230281829834,3.3535428047180176,3.463954448699951,3.0506038665771484,3.2912631034851074
9.49,3.05584,0.0,2.742913246154785,2.891155481338501,2.978982448577881,3.019580364227295,2.7494959831237793,2.899958610534668,2.9244184494018555,2.974595546722412,3.0353434085845947,3.004683017730713,2.9334919452667236,3.0333588123321533,3.000450611114502,3.0058298110961914,2.9170258045196533,2.9637484550476074,2.9651103019714355,3.0530426502227783,3.098928689956665,3.007150888442993,2.997769594192505,2.9966838359832764,2.9503915309906006,2.9318687915802,2.977729558944702,2.93569016456604,2.7443363666534424,2.9402389526367188,2.9603981971740723,3.0573911666870117,2.6863298416137695,2.913259983062744
9.5,2.9711,0.0,2.742913246154785,2.891155481338501,2.978982448577881,3.019580364227295,2.7494959831237793,2.899958610534668,2.9244184494018555,2.974595546722412,3.0353434085845947,3.004683017730713,2.9334919452667236,3.0333588123321533,3.000450611114502,3.0058298110961914,2.9170258045196533,2.9637484550476074,2.9651103019714355,3.0530426502227783,3.098928689956665,3.007150888442993,2.997769594192505,2.9966838359832764,2.9503915309906006,2.9318687915802,2.977729558944702,2.93569016456604,2.7443363666534424,2.9402389526367188,2.9603981971740723,3.0573911666870117,2.6863298416137695,2.913259983062744
9.51,2.88514,0.0,2.742913246154785,2.891155481338501,2.978982448577881,3.019580364227295,2.7494959831237793,2.899958610534668,2.9244184494018555,2.974595546722412,3.0353434085845947,3.004683017730713,2.9334919452667236,3.0333588123321533,3.000450611114502,3.0058298110961914,2.9170258045196533,2.9637484550476074,2.9651103019714355,3.0530426502227783,3.098928689956665,3.007150888442993,2.997769594192505,2.9966838359832764,2.9503915309906006,2.9318687915802,2.977729558944702,2.93569016456604,2.7443363666534424,2.9402389526367188,2.9603981971740723,3.0573911666870117,2.6863298416137695,2.913259983062744
9.52,2.79772,0.0,2.742913246154785,2.891155481338501,2.978982448577881,3.019580364227295,2.7494959831237793,2.899958610534668,2.9244184494018555,2.974595546722412,3.0353434085845947,3.004683017730713,2.9334919452667236,3.0333588123321533,3.000450611114502,3.0058298110961914,2.9170258045196533,2.9637484550476074,2.9651103019714355,3.0530426502227783,3.098928689956665,3.007150888442993,2.997769594192505,2.9966838359832764,2.9503915309906006,2.9318687915802,2.977729558944702,2.93569016456604,2.7443363666534424,2.9402389526367188,2.9603981971740723,3.0573911666870117,2.6863298416137695,2.913259983062744
9.53,2.70877,0.0,2.742913246154785,2.891155481338501,2.978982448577881,3.019580364227295,2.7494959831237793,2.899958610534668,2.9244184494018555,2.974595546722412,3.0353434085845947,3.004683017730713,2.9334919452667236,3.0333588123321533,3.000450611114502,3.0058298110961914,2.9170258045196533,2.9637484550476074,2.9651103019714355,3.0530426502227783,3.098928689956665,3.007150888442993,2.997769594192505,2.9966838359832764,2.9503915309906006,2.9318687915802,2.977729558944702,2.93569016456604,2.7443363666534424,2.9402389526367188,2.9603981971740723,3.0573911666870117,2.6863298416137695,2.913259983062744
9.54,2.63638,0.0,2.3304357528686523,2.483687162399292,2.596583366394043,2.630406141281128,2.355210781097412,2.494100570678711,2.5166375637054443,2.565821409225464,2.6578447818756104,2.6348533630371094,2.554605722427368,2.6411125659942627,2.59812068939209,2.597743511199951,2.54451060295105,2.5629351139068604,2.553558826446533,2.6417675018310547,2.6965465545654297,2.582367181777954,2.5722298622131348,2.5751452445983887,2.5348238945007324,2.5246918201446533,2.5432980060577393,2.490077257156372,2.363510847091675,2.5471997261047363,2.573629856109619,2.666264057159424,2.2926456928253174,2.5231704711914062
9.55,2.52599,0.0,2.3304357528686523,2.483687162399292,2.596583366394043,2.630406141281128,2.355210781097412,2.494100570678711,2.5166375637054443,2.565821409225464,2.6578447818756104,2.6348533630371094,2.554605722427368,2.6411125659942627,2.59812068939209,2.597743511199951,2.54451060295105,2.5629351139068604,2.553558826446533,2.6417675018310547,2.6965465545654297,2.582367181777954,2.5722298622131348,2.5751452445983887,2.5348238945007324,2.5246918201446533,2.5432980060577393,2.490077257156372,2.363510847091675,2.5471997261047363,2.573629856109619,2.666264057159424,2.2926456928253174,2.5231704711914062
9.56,2.43205,0.0,2.3304357528686523,2.483687162399292,2.596583366394043,2.630406141281128,2.355210781097412,2.494100570678711,2.5166375637054443,2.565821409225464,2.6578447818756104,2.6348533630371094,2.554605722427368,2.6411125659942627,2.59812068939209,2.597743511199951,2.54451060295105,2.5629351139068604,2.553558826446533,2.6417675018310547,2.6965465545654297,2.582367181777954,2.5722298622131348,2.5751452445983887,2.5348238945007324,2.5246918201446533,2.5432980060577393,2.490077257156372,2.363510847091675,2.5471997261047363,2.573629856109619,2.666264057159424,2.2926456928253174,2.5231704711914062
9.57,2.33636,0.0,2.3304357528686523,2.483687162399292,2.596583366394043,2.630406141281128,2.355210781097412,2.494100570678711,2.5166375637054443,2.565821409225464,2.6578447818756104,2.6348533630371094,2.554605722427368,2.6411125659942627,2.59812068939209,2.597743511199951,2.54451060295105,2.5629351139068604,2.553558826446533,2.6417675018310547,2.6965465545654297,2.582367181777954,2.5722298622131348,2.5751452445983887,2.5348238945007324,2.5246918201446533,2.5432980060577393,2.490077257156372,2.363510847091675,2.5471997261047363,2.573629856109619,2.666264057159424,2.2926456928253174,2.5231704711914062
9.58,2.23896,0.0,2.3304357528686523,2.483687162399292,2.596583366394043,2.630406141281128,2.355210781097412,2.494100570678711,2.5166375637054443,2.565821409225464,2.6578447818756104,2.6348533630371094,2.554605722427368,2.6411125659942627,2.59812068939209,2.597743511199951,2.54451060295105,2.5629351139068604,2.553558826446533,2.6417675018310547,2.6965465545654297,2.582367181777954,2.5722298622131348,2.5751452445983887,2.5348238945007324,2.5246918201446533,2.5432980060577393,2.490077257156372,2.363510847091675,2.5471997261047363,2.573629856109619,2.666264057159424,2.2926456928253174,2.5231704711914062
9.59,2.13985,0.0,1.8803677558898926,2.0378336906433105,2.178975820541382,2.1983211040496826,1.9481737613677979,2.077691078186035,2.09834623336792,2.12487530708313,2.2207469940185547,2.212970018386841,2.122191905975342,2.1853907108306885,2.1396443843841553,2.1485652923583984,2.1159603595733643,2.109090805053711,2.0901122093200684,2.197702169418335,2.2598953247070312,2.1306262016296387,2.117764711380005,2.1276774406433105,2.0943617820739746,2.0463707447052,2.0915229320526123,2.034726858139038,1.9553301334381104,2.114837408065796,2.13191819190979,2.2114510536193848,1.875646948814392,2.099897623062134
9.6,2.03911,0.0,1.8803677558898926,2.0378336906433105,2.178975820541382,2.1983211040496826,1.9481737613677979,2.077691078186035,2.09834623336792,2.12487530708313,2.2207469940185547,2.212970018386841,2.122191905975342,2.1853907108306885,2.1396443843841553,2.1485652923583984,2.1159603595733643,2.109090805053711,2.0901122093200684,2.197702169418335,2.2598953247070312,2.1306262016296387,2.117764711380005,2.1276774406433105,2.0943617820739746,2.0463707447052,2.0915229320526123,2.034726858139038,1.9553301334381104,2.114837408065796,2.13191819190979,2.2114510536193848,1.875646948814392,2.099897623062134
9.61,1.93684,0.0,1.8803677558898926,2.0378336906433105,2.178975820541382,2.1983211040496826,1.9481737613677979,2.077691078186035,2.09834623336792,2.12487530708313,2.2207469940185547,2.212970018386841,2.122191905975342,2.1853907108306885,2.1396443843841553,2.1485652923583984,2.1159603595733643,2.109090805053711,2.0901122093200684,2.197702169418335,2.2598953247070312,2.1306262016296387,2.117764711380005,2.1276774406433105,2.0943617820739746,2.0463707447052,2.0915229320526123,2.034726858139038,1.9553301334381104,2.114837408065796,2.13191819190979,2.2114510536193848,1.875646948814392,2.099897623062134
9.62,1.85391,0.0,1.8803677558898926,2.0378336906433105,2.178975820541382,2.1983211040496826,1.9481737613677979,2.077691078186035,2.09834623336792,2.12487530708313,2.2207469940185547,2.212970018386841,2.122191905975342,2.1853907108306885,2.1396443843841553,2.1485652923583984,2.1159603595733643,2.109090805053711,2.0901122093200684,2.197702169418335,2.2598953247070312,2.1306262016296387,2.117764711380005,2.1276774406433105,2.0943617820739746,2.0463707447052,2.0915229320526123,2.034726858139038,1.9553301334381104,2.114837408065796,2.13191819190979,2.2114510536193848,1.875646948814392,2.099897623062134
9.63,1.72818,0.0,1.8803677558898926,2.0378336906433105,2.178975820541382,2.1983211040496826,1.9481737613677979,2.077691078186035,2.09834623336792,2.12487530708313,2.2207469940185547,2.212970018386841,2.122191905975342,2.1853907108306885,2.1396443843841553,2.1485652923583984,2.1159603595733643,2.109090805053711,2.0901122093200684,2.197702169418335,2.2598953247070312,2.1306262016296387,2.117764711380005,2.1276774406433105,2.0943617820739746,2.0463707447052,2.0915229320526123,2.034726858139038,1.9553301334381104,2.114837408065796,2.13191819190979,2.2114510536193848,1.875646948814392,2.099897623062134
9.64,1.62213,0.0,1.4657039642333984,1.5562856197357178,1.6623945236206055,1.6576439142227173,1.541630506515503,1.5846669673919678,1.570967435836792,1.551100492477417,1.7383193969726562,1.742514729499817,1.6264604330062866,1.6675539016723633,1.5816121101379395,1.7462756633758545,1.7097675800323486,1.6764174699783325,1.6592612266540527,1.776442289352417,1.835986852645874,1.7192974090576172,1.7040276527404785,1.7033329010009766,1.671484351158142,1.5853757858276367,1.6764659881591797,1.6381547451019287,1.5244344472885132,1.5637034177780151,1.548288106918335,1.6204776763916016,1.511633276939392,1.6162937879562378
9.65,1.5152,0.0,1.4657039642333984,1.5562856197357178,1.6623945236206055,1.6576439142227173,1.541630506515503,1.5846669673919678,1.570967435836792,1.551100492477417,1.7383193969726562,1.742514729499817,1.6264604330062866,1.6675539016723633,1.5816121101379395,1.7462756633758545,1.7097675800323486,1.6764174699783325,1.6592612266540527,1.776442289352417,1.835986852645874,1.7192974090576172,1.7040276527404785,1.7033329010009766,1.671484351158142,1.5853757858276367,1.6764659881591797,1.6381547451019287,1.5244344472885132,1.5637034177780151,1.548288106918335,1.6204776763916016,1.511633276939392,1.6162937879562378
9.66,1.40765,0.0,1.4657039642333984,1.5562856197357178,1.6623945236206055,1.6576439142227173,1.541630506515503,1.5846669673919678,1.570967435836792,1.551100492477417,1.7383193969726562,1.742514729499817,1.6264604330062866,1.6675539016723633,1.5816121101379395,1.7462756633758545,1.7097675800323486,1.6764174699783325,1.6592612266540527,1.776442289352417,1.835986852645874,1.7192974090576172,1.7040276527404785,1.7033329010009766,1.671484351158142,1.5853757858276367,1.6764659881591797,1.6381547451019287,1.5244344472885132,1.5637034177780151,1.548288106918335,1.6204776763916016,1.511633276939392,1.6162937879562378
9.67,1.29973,0.0,1.4657039642333984,1.5562856197357178,1.6623945236206055,1.6576439142227173,1.541630506515503,1.5846669673919678,1.570967435836792,1.551100492477417,1.7383193969726562,1.742514729499817,1.6264604330062866,1.6675539016723633,1.5816121101379395,1.7462756633758545,1.7097675800323486,1.6764174699783325,1.6592612266540527,1.776442289352417,1.835986852645874,1.7192974090576172,1.7040276527404785,1.7033329010009766,1.671484351158142,1.5853757858276367,1.6764659881591797,1.6381547451019287,1.5244344472885132,1.5637034177780151,1.548288106918335,1.6204776763916016,1.511633276939392,1.6162937879562378
9.68,1.19175,0.0,1.4657039642333984,1.5562856197357178,1.6623945236206055,1.6576439142227173,1.541630506515503,1.5846669673919678,1.570967435836792,1.551100492477417,1.7383193969726562,1.742514729499817,1.6264604330062866,1.6675539016723633,1.5816121101379395,1.7462756633758545,1.7097675800323486,1.6764174699783325,1.6592612266540527,1.776442289352417,1.835986852645874,1.7192974090576172,1.7040276527404785,1.7033329010009766,1.671484351158142,1.5853757858276367,1.6764659881591797,1.6381547451019287,1.5244344472885132,1.5637034177780151,1.548288106918335,1.6204776763916016,1.511633276939392,1.6162937879562378
9.69,1.08399,0.0,1.2436587810516357,1.3136415481567383,1.3640239238739014,1.316184163093567,1.3297454118728638,1.3661737442016602,1.3801896572113037,1.328532338142395,1.3512351512908936,1.3459315299987793,1.2156119346618652,1.285739779472351,1.2732810974121094,1.4299122095108032,1.4027607440948486,1.3652821779251099,1.3468961715698242,1.4622955322265625,1.5157041549682617,1.4311918020248413,1.411903977394104,1.4499061107635498,1.4416359663009644,1.282009482383728,1.4540026187896729,1.4334404468536377,1.3167974948883057,1.2723737955093384,1.1949321031570435,1.2042266130447388,1.3195841312408447,1.3366199731826782
9.7,0.99818,0.0,1.2436587810516357,1.3136415481567383,1.3640239238739014,1.316184163093567,1.3297454118728638,1.3661737442016602,1.3801896572113037,1.328532338142395,1.3512351512908936,1.3459315299987793,1.2156119346618652,1.285739779472351,1.2732810974121094,1.4299122095108032,1.4027607440948486,1.3652821779251099,1.3468961715698242,1.4622955322265625,1.5157041549682617,1.4311918020248413,1.411903977394104,1.4499061107635498,1.4416359663009644,1.282009482383728,1.4540026187896729,1.4334404468536377,1.3167974948883057,1.2723737955093384,1.1949321031570435,1.2042266130447388,1.3195841312408447,1.3366199731826782
9.71,0.87074,0.0,1.2436587810516357,1.3136415481567383,1.3640239238739014,1.316184163093567,1.3297454118728638,1.3661737442016602,1.3801896572113037,1.328532338142395,1.3512351512908936,1.3459315299987793,1.2156119346618652,1.285739779472351,1.2732810974121094,1.4299122095108032,1.4027607440948486,1.3652821779251099,1.3468961715698242,1.4622955322265625,1.5157041549682617,1.4311918020248413,1.411903977394104,1.4499061107635498,1.4416359663009644,1.282009482383728,1.4540026187896729,1.4334404468536377,1.3167974948883057,1.2723737955093384,1.1949321031570435,1.2042266130447388,1.3195841312408447,1.3366199731826782
9.72,0.76594,0.0,1.2436587810516357,1.3136415481567383,1.3640239238739014,1.316184163093567,1.3297454118728638,1.3661737442016602,1.3801896572113037,1.328532338142395,1.3512351512908936,1.3459315299987793,1.2156119346618652,1.285739779472351,1.2732810974121094,1.4299122095108032,1.4027607440948486,1.3652821779251099,1.3468961715698242,1.4622955322265625,1.5157041549682617,1.4311918020248413,1.411903977394104,1.4499061107635498,1.4416359663009644,1.282009482383728,1.4540026187896729,1.4334404468536377,1.3167974948883057,1.2723737955093384,1.1949321031570435,1.2042266130447388,1.3195841312408447,1.3366199731826782
9.73,0.66286,0.0,1.2436587810516357,1.3136415481567383,1.3640239238739014,1.316184163093567,1.3297454118728638,1.3661737442016602,1.3801896572113037,1.328532338142395,1.3512351512908936,1.3459315299987793,1.2156119346618652,1.285739779472351,1.2732810974121094,1.4299122095108032,1.4027607440948486,1.3652821779251099,1.3468961715698242,1.4622955322265625,1.5157041549682617,1.4311918020248413,1.411903977394104,1.4499061107635498,1.4416359663009644,1.282009482383728,1.4540026187896729,1.4334404468536377,1.3167974948883057,1.2723737955093384,1.1949321031570435,1.2042266130447388,1.3195841312408447,1.3366199731826782
9.74,0.56191,0.0,0.9329685568809509,0.8846629858016968,0.8884499669075012,0.7994168996810913,1.0415992736816406,1.0484892129898071,1.0535674095153809,0.9879321455955505,1.0152747631072998,0.9983112812042236,0.8526273369789124,0.947787880897522,0.9029553532600403,1.0168945789337158,0.9827589392662048,0.9466692209243774,0.9321284294128418,1.056410789489746,1.0785374641418457,0.984771728515625,0.9710793495178223,1.0933774709701538,1.0667853355407715,0.8527783751487732,1.0476512908935547,1.027414321899414,1.0074540376663208,0.9254015684127808,0.8211145401000977,0.8041681051254272,0.9626866579055786,0.9017818570137024
9.75,0.46352,0.00178,0.9329685568809509,0.8846629858016968,0.8884499669075012,0.7994168996810913,1.0415992736816406,1.0484892129898071,1.0535674095153809,0.9879321455955505,1.0152747631072998,0.9983112812042236,0.8526273369789124,0.947787880897522,0.9029553532600403,1.0168945789337158,0.9827589392662048,0.9466692209243774,0.9321284294128418,1.056410789489746,1.0785374641418457,0.984771728515625,0.9710793495178223,1.0933774709701538,1.0667853355407715,0.8527783751487732,1.0476512908935547,1.027414321899414,1.0074540376663208,0.9254015684127808,0.8211145401000977,0.8041681051254272,0.9626866579055786,0.9017818570137024
9.76,0.36807,0.0028,0.9329685568809509,0.8846629858016968,0.8884499669075012,0.7994168996810913,1.0415992736816406,1.0484892129898071,1.0535674095153809,0.9879321455955505,1.0152747631072998,0.9983112812042236,0.8526273369789124,0.947787880897522,0.9029553532600403,1.0168945789337158,0.9827589392662048,0.9466692209243774,0.9321284294128418,1.056410789489746,1.0785374641418457,0.984771728515625,0.9710793495178223,1.0933774709701538,1.0667853355407715,0.8527783751487732,1.0476512908935547,1.027414321899414,1.0074540376663208,0.9254015684127808,0.8211145401000977,0.8041681051254272,0.9626866579055786,0.9017818570137024
9.77,0.27599,0.00377,0.9329685568809509,0.8846629858016968,0.8884499669075012,0.7994168996810913,1.0415992736816406,1.0484892129898071,1.0535674095153809,0.9879321455955505,1.0152747631072998,0.9983112812042236,0.8526273369789124,0.947787880897522,0.9029553532600403,1.0168945789337158,0.9827589392662048,0.9466692209243774,0.9321284294128418,1.056410789489746,1.0785374641418457,0.984771728515625,0.9710793495178223,1.0933774709701538,1.0667853355407715,0.8527783751487732,1.0476512908935547,1.027414321899414,1.0074540376663208,0.9254015684127808,0.8211145401000977,0.8041681051254272,0.9626866579055786,0.9017818570137024
9.78,0.18765,0.00466,0.9329685568809509,0.8846629858016968,0.8884499669075012,0.7994168996810913,1.0415992736816406,1.0484892129898071,1.0535674095153809,0.9879321455955505,1.0152747631072998,0.9983112812042236,0.8526273369789124,0.947787880897522,0.9029553532600403,1.0168945789337158,0.9827589392662048,0.9466692209243774,0.9321284294128418,1.056410789489746,1.0785374641418457,0.984771728515625,0.9710793495178223,1.0933774709701538,1.0667853355407715,0.8527783751487732,1.0476512908935547,1.027414321899414,1.0074540376663208,0.9254015684127808,0.8211145401000977,0.8041681051254272,0.9626866579055786,0.9017818570137024
9.79,0.11989,0.00533,0.5579211711883545,0.53498774766922,0.5217421054840088,0.43959760665893555,0.6447467803955078,0.6599964499473572,0.6396518349647522,0.5702835321426392,0.6746793389320374,0.6474361419677734,0.4903072416782379,0.5751467943191528,0.6312390565872192,0.5641638040542603,0.5223479270935059,0.5007050633430481,0.49453866481781006,0.6210281252861023,0.6312620639801025,0.5279613733291626,0.521148681640625,0.627390444278717,0.5806481838226318,0.5218387842178345,0.5401055812835693,0.500866174697876,0.6260082125663757,0.5946967601776123,0.5120579600334167,0.5167035460472107,0.5275659561157227,0.5284990072250366
9.8,0.02406,0.00624,0.5579211711883545,0.53498774766922,0.5217421054840088,0.43959760665893555,0.6447467803955078,0.6599964499473572,0.6396518349647522,0.5702835321426392,0.6746793389320374,0.6474361419677734,0.4903072416782379,0.5751467943191528,0.6312390565872192,0.5641638040542603,0.5223479270935059,0.5007050633430481,0.49453866481781006,0.6210281252861023,0.6312620639801025,0.5279613733291626,0.521148681640625,0.627390444278717,0.5806481838226318,0.5218387842178345,0.5401055812835693,0.500866174697876,0.6260082125663757,0.5946967601776123,0.5120579600334167,0.5167035460472107,0.5275659561157227,0.5284990072250366
9.81,0.0,0.00692,0.5579211711883545,0.53498774766922,0.5217421054840088,0.43959760665893555,0.6447467803955078,0.6599964499473572,0.6396518349647522,0.5702835321426392,0.6746793389320374,0.6474361419677734,0.4903072416782379,0.5751467943191528,0.6312390565872192,0.5641638040542603,0.5223479270935059,0.5007050633430481,0.49453866481781006,0.6210281252861023,0.6312620639801025,0.5279613733291626,0.521148681640625,0.627390444278717,0.5806481838226318,0.5218387842178345,0.5401055812835693,0.500866174697876,0.6260082125663757,0.5946967601776123,0.5120579600334167,0.5167035460472107,0.5275659561157227,0.5284990072250366
9.82,0.0,0.00751,0.5579211711883545,0.53498774766922,0.5217421054840088,0.43959760665893555,0.6447467803955078,0.6599964499473572,0.6396518349647522,0.5702835321426392,0.6746793389320374,0.6474361419677734,0.4903072416782379,0.5751467943191528,0.6312390565872192,0.5641638040542603,0.5223479270935059,0.5007050633430481,0.49453866481781006,0.6210281252861023,0.6312620639801025,0.5279613733291626,0.521148681640625,0.627390444278717,0.5806481838226318,0.5218387842178345,0.5401055812835693,0.500866174697876,0.6260082125663757,0.5946967601776123,0.5120579600334167,0.5167035460472107,0.5275659561157227,0.5284990072250366
9.83,0.0,0.00802,0.5579211711883545,0.53498774766922,0.5217421054840088,0.43959760665893555,0.6447467803955078,0.6599964499473572,0.6396518349647522,0.5702835321426392,0.6746793389320374,0.6474361419677734,0.4903072416782379,0.5751467943191528,0.6312390565872192,0.5641638040542603,0.5223479270935059,0.5007050633430481,0.49453866481781006,0.6210281252861023,0.6312620639801025,0.5279613733291626,0.521148681640625,0.627390444278717,0.5806481838226318,0.5218387842178345,0.5401055812835693,0.500866174697876,0.6260082125663757,0.5946967601776123,0.5120579600334167,0.5167035460472107,0.5275659561157227,0.5284990072250366
9.84,0.0,0.00845,0.24816952645778656,0.3488544821739197,0.37025946378707886,0.3352442979812622,0.3080635964870453,0.3761032819747925,0.37523287534713745,0.3388786315917969,0.43056127429008484,0.3854178786277771,0.20825695991516113,0.2834513485431671,0.4506760239601135,0.26080894470214844,0.19743286073207855,0.21020308136940002,0.2146134227514267,0.3261190354824066,0.35121244192123413,0.26563146710395813,0.2627018988132477,0.29312020540237427,0.2628123164176941,0.31277674436569214,0.23841777443885803,0.1869984120130539,0.35718393325805664,0.40388911962509155,0.36545097827911377,0.37580716609954834,0.18168383836746216,0.3251746594905853
9.85,0.0,0.00879,0.24816952645778656,0.3488544821739197,0.37025946378707886,0.3352442979812622,0.3080635964870453,0.3761032819747925,0.37523287534713745,0.3388786315917969,0.43056127429008484,0.3854178786277771,0.20825695991516113,0.2834513485431671,0.4506760239601135,0.26080894470214844,0.19743286073207855,0.21020308136940002,0.2146134227514267,0.3261190354824066,0.35121244192123413,0.26563146710395813,0.2627018988132477,0.29312020540237427,0.2628123164176941,0.31277674436569214,0.23841777443885803,0.1869984120130539,0.35718393325805664,0.40388911962509155,0.36545097827911377,0.37580716609954834,0.18168383836746216,0.3251746594905853
9.86,0.0,0.00905,0.24816952645778656,0.3488544821739197,0.37025946378707886,0.3352442979812622,0.3080635964870453,0.3761032819747925,0.37523287534713745,0.3388786315917969,0.43056127429008484,0.3854178786277771,0.20825695991516113,0.2834513485431671,0.4506760239601135,0.26080894470214844,0.19743286073207855,0.21020308136940002,0.2146134227514267,0.3261190354824066,0.35121244192123413,0.26563146710395813,0.2627018988132477,0.29312020540237427,0.2628123164176941,0.31277674436569214,0.23841777443885803,0.1869984120130539,0.35718393325805664,0.40388911962509155,0.36545097827911377,0.37580716609954834,0.18168383836746216,0.3251746594905853
9.87,0.0,0.00919,0.24816952645778656,0.3488544821739197,0.37025946378707886,0.3352442979812622,0.3080635964870453,0.3761032819747925,0.37523287534713745,0.3388786315917969,0.43056127429008484,0.3854178786277771,0.20825695991516113,0.2834513485431671,0.4506760239601135,0.26080894470214844,0.19743286073207855,0.21020308136940002,0.2146134227514267,0.3261190354824066,0.35121244192123413,0.26563146710395813,0.2627018988132477,0.29312020540237427,0.2628123164176941,0.31277674436569214,0.23841777443885803,0.1869984120130539,0.35718393325805664,0.40388911962509155,0.36545097827911377,0.37580716609954834,0.18168383836746216,0.3251746594905853
9.88,0.0,0.00931,0.24816952645778656,0.3488544821739197,0.37025946378707886,0.3352442979812622,0.3080635964870453,0.3761032819747925,0.37523287534713745,0.3388786315917969,0.43056127429008484,0.3854178786277771,0.20825695991516113,0.2834513485431671,0.4506760239601135,0.26080894470214844,0.19743286073207855,0.21020308136940002,0.2146134227514267,0.3261190354824066,0.35121244192123413,0.26563146710395813,0.2627018988132477,0.29312020540237427,0.2628123164176941,0.31277674436569214,0.23841777443885803,0.1869984120130539,0.35718393325805664,0.40388911962509155,0.36545097827911377,0.37580716609954834,0.18168383836746216,0.3251746594905853
9.89,0.0,0.00931,0.04549911618232727,0.21551109850406647,0.2622497081756592,0.25490257143974304,0.0711553767323494,0.16405931115150452,0.1958632916212082,0.21575769782066345,0.22566460072994232,0.17886236310005188,-0.0221824049949646,0.04708877205848694,0.29477590322494507,0.06362143158912659,-0.022171199321746826,0.01978670060634613,0.03428718447685242,0.1240786761045456,0.16037559509277344,0.06511512398719788,0.06196705996990204,0.06973594427108765,0.060377512127161026,0.16388386487960815,0.04119542986154556,-0.01661529764533043,0.1476677656173706,0.2322440892457962,0.22390973567962646,0.2179023176431656,-0.047767579555511475,0.173848494887352
9.9,0.0,0.00924,0.04549911618232727,0.21551109850406647,0.2622497081756592,0.25490257143974304,0.0711553767323494,0.16405931115150452,0.1958632916212082,0.21575769782066345,0.22566460072994232,0.17886236310005188,-0.0221824049949646,0.04708877205848694,0.29477590322494507,0.06362143158912659,-0.022171199321746826,0.01978670060634613,0.03428718447685242,0.1240786761045456,0.16037559509277344,0.06511512398719788,0.06196705996990204,0.06973594427108765,0.060377512127161026,0.16388386487960815,0.04119542986154556,-0.01661529764533043,0.1476677656173706,0.2322440892457962,0.22390973567962646,0.2179023176431656,-0.047767579555511475,0.173848494887352
9.91,0.0,0.00908,0.04549911618232727,0.21551109850406647,0.2622497081756592,0.25490257143974304,0.0711553767323494,0.16405931115150452,0.1958632916212082,0.21575769782066345,0.22566460072994232,0.17886236310005188,-0.0221824049949646,0.04708877205848694,0.29477590322494507,0.06362143158912659,-0.022171199321746826,0.01978670060634613,0.03428718447685242,0.1240786761045456,0.16037559509277344,0.06511512398719788,0.06196705996990204,0.06973594427108765,0.060377512127161026,0.16388386487960815,0.04119542986154556,-0.01661529764533043,0.1476677656173706,0.2322440892457962,0.22390973567962646,0.2179023176431656,-0.047767579555511475,0.173848494887352
9.92,0.0,0.00886,0.04549911618232727,0.21551109850406647,0.2622497081756592,0.25490257143974304,0.0711553767323494,0.16405931115150452,0.1958632916212082,0.21575769782066345,0.22566460072994232,0.17886236310005188,-0.0221824049949646,0.04708877205848694,0.29477590322494507,0.06362143158912659,-0.022171199321746826,0.01978670060634613,0.03428718447685242,0.1240786761045456,0.16037559509277344,0.06511512398719788,0.06196705996990204,0.06973594427108765,0.060377512127161026,0.16388386487960815,0.04119542986154556,-0.01661529764533043,0.1476677656173706,0.2322440892457962,0.22390973567962646,0.2179023176431656,-0.047767579555511475,0.173848494887352
9.93,0.0,0.00856,0.04549911618232727,0.21551109850406647,0.2622497081756592,0.25490257143974304,0.0711553767323494,0.16405931115150452,0.1958632916212082,0.21575769782066345,0.22566460072994232,0.17886236310005188,-0.0221824049949646,0.04708877205848694,0.29477590322494507,0.06362143158912659,-0.022171199321746826,0.01978670060634613,0.03428718447685242,0.1240786761045456,0.16037559509277344,0.06511512398719788,0.06196705996990204,0.06973594427108765,0.060377512127161026,0.16388386487960815,0.04119542986154556,-0.01661529764533043,0.1476677656173706,0.2322440892457962,0.22390973567962646,0.2179023176431656,-0.047767579555511475,0.173848494887352
9.94,0.0,0.0082,-0.040714412927627563,0.12194100022315979,0.14621086418628693,0.15344181656837463,-0.06872127950191498,0.015067720785737038,0.0515507310628891,0.09967686980962753,0.12308980524539948,0.07832518219947815,-0.13171079754829407,-0.04084959626197815,0.1774936020374298,0.027444541454315186,-0.06979990005493164,0.006105050444602966,0.028802692890167236,0.057847291231155396,0.09641122817993164,0.015684038400650024,0.014315098524093628,-0.01691288873553276,-0.021155763417482376,0.11670185625553131,-0.01712954416871071,-0.05588100478053093,0.02067805826663971,0.10187871754169464,0.11268959939479828,0.10749562084674835,-0.1424785554409027,0.05307324230670929
9.95,0.0,0.00786,-0.040714412927627563,0.12194100022315979,0.14621086418628693,0.15344181656837463,-0.06872127950191498,0.015067720785737038,0.0515507310628891,0.09967686980962753,0.12308980524539948,0.07832518219947815,-0.13171079754829407,-0.04084959626197815,0.1774936020374298,0.027444541454315186,-0.06979990005493164,0.006105050444602966,0.028802692890167236,0.057847291231155396,0.09641122817993164,0.015684038400650024,0.014315098524093628,-0.01691288873553276,-0.021155763417482376,0.11670185625553131,-0.01712954416871071,-0.05588100478053093,0.02067805826663971,0.10187871754169464,0.11268959939479828,0.10749562084674835,-0.1424785554409027,0.05307324230670929
9.96,0.0,0.00729,-0.040714412927627563,0.12194100022315979,0.14621086418628693,0.15344181656837463,-0.06872127950191498,0.015067720785737038,0.0515507310628891,0.09967686980962753,0.12308980524539948,0.07832518219947815,-0.13171079754829407,-0.04084959626197815,0.1774936020374298,0.027444541454315186,-0.06979990005493164,0.006105050444602966,0.028802692890167236,0.057847291231155396,0.09641122817993164,0.015684038400650024,0.014315098524093628,-0.01691288873553276,-0.021155763417482376,0.11670185625553131,-0.01712954416871071,-0.05588100478053093,0.02067805826663971,0.10187871754169464,0.11268959939479828,0.10749562084674835,-0.1424785554409027,0.05307324230670929
9.97,0.0,0.00676,-0.040714412927627563,0.12194100022315979,0.14621086418628693,0.15344181656837463,-0.06872127950191498,0.015067720785737038,0.0515507310628891,0.09967686980962753,0.12308980524539948,0.07832518219947815,-0.13171079754829407,-0.04084959626197815,0.1774936020374298,0.027444541454315186,-0.06979990005493164,0.006105050444602966,0.028802692890167236,0.057847291231155396,0.09641122817993164,0.015684038400650024,0.014315098524093628,-0.01691288873553276,-0.021155763417482376,0.11670185625553131,-0.01712954416871071,-0.05588100478053093,0.02067805826663971,0.10187871754169464,0.11268959939479828,0.10749562084674835,-0.1424785554409027,0.05307324230670929
9.98,0.0,0.00618,-0.040714412927627563,0.12194100022315979,0.14621086418628693,0.15344181656837463,-0.06872127950191498,0.015067720785737038,0.0515507310628891,0.09967686980962753,0.12308980524539948,0.07832518219947815,-0.13171079754829407,-0.04084959626197815,0.1774936020374298,0.027444541454315186,-0.06979990005493164,0.006105050444602966,0.028802692890167236,0.057847291231155396,0.09641122817993164,0.015684038400650024,0.014315098524093628,-0.01691288873553276,-0.021155763417482376,0.11670185625553131,-0.01712954416871071,-0.05588100478053093,0.02067805826663971,0.10187871754169464,0.11268959939479828,0.10749562084674835,-0.1424785554409027,0.05307324230670929
9.99,0.0,0.00556,-0.056417316198349,0.07158136367797852,0.20163598656654358,0.1988607943058014,-0.01993737183511257,0.07725051045417786,0.11284099519252777,0.10599049180746078,0.013768911361694336,-0.005063802003860474,-0.20654240250587463,-0.1113123893737793,0.16966211795806885,-0.03076377511024475,-0.09988600015640259,-0.027508005499839783,-0.01962098479270935,0.027295216917991638,0.06673474609851837,-0.0006923079490661621,-0.0021500438451766968,-0.008445445448160172,-0.022753942757844925,0.09618133306503296,-0.00470217689871788,0.0003201998770236969,0.009448349475860596,0.08565498143434525,0.08013011515140533,0.08885276317596436,-0.04556339979171753,0.10864929854869843
10.0,0.0,0.0049,-0.056417316198349,0.07158136367797852,0.20163598656654358,0.1988607943058014,-0.01993737183511257,0.07725051045417786,0.11284099519252777,0.10599049180746078,0.013768911361694336,-0.005063802003860474,-0.20654240250587463,-0.1113123893737793,0.16966211795806885,-0.03076377511024475,-0.09988600015640259,-0.027508005499839783,-0.01962098479270935,0.027295216917991638,0.06673474609851837,-0.0006923079490661621,-0.0021500438451766968,-0.008445445448160172,-0.022753942757844925,0.09618133306503296,-0.00470217689871788,0.0003201998770236969,0.009448349475860596,0.08565498143434525,0.08013011515140533,0.08885276317596436,-0.04556339979171753,0.10864929854869843
10.01,0.0,0.00422,-0.056417316198349,0.07158136367797852,0.20163598656654358,0.1988607943058014,-0.01993737183511257,0.07725051045417786,0.11284099519252777,0.10599049180746078,0.013768911361694336,-0.005063802003860474,-0.20654240250587463,-0.1113123893737793,0.16966211795806885,-0.03076377511024475,-0.09988600015640259,-0.027508005499839783,-0.01962098479270935,0.027295216917991638,0.06673474609851837,-0.0006923079490661621,-0.0021500438451766968,-0.008445445448160172,-0.022753942757844925,0.09618133306503296,-0.00470217689871788,0.0003201998770236969,0.009448349475860596,0.08565498143434525,0.08013011515140533,0.08885276317596436,-0.04556339979171753,0.10864929854869843
10.02,0.0,0.00351,-0.056417316198349,0.07158136367797852,0.20163598656654358,0.1988607943058014,-0.01993737183511257,0.07725051045417786,0.11284099519252777,0.10599049180746078,0.013768911361694336,-0.005063802003860474,-0.20654240250587463,-0.1113123893737793,0.16966211795806885,-0.03076377511024475,-0.09988600015640259,-0.027508005499839783,-0.01962098479270935,0.027295216917991638,0.06673474609851837,-0.0006923079490661621,-0.0021500438451766968,-0.008445445448160172,-0.022753942757844925,0.09618133306503296,-0.00470217689871788,0.0003201998770236969,0.009448349475860596,0.08565498143434525,0.08013011515140533,0.08885276317596436,-0.04556339979171753,0.10864929854869843
10.03,0.0,0.00279,-0.056417316198349,0.07158136367797852,0.20163598656654358,0.1988607943058014,-0.01993737183511257,0.07725051045417786,0.11284099519252777,0.10599049180746078,0.013768911361694336,-0.005063802003860474,-0.20654240250587463,-0.1113123893737793,0.16966211795806885,-0.03076377511024475,-0.09988600015640259,-0.027508005499839783,-0.01962098479270935,0.027295216917991638,0.06673474609851837,-0.0006923079490661621,-0.0021500438451766968,-0.008445445448160172,-0.022753942757844925,0.09618133306503296,-0.00470217689871788,0.0003201998770236969,0.009448349475860596,0.08565498143434525,0.08013011515140533,0.08885276317596436,-0.04556339979171753,0.10864929854869843
10.04,0.0,0.00219,0.0052610039710998535,0.11182940006256104,0.3028365969657898,0.25966840982437134,0.24870476126670837,0.32880061864852905,0.3451361060142517,0.2414248287677765,-0.02389073371887207,-0.03394109010696411,-0.1993979513645172,-0.09767225384712219,0.25706803798675537,-0.023662716150283813,-0.08233368396759033,-0.010173991322517395,-0.011339277029037476,0.041564181447029114,0.07827380299568176,0.02413611114025116,0.01659289002418518,0.12921260297298431,0.09305816888809204,0.14567779004573822,0.12161251902580261,0.17694275081157684,0.1270662099123001,0.18656815588474274,0.13198794424533844,0.14832215011119843,0.1381121426820755,0.22062386572360992
10.05,0.0,0.0013,0.0052610039710998535,0.11182940006256104,0.3028365969657898,0.25966840982437134,0.24870476126670837,0.32880061864852905,0.3451361060142517,0.2414248287677765,-0.02389073371887207,-0.03394109010696411,-0.1993979513645172,-0.09767225384712219,0.25706803798675537,-0.023662716150283813,-0.08233368396759033,-0.010173991322517395,-0.011339277029037476,0.041564181447029114,0.07827380299568176,0.02413611114025116,0.01659289002418518,0.12921260297298431,0.09305816888809204,0.14567779004573822,0.12161251902580261,0.17694275081157684,0.1270662099123001,0.18656815588474274,0.13198794424533844,0.14832215011119843,0.1381121426820755,0.22062386572360992
10.06,0.0,0.0,0.0052610039710998535,0.11182940006256104,0.3028365969657898,0.25966840982437134,0.24870476126670837,0.32880061864852905,0.3451361060142517,0.2414248287677765,-0.02389073371887207,-0.03394109010696411,-0.1993979513645172,-0.09767225384712219,0.25706803798675537,-0.023662716150283813,-0.08233368396759033,-0.010173991322517395,-0.011339277029037476,0.041564181447029114,0.07827380299568176,0.02413611114025116,0.01659289002418518,0.12921260297298431,0.09305816888809204,0.14567779004573822,0.12161251902580261,0.17694275081157684,0.1270662099123001,0.18656815588474274,0.13198794424533844,0.14832215011119843,0.1381121426820755,0.22062386572360992
10.07,0.0,0.0,0.0052610039710998535,0.11182940006256104,0.3028365969657898,0.25966840982437134,0.24870476126670837,0.32880061864852905,0.3451361060142517,0.2414248287677765,-0.02389073371887207,-0.03394109010696411,-0.1993979513645172,-0.09767225384712219,0.25706803798675537,-0.023662716150283813,-0.08233368396759033,-0.010173991322517395,-0.011339277029037476,0.041564181447029114,0.07827380299568176,0.02413611114025116,0.01659289002418518,0.12921260297298431,0.09305816888809204,0.14567779004573822,0.12161251902580261,0.17694275081157684,0.1270662099123001,0.18656815588474274,0.13198794424533844,0.14832215011119843,0.1381121426820755,0.22062386572360992
10.08,0.0,0.0,0.0052610039710998535,0.11182940006256104,0.3028365969657898,0.25966840982437134,0.24870476126670837,0.32880061864852905,0.3451361060142517,0.2414248287677765,-0.02389073371887207,-0.03394109010696411,-0.1993979513645172,-0.09767225384712219,0.25706803798675537,-0.023662716150283813,-0.08233368396759033,-0.010173991322517395,-0.011339277029037476,0.041564181447029114,0.07827380299568176,0.02413611114025116,0.01659289002418518,0.12921260297298431,0.09305816888809204,0.14567779004573822,0.12161251902580261,0.17694275081157684,0.1270662099123001,0.18656815588474274,0.13198794424533844,0.14832215011119843,0.1381121426820755,0.22062386572360992
10.09,0.0,0.0,0.12230324745178223,0.1746581792831421,0.18737444281578064,0.11649498343467712,0.4699881374835968,0.43152955174446106,0.375894159078598,0.2564217448234558,0.12184487283229828,0.09151437878608704,-0.05048200488090515,0.06990116834640503,0.2406529188156128,0.1787482351064682,0.09871134161949158,0.1692950576543808,0.18166981637477875,0.1916636824607849,0.21439513564109802,0.1891985386610031,0.18465127050876617,0.3110720217227936,0.26067042350769043,0.2187279313802719,0.3102492690086365,0.37409183382987976,0.27381351590156555,0.2624152898788452,0.20847898721694946,0.2174452245235443,0.263057678937912,0.17373444139957428
10.1,0.04186,0.0,0.12230324745178223,0.1746581792831421,0.18737444281578064,0.11649498343467712,0.4699881374835968,0.43152955174446106,0.375894159078598,0.2564217448234558,0.12184487283229828,0.09151437878608704,-0.05048200488090515,0.06990116834640503,0.2406529188156128,0.1787482351064682,0.09871134161949158,0.1692950576543808,0.18166981637477875,0.1916636824607849,0.21439513564109802,0.1891985386610031,0.18465127050876617,0.3110720217227936,0.26067042350769043,0.2187279313802719,0.3102492690086365,0.37409183382987976,0.27381351590156555,0.2624152898788452,0.20847898721694946,0.2174452245235443,0.263057678937912,0.17373444139957428
10.11,0.08012,0.0,0.12230324745178223,0.1746581792831421,0.18737444281578064,0.11649498343467712,0.4699881374835968,0.43152955174446106,0.375894159078598,0.2564217448234558,0.12184487283229828,0.09151437878608704,-0.05048200488090515,0.06990116834640503,0.2406529188156128,0.1787482351064682,0.09871134161949158,0.1692950576543808,0.18166981637477875,0.1916636824607849,0.21439513564109802,0.1891985386610031,0.18465127050876617,0.3110720217227936,0.26067042350769043,0.2187279313802719,0.3102492690086365,0.37409183382987976,0.27381351590156555,0.2624152898788452,0.20847898721694946,0.2174452245235443,0.263057678937912,0.17373444139957428
10.12,0.10914,0.0,0.12230324745178223,0.1746581792831421,0.18737444281578064,0.11649498343467712,0.4699881374835968,0.43152955174446106,0.375894159078598,0.2564217448234558,0.12184487283229828,0.09151437878608704,-0.05048200488090515,0.06990116834640503,0.2406529188156128,0.1787482351064682,0.09871134161949158,0.1692950576543808,0.18166981637477875,0.1916636824607849,0.21439513564109802,0.1891985386610031,0.18465127050876617,0.3110720217227936,0.26067042350769043,0.2187279313802719,0.3102492690086365,0.37409183382987976,0.27381351590156555,0.2624152898788452,0.20847898721694946,0.2174452245235443,0.263057678937912,0.17373444139957428
10.13,0.14948,0.0,0.12230324745178223,0.1746581792831421,0.18737444281578064,0.11649498343467712,0.4699881374835968,0.43152955174446106,0.375894159078598,0.2564217448234558,0.12184487283229828,0.09151437878608704,-0.05048200488090515,0.06990116834640503,0.2406529188156128,0.1787482351064682,0.09871134161949158,0.1692950576543808,0.18166981637477875,0.1916636824607849,0.21439513564109802,0.1891985386610031,0.18465127050876617,0.3110720217227936,0.26067042350769043,0.2187279313802719,0.3102492690086365,0.37409183382987976,0.27381351590156555,0.2624152898788452,0.20847898721694946,0.2174452245235443,0.263057678937912,0.17373444139957428
10.14,0.17987,0.0,0.2465282529592514,0.2594444453716278,0.06718787550926208,-0.0024368613958358765,0.5277951955795288,0.41621360182762146,0.3141915798187256,0.22630804777145386,0.2797996401786804,0.24387890100479126,0.11846980452537537,0.2395745813846588,0.19834113121032715,0.33772897720336914,0.27573949098587036,0.3034902513027191,0.3137340545654297,0.3366500735282898,0.3473729193210602,0.3245060443878174,0.3281515836715698,0.4013141989707947,0.35833966732025146,0.23264338076114655,0.40042856335639954,0.4326293170452118,0.387262225151062,0.31504982709884644,0.2912150025367737,0.2682742774486542,0.32203200459480286,0.11572675406932831
10.15,0.20701,0.0,0.2465282529592514,0.2594444453716278,0.06718787550926208,-0.0024368613958358765,0.5277951955795288,0.41621360182762146,0.3141915798187256,0.22630804777145386,0.2797996401786804,0.24387890100479126,0.11846980452537537,0.2395745813846588,0.19834113121032715,0.33772897720336914,0.27573949098587036,0.3034902513027191,0.3137340545654297,0.3366500735282898,0.3473729193210602,0.3245060443878174,0.3281515836715698,0.4013141989707947,0.35833966732025146,0.23264338076114655,0.40042856335639954,0.4326293170452118,0.387262225151062,0.31504982709884644,0.2912150025367737,0.2682742774486542,0.32203200459480286,0.11572675406932831
10.16,0.23065,0.0,0.2465282529592514,0.2594444453716278,0.06718787550926208,-0.0024368613958358765,0.5277951955795288,0.41621360182762146,0.3141915798187256,0.22630804777145386,0.2797996401786804,0.24387890100479126,0.11846980452537537,0.2395745813846588,0.19834113121032715,0.33772897720336914,0.27573949098587036,0.3034902513027191,0.3137340545654297,0.3366500735282898,0.3473729193210602,0.3245060443878174,0.3281515836715698,0.4013141989707947,0.35833966732025146,0.23264338076114655,0.40042856335639954,0.4326293170452118,0.387262225151062,0.31504982709884644,0.2912150025367737,0.2682742774486542,0.32203200459480286,0.11572675406932831
10.17,0.25059,0.0,0.2465282529592514,0.2594444453716278,0.06718787550926208,-0.0024368613958358765,0.5277951955795288,0.41621360182762146,0.3141915798187256,0.22630804777145386,0.2797996401786804,0.24387890100479126,0.11846980452537537,0.2395745813846588,0.19834113121032715,0.33772897720336914,0.27573949098587036,0.3034902513027191,0.3137340545654297,0.3366500735282898,0.3473729193210602,0.3245060443878174,0.3281515836715698,0.4013141989707947,0.35833966732025146,0.23264338076114655,0.40042856335639954,0.4326293170452118,0.387262225151062,0.31504982709884644,0.2912150025367737,0.2682742774486542,0.32203200459480286,0.11572675406932831
10.18,0.26669,0.0,0.2465282529592514,0.2594444453716278,0.06718787550926208,-0.0024368613958358765,0.5277951955795288,0.41621360182762146,0.3141915798187256,0.22630804777145386,0.2797996401786804,0.24387890100479126,0.11846980452537537,0.2395745813846588,0.19834113121032715,0.33772897720336914,0.27573949098587036,0.3034902513027191,0.3137340545654297,0.3366500735282898,0.3473729193210602,0.3245060443878174,0.3281515836715698,0.4013141989707947,0.35833966732025146,0.23264338076114655,0.40042856335639954,0.4326293170452118,0.387262225151062,0.31504982709884644,0.2912150025367737,0.2682742774486542,0.32203200459480286,0.11572675406932831
10.19,0.27886,0.0,0.27696335315704346,0.22532957792282104,-0.02292811870574951,-0.0648317039012909,0.392997682094574,0.27547556161880493,0.18257611989974976,0.1418532133102417,0.3136540651321411,0.29120102524757385,0.18175175786018372,0.2758386731147766,0.08585692942142487,0.31804513931274414,0.29846078157424927,0.27117669582366943,0.2743185758590698,0.32922035455703735,0.3304275572299957,0.28101813793182373,0.2893763780593872,0.3298322856426239,0.2982366979122162,0.11141689121723175,0.31303802132606506,0.306199312210083,0.35144370794296265,0.2447614073753357,0.24101591110229492,0.1863149106502533,0.26114898920059204,0.045238494873046875
10.2,0.28573,0.0,0.27696335315704346,0.22532957792282104,-0.02292811870574951,-0.0648317039012909,0.392997682094574,0.27547556161880493,0.18257611989974976,0.1418532133102417,0.3136540651321411,0.29120102524757385,0.18175175786018372,0.2758386731147766,0.08585692942142487,0.31804513931274414,0.29846078157424927,0.27117669582366943,0.2743185758590698,0.32922035455703735,0.3304275572299957,0.28101813793182373,0.2893763780593872,0.3298322856426239,0.2982366979122162,0.11141689121723175,0.31303802132606506,0.306199312210083,0.35144370794296265,0.2447614073753357,0.24101591110229492,0.1863149106502533,0.26114898920059204,0.045238494873046875
10.21,0.29124,0.0,0.27696335315704346,0.22532957792282104,-0.02292811870574951,-0.0648317039012909,0.392997682094574,0.27547556161880493,0.18257611989974976,0.1418532133102417,0.3136540651321411,0.29120102524757385,0.18175175786018372,0.2758386731147766,0.08585692942142487,0.31804513931274414,0.29846078157424927,0.27117669582366943,0.2743185758590698,0.32922035455703735,0.3304275572299957,0.28101813793182373,0.2893763780593872,0.3298322856426239,0.2982366979122162,0.11141689121723175,0.31303802132606506,0.306199312210083,0.35144370794296265,0.2447614073753357,0.24101591110229492,0.1863149106502533,0.26114898920059204,0.045238494873046875
10.22,0.29152,0.0,0.27696335315704346,0.22532957792282104,-0.02292811870574951,-0.0648317039012909,0.392997682094574,0.27547556161880493,0.18257611989974976,0.1418532133102417,0.3136540651321411,0.29120102524757385,0.18175175786018372,0.2758386731147766,0.08585692942142487,0.31804513931274414,0.29846078157424927,0.27117669582366943,0.2743185758590698,0.32922035455703735,0.3304275572299957,0.28101813793182373,0.2893763780593872,0.3298322856426239,0.2982366979122162,0.11141689121723175,0.31303802132606506,0.306199312210083,0.35144370794296265,0.2447614073753357,0.24101591110229492,0.1863149106502533,0.26114898920059204,0.045238494873046875
10.23,0.28797,0.0,0.27696335315704346,0.22532957792282104,-0.02292811870574951,-0.0648317039012909,0.392997682094574,0.27547556161880493,0.18257611989974976,0.1418532133102417,0.3136540651321411,0.29120102524757385,0.18175175786018372,0.2758386731147766,0.08585692942142487,0.31804513931274414,0.29846078157424927,0.27117669582366943,0.2743185758590698,0.32922035455703735,0.3304275572299957,0.28101813793182373,0.2893763780593872,0.3298322856426239,0.2982366979122162,0.11141689121723175,0.31303802132606506,0.306199312210083,0.35144370794296265,0.2447614073753357,0.24101591110229492,0.1863149106502533,0.26114898920059204,0.045238494873046875
10.24,0.28075,0.0,0.19309672713279724,0.11450627446174622,-0.04101915657520294,-0.047784194350242615,0.1471947729587555,0.08012655377388,0.03836154192686081,0.04466765746474266,0.21505632996559143,0.21303558349609375,0.1247791051864624,0.18363487720489502,-0.011736690998077393,0.14640581607818604,0.15851715207099915,0.10828807950019836,0.10454161465167999,0.1821833997964859,0.18063491582870483,0.10820221900939941,0.11724989116191864,0.13373558223247528,0.11624346673488617,-0.020896822214126587,0.10262250900268555,0.06354948878288269,0.19592426717281342,0.10709680616855621,0.1042155921459198,0.04466107487678528,0.11069357395172119,-0.007305935025215149
10.25,0.27005,0.0,0.19309672713279724,0.11450627446174622,-0.04101915657520294,-0.047784194350242615,0.1471947729587555,0.08012655377388,0.03836154192686081,0.04466765746474266,0.21505632996559143,0.21303558349609375,0.1247791051864624,0.18363487720489502,-0.011736690998077393,0.14640581607818604,0.15851715207099915,0.10828807950019836,0.10454161465167999,0.1821833997964859,0.18063491582870483,0.10820221900939941,0.11724989116191864,0.13373558223247528,0.11624346673488617,-0.020896822214126587,0.10262250900268555,0.06354948878288269,0.19592426717281342,0.10709680616855621,0.1042155921459198,0.04466107487678528,0.11069357395172119,-0.007305935025215149
10.26,0.25608,0.0,0.19309672713279724,0.11450627446174622,-0.04101915657520294,-0.047784194350242615,0.1471947729587555,0.08012655377388,0.03836154192686081,0.04466765746474266,0.21505632996559143,0.21303558349609375,0.1247791051864624,0.18363487720489502,-0.011736690998077393,0.14640581607818604,0.15851715207099915,0.10828807950019836,0.10454161465167999,0.1821833997964859,0.18063491582870483,0.10820221900939941,0.11724989116191864,0.13373558223247528,0.11624346673488617,-0.020896822214126587,0.10262250900268555,0.06354948878288269,0.19592426717281342,0.10709680616855621,0.1042155921459198,0.04466107487678528,0.11069357395172119,-0.007305935025215149
10.27,0.23911,0.0,0.19309672713279724,0.11450627446174622,-0.04101915657520294,-0.047784194350242615,0.1471947729587555,0.08012655377388,0.03836154192686081,0.04466765746474266,0.21505632996559143,0.21303558349609375,0.1247791051864624,0.18363487720489502,-0.011736690998077393,0.14640581607818604,0.15851715207099915,0.10828807950019836,0.10454161465167999,0.1821833997964859,0.18063491582870483,0.10820221900939941,0.11724989116191864,0.13373558223247528,0.11624346673488617,-0.020896822214126587,0.10262250900268555,0.06354948878288269,0.19592426717281342,0.10709680616855621,0.1042155921459198,0.04466107487678528,0.11069357395172119,-0.007305935025215149
10.28,0.21944,0.0,0.19309672713279724,0.11450627446174622,-0.04101915657520294,-0.047784194350242615,0.1471947729587555,0.08012655377388,0.03836154192686081,0.04466765746474266,0.21505632996559143,0.21303558349609375,0.1247791051864624,0.18363487720489502,-0.011736690998077393,0.14640581607818604,0.15851715207099915,0.10828807950019836,0.10454161465167999,0.1821833997964859,0.18063491582870483,0.10820221900939941,0.11724989116191864,0.13373558223247528,0.11624346673488617,-0.020896822214126587,0.10262250900268555,0.06354948878288269,0.19592426717281342,0.10709680616855621,0.1042155921459198,0.04466107487678528,0.11069357395172119,-0.007305935025215149
10.29,0.20196,0.0,0.059221744537353516,-0.009417951107025146,-0.02183644473552704,-0.007374018430709839,-0.06323486566543579,-0.07456447184085846,-0.07424433529376984,-0.05741678178310394,0.06920576095581055,0.08606472611427307,0.011484503746032715,0.04469674825668335,-0.0592610239982605,-0.041642576456069946,-0.033833861351013184,-0.06763546168804169,-0.07029694318771362,0.008522510528564453,0.008789360523223877,-0.0592312216758728,-0.05260780453681946,-0.04278803989291191,-0.05696455016732216,-0.07887378334999084,-0.07580351829528809,-0.1097676008939743,0.016000643372535706,-0.03279329836368561,-0.04390273988246918,-0.07054376602172852,-0.039133816957473755,-0.04320886731147766
10.3,0.1733,0.0,0.059221744537353516,-0.009417951107025146,-0.02183644473552704,-0.007374018430709839,-0.06323486566543579,-0.07456447184085846,-0.07424433529376984,-0.05741678178310394,0.06920576095581055,0.08606472611427307,0.011484503746032715,0.04469674825668335,-0.0592610239982605,-0.041642576456069946,-0.033833861351013184,-0.06763546168804169,-0.07029694318771362,0.008522510528564453,0.008789360523223877,-0.0592312216758728,-0.05260780453681946,-0.04278803989291191,-0.05696455016732216,-0.07887378334999084,-0.07580351829528809,-0.1097676008939743,0.016000643372535706,-0.03279329836368561,-0.04390273988246918,-0.07054376602172852,-0.039133816957473755,-0.04320886731147766
10.31,0.14753,0.0,0.059221744537353516,-0.009417951107025146,-0.02183644473552704,-0.007374018430709839,-0.06323486566543579,-0.07456447184085846,-0.07424433529376984,-0.05741678178310394,0.06920576095581055,0.08606472611427307,0.011484503746032715,0.04469674825668335,-0.0592610239982605,-0.041642576456069946,-0.033833861351013184,-0.06763546168804169,-0.07029694318771362,0.008522510528564453,0.008789360523223877,-0.0592312216758728,-0.05260780453681946,-0.04278803989291191,-0.05696455016732216,-0.07887378334999084,-0.07580351829528809,-0.1097676008939743,0.016000643372535706,-0.03279329836368561,-0.04390273988246918,-0.07054376602172852,-0.039133816957473755,-0.04320886731147766
10.32,0.12047,0.0,0.059221744537353516,-0.009417951107025146,-0.02183644473552704,-0.007374018430709839,-0.06323486566543579,-0.07456447184085846,-0.07424433529376984,-0.05741678178310394,0.06920576095581055,0.08606472611427307,0.011484503746032715,0.04469674825668335,-0.0592610239982605,-0.041642576456069946,-0.033833861351013184,-0.06763546168804169,-0.07029694318771362,0.008522510528564453,0.008789360523223877,-0.0592312216758728,-0.05260780453681946,-0.04278803989291191,-0.05696455016732216,-0.07887378334999084,-0.07580351829528809,-0.1097676008939743,0.016000643372535706,-0.03279329836368561,-0.04390273988246918,-0.07054376602172852,-0.039133816957473755,-0.04320886731147766
10.33,0.09248,0.0,0.059221744537353516,-0.009417951107025146,-0.02183644473552704,-0.007374018430709839,-0.06323486566543579,-0.07456447184085846,-0.07424433529376984,-0.05741678178310394,0.06920576095581055,0.08606472611427307,0.011484503746032715,0.04469674825668335,-0.0592610239982605,-0.041642576456069946,-0.033833861351013184,-0.06763546168804169,-0.07029694318771362,0.008522510528564453,0.008789360523223877,-0.0592312216758728,-0.05260780453681946,-0.04278803989291191,-0.05696455016732216,-0.07887378334999084,-0.07580351829528809,-0.1097676008939743,0.016000643372535706,-0.03279329836368561,-0.04390273988246918,-0.07054376602172852,-0.039133816957473755,-0.04320886731147766
10.34,0.06396,0.0,-0.039151012897491455,-0.06650242209434509,-0.02889108657836914,-0.01960703730583191,-0.15890643000602722,-0.12964680790901184,-0.11485494673252106,-0.10488218814134598,-0.02314019203186035,-0.004150569438934326,-0.06652307510375977,-0.030229926109313965,-0.06099843978881836,-0.11448165774345398,-0.13043048977851868,-0.12182973325252533,-0.11422950029373169,-0.07444393634796143,-0.07082033157348633,-0.11139518022537231,-0.10582026839256287,-0.10952919721603394,-0.12055769562721252,-0.07049697637557983,-0.11954793334007263,-0.13467392325401306,-0.09669770300388336,-0.1127820760011673,-0.12907031178474426,-0.12049709260463715,-0.1347431242465973,-0.07729707658290863
10.35,0.03529,0.0,-0.039151012897491455,-0.06650242209434509,-0.02889108657836914,-0.01960703730583191,-0.15890643000602722,-0.12964680790901184,-0.11485494673252106,-0.10488218814134598,-0.02314019203186035,-0.004150569438934326,-0.06652307510375977,-0.030229926109313965,-0.06099843978881836,-0.11448165774345398,-0.13043048977851868,-0.12182973325252533,-0.11422950029373169,-0.07444393634796143,-0.07082033157348633,-0.11139518022537231,-0.10582026839256287,-0.10952919721603394,-0.12055769562721252,-0.07049697637557983,-0.11954793334007263,-0.13467392325401306,-0.09669770300388336,-0.1127820760011673,-0.12907031178474426,-0.12049709260463715,-0.1347431242465973,-0.07729707658290863
10.36,0.0,0.0,-0.039151012897491455,-0.06650242209434509,-0.02889108657836914,-0.01960703730583191,-0.15890643000602722,-0.12964680790901184,-0.11485494673252106,-0.10488218814134598,-0.02314019203186035,-0.004150569438934326,-0.06652307510375977,-0.030229926109313965,-0.06099843978881836,-0.11448165774345398,-0.13043048977851868,-0.12182973325252533,-0.11422950029373169,-0.07444393634796143,-0.07082033157348633,-0.11139518022537231,-0.10582026839256287,-0.10952919721603394,-0.12055769562721252,-0.07049697637557983,-0.11954793334007263,-0.13467392325401306,-0.09669770300388336,-0.1127820760011673,-0.12907031178474426,-0.12049709260463715,-0.1347431242465973,-0.07729707658290863
10.37,0.0,0.0,-0.039151012897491455,-0.06650242209434509,-0.02889108657836914,-0.01960703730583191,-0.15890643000602722,-0.12964680790901184,-0.11485494673252106,-0.10488218814134598,-0.02314019203186035,-0.004150569438934326,-0.06652307510375977,-0.030229926109313965,-0.06099843978881836,-0.11448165774345398,-0.13043048977851868,-0.12182973325252533,-0.11422950029373169,-0.07444393634796143,-0.07082033157348633,-0.11139518022537231,-0.10582026839256287,-0.10952919721603394,-0.12055769562721252,-0.07049697637557983,-0.11954793334007263,-0.13467392325401306,-0.09669770300388336,-0.1127820760011673,-0.12907031178474426,-0.12049709260463715,-0.1347431242465973,-0.07729707658290863
10.38,0.0,0.0,-0.039151012897491455,-0.06650242209434509,-0.02889108657836914,-0.01960703730583191,-0.15890643000602722,-0.12964680790901184,-0.11485494673252106,-0.10488218814134598,-0.02314019203186035,-0.004150569438934326,-0.06652307510375977,-0.030229926109313965,-0.06099843978881836,-0.11448165774345398,-0.13043048977851868,-0.12182973325252533,-0.11422950029373169,-0.07444393634796143,-0.07082033157348633,-0.11139518022537231,-0.10582026839256287,-0.10952919721603394,-0.12055769562721252,-0.07049697637557983,-0.11954793334007263,-0.13467392325401306,-0.09669770300388336,-0.1127820760011673,-0.12907031178474426,-0.12049709260463715,-0.1347431242465973,-0.07729707658290863
10.39,0.0,0.0,-0.09217649698257446,-0.08221542835235596,-0.05699321627616882,-0.06317895650863647,-0.17610689997673035,-0.1285199522972107,-0.11022071540355682,-0.09239376336336136,-0.06571215391159058,-0.051325201988220215,-0.09964078664779663,-0.0503639280796051,-0.059918880462646484,-0.11507689952850342,-0.14158403873443604,-0.10288263857364655,-0.09120014309883118,-0.08518236875534058,-0.07946324348449707,-0.10470163822174072,-0.09776538610458374,-0.11892423033714294,-0.12386006116867065,-0.060026854276657104,-0.10952620208263397,-0.11965198814868927,-0.13580597937107086,-0.13126282393932343,-0.13997343182563782,-0.11627160012722015,-0.16780459880828857,-0.10083271563053131
10.4,0.0,0.0,-0.09217649698257446,-0.08221542835235596,-0.05699321627616882,-0.06317895650863647,-0.17610689997673035,-0.1285199522972107,-0.11022071540355682,-0.09239376336336136,-0.06571215391159058,-0.051325201988220215,-0.09964078664779663,-0.0503639280796051,-0.059918880462646484,-0.11507689952850342,-0.14158403873443604,-0.10288263857364655,-0.09120014309883118,-0.08518236875534058,-0.07946324348449707,-0.10470163822174072,-0.09776538610458374,-0.11892423033714294,-0.12386006116867065,-0.060026854276657104,-0.10952620208263397,-0.11965198814868927,-0.13580597937107086,-0.13126282393932343,-0.13997343182563782,-0.11627160012722015,-0.16780459880828857,-0.10083271563053131
10.41,0.0,0.0,-0.09217649698257446,-0.08221542835235596,-0.05699321627616882,-0.06317895650863647,-0.17610689997673035,-0.1285199522972107,-0.11022071540355682,-0.09239376336336136,-0.06571215391159058,-0.051325201988220215,-0.09964078664779663,-0.0503639280796051,-0.059918880462646484,-0.11507689952850342,-0.14158403873443604,-0.10288263857364655,-0.09120014309883118,-0.08518236875534058,-0.07946324348449707,-0.10470163822174072,-0.09776538610458374,-0.11892423033714294,-0.12386006116867065,-0.060026854276657104,-0.10952620208263397,-0.11965198814868927,-0.13580597937107086,-0.13126282393932343,-0.13997343182563782,-0.11627160012722015,-0.16780459880828857,-0.10083271563053131
10.42,0.0,0.0,-0.09217649698257446,-0.08221542835235596,-0.05699321627616882,-0.06317895650863647,-0.17610689997673035,-0.1285199522972107,-0.11022071540355682,-0.09239376336336136,-0.06571215391159058,-0.051325201988220215,-0.09964078664779663,-0.0503639280796051,-0.059918880462646484,-0.11507689952850342,-0.14158403873443604,-0.10288263857364655,-0.09120014309883118,-0.08518236875534058,-0.07946324348449707,-0.10470163822174072,-0.09776538610458374,-0.11892423033714294,-0.12386006116867065,-0.060026854276657104,-0.10952620208263397,-0.11965198814868927,-0.13580597937107086,-0.13126282393932343,-0.13997343182563782,-0.11627160012722015,-0.16780459880828857,-0.10083271563053131
10.43,0.0,0.0,-0.09217649698257446,-0.08221542835235596,-0.05699321627616882,-0.06317895650863647,-0.17610689997673035,-0.1285199522972107,-0.11022071540355682,-0.09239376336336136,-0.06571215391159058,-0.051325201988220215,-0.09964078664779663,-0.0503639280796051,-0.059918880462646484,-0.11507689952850342,-0.14158403873443604,-0.10288263857364655,-0.09120014309883118,-0.08518236875534058,-0.07946324348449707,-0.10470163822174072,-0.09776538610458374,-0.11892423033714294,-0.12386006116867065,-0.060026854276657104,-0.10952620208263397,-0.11965198814868927,-0.13580597937107086,-0.13126282393932343,-0.13997343182563782,-0.11627160012722015,-0.16780459880828857,-0.10083271563053131
10.44,0.0,0.0,-0.11689645051956177,-0.08699321746826172,-0.08086590468883514,-0.09448084235191345,-0.1660952866077423,-0.12091268599033356,-0.1022987812757492,-0.06994020193815231,-0.08161431550979614,-0.06982216238975525,-0.10593774914741516,-0.048900872468948364,-0.0697895884513855,-0.10861000418663025,-0.13043448328971863,-0.08606307208538055,-0.07670792937278748,-0.07892909646034241,-0.07262623310089111,-0.09841236472129822,-0.09153017401695251,-0.11795152723789215,-0.11987921595573425,-0.07129287719726562,-0.10382823646068573,-0.1155322790145874,-0.13549022376537323,-0.12363274395465851,-0.1202150285243988,-0.10029558837413788,-0.15974882245063782,-0.10975278913974762
10.45,0.0,0.0,-0.11689645051956177,-0.08699321746826172,-0.08086590468883514,-0.09448084235191345,-0.1660952866077423,-0.12091268599033356,-0.1022987812757492,-0.06994020193815231,-0.08161431550979614,-0.06982216238975525,-0.10593774914741516,-0.048900872468948364,-0.0697895884513855,-0.10861000418663025,-0.13043448328971863,-0.08606307208538055,-0.07670792937278748,-0.07892909646034241,-0.07262623310089111,-0.09841236472129822,-0.09153017401695251,-0.11795152723789215,-0.11987921595573425,-0.07129287719726562,-0.10382823646068573,-0.1155322790145874,-0.13549022376537323,-0.12363274395465851,-0.1202150285243988,-0.10029558837413788,-0.15974882245063782,-0.10975278913974762
10.46,0.0,0.0,-0.11689645051956177,-0.08699321746826172,-0.08086590468883514,-0.09448084235191345,-0.1660952866077423,-0.12091268599033356,-0.1022987812757492,-0.06994020193815231,-0.08161431550979614,-0.06982216238975525,-0.10593774914741516,-0.048900872468948364,-0.0697895884513855,-0.10861000418663025,-0.13043448328971863,-0.08606307208538055,-0.07670792937278748,-0.07892909646034241,-0.07262623310089111,-0.09841236472129822,-0.09153017401695251,-0.11795152723789215,-0.11987921595573425,-0.07129287719726562,-0.10382823646068573,-0.1155322790145874,-0.13549022376537323,-0.12363274395465851,-0.1202150285243988,-0.10029558837413788,-0.15974882245063782,-0.10975278913974762
10.47,0.0,0.0,-0.11689645051956177,-0.08699321746826172,-0.08086590468883514,-0.09448084235191345,-0.1660952866077423,-0.12091268599033356,-0.1022987812757492,-0.06994020193815231,-0.08161431550979614,-0.06982216238975525,-0.10593774914741516,-0.048900872468948364,-0.0697895884513855,-0.10861000418663025,-0.13043448328971863,-0.08606307208538055,-0.07670792937278748,-0.07892909646034241,-0.07262623310089111,-0.09841236472129822,-0.09153017401695251,-0.11795152723789215,-0.11987921595573425,-0.07129287719726562,-0.10382823646068573,-0.1155322790145874,-0.13549022376537323,-0.12363274395465851,-0.1202150285243988,-0.10029558837413788,-0.15974882245063782,-0.10975278913974762
10.48,0.0,0.0,-0.11689645051956177,-0.08699321746826172,-0.08086590468883514,-0.09448084235191345,-0.1660952866077423,-0.12091268599033356,-0.1022987812757492,-0.06994020193815231,-0.08161431550979614,-0.06982216238975525,-0.10593774914741516,-0.048900872468948364,-0.0697895884513855,-0.10861000418663025,-0.13043448328971863,-0.08606307208538055,-0.07670792937278748,-0.07892909646034241,-0.07262623310089111,-0.09841236472129822,-0.09153017401695251,-0.11795152723789215,-0.11987921595573425,-0.07129287719726562,-0.10382823646068573,-0.1155322790145874,-0.13549022376537323,-0.12363274395465851,-0.1202150285243988,-0.10029558837413788,-0.15974882245063782,-0.10975278913974762
10.49,0.0,0.0,-0.11925768852233887,-0.08413311839103699,-0.08252663910388947,-0.09289771318435669,-0.15254254639148712,-0.11593747138977051,-0.09868304431438446,-0.06515661627054214,-0.08827462792396545,-0.07576432824134827,-0.1020728349685669,-0.04328283667564392,-0.07521596550941467,-0.11045247316360474,-0.12493839859962463,-0.08731208741664886,-0.08116155862808228,-0.07568368315696716,-0.07051414251327515,-0.10006344318389893,-0.09362328052520752,-0.11454659700393677,-0.11613748967647552,-0.08318483829498291,-0.10232806205749512,-0.11417604982852936,-0.12855292856693268,-0.1177070289850235,-0.11000403761863708,-0.10006655752658844,-0.13607636094093323,-0.10319115221500397
10.5,0.0,0.0,-0.11925768852233887,-0.08413311839103699,-0.08252663910388947,-0.09289771318435669,-0.15254254639148712,-0.11593747138977051,-0.09868304431438446,-0.06515661627054214,-0.08827462792396545,-0.07576432824134827,-0.1020728349685669,-0.04328283667564392,-0.07521596550941467,-0.11045247316360474,-0.12493839859962463,-0.08731208741664886,-0.08116155862808228,-0.07568368315696716,-0.07051414251327515,-0.10006344318389893,-0.09362328052520752,-0.11454659700393677,-0.11613748967647552,-0.08318483829498291,-0.10232806205749512,-0.11417604982852936,-0.12855292856693268,-0.1177070289850235,-0.11000403761863708,-0.10006655752658844,-0.13607636094093323,-0.10319115221500397
10.51,0.0,0.0,-0.11925768852233887,-0.08413311839103699,-0.08252663910388947,-0.09289771318435669,-0.15254254639148712,-0.11593747138977051,-0.09868304431438446,-0.06515661627054214,-0.08827462792396545,-0.07576432824134827,-0.1020728349685669,-0.04328283667564392,-0.07521596550941467,-0.11045247316360474,-0.12493839859962463,-0.08731208741664886,-0.08116155862808228,-0.07568368315696716,-0.07051414251327515,-0.10006344318389893,-0.09362328052520752,-0.11454659700393677,-0.11613748967647552,-0.08318483829498291,-0.10232806205749512,-0.11417604982852936,-0.12855292856693268,-0.1177070289850235,-0.11000403761863708,-0.10006655752658844,-0.13607636094093323,-0.10319115221500397
10.52,0.0,0.0,-0.11925768852233887,-0.08413311839103699,-0.08252663910388947,-0.09289771318435669,-0.15254254639148712,-0.11593747138977051,-0.09868304431438446,-0.06515661627054214,-0.08827462792396545,-0.07576432824134827,-0.1020728349685669,-0.04328283667564392,-0.07521596550941467,-0.11045247316360474,-0.12493839859962463,-0.08731208741664886,-0.08116155862808228,-0.07568368315696716,-0.07051414251327515,-0.10006344318389893,-0.09362328052520752,-0.11454659700393677,-0.11613748967647552,-0.08318483829498291,-0.10232806205749512,-0.11417604982852936,-0.12855292856693268,-0.1177070289850235,-0.11000403761863708,-0.10006655752658844,-0.13607636094093323,-0.10319115221500397
10.53,0.0,0.0,-0.11925768852233887,-0.08413311839103699,-0.08252663910388947,-0.09289771318435669,-0.15254254639148712,-0.11593747138977051,-0.09868304431438446,-0.06515661627054214,-0.08827462792396545,-0.07576432824134827,-0.1020728349685669,-0.04328283667564392,-0.07521596550941467,-0.11045247316360474,-0.12493839859962463,-0.08731208741664886,-0.08116155862808228,-0.07568368315696716,-0.07051414251327515,-0.10006344318389893,-0.09362328052520752,-0.11454659700393677,-0.11613748967647552,-0.08318483829498291,-0.10232806205749512,-0.11417604982852936,-0.12855292856693268,-0.1177070289850235,-0.11000403761863708,-0.10006655752658844,-0.13607636094093323,-0.10319115221500397
10.54,0.0,0.0,-0.09889808297157288,-0.07001900672912598,-0.03315219283103943,-0.0402090847492218,-0.10423313081264496,-0.06854568421840668,-0.053692981600761414,-0.04838504642248154,-0.10204184055328369,-0.08440077304840088,-0.10178068280220032,-0.04701828956604004,-0.04742151498794556,-0.11562126874923706,-0.1268007755279541,-0.09793983399868011,-0.0949544906616211,-0.07596629858016968,-0.0717376172542572,-0.10148584842681885,-0.09695065021514893,-0.09170164167881012,-0.0975554883480072,-0.063120037317276,-0.08588641881942749,-0.08684684336185455,-0.106602743268013,-0.09601299464702606,-0.09990707039833069,-0.09185872972011566,-0.08578220009803772,-0.05985561013221741
10.55,0.0,0.0,-0.09889808297157288,-0.07001900672912598,-0.03315219283103943,-0.0402090847492218,-0.10423313081264496,-0.06854568421840668,-0.053692981600761414,-0.04838504642248154,-0.10204184055328369,-0.08440077304840088,-0.10178068280220032,-0.04701828956604004,-0.04742151498794556,-0.11562126874923706,-0.1268007755279541,-0.09793983399868011,-0.0949544906616211,-0.07596629858016968,-0.0717376172542572,-0.10148584842681885,-0.09695065021514893,-0.09170164167881012,-0.0975554883480072,-0.063120037317276,-0.08588641881942749,-0.08684684336185455,-0.106602743268013,-0.09601299464702606,-0.09990707039833069,-0.09185872972011566,-0.08578220009803772,-0.05985561013221741
10.56,0.0,0.0,-0.09889808297157288,-0.07001900672912598,-0.03315219283103943,-0.0402090847492218,-0.10423313081264496,-0.06854568421840668,-0.053692981600761414,-0.04838504642248154,-0.10204184055328369,-0.08440077304840088,-0.10178068280220032,-0.04701828956604004,-0.04742151498794556,-0.11562126874923706,-0.1268007755279541,-0.09793983399868011,-0.0949544906616211,-0.07596629858016968,-0.0717376172542572,-0.10148584842681885,-0.09695065021514893,-0.09170164167881012,-0.0975554883480072,-0.063120037317276,-0.08588641881942749,-0.08684684336185455,-0.106602743268013,-0.09601299464702606,-0.09990707039833069,-0.09185872972011566,-0.08578220009803772,-0.05985561013221741
10.57,0.0,0.0,-0.09889808297157288,-0.07001900672912598,-0.03315219283103943,-0.0402090847492218,-0.10423313081264496,-0.06854568421840668,-0.053692981600761414,-0.04838504642248154,-0.10204184055328369,-0.08440077304840088,-0.10178068280220032,-0.04701828956604004,-0.04742151498794556,-0.11562126874923706,-0.1268007755279541,-0.09793983399868011,-0.0949544906616211,-0.07596629858016968,-0.0717376172542572,-0.10148584842681885,-0.09695065021514893,-0.09170164167881012,-0.0975554883480072,-0.063120037317276,-0.08588641881942749,-0.08684684336185455,-0.106602743268013,-0.09601299464702606,-0.09990707039833069,-0.09185872972011566,-0.08578220009803772,-0.05985561013221741
10.58,0.0,0.0,-0.09889808297157288,-0.07001900672912598,-0.03315219283103943,-0.0402090847492218,-0.10423313081264496,-0.06854568421840668,-0.053692981600761414,-0.04838504642248154,-0.10204184055328369,-0.08440077304840088,-0.10178068280220032,-0.04701828956604004,-0.04742151498794556,-0.11562126874923706,-0.1268007755279541,-0.09793983399868011,-0.0949544906616211,-0.07596629858016968,-0.0717376172542572,-0.10148584842681885,-0.09695065021514893,-0.09170164167881012,-0.0975554883480072,-0.063120037317276,-0.08588641881942749,-0.08684684336185455,-0.106602743268013,-0.09601299464702606,-0.09990707039833069,-0.09185872972011566,-0.08578220009803772,-0.05985561013221741
10.59,0.0,0.0,-0.044560253620147705,-0.02172824740409851,0.021567225456237793,0.010216400027275085,0.0015708338469266891,0.03016080893576145,0.034295596182346344,0.0032172948122024536,-0.07346326112747192,-0.05678054690361023,-0.0671224296092987,-0.0108775794506073,0.013586580753326416,-0.06731992959976196,-0.08338063955307007,-0.05397994816303253,-0.04734647274017334,-0.03719794750213623,-0.034285768866539,-0.05455714464187622,-0.05042728781700134,-0.01701125130057335,-0.02998868003487587,0.010602742433547974,-0.012276936322450638,0.004912063479423523,-0.04186199605464935,-0.03370100259780884,-0.05214369297027588,-0.03779323399066925,-0.013335347175598145,-0.007667794823646545
10.6,0.0,0.00126,-0.044560253620147705,-0.02172824740409851,0.021567225456237793,0.010216400027275085,0.0015708338469266891,0.03016080893576145,0.034295596182346344,0.0032172948122024536,-0.07346326112747192,-0.05678054690361023,-0.0671224296092987,-0.0108775794506073,0.013586580753326416,-0.06731992959976196,-0.08338063955307007,-0.05397994816303253,-0.04734647274017334,-0.03719794750213623,-0.034285768866539,-0.05455714464187622,-0.05042728781700134,-0.01701125130057335,-0.02998868003487587,0.010602742433547974,-0.012276936322450638,0.004912063479423523,-0.04186199605464935,-0.03370100259780884,-0.05214369297027588,-0.03779323399066925,-0.013335347175598145,-0.007667794823646545
10.61,0.0,0.00149,-0.044560253620147705,-0.02172824740409851,0.021567225456237793,0.010216400027275085,0.0015708338469266891,0.03016080893576145,0.034295596182346344,0.0032172948122024536,-0.07346326112747192,-0.05678054690361023,-0.0671224296092987,-0.0108775794506073,0.013586580753326416,-0.06731992959976196,-0.08338063955307007,-0.05397994816303253,-0.04734647274017334,-0.03719794750213623,-0.034285768866539,-0.05455714464187622,-0.05042728781700134,-0.01701125130057335,-0.02998868003487587,0.010602742433547974,-0.012276936322450638,0.004912063479423523,-0.04186199605464935,-0.03370100259780884,-0.05214369297027588,-0.03779323399066925,-0.013335347175598145,-0.007667794823646545
10.62,0.0,0.00166,-0.044560253620147705,-0.02172824740409851,0.021567225456237793,0.010216400027275085,0.0015708338469266891,0.03016080893576145,0.034295596182346344,0.0032172948122024536,-0.07346326112747192,-0.05678054690361023,-0.0671224296092987,-0.0108775794506073,0.013586580753326416,-0.06731992959976196,-0.08338063955307007,-0.05397994816303253,-0.04734647274017334,-0.03719794750213623,-0.034285768866539,-0.05455714464187622,-0.05042728781700134,-0.01701125130057335,-0.02998868003487587,0.010602742433547974,-0.012276936322450638,0.004912063479423523,-0.04186199605464935,-0.03370100259780884,-0.05214369297027588,-0.03779323399066925,-0.013335347175598145,-0.007667794823646545
10.63,0.0,0.00189,-0.044560253620147705,-0.02172824740409851,0.021567225456237793,0.010216400027275085,0.0015708338469266891,0.03016080893576145,0.034295596182346344,0.0032172948122024536,-0.07346326112747192,-0.05678054690361023,-0.0671224296092987,-0.0108775794506073,0.013586580753326416,-0.06731992959976196,-0.08338063955307007,-0.05397994816303253,-0.04734647274017334,-0.03719794750213623,-0.034285768866539,-0.05455714464187622,-0.05042728781700134,-0.01701125130057335,-0.02998868003487587,0.010602742433547974,-0.012276936322450638,0.004912063479423523,-0.04186199605464935,-0.03370100259780884,-0.05214369297027588,-0.03779323399066925,-0.013335347175598145,-0.007667794823646545
10.64,0.0,0.00206,0.03354868292808533,0.060379013419151306,0.06934557110071182,0.04532107710838318,0.12938262522220612,0.14467422664165497,0.13602305948734283,0.09304463863372803,-0.009553223848342896,0.003477722406387329,-0.000978618860244751,0.057050079107284546,0.08272074162960052,0.015812695026397705,-0.002656996250152588,0.025172367691993713,0.03358183801174164,0.03833191096782684,0.04007847607135773,0.026255667209625244,0.0314730703830719,0.07847219705581665,0.06359471380710602,0.07882237434387207,0.08516691625118256,0.10718835145235062,0.060637809336185455,0.06666599214076996,0.044542476534843445,0.056271523237228394,0.06973180919885635,0.04935307800769806
10.65,0.02587,0.0022,0.03354868292808533,0.060379013419151306,0.06934557110071182,0.04532107710838318,0.12938262522220612,0.14467422664165497,0.13602305948734283,0.09304463863372803,-0.009553223848342896,0.003477722406387329,-0.000978618860244751,0.057050079107284546,0.08272074162960052,0.015812695026397705,-0.002656996250152588,0.025172367691993713,0.03358183801174164,0.03833191096782684,0.04007847607135773,0.026255667209625244,0.0314730703830719,0.07847219705581665,0.06359471380710602,0.07882237434387207,0.08516691625118256,0.10718835145235062,0.060637809336185455,0.06666599214076996,0.044542476534843445,0.056271523237228394,0.06973180919885635,0.04935307800769806
10.66,0.04515,0.00231,0.03354868292808533,0.060379013419151306,0.06934557110071182,0.04532107710838318,0.12938262522220612,0.14467422664165497,0.13602305948734283,0.09304463863372803,-0.009553223848342896,0.003477722406387329,-0.000978618860244751,0.057050079107284546,0.08272074162960052,0.015812695026397705,-0.002656996250152588,0.025172367691993713,0.03358183801174164,0.03833191096782684,0.04007847607135773,0.026255667209625244,0.0314730703830719,0.07847219705581665,0.06359471380710602,0.07882237434387207,0.08516691625118256,0.10718835145235062,0.060637809336185455,0.06666599214076996,0.044542476534843445,0.056271523237228394,0.06973180919885635,0.04935307800769806
10.67,0.06344,0.0024,0.03354868292808533,0.060379013419151306,0.06934557110071182,0.04532107710838318,0.12938262522220612,0.14467422664165497,0.13602305948734283,0.09304463863372803,-0.009553223848342896,0.003477722406387329,-0.000978618860244751,0.057050079107284546,0.08272074162960052,0.015812695026397705,-0.002656996250152588,0.025172367691993713,0.03358183801174164,0.03833191096782684,0.04007847607135773,0.026255667209625244,0.0314730703830719,0.07847219705581665,0.06359471380710602,0.07882237434387207,0.08516691625118256,0.10718835145235062,0.060637809336185455,0.06666599214076996,0.044542476534843445,0.056271523237228394,0.06973180919885635,0.04935307800769806
10.68,0.08056,0.00247,0.03354868292808533,0.060379013419151306,0.06934557110071182,0.04532107710838318,0.12938262522220612,0.14467422664165497,0.13602305948734283,0.09304463863372803,-0.009553223848342896,0.003477722406387329,-0.000978618860244751,0.057050079107284546,0.08272074162960052,0.015812695026397705,-0.002656996250152588,0.025172367691993713,0.03358183801174164,0.03833191096782684,0.04007847607135773,0.026255667209625244,0.0314730703830719,0.07847219705581665,0.06359471380710602,0.07882237434387207,0.08516691625118256,0.10718835145235062,0.060637809336185455,0.06666599214076996,0.044542476534843445,0.056271523237228394,0.06973180919885635,0.04935307800769806
10.69,0.09631,0.00251,0.10276137292385101,0.12661294639110565,0.0812440812587738,0.04742914438247681,0.19679448008537292,0.18921738862991333,0.17280642688274384,0.15213757753372192,0.06013116240501404,0.07029104232788086,0.06949207186698914,0.12496384978294373,0.11523066461086273,0.08111605048179626,0.06748175621032715,0.08720393478870392,0.09424927830696106,0.09921423345804214,0.10010894387960434,0.07823899388313293,0.0852682963013649,0.13151809573173523,0.11939902603626251,0.0975496917963028,0.1334521472454071,0.14265653491020203,0.14465546607971191,0.14542607963085175,0.1332661360502243,0.12844976782798767,0.11902254819869995,0.07667657732963562
10.7,0.1078,0.00253,0.10276137292385101,0.12661294639110565,0.0812440812587738,0.04742914438247681,0.19679448008537292,0.18921738862991333,0.17280642688274384,0.15213757753372192,0.06013116240501404,0.07029104232788086,0.06949207186698914,0.12496384978294373,0.11523066461086273,0.08111605048179626,0.06748175621032715,0.08720393478870392,0.09424927830696106,0.09921423345804214,0.10010894387960434,0.07823899388313293,0.0852682963013649,0.13151809573173523,0.11939902603626251,0.0975496917963028,0.1334521472454071,0.14265653491020203,0.14465546607971191,0.14542607963085175,0.1332661360502243,0.12844976782798767,0.11902254819869995,0.07667657732963562
10.71,0.12303,0.00253,0.10276137292385101,0.12661294639110565,0.0812440812587738,0.04742914438247681,0.19679448008537292,0.18921738862991333,0.17280642688274384,0.15213757753372192,0.06013116240501404,0.07029104232788086,0.06949207186698914,0.12496384978294373,0.11523066461086273,0.08111605048179626,0.06748175621032715,0.08720393478870392,0.09424927830696106,0.09921423345804214,0.10010894387960434,0.07823899388313293,0.0852682963013649,0.13151809573173523,0.11939902603626251,0.0975496917963028,0.1334521472454071,0.14265653491020203,0.14465546607971191,0.14542607963085175,0.1332661360502243,0.12844976782798767,0.11902254819869995,0.07667657732963562
10.72,0.13377,0.00251,0.10276137292385101,0.12661294639110565,0.0812440812587738,0.04742914438247681,0.19679448008537292,0.18921738862991333,0.17280642688274384,0.15213757753372192,0.06013116240501404,0.07029104232788086,0.06949207186698914,0.12496384978294373,0.11523066461086273,0.08111605048179626,0.06748175621032715,0.08720393478870392,0.09424927830696106,0.09921423345804214,0.10010894387960434,0.07823899388313293,0.0852682963013649,0.13151809573173523,0.11939902603626251,0.0975496917963028,0.1334521472454071,0.14265653491020203,0.14465546607971191,0.14542607963085175,0.1332661360502243,0.12844976782798767,0.11902254819869995,0.07667657732963562
10.73,0.14262,0.00247,0.10276137292385101,0.12661294639110565,0.0812440812587738,0.04742914438247681,0.19679448008537292,0.18921738862991333,0.17280642688274384,0.15213757753372192,0.06013116240501404,0.07029104232788086,0.06949207186698914,0.12496384978294373,0.11523066461086273,0.08111605048179626,0.06748175621032715,0.08720393478870392,0.09424927830696106,0.09921423345804214,0.10010894387960434,0.07823899388313293,0.0852682963013649,0.13151809573173523,0.11939902603626251,0.0975496917963028,0.1334521472454071,0.14265653491020203,0.14465546607971191,0.14542607963085175,0.1332661360502243,0.12844976782798767,0.11902254819869995,0.07667657732963562
10.74,0.14953,0.00241,0.12292981147766113,0.12187804281711578,0.03689165413379669,0.00679856538772583,0.15211769938468933,0.12036529183387756,0.09911373257637024,0.10721191018819809,0.09659051895141602,0.10918143391609192,0.10800424218177795,0.15557914972305298,0.07691985368728638,0.09402599930763245,0.08696244657039642,0.0946735292673111,0.10031142830848694,0.11213821172714233,0.11088255792856216,0.07737551629543304,0.08651677519083023,0.11245304346084595,0.10229159891605377,0.054066017270088196,0.10721978545188904,0.09837673604488373,0.15058569610118866,0.13504618406295776,0.1361343115568161,0.11575083434581757,0.10152225196361542,0.04517558217048645
10.75,0.15445,0.00232,0.12292981147766113,0.12187804281711578,0.03689165413379669,0.00679856538772583,0.15211769938468933,0.12036529183387756,0.09911373257637024,0.10721191018819809,0.09659051895141602,0.10918143391609192,0.10800424218177795,0.15557914972305298,0.07691985368728638,0.09402599930763245,0.08696244657039642,0.0946735292673111,0.10031142830848694,0.11213821172714233,0.11088255792856216,0.07737551629543304,0.08651677519083023,0.11245304346084595,0.10229159891605377,0.054066017270088196,0.10721978545188904,0.09837673604488373,0.15058569610118866,0.13504618406295776,0.1361343115568161,0.11575083434581757,0.10152225196361542,0.04517558217048645
10.76,0.15737,0.00222,0.12292981147766113,0.12187804281711578,0.03689165413379669,0.00679856538772583,0.15211769938468933,0.12036529183387756,0.09911373257637024,0.10721191018819809,0.09659051895141602,0.10918143391609192,0.10800424218177795,0.15557914972305298,0.07691985368728638,0.09402599930763245,0.08696244657039642,0.0946735292673111,0.10031142830848694,0.11213821172714233,0.11088255792856216,0.07737551629543304,0.08651677519083023,0.11245304346084595,0.10229159891605377,0.054066017270088196,0.10721978545188904,0.09837673604488373,0.15058569610118866,0.13504618406295776,0.1361343115568161,0.11575083434581757,0.10152225196361542,0.04517558217048645
10.77,0.15832,0.00211,0.12292981147766113,0.12187804281711578,0.03689165413379669,0.00679856538772583,0.15211769938468933,0.12036529183387756,0.09911373257637024,0.10721191018819809,0.09659051895141602,0.10918143391609192,0.10800424218177795,0.15557914972305298,0.07691985368728638,0.09402599930763245,0.08696244657039642,0.0946735292673111,0.10031142830848694,0.11213821172714233,0.11088255792856216,0.07737551629543304,0.08651677519083023,0.11245304346084595,0.10229159891605377,0.054066017270088196,0.10721978545188904,0.09837673604488373,0.15058569610118866,0.13504618406295776,0.1361343115568161,0.11575083434581757,0.10152225196361542,0.04517558217048645
10.78,0.15733,0.00198,0.12292981147766113,0.12187804281711578,0.03689165413379669,0.00679856538772583,0.15211769938468933,0.12036529183387756,0.09911373257637024,0.10721191018819809,0.09659051895141602,0.10918143391609192,0.10800424218177795,0.15557914972305298,0.07691985368728638,0.09402599930763245,0.08696244657039642,0.0946735292673111,0.10031142830848694,0.11213821172714233,0.11088255792856216,0.07737551629543304,0.08651677519083023,0.11245304346084595,0.10229159891605377,0.054066017270088196,0.10721978545188904,0.09837673604488373,0.15058569610118866,0.13504618406295776,0.1361343115568161,0.11575083434581757,0.10152225196361542,0.04517558217048645
10.79,0.15516,0.00186,0.08222514390945435,0.04940393567085266,-0.03212718665599823,-0.04884636402130127,0.029017074033617973,-0.004807358607649803,-0.023642634972929955,-0.007015302777290344,0.07471626996994019,0.09425213932991028,0.0900668203830719,0.12742021679878235,-0.006089389324188232,0.041201695799827576,0.03941139578819275,0.036583706736564636,0.03962038457393646,0.06890588998794556,0.06555643677711487,0.02447064220905304,0.03366553783416748,0.035722773522138596,0.02628404274582863,-0.025067389011383057,0.02602696418762207,0.005470115691423416,0.07369259744882584,0.03931945562362671,0.04136386513710022,0.020323798060417175,0.026759371161460876,-0.02350756525993347
10.8,0.14979,0.00167,0.08222514390945435,0.04940393567085266,-0.03212718665599823,-0.04884636402130127,0.029017074033617973,-0.004807358607649803,-0.023642634972929955,-0.007015302777290344,0.07471626996994019,0.09425213932991028,0.0900668203830719,0.12742021679878235,-0.006089389324188232,0.041201695799827576,0.03941139578819275,0.036583706736564636,0.03962038457393646,0.06890588998794556,0.06555643677711487,0.02447064220905304,0.03366553783416748,0.035722773522138596,0.02628404274582863,-0.025067389011383057,0.02602696418762207,0.005470115691423416,0.07369259744882584,0.03931945562362671,0.04136386513710022,0.020323798060417175,0.026759371161460876,-0.02350756525993347
10.81,0.14343,0.0015,0.08222514390945435,0.04940393567085266,-0.03212718665599823,-0.04884636402130127,0.029017074033617973,-0.004807358607649803,-0.023642634972929955,-0.007015302777290344,0.07471626996994019,0.09425213932991028,0.0900668203830719,0.12742021679878235,-0.006089389324188232,0.041201695799827576,0.03941139578819275,0.036583706736564636,0.03962038457393646,0.06890588998794556,0.06555643677711487,0.02447064220905304,0.03366553783416748,0.035722773522138596,0.02628404274582863,-0.025067389011383057,0.02602696418762207,0.005470115691423416,0.07369259744882584,0.03931945562362671,0.04136386513710022,0.020323798060417175,0.026759371161460876,-0.02350756525993347
10.82,0.13551,0.00133,0.08222514390945435,0.04940393567085266,-0.03212718665599823,-0.04884636402130127,0.029017074033617973,-0.004807358607649803,-0.023642634972929955,-0.007015302777290344,0.07471626996994019,0.09425213932991028,0.0900668203830719,0.12742021679878235,-0.006089389324188232,0.041201695799827576,0.03941139578819275,0.036583706736564636,0.03962038457393646,0.06890588998794556,0.06555643677711487,0.02447064220905304,0.03366553783416748,0.035722773522138596,0.02628404274582863,-0.025067389011383057,0.02602696418762207,0.005470115691423416,0.07369259744882584,0.03931945562362671,0.04136386513710022,0.020323798060417175,0.026759371161460876,-0.02350756525993347
10.83,0.12616,0.00115,0.08222514390945435,0.04940393567085266,-0.03212718665599823,-0.04884636402130127,0.029017074033617973,-0.004807358607649803,-0.023642634972929955,-0.007015302777290344,0.07471626996994019,0.09425213932991028,0.0900668203830719,0.12742021679878235,-0.006089389324188232,0.041201695799827576,0.03941139578819275,0.036583706736564636,0.03962038457393646,0.06890588998794556,0.06555643677711487,0.02447064220905304,0.03366553783416748,0.035722773522138596,0.02628404274582863,-0.025067389011383057,0.02602696418762207,0.005470115691423416,0.07369259744882584,0.03931945562362671,0.04136386513710022,0.020323798060417175,0.026759371161460876,-0.02350756525993347
10.84,0.11554,0.0,0.011279404163360596,-0.034545719623565674,-0.06949038803577423,-0.0741560161113739,-0.08302439004182816,-0.09166263043880463,-0.09745369851589203,-0.09122731536626816,0.009425371885299683,0.0360180139541626,0.029997557401657104,0.0605749785900116,-0.0657966136932373,-0.04380828142166138,-0.04523223638534546,-0.048543140292167664,-0.046885401010513306,-0.005472287535667419,-0.009974360466003418,-0.05005955696105957,-0.04251183569431305,-0.04613253101706505,-0.05605271831154823,-0.0765841007232666,-0.05650008097290993,-0.07477457821369171,-0.02936089038848877,-0.06737340986728668,-0.07797181606292725,-0.08376406133174896,-0.05387520790100098,-0.07648803293704987
10.85,0.10381,0.0,0.011279404163360596,-0.034545719623565674,-0.06949038803577423,-0.0741560161113739,-0.08302439004182816,-0.09166263043880463,-0.09745369851589203,-0.09122731536626816,0.009425371885299683,0.0360180139541626,0.029997557401657104,0.0605749785900116,-0.0657966136932373,-0.04380828142166138,-0.04523223638534546,-0.048543140292167664,-0.046885401010513306,-0.005472287535667419,-0.009974360466003418,-0.05005955696105957,-0.04251183569431305,-0.04613253101706505,-0.05605271831154823,-0.0765841007232666,-0.05650008097290993,-0.07477457821369171,-0.02936089038848877,-0.06737340986728668,-0.07797181606292725,-0.08376406133174896,-0.05387520790100098,-0.07648803293704987
10.86,0.09116,0.0,0.011279404163360596,-0.034545719623565674,-0.06949038803577423,-0.0741560161113739,-0.08302439004182816,-0.09166263043880463,-0.09745369851589203,-0.09122731536626816,0.009425371885299683,0.0360180139541626,0.029997557401657104,0.0605749785900116,-0.0657966136932373,-0.04380828142166138,-0.04523223638534546,-0.048543140292167664,-0.046885401010513306,-0.005472287535667419,-0.009974360466003418,-0.05005955696105957,-0.04251183569431305,-0.04613253101706505,-0.05605271831154823,-0.0765841007232666,-0.05650008097290993,-0.07477457821369171,-0.02936089038848877,-0.06737340986728668,-0.07797181606292725,-0.08376406133174896,-0.05387520790100098,-0.07648803293704987
10.87,0.08048,0.0,0.011279404163360596,-0.034545719623565674,-0.06949038803577423,-0.0741560161113739,-0.08302439004182816,-0.09166263043880463,-0.09745369851589203,-0.09122731536626816,0.009425371885299683,0.0360180139541626,0.029997557401657104,0.0605749785900116,-0.0657966136932373,-0.04380828142166138,-0.04523223638534546,-0.048543140292167664,-0.046885401010513306,-0.005472287535667419,-0.009974360466003418,-0.05005955696105957,-0.04251183569431305,-0.04613253101706505,-0.05605271831154823,-0.0765841007232666,-0.05650008097290993,-0.07477457821369171,-0.02936089038848877,-0.06737340986728668,-0.07797181606292725,-0.08376406133174896,-0.05387520790100098,-0.07648803293704987
10.88,0.06376,0.0,0.011279404163360596,-0.034545719623565674,-0.06949038803577423,-0.0741560161113739,-0.08302439004182816,-0.09166263043880463,-0.09745369851589203,-0.09122731536626816,0.009425371885299683,0.0360180139541626,0.029997557401657104,0.0605749785900116,-0.0657966136932373,-0.04380828142166138,-0.04523223638534546,-0.048543140292167664,-0.046885401010513306,-0.005472287535667419,-0.009974360466003418,-0.05005955696105957,-0.04251183569431305,-0.04613253101706505,-0.05605271831154823,-0.0765841007232666,-0.05650008097290993,-0.07477457821369171,-0.02936089038848877,-0.06737340986728668,-0.07797181606292725,-0.08376406133174896,-0.05387520790100098,-0.07648803293704987
10.89,0.04938,0.0,-0.045861661434173584,-0.07740417122840881,-0.07639555633068085,-0.07442578673362732,-0.13520053029060364,-0.11392244696617126,-0.10463275015354156,-0.09953751415014267,-0.040042340755462646,-0.01536974310874939,-0.02077198028564453,0.015153050422668457,-0.07973074913024902,-0.0871255099773407,-0.09461653232574463,-0.08215968310832977,-0.07672160863876343,-0.052258074283599854,-0.056041836738586426,-0.0847700834274292,-0.07774260640144348,-0.08499811589717865,-0.09398898482322693,-0.07332676649093628,-0.08668549358844757,-0.09687173366546631,-0.09549416601657867,-0.11978860199451447,-0.13721802830696106,-0.12447415292263031,-0.10654979944229126,-0.10009397566318512
10.9,0.03482,0.0,-0.045861661434173584,-0.07740417122840881,-0.07639555633068085,-0.07442578673362732,-0.13520053029060364,-0.11392244696617126,-0.10463275015354156,-0.09953751415014267,-0.040042340755462646,-0.01536974310874939,-0.02077198028564453,0.015153050422668457,-0.07973074913024902,-0.0871255099773407,-0.09461653232574463,-0.08215968310832977,-0.07672160863876343,-0.052258074283599854,-0.056041836738586426,-0.0847700834274292,-0.07774260640144348,-0.08499811589717865,-0.09398898482322693,-0.07332676649093628,-0.08668549358844757,-0.09687173366546631,-0.09549416601657867,-0.11978860199451447,-0.13721802830696106,-0.12447415292263031,-0.10654979944229126,-0.10009397566318512
10.91,0.02024,0.0,-0.045861661434173584,-0.07740417122840881,-0.07639555633068085,-0.07442578673362732,-0.13520053029060364,-0.11392244696617126,-0.10463275015354156,-0.09953751415014267,-0.040042340755462646,-0.01536974310874939,-0.02077198028564453,0.015153050422668457,-0.07973074913024902,-0.0871255099773407,-0.09461653232574463,-0.08215968310832977,-0.07672160863876343,-0.052258074283599854,-0.056041836738586426,-0.0847700834274292,-0.07774260640144348,-0.08499811589717865,-0.09398898482322693,-0.07332676649093628,-0.08668549358844757,-0.09687173366546631,-0.09549416601657867,-0.11978860199451447,-0.13721802830696106,-0.12447415292263031,-0.10654979944229126,-0.10009397566318512
10.92,0.0,0.0,-0.045861661434173584,-0.07740417122840881,-0.07639555633068085,-0.07442578673362732,-0.13520053029060364,-0.11392244696617126,-0.10463275015354156,-0.09953751415014267,-0.040042340755462646,-0.01536974310874939,-0.02077198028564453,0.015153050422668457,-0.07973074913024902,-0.0871255099773407,-0.09461653232574463,-0.08215968310832977,-0.07672160863876343,-0.052258074283599854,-0.056041836738586426,-0.0847700834274292,-0.07774260640144348,-0.08499811589717865,-0.09398898482322693,-0.07332676649093628,-0.08668549358844757,-0.09687173366546631,-0.09549416601657867,-0.11978860199451447,-0.13721802830696106,-0.12447415292263031,-0.10654979944229126,-0.10009397566318512
10.93,0.0,0.0,-0.045861661434173584,-0.07740417122840881,-0.07639555633068085,-0.07442578673362732,-0.13520053029060364,-0.11392244696617126,-0.10463275015354156,-0.09953751415014267,-0.040042340755462646,-0.01536974310874939,-0.02077198028564453,0.015153050422668457,-0.07973074913024902,-0.0871255099773407,-0.09461653232574463,-0.08215968310832977,-0.07672160863876343,-0.052258074283599854,-0.056041836738586426,-0.0847700834274292,-0.07774260640144348,-0.08499811589717865,-0.09398898482322693,-0.07332676649093628,-0.08668549358844757,-0.09687173366546631,-0.09549416601657867,-0.11978860199451447,-0.13721802830696106,-0.12447415292263031,-0.10654979944229126,-0.10009397566318512
10.94,0.0,0.0,-0.07629662752151489,-0.08102992177009583,-0.06542159616947174,-0.06145291030406952,-0.14103981852531433,-0.1033431887626648,-0.08530981838703156,-0.06429577618837357,-0.06213432550430298,-0.04201355576515198,-0.04613777995109558,-0.0008439421653747559,-0.07128897309303284,-0.08933514356613159,-0.1006520688533783,-0.07446520030498505,-0.0662136971950531,-0.05913090705871582,-0.06193810701370239,-0.08133703470230103,-0.07331207394599915,-0.08957743644714355,-0.09523005783557892,-0.05791059136390686,-0.08136628568172455,-0.08805418014526367,-0.1144784539937973,-0.11918188631534576,-0.1274959146976471,-0.10537271201610565,-0.12072905898094177,-0.09585924446582794
10.95,0.0,0.0,-0.07629662752151489,-0.08102992177009583,-0.06542159616947174,-0.06145291030406952,-0.14103981852531433,-0.1033431887626648,-0.08530981838703156,-0.06429577618837357,-0.06213432550430298,-0.04201355576515198,-0.04613777995109558,-0.0008439421653747559,-0.07128897309303284,-0.08933514356613159,-0.1006520688533783,-0.07446520030498505,-0.0662136971950531,-0.05913090705871582,-0.06193810701370239,-0.08133703470230103,-0.07331207394599915,-0.08957743644714355,-0.09523005783557892,-0.05791059136390686,-0.08136628568172455,-0.08805418014526367,-0.1144784539937973,-0.11918188631534576,-0.1274959146976471,-0.10537271201610565,-0.12072905898094177,-0.09585924446582794
10.96,0.0,0.0,-0.07629662752151489,-0.08102992177009583,-0.06542159616947174,-0.06145291030406952,-0.14103981852531433,-0.1033431887626648,-0.08530981838703156,-0.06429577618837357,-0.06213432550430298,-0.04201355576515198,-0.04613777995109558,-0.0008439421653747559,-0.07128897309303284,-0.08933514356613159,-0.1006520688533783,-0.07446520030498505,-0.0662136971950531,-0.05913090705871582,-0.06193810701370239,-0.08133703470230103,-0.07331207394599915,-0.08957743644714355,-0.09523005783557892,-0.05791059136390686,-0.08136628568172455,-0.08805418014526367,-0.1144784539937973,-0.11918188631534576,-0.1274959146976471,-0.10537271201610565,-0.12072905898094177,-0.09585924446582794
10.97,0.0,0.0,-0.07629662752151489,-0.08102992177009583,-0.06542159616947174,-0.06145291030406952,-0.14103981852531433,-0.1033431887626648,-0.08530981838703156,-0.06429577618837357,-0.06213432550430298,-0.04201355576515198,-0.04613777995109558,-0.0008439421653747559,-0.07128897309303284,-0.08933514356613159,-0.1006520688533783,-0.07446520030498505,-0.0662136971950531,-0.05913090705871582,-0.06193810701370239,-0.08133703470230103,-0.07331207394599915,-0.08957743644714355,-0.09523005783557892,-0.05791059136390686,-0.08136628568172455,-0.08805418014526367,-0.1144784539937973,-0.11918188631534576,-0.1274959146976471,-0.10537271201610565,-0.12072905898094177,-0.09585924446582794
10.98,0.0,0.0,-0.07629662752151489,-0.08102992177009583,-0.06542159616947174,-0.06145291030406952,-0.14103981852531433,-0.1033431887626648,-0.08530981838703156,-0.06429577618837357,-0.06213432550430298,-0.04201355576515198,-0.04613777995109558,-0.0008439421653747559,-0.07128897309303284,-0.08933514356613159,-0.1006520688533783,-0.07446520030498505,-0.0662136971950531,-0.05913090705871582,-0.06193810701370239,-0.08133703470230103,-0.07331207394599915,-0.08957743644714355,-0.09523005783557892,-0.05791059136390686,-0.08136628568172455,-0.08805418014526367,-0.1144784539937973,-0.11918188631534576,-0.1274959146976471,-0.10537271201610565,-0.12072905898094177,-0.09585924446582794
10.99,0.0,0.0,-0.08604180812835693,-0.0717308521270752,-0.05442655086517334,-0.05181567370891571,-0.13160207867622375,-0.09387138485908508,-0.0755009725689888,-0.04154520481824875,-0.06783711910247803,-0.051440924406051636,-0.0537431538105011,-0.0020405054092407227,-0.06224459409713745,-0.08285385370254517,-0.0920204222202301,-0.062339022755622864,-0.055314481258392334,-0.05443200469017029,-0.056711673736572266,-0.07559278607368469,-0.06735256314277649,-0.08643168210983276,-0.08945690095424652,-0.05437266826629639,-0.07513383030891418,-0.08230692148208618,-0.11080653965473175,-0.1032218486070633,-0.09846457839012146,-0.07826881110668182,-0.11144480109214783,-0.08233748376369476
11.0,0.0,0.0,-0.08604180812835693,-0.0717308521270752,-0.05442655086517334,-0.05181567370891571,-0.13160207867622375,-0.09387138485908508,-0.0755009725689888,-0.04154520481824875,-0.06783711910247803,-0.051440924406051636,-0.0537431538105011,-0.0020405054092407227,-0.06224459409713745,-0.08285385370254517,-0.0920204222202301,-0.062339022755622864,-0.055314481258392334,-0.05443200469017029,-0.056711673736572266,-0.07559278607368469,-0.06735256314277649,-0.08643168210983276,-0.08945690095424652,-0.05437266826629639,-0.07513383030891418,-0.08230692148208618,-0.11080653965473175,-0.1032218486070633,-0.09846457839012146,-0.07826881110668182,-0.11144480109214783,-0.08233748376369476
11.01,0.0,0.0,-0.08604180812835693,-0.0717308521270752,-0.05442655086517334,-0.05181567370891571,-0.13160207867622375,-0.09387138485908508,-0.0755009725689888,-0.04154520481824875,-0.06783711910247803,-0.051440924406051636,-0.0537431538105011,-0.0020405054092407227,-0.06224459409713745,-0.08285385370254517,-0.0920204222202301,-0.062339022755622864,-0.055314481258392334,-0.05443200469017029,-0.056711673736572266,-0.07559278607368469,-0.06735256314277649,-0.08643168210983276,-0.08945690095424652,-0.05437266826629639,-0.07513383030891418,-0.08230692148208618,-0.11080653965473175,-0.1032218486070633,-0.09846457839012146,-0.07826881110668182,-0.11144480109214783,-0.08233748376369476
11.02,0.0,0.0,-0.08604180812835693,-0.0717308521270752,-0.05442655086517334,-0.05181567370891571,-0.13160207867622375,-0.09387138485908508,-0.0755009725689888,-0.04154520481824875,-0.06783711910247803,-0.051440924406051636,-0.0537431538105011,-0.0020405054092407227,-0.06224459409713745,-0.08285385370254517,-0.0920204222202301,-0.062339022755622864,-0.055314481258392334,-0.05443200469017029,-0.056711673736572266,-0.07559278607368469,-0.06735256314277649,-0.08643168210983276,-0.08945690095424652,-0.05437266826629639,-0.07513383030891418,-0.08230692148208618,-0.11080653965473175,-0.1032218486070633,-0.09846457839012146,-0.07826881110668182,-0.11144480109214783,-0.08233748376369476
11.03,0.0,0.0,-0.08604180812835693,-0.0717308521270752,-0.05442655086517334,-0.05181567370891571,-0.13160207867622375,-0.09387138485908508,-0.0755009725689888,-0.04154520481824875,-0.06783711910247803,-0.051440924406051636,-0.0537431538105011,-0.0020405054092407227,-0.06224459409713745,-0.08285385370254517,-0.0920204222202301,-0.062339022755622864,-0.055314481258392334,-0.05443200469017029,-0.056711673736572266,-0.07559278607368469,-0.06735256314277649,-0.08643168210983276,-0.08945690095424652,-0.05437266826629639,-0.07513383030891418,-0.08230692148208618,-0.11080653965473175,-0.1032218486070633,-0.09846457839012146,-0.07826881110668182,-0.11144480109214783,-0.08233748376369476
11.04,0.0,0.0,-0.08573555946350098,-0.07218185067176819,-0.06255842745304108,-0.0614742785692215,-0.12575387954711914,-0.0990619957447052,-0.0878494381904602,-0.05904247611761093,-0.06404873728752136,-0.04963007569313049,-0.051169633865356445,0.0035880208015441895,-0.0671665370464325,-0.07379117608070374,-0.08025294542312622,-0.05378998816013336,-0.047307372093200684,-0.04721668362617493,-0.05078011751174927,-0.06945902109146118,-0.060808032751083374,-0.08045949041843414,-0.08506622910499573,-0.057078003883361816,-0.06957197189331055,-0.07488547265529633,-0.10768349468708038,-0.10269458591938019,-0.09226617217063904,-0.07574261724948883,-0.09798619151115417,-0.0819263905286789
11.05,0.0,0.0,-0.08573555946350098,-0.07218185067176819,-0.06255842745304108,-0.0614742785692215,-0.12575387954711914,-0.0990619957447052,-0.0878494381904602,-0.05904247611761093,-0.06404873728752136,-0.04963007569313049,-0.051169633865356445,0.0035880208015441895,-0.0671665370464325,-0.07379117608070374,-0.08025294542312622,-0.05378998816013336,-0.047307372093200684,-0.04721668362617493,-0.05078011751174927,-0.06945902109146118,-0.060808032751083374,-0.08045949041843414,-0.08506622910499573,-0.057078003883361816,-0.06957197189331055,-0.07488547265529633,-0.10768349468708038,-0.10269458591938019,-0.09226617217063904,-0.07574261724948883,-0.09798619151115417,-0.0819263905286789
11.06,0.0,0.0,-0.08573555946350098,-0.07218185067176819,-0.06255842745304108,-0.0614742785692215,-0.12575387954711914,-0.0990619957447052,-0.0878494381904602,-0.05904247611761093,-0.06404873728752136,-0.04963007569313049,-0.051169633865356445,0.0035880208015441895,-0.0671665370464325,-0.07379117608070374,-0.08025294542312622,-0.05378998816013336,-0.047307372093200684,-0.04721668362617493,-0.05078011751174927,-0.06945902109146118,-0.060808032751083374,-0.08045949041843414,-0.08506622910499573,-0.057078003883361816,-0.06957197189331055,-0.07488547265529633,-0.10768349468708038,-0.10269458591938019,-0.09226617217063904,-0.07574261724948883,-0.09798619151115417,-0.0819263905286789
11.07,0.0,0.0,-0.08573555946350098,-0.07218185067176819,-0.06255842745304108,-0.0614742785692215,-0.12575387954711914,-0.0990619957447052,-0.0878494381904602,-0.05904247611761093,-0.06404873728752136,-0.04963007569313049,-0.051169633865356445,0.0035880208015441895,-0.0671665370464325,-0.07379117608070374,-0.08025294542312622,-0.05378998816013336,-0.047307372093200684,-0.04721668362617493,-0.05078011751174927,-0.06945902109146118,-0.060808032751083374,-0.08045949041843414,-0.08506622910499573,-0.057078003883361816,-0.06957197189331055,-0.07488547265529633,-0.10768349468708038,-0.10269458591938019,-0.09226617217063904,-0.07574261724948883,-0.09798619151115417,-0.0819263905286789
11.08,0.0,0.0,-0.08573555946350098,-0.07218185067176819,-0.06255842745304108,-0.0614742785692215,-0.12575387954711914,-0.0990619957447052,-0.0878494381904602,-0.05904247611761093,-0.06404873728752136,-0.04963007569313049,-0.051169633865356445,0.0035880208015441895,-0.0671665370464325,-0.07379117608070374,-0.08025294542312622,-0.05378998816013336,-0.047307372093200684,-0.04721668362617493,-0.05078011751174927,-0.06945902109146118,-0.060808032751083374,-0.08045949041843414,-0.08506622910499573,-0.057078003883361816,-0.06957197189331055,-0.07488547265529633,-0.10768349468708038,-0.10269458591938019,-0.09226617217063904,-0.07574261724948883,-0.09798619151115417,-0.0819263905286789
11.09,0.0,0.0,-0.07739490270614624,-0.08781781792640686,-0.08769412338733673,-0.08502274751663208,-0.10785743594169617,-0.0981791615486145,-0.10209012031555176,-0.10028969496488571,-0.053851932287216187,-0.039991140365600586,-0.04552561044692993,0.011205464601516724,-0.08486896753311157,-0.053290605545043945,-0.061727434396743774,-0.04543714225292206,-0.038033902645111084,-0.027893736958503723,-0.037705257534980774,-0.047253578901290894,-0.03866107761859894,-0.05387281998991966,-0.0668376237154007,-0.045726001262664795,-0.044080447405576706,-0.035281624644994736,-0.11002464592456818,-0.12511040270328522,-0.11882361769676208,-0.09444494545459747,-0.07380735874176025,-0.09450314939022064
11.1,0.0,0.0,-0.07739490270614624,-0.08781781792640686,-0.08769412338733673,-0.08502274751663208,-0.10785743594169617,-0.0981791615486145,-0.10209012031555176,-0.10028969496488571,-0.053851932287216187,-0.039991140365600586,-0.04552561044692993,0.011205464601516724,-0.08486896753311157,-0.053290605545043945,-0.061727434396743774,-0.04543714225292206,-0.038033902645111084,-0.027893736958503723,-0.037705257534980774,-0.047253578901290894,-0.03866107761859894,-0.05387281998991966,-0.0668376237154007,-0.045726001262664795,-0.044080447405576706,-0.035281624644994736,-0.11002464592456818,-0.12511040270328522,-0.11882361769676208,-0.09444494545459747,-0.07380735874176025,-0.09450314939022064
11.11,0.0,0.0,-0.07739490270614624,-0.08781781792640686,-0.08769412338733673,-0.08502274751663208,-0.10785743594169617,-0.0981791615486145,-0.10209012031555176,-0.10028969496488571,-0.053851932287216187,-0.039991140365600586,-0.04552561044692993,0.011205464601516724,-0.08486896753311157,-0.053290605545043945,-0.061727434396743774,-0.04543714225292206,-0.038033902645111084,-0.027893736958503723,-0.037705257534980774,-0.047253578901290894,-0.03866107761859894,-0.05387281998991966,-0.0668376237154007,-0.045726001262664795,-0.044080447405576706,-0.035281624644994736,-0.11002464592456818,-0.12511040270328522,-0.11882361769676208,-0.09444494545459747,-0.07380735874176025,-0.09450314939022064
11.12,0.0,0.0,-0.07739490270614624,-0.08781781792640686,-0.08769412338733673,-0.08502274751663208,-0.10785743594169617,-0.0981791615486145,-0.10209012031555176,-0.10028969496488571,-0.053851932287216187,-0.039991140365600586,-0.04552561044692993,0.011205464601516724,-0.08486896753311157,-0.053290605545043945,-0.061727434396743774,-0.04543714225292206,-0.038033902645111084,-0.027893736958503723,-0.037705257534980774,-0.047253578901290894,-0.03866107761859894,-0.05387281998991966,-0.0668376237154007,-0.045726001262664795,-0.044080447405576706,-0.035281624644994736,-0.11002464592456818,-0.12511040270328522,-0.11882361769676208,-0.09444494545459747,-0.07380735874176025,-0.09450314939022064
11.13,0.0,0.0,-0.07739490270614624,-0.08781781792640686,-0.08769412338733673,-0.08502274751663208,-0.10785743594169617,-0.0981791615486145,-0.10209012031555176,-0.10028969496488571,-0.053851932287216187,-0.039991140365600586,-0.04552561044692993,0.011205464601516724,-0.08486896753311157,-0.053290605545043945,-0.061727434396743774,-0.04543714225292206,-0.038033902645111084,-0.027893736958503723,-0.037705257534980774,-0.047253578901290894,-0.03866107761859894,-0.05387281998991966,-0.0668376237154007,-0.045726001262664795,-0.044080447405576706,-0.035281624644994736,-0.11002464592456818,-0.12511040270328522,-0.11882361769676208,-0.09444494545459747,-0.07380735874176025,-0.09450314939022064
11.14,0.0,0.00109,-0.046850740909576416,-0.07257255911827087,-0.08504204452037811,-0.08375182747840881,-0.034273289144039154,-0.027583716437220573,-0.04606695473194122,-0.08239735662937164,-0.033937305212020874,-0.023851662874221802,-0.031118243932724,0.029216080904006958,-0.07019537687301636,-0.010032415390014648,-0.018799632787704468,-0.01407499611377716,-0.005515247583389282,0.012123823165893555,-0.00622732937335968,-0.0007725656032562256,0.007679402828216553,0.010118681937456131,-0.011037591844797134,-0.007123768329620361,0.021101854741573334,0.04896261915564537,-0.08337076008319855,-0.11706160008907318,-0.12786519527435303,-0.09429003298282623,-0.023154422640800476,-0.08227567374706268
11.15,0.0,0.00126,-0.046850740909576416,-0.07257255911827087,-0.08504204452037811,-0.08375182747840881,-0.034273289144039154,-0.027583716437220573,-0.04606695473194122,-0.08239735662937164,-0.033937305212020874,-0.023851662874221802,-0.031118243932724,0.029216080904006958,-0.07019537687301636,-0.010032415390014648,-0.018799632787704468,-0.01407499611377716,-0.005515247583389282,0.012123823165893555,-0.00622732937335968,-0.0007725656032562256,0.007679402828216553,0.010118681937456131,-0.011037591844797134,-0.007123768329620361,0.021101854741573334,0.04896261915564537,-0.08337076008319855,-0.11706160008907318,-0.12786519527435303,-0.09429003298282623,-0.023154422640800476,-0.08227567374706268
11.16,0.0,0.00143,-0.046850740909576416,-0.07257255911827087,-0.08504204452037811,-0.08375182747840881,-0.034273289144039154,-0.027583716437220573,-0.04606695473194122,-0.08239735662937164,-0.033937305212020874,-0.023851662874221802,-0.031118243932724,0.029216080904006958,-0.07019537687301636,-0.010032415390014648,-0.018799632787704468,-0.01407499611377716,-0.005515247583389282,0.012123823165893555,-0.00622732937335968,-0.0007725656032562256,0.007679402828216553,0.010118681937456131,-0.011037591844797134,-0.007123768329620361,0.021101854741573334,0.04896261915564537,-0.08337076008319855,-0.11706160008907318,-0.12786519527435303,-0.09429003298282623,-0.023154422640800476,-0.08227567374706268
11.17,0.0,0.00159,-0.046850740909576416,-0.07257255911827087,-0.08504204452037811,-0.08375182747840881,-0.034273289144039154,-0.027583716437220573,-0.04606695473194122,-0.08239735662937164,-0.033937305212020874,-0.023851662874221802,-0.031118243932724,0.029216080904006958,-0.07019537687301636,-0.010032415390014648,-0.018799632787704468,-0.01407499611377716,-0.005515247583389282,0.012123823165893555,-0.00622732937335968,-0.0007725656032562256,0.007679402828216553,0.010118681937456131,-0.011037591844797134,-0.007123768329620361,0.021101854741573334,0.04896261915564537,-0.08337076008319855,-0.11706160008907318,-0.12786519527435303,-0.09429003298282623,-0.023154422640800476,-0.08227567374706268
11.18,0.0,0.00174,-0.046850740909576416,-0.07257255911827087,-0.08504204452037811,-0.08375182747840881,-0.034273289144039154,-0.027583716437220573,-0.04606695473194122,-0.08239735662937164,-0.033937305212020874,-0.023851662874221802,-0.031118243932724,0.029216080904006958,-0.07019537687301636,-0.010032415390014648,-0.018799632787704468,-0.01407499611377716,-0.005515247583389282,0.012123823165893555,-0.00622732937335968,-0.0007725656032562256,0.007679402828216553,0.010118681937456131,-0.011037591844797134,-0.007123768329620361,0.021101854741573334,0.04896261915564537,-0.08337076008319855,-0.11706160008907318,-0.12786519527435303,-0.09429003298282623,-0.023154422640800476,-0.08227567374706268
11.19,0.0,0.00188,0.007375538349151611,-0.009859025478363037,-0.04228807985782623,-0.04027850925922394,0.06601875275373459,0.07780274748802185,0.05836091935634613,0.01902689039707184,0.012496918439865112,0.012179940938949585,0.004702478647232056,0.0694648027420044,-0.021296918392181396,0.05973874032497406,0.056823521852493286,0.05353057384490967,0.06390859186649323,0.0748121440410614,0.0494406521320343,0.06480874121189117,0.0756777971982956,0.08573080599308014,0.0643317699432373,0.05057571828365326,0.09935571253299713,0.13081666827201843,-0.01305784285068512,-0.04209089279174805,-0.05656656622886658,-0.024829179048538208,0.042795225977897644,-0.036312535405159
11.2,0.0,0.00199,0.007375538349151611,-0.009859025478363037,-0.04228807985782623,-0.04027850925922394,0.06601875275373459,0.07780274748802185,0.05836091935634613,0.01902689039707184,0.012496918439865112,0.012179940938949585,0.004702478647232056,0.0694648027420044,-0.021296918392181396,0.05973874032497406,0.056823521852493286,0.05353057384490967,0.06390859186649323,0.0748121440410614,0.0494406521320343,0.06480874121189117,0.0756777971982956,0.08573080599308014,0.0643317699432373,0.05057571828365326,0.09935571253299713,0.13081666827201843,-0.01305784285068512,-0.04209089279174805,-0.05656656622886658,-0.024829179048538208,0.042795225977897644,-0.036312535405159
11.21,0.0,0.00214,0.007375538349151611,-0.009859025478363037,-0.04228807985782623,-0.04027850925922394,0.06601875275373459,0.07780274748802185,0.05836091935634613,0.01902689039707184,0.012496918439865112,0.012179940938949585,0.004702478647232056,0.0694648027420044,-0.021296918392181396,0.05973874032497406,0.056823521852493286,0.05353057384490967,0.06390859186649323,0.0748121440410614,0.0494406521320343,0.06480874121189117,0.0756777971982956,0.08573080599308014,0.0643317699432373,0.05057571828365326,0.09935571253299713,0.13081666827201843,-0.01305784285068512,-0.04209089279174805,-0.05656656622886658,-0.024829179048538208,0.042795225977897644,-0.036312535405159
11.22,0.0,0.00225,0.007375538349151611,-0.009859025478363037,-0.04228807985782623,-0.04027850925922394,0.06601875275373459,0.07780274748802185,0.05836091935634613,0.01902689039707184,0.012496918439865112,0.012179940938949585,0.004702478647232056,0.0694648027420044,-0.021296918392181396,0.05973874032497406,0.056823521852493286,0.05353057384490967,0.06390859186649323,0.0748121440410614,0.0494406521320343,0.06480874121189117,0.0756777971982956,0.08573080599308014,0.0643317699432373,0.05057571828365326,0.09935571253299713,0.13081666827201843,-0.01305784285068512,-0.04209089279174805,-0.05656656622886658,-0.024829179048538208,0.042795225977897644,-0.036312535405159
11.23,0.0,0.00234,0.007375538349151611,-0.009859025478363037,-0.04228807985782623,-0.04027850925922394,0.06601875275373459,0.07780274748802185,0.05836091935634613,0.01902689039707184,0.012496918439865112,0.012179940938949585,0.004702478647232056,0.0694648027420044,-0.021296918392181396,0.05973874032497406,0.056823521852493286,0.05353057384490967,0.06390859186649323,0.0748121440410614,0.0494406521320343,0.06480874121189117,0.0756777971982956,0.08573080599308014,0.0643317699432373,0.05057571828365326,0.09935571253299713,0.13081666827201843,-0.01305784285068512,-0.04209089279174805,-0.05656656622886658,-0.024829179048538208,0.042795225977897644,-0.036312535405159
11.24,0.0,0.00243,0.057556748390197754,0.05410264432430267,0.021578937768936157,0.031683504581451416,0.1212485283613205,0.12898209691047668,0.11955155432224274,0.12077341228723526,0.05686041712760925,0.047636479139328,0.039724200963974,0.10095468163490295,0.024632543325424194,0.10422033071517944,0.11042772233486176,0.09727756679058075,0.10526247322559357,0.12129101902246475,0.09059125185012817,0.10253312438726425,0.11587885022163391,0.12044081836938858,0.10298154503107071,0.07844579219818115,0.12902173399925232,0.1490226686000824,0.0583820641040802,0.051012083888053894,0.05518469214439392,0.0748063176870346,0.09625861048698425,0.023031562566757202
11.25,0.0,0.0025,0.057556748390197754,0.05410264432430267,0.021578937768936157,0.031683504581451416,0.1212485283613205,0.12898209691047668,0.11955155432224274,0.12077341228723526,0.05686041712760925,0.047636479139328,0.039724200963974,0.10095468163490295,0.024632543325424194,0.10422033071517944,0.11042772233486176,0.09727756679058075,0.10526247322559357,0.12129101902246475,0.09059125185012817,0.10253312438726425,0.11587885022163391,0.12044081836938858,0.10298154503107071,0.07844579219818115,0.12902173399925232,0.1490226686000824,0.0583820641040802,0.051012083888053894,0.05518469214439392,0.0748063176870346,0.09625861048698425,0.023031562566757202
11.26,0.01458,0.00256,0.057556748390197754,0.05410264432430267,0.021578937768936157,0.031683504581451416,0.1212485283613205,0.12898209691047668,0.11955155432224274,0.12077341228723526,0.05686041712760925,0.047636479139328,0.039724200963974,0.10095468163490295,0.024632543325424194,0.10422033071517944,0.11042772233486176,0.09727756679058075,0.10526247322559357,0.12129101902246475,0.09059125185012817,0.10253312438726425,0.11587885022163391,0.12044081836938858,0.10298154503107071,0.07844579219818115,0.12902173399925232,0.1490226686000824,0.0583820641040802,0.051012083888053894,0.05518469214439392,0.0748063176870346,0.09625861048698425,0.023031562566757202
11.27,0.02063,0.00261,0.057556748390197754,0.05410264432430267,0.021578937768936157,0.031683504581451416,0.1212485283613205,0.12898209691047668,0.11955155432224274,0.12077341228723526,0.05686041712760925,0.047636479139328,0.039724200963974,0.10095468163490295,0.024632543325424194,0.10422033071517944,0.11042772233486176,0.09727756679058075,0.10526247322559357,0.12129101902246475,0.09059125185012817,0.10253312438726425,0.11587885022163391,0.12044081836938858,0.10298154503107071,0.07844579219818115,0.12902173399925232,0.1490226686000824,0.0583820641040802,0.051012083888053894,0.05518469214439392,0.0748063176870346,0.09625861048698425,0.023031562566757202
11.28,0.02618,0.00264,0.057556748390197754,0.05410264432430267,0.021578937768936157,0.031683504581451416,0.1212485283613205,0.12898209691047668,0.11955155432224274,0.12077341228723526,0.05686041712760925,0.047636479139328,0.039724200963974,0.10095468163490295,0.024632543325424194,0.10422033071517944,0.11042772233486176,0.09727756679058075,0.10526247322559357,0.12129101902246475,0.09059125185012817,0.10253312438726425,0.11587885022163391,0.12044081836938858,0.10298154503107071,0.07844579219818115,0.12902173399925232,0.1490226686000824,0.0583820641040802,0.051012083888053894,0.05518469214439392,0.0748063176870346,0.09625861048698425,0.023031562566757202
11.29,0.03023,0.00266,0.07605421543121338,0.07051019370555878,0.06860870122909546,0.08558878302574158,0.11587604135274887,0.11208200454711914,0.10639230906963348,0.13098013401031494,0.06832629442214966,0.057584553956985474,0.048099905252456665,0.09780147671699524,0.04081110656261444,0.09672772884368896,0.10821077227592468,0.0832701176404953,0.08709508180618286,0.1232340857386589,0.0882929190993309,0.09111244976520538,0.10467518121004105,0.1114344447851181,0.09520303457975388,0.05390632152557373,0.10966221988201141,0.12151583284139633,0.08667108416557312,0.08946578949689865,0.10179498791694641,0.11074019223451614,0.11671162396669388,0.06146713346242905
11.3,0.03565,0.00268,0.07605421543121338,0.07051019370555878,0.06860870122909546,0.08558878302574158,0.11587604135274887,0.11208200454711914,0.10639230906963348,0.13098013401031494,0.06832629442214966,0.057584553956985474,0.048099905252456665,0.09780147671699524,0.04081110656261444,0.09672772884368896,0.10821077227592468,0.0832701176404953,0.08709508180618286,0.1232340857386589,0.0882929190993309,0.09111244976520538,0.10467518121004105,0.1114344447851181,0.09520303457975388,0.05390632152557373,0.10966221988201141,0.12151583284139633,0.08667108416557312,0.08946578949689865,0.10179498791694641,0.11074019223451614,0.11671162396669388,0.06146713346242905
11.31,0.03956,0.00268,0.07605421543121338,0.07051019370555878,0.06860870122909546,0.08558878302574158,0.11587604135274887,0.11208200454711914,0.10639230906963348,0.13098013401031494,0.06832629442214966,0.057584553956985474,0.048099905252456665,0.09780147671699524,0.04081110656261444,0.09672772884368896,0.10821077227592468,0.0832701176404953,0.08709508180618286,0.1232340857386589,0.0882929190993309,0.09111244976520538,0.10467518121004105,0.1114344447851181,0.09520303457975388,0.05390632152557373,0.10966221988201141,0.12151583284139633,0.08667108416557312,0.08946578949689865,0.10179498791694641,0.11074019223451614,0.11671162396669388,0.06146713346242905
11.32,0.04293,0.00267,0.07605421543121338,0.07051019370555878,0.06860870122909546,0.08558878302574158,0.11587604135274887,0.11208200454711914,0.10639230906963348,0.13098013401031494,0.06832629442214966,0.057584553956985474,0.048099905252456665,0.09780147671699524,0.04081110656261444,0.09672772884368896,0.10821077227592468,0.0832701176404953,0.08709508180618286,0.1232340857386589,0.0882929190993309,0.09111244976520538,0.10467518121004105,0.1114344447851181,0.09520303457975388,0.05390632152557373,0.10966221988201141,0.12151583284139633,0.08667108416557312,0.08946578949689865,0.10179498791694641,0.11074019223451614,0.11671162396669388,0.06146713346242905
11.33,0.04576,0.00264,0.07605421543121338,0.07051019370555878,0.06860870122909546,0.08558878302574158,0.11587604135274887,0.11208200454711914,0.10639230906963348,0.13098013401031494,0.06832629442214966,0.057584553956985474,0.048099905252456665,0.09780147671699524,0.04081110656261444,0.09672772884368896,0.10821077227592468,0.0832701176404953,0.08709508180618286,0.1232340857386589,0.0882929190993309,0.09111244976520538,0.10467518121004105,0.1114344447851181,0.09520303457975388,0.05390632152557373,0.10966221988201141,0.12151583284139633,0.08667108416557312,0.08946578949689865,0.10179498791694641,0.11074019223451614,0.11671162396669388,0.06146713346242905
11.34,0.04807,0.00261,0.06645579636096954,0.05821560323238373,0.08635900914669037,0.09970644116401672,0.08225076645612717,0.079325370490551,0.07498258352279663,0.08196017891168594,0.06439349055290222,0.053135067224502563,0.040617793798446655,0.078753262758255,0.04674610495567322,0.06224682927131653,0.07156741619110107,0.044830113649368286,0.047538429498672485,0.09698742628097534,0.060810208320617676,0.05759084224700928,0.07006528973579407,0.08394798636436462,0.06905217468738556,0.02941572666168213,0.07567045092582703,0.08334536850452423,0.07903774827718735,0.08278263360261917,0.07905955612659454,0.08788486570119858,0.10321927070617676,0.07048852741718292
11.35,0.04989,0.00257,0.06645579636096954,0.05821560323238373,0.08635900914669037,0.09970644116401672,0.08225076645612717,0.079325370490551,0.07498258352279663,0.08196017891168594,0.06439349055290222,0.053135067224502563,0.040617793798446655,0.078753262758255,0.04674610495567322,0.06224682927131653,0.07156741619110107,0.044830113649368286,0.047538429498672485,0.09698742628097534,0.060810208320617676,0.05759084224700928,0.07006528973579407,0.08394798636436462,0.06905217468738556,0.02941572666168213,0.07567045092582703,0.08334536850452423,0.07903774827718735,0.08278263360261917,0.07905955612659454,0.08788486570119858,0.10321927070617676,0.07048852741718292
11.36,0.05126,0.00252,0.06645579636096954,0.05821560323238373,0.08635900914669037,0.09970644116401672,0.08225076645612717,0.079325370490551,0.07498258352279663,0.08196017891168594,0.06439349055290222,0.053135067224502563,0.040617793798446655,0.078753262758255,0.04674610495567322,0.06224682927131653,0.07156741619110107,0.044830113649368286,0.047538429498672485,0.09698742628097534,0.060810208320617676,0.05759084224700928,0.07006528973579407,0.08394798636436462,0.06905217468738556,0.02941572666168213,0.07567045092582703,0.08334536850452423,0.07903774827718735,0.08278263360261917,0.07905955612659454,0.08788486570119858,0.10321927070617676,0.07048852741718292
11.37,0.05204,0.00247,0.06645579636096954,0.05821560323238373,0.08635900914669037,0.09970644116401672,0.08225076645612717,0.079325370490551,0.07498258352279663,0.08196017891168594,0.06439349055290222,0.053135067224502563,0.040617793798446655,0.078753262758255,0.04674610495567322,0.06224682927131653,0.07156741619110107,0.044830113649368286,0.047538429498672485,0.09698742628097534,0.060810208320617676,0.05759084224700928,0.07006528973579407,0.08394798636436462,0.06905217468738556,0.02941572666168213,0.07567045092582703,0.08334536850452423,0.07903774827718735,0.08278263360261917,0.07905955612659454,0.08788486570119858,0.10321927070617676,0.07048852741718292
11.38,0.05277,0.00238,0.06645579636096954,0.05821560323238373,0.08635900914669037,0.09970644116401672,0.08225076645612717,0.079325370490551,0.07498258352279663,0.08196017891168594,0.06439349055290222,0.053135067224502563,0.040617793798446655,0.078753262758255,0.04674610495567322,0.06224682927131653,0.07156741619110107,0.044830113649368286,0.047538429498672485,0.09698742628097534,0.060810208320617676,0.05759084224700928,0.07006528973579407,0.08394798636436462,0.06905217468738556,0.02941572666168213,0.07567045092582703,0.08334536850452423,0.07903774827718735,0.08278263360261917,0.07905955612659454,0.08788486570119858,0.10321927070617676,0.07048852741718292
11.39,0.053,0.0023,0.05088251829147339,0.05023965239524841,0.07974940538406372,0.08131804317235947,0.05661953240633011,0.06493811309337616,0.06563717871904373,0.04937894269824028,0.060316622257232666,0.049171656370162964,0.03345683217048645,0.0647982656955719,0.057320863008499146,0.042366862297058105,0.04562649130821228,0.026856228709220886,0.031022071838378906,0.07700446248054504,0.04244875907897949,0.03968974947929382,0.051299870014190674,0.06593942642211914,0.0532352477312088,0.03695952892303467,0.05795622617006302,0.06528082489967346,0.06215473264455795,0.06596259027719498,0.04208885133266449,0.06090477108955383,0.07713274657726288,0.05956132709980011
11.4,0.05295,0.00221,0.05088251829147339,0.05023965239524841,0.07974940538406372,0.08131804317235947,0.05661953240633011,0.06493811309337616,0.06563717871904373,0.04937894269824028,0.060316622257232666,0.049171656370162964,0.03345683217048645,0.0647982656955719,0.057320863008499146,0.042366862297058105,0.04562649130821228,0.026856228709220886,0.031022071838378906,0.07700446248054504,0.04244875907897949,0.03968974947929382,0.051299870014190674,0.06593942642211914,0.0532352477312088,0.03695952892303467,0.05795622617006302,0.06528082489967346,0.06215473264455795,0.06596259027719498,0.04208885133266449,0.06090477108955383,0.07713274657726288,0.05956132709980011
11.41,0.05266,0.0021,0.05088251829147339,0.05023965239524841,0.07974940538406372,0.08131804317235947,0.05661953240633011,0.06493811309337616,0.06563717871904373,0.04937894269824028,0.060316622257232666,0.049171656370162964,0.03345683217048645,0.0647982656955719,0.057320863008499146,0.042366862297058105,0.04562649130821228,0.026856228709220886,0.031022071838378906,0.07700446248054504,0.04244875907897949,0.03968974947929382,0.051299870014190674,0.06593942642211914,0.0532352477312088,0.03695952892303467,0.05795622617006302,0.06528082489967346,0.06215473264455795,0.06596259027719498,0.04208885133266449,0.06090477108955383,0.07713274657726288,0.05956132709980011
11.42,0.05219,0.00199,0.05088251829147339,0.05023965239524841,0.07974940538406372,0.08131804317235947,0.05661953240633011,0.06493811309337616,0.06563717871904373,0.04937894269824028,0.060316622257232666,0.049171656370162964,0.03345683217048645,0.0647982656955719,0.057320863008499146,0.042366862297058105,0.04562649130821228,0.026856228709220886,0.031022071838378906,0.07700446248054504,0.04244875907897949,0.03968974947929382,0.051299870014190674,0.06593942642211914,0.0532352477312088,0.03695952892303467,0.05795622617006302,0.06528082489967346,0.06215473264455795,0.06596259027719498,0.04208885133266449,0.06090477108955383,0.07713274657726288,0.05956132709980011
11.43,0.05158,0.00186,0.05088251829147339,0.05023965239524841,0.07974940538406372,0.08131804317235947,0.05661953240633011,0.06493811309337616,0.06563717871904373,0.04937894269824028,0.060316622257232666,0.049171656370162964,0.03345683217048645,0.0647982656955719,0.057320863008499146,0.042366862297058105,0.04562649130821228,0.026856228709220886,0.031022071838378906,0.07700446248054504,0.04244875907897949,0.03968974947929382,0.051299870014190674,0.06593942642211914,0.0532352477312088,0.03695952892303467,0.05795622617006302,0.06528082489967346,0.06215473264455795,0.06596259027719498,0.04208885133266449,0.06090477108955383,0.07713274657726288,0.05956132709980011
11.44,0.05089,0.00172,0.04035092890262604,0.0511476993560791,0.06960639357566833,0.06146366894245148,0.052161723375320435,0.07091628760099411,0.07742968201637268,0.063565693795681,0.05664771795272827,0.046602874994277954,0.028554469347000122,0.056511372327804565,0.0672207921743393,0.04007834196090698,0.039888352155685425,0.027901291847229004,0.03290317952632904,0.07271379232406616,0.03965136408805847,0.03825575113296509,0.04997837543487549,0.06396036595106125,0.053036801517009735,0.05244685709476471,0.05827378109097481,0.06669746339321136,0.05382914841175079,0.060651011765003204,0.03143160045146942,0.06049979478120804,0.060979411005973816,0.04942779242992401
11.45,0.0503,0.0016,0.04035092890262604,0.0511476993560791,0.06960639357566833,0.06146366894245148,0.052161723375320435,0.07091628760099411,0.07742968201637268,0.063565693795681,0.05664771795272827,0.046602874994277954,0.028554469347000122,0.056511372327804565,0.0672207921743393,0.04007834196090698,0.039888352155685425,0.027901291847229004,0.03290317952632904,0.07271379232406616,0.03965136408805847,0.03825575113296509,0.04997837543487549,0.06396036595106125,0.053036801517009735,0.05244685709476471,0.05827378109097481,0.06669746339321136,0.05382914841175079,0.060651011765003204,0.03143160045146942,0.06049979478120804,0.060979411005973816,0.04942779242992401
11.46,0.04944,0.00141,0.04035092890262604,0.0511476993560791,0.06960639357566833,0.06146366894245148,0.052161723375320435,0.07091628760099411,0.07742968201637268,0.063565693795681,0.05664771795272827,0.046602874994277954,0.028554469347000122,0.056511372327804565,0.0672207921743393,0.04007834196090698,0.039888352155685425,0.027901291847229004,0.03290317952632904,0.07271379232406616,0.03965136408805847,0.03825575113296509,0.04997837543487549,0.06396036595106125,0.053036801517009735,0.05244685709476471,0.05827378109097481,0.06669746339321136,0.05382914841175079,0.060651011765003204,0.03143160045146942,0.06049979478120804,0.060979411005973816,0.04942779242992401
11.47,0.04877,0.00123,0.04035092890262604,0.0511476993560791,0.06960639357566833,0.06146366894245148,0.052161723375320435,0.07091628760099411,0.07742968201637268,0.063565693795681,0.05664771795272827,0.046602874994277954,0.028554469347000122,0.056511372327804565,0.0672207921743393,0.04007834196090698,0.039888352155685425,0.027901291847229004,0.03290317952632904,0.07271379232406616,0.03965136408805847,0.03825575113296509,0.04997837543487549,0.06396036595106125,0.053036801517009735,0.05244685709476471,0.05827378109097481,0.06669746339321136,0.05382914841175079,0.060651011765003204,0.03143160045146942,0.06049979478120804,0.060979411005973816,0.04942779242992401
11.48,0.0482,0.00104,0.04035092890262604,0.0511476993560791,0.06960639357566833,0.06146366894245148,0.052161723375320435,0.07091628760099411,0.07742968201637268,0.063565693795681,0.05664771795272827,0.046602874994277954,0.028554469347000122,0.056511372327804565,0.0672207921743393,0.04007834196090698,0.039888352155685425,0.027901291847229004,0.03290317952632904,0.07271379232406616,0.03965136408805847,0.03825575113296509,0.04997837543487549,0.06396036595106125,0.053036801517009735,0.05244685709476471,0.05827378109097481,0.06669746339321136,0.05382914841175079,0.060651011765003204,0.03143160045146942,0.06049979478120804,0.060979411005973816,0.04942779242992401
11.49,0.04777,0.0,0.04089006781578064,0.061357975006103516,0.0682009607553482,0.06148739159107208,0.06108119338750839,0.0841246098279953,0.09299840033054352,0.09905502945184708,0.06693488359451294,0.05650925636291504,0.037911564111709595,0.06661242246627808,0.0755242109298706,0.054628461599349976,0.05532518029212952,0.048674076795578,0.05306822061538696,0.08165692538022995,0.05000317096710205,0.050025686621665955,0.061643704771995544,0.07346314191818237,0.06460091471672058,0.06338068842887878,0.07074110209941864,0.07886126637458801,0.06148522347211838,0.07434910535812378,0.05437922477722168,0.08499962091445923,0.057995185256004333,0.049077197909355164
11.5,0.0475,0.0,0.04089006781578064,0.061357975006103516,0.0682009607553482,0.06148739159107208,0.06108119338750839,0.0841246098279953,0.09299840033054352,0.09905502945184708,0.06693488359451294,0.05650925636291504,0.037911564111709595,0.06661242246627808,0.0755242109298706,0.054628461599349976,0.05532518029212952,0.048674076795578,0.05306822061538696,0.08165692538022995,0.05000317096710205,0.050025686621665955,0.061643704771995544,0.07346314191818237,0.06460091471672058,0.06338068842887878,0.07074110209941864,0.07886126637458801,0.06148522347211838,0.07434910535812378,0.05437922477722168,0.08499962091445923,0.057995185256004333,0.049077197909355164
11.51,0.04744,0.0,0.04089006781578064,0.061357975006103516,0.0682009607553482,0.06148739159107208,0.06108119338750839,0.0841246098279953,0.09299840033054352,0.09905502945184708,0.06693488359451294,0.05650925636291504,0.037911564111709595,0.06661242246627808,0.0755242109298706,0.054628461599349976,0.05532518029212952,0.048674076795578,0.05306822061538696,0.08165692538022995,0.05000317096710205,0.050025686621665955,0.061643704771995544,0.07346314191818237,0.06460091471672058,0.06338068842887878,0.07074110209941864,0.07886126637458801,0.06148522347211838,0.07434910535812378,0.05437922477722168,0.08499962091445923,0.057995185256004333,0.049077197909355164
11.52,0.04759,0.0,0.04089006781578064,0.061357975006103516,0.0682009607553482,0.06148739159107208,0.06108119338750839,0.0841246098279953,0.09299840033054352,0.09905502945184708,0.06693488359451294,0.05650925636291504,0.037911564111709595,0.06661242246627808,0.0755242109298706,0.054628461599349976,0.05532518029212952,0.048674076795578,0.05306822061538696,0.08165692538022995,0.05000317096710205,0.050025686621665955,0.061643704771995544,0.07346314191818237,0.06460091471672058,0.06338068842887878,0.07074110209941864,0.07886126637458801,0.06148522347211838,0.07434910535812378,0.05437922477722168,0.08499962091445923,0.057995185256004333,0.049077197909355164
11.53,0.048,0.0,0.04089006781578064,0.061357975006103516,0.0682009607553482,0.06148739159107208,0.06108119338750839,0.0841246098279953,0.09299840033054352,0.09905502945184708,0.06693488359451294,0.05650925636291504,0.037911564111709595,0.06661242246627808,0.0755242109298706,0.054628461599349976,0.05532518029212952,0.048674076795578,0.05306822061538696,0.08165692538022995,0.05000317096710205,0.050025686621665955,0.061643704771995544,0.07346314191818237,0.06460091471672058,0.06338068842887878,0.07074110209941864,0.07886126637458801,0.06148522347211838,0.07434910535812378,0.05437922477722168,0.08499962091445923,0.057995185256004333,0.049077197909355164
11.54,0.04851,0.0,0.042468681931495667,0.061452239751815796,0.07265003025531769,0.0741565078496933,0.06637534499168396,0.08563848584890366,0.09256159514188766,0.10970804840326309,0.073306143283844,0.06460270285606384,0.046060919761657715,0.07365661859512329,0.07107482850551605,0.06327933073043823,0.0672522485256195,0.059712156653404236,0.06278219819068909,0.08928727358579636,0.058261990547180176,0.05736452341079712,0.06874392926692963,0.07733897864818573,0.0694853663444519,0.05479048192501068,0.07412660121917725,0.08036568760871887,0.06531771272420883,0.07784615457057953,0.06762870401144028,0.09125243872404099,0.062216438353061676,0.0540766566991806
11.55,0.04961,0.0,0.042468681931495667,0.061452239751815796,0.07265003025531769,0.0741565078496933,0.06637534499168396,0.08563848584890366,0.09256159514188766,0.10970804840326309,0.073306143283844,0.06460270285606384,0.046060919761657715,0.07365661859512329,0.07107482850551605,0.06327933073043823,0.0672522485256195,0.059712156653404236,0.06278219819068909,0.08928727358579636,0.058261990547180176,0.05736452341079712,0.06874392926692963,0.07733897864818573,0.0694853663444519,0.05479048192501068,0.07412660121917725,0.08036568760871887,0.06531771272420883,0.07784615457057953,0.06762870401144028,0.09125243872404099,0.062216438353061676,0.0540766566991806
11.56,0.05085,0.0,0.042468681931495667,0.061452239751815796,0.07265003025531769,0.0741565078496933,0.06637534499168396,0.08563848584890366,0.09256159514188766,0.10970804840326309,0.073306143283844,0.06460270285606384,0.046060919761657715,0.07365661859512329,0.07107482850551605,0.06327933073043823,0.0672522485256195,0.059712156653404236,0.06278219819068909,0.08928727358579636,0.058261990547180176,0.05736452341079712,0.06874392926692963,0.07733897864818573,0.0694853663444519,0.05479048192501068,0.07412660121917725,0.08036568760871887,0.06531771272420883,0.07784615457057953,0.06762870401144028,0.09125243872404099,0.062216438353061676,0.0540766566991806
11.57,0.05238,0.0,0.042468681931495667,0.061452239751815796,0.07265003025531769,0.0741565078496933,0.06637534499168396,0.08563848584890366,0.09256159514188766,0.10970804840326309,0.073306143283844,0.06460270285606384,0.046060919761657715,0.07365661859512329,0.07107482850551605,0.06327933073043823,0.0672522485256195,0.059712156653404236,0.06278219819068909,0.08928727358579636,0.058261990547180176,0.05736452341079712,0.06874392926692963,0.07733897864818573,0.0694853663444519,0.05479048192501068,0.07412660121917725,0.08036568760871887,0.06531771272420883,0.07784615457057953,0.06762870401144028,0.09125243872404099,0.062216438353061676,0.0540766566991806
11.58,0.0542,0.0,0.042468681931495667,0.061452239751815796,0.07265003025531769,0.0741565078496933,0.06637534499168396,0.08563848584890366,0.09256159514188766,0.10970804840326309,0.073306143283844,0.06460270285606384,0.046060919761657715,0.07365661859512329,0.07107482850551605,0.06327933073043823,0.0672522485256195,0.059712156653404236,0.06278219819068909,0.08928727358579636,0.058261990547180176,0.05736452341079712,0.06874392926692963,0.07733897864818573,0.0694853663444519,0.05479048192501068,0.07412660121917725,0.08036568760871887,0.06531771272420883,0.07784615457057953,0.06762870401144028,0.09125243872404099,0.062216438353061676,0.0540766566991806
11.59,0.05633,0.0,0.04215224087238312,0.05840575695037842,0.07457750290632248,0.08021117746829987,0.06791892647743225,0.08066920191049576,0.08257822692394257,0.08916544169187546,0.07192933559417725,0.06419768929481506,0.04480448365211487,0.07002571225166321,0.0652385950088501,0.06095010042190552,0.06540773808956146,0.05337373912334442,0.055998191237449646,0.08880816400051117,0.05624851584434509,0.052978500723838806,0.06425730884075165,0.0769178569316864,0.06730863451957703,0.04655730724334717,0.07032217085361481,0.07576978206634521,0.0646829605102539,0.0712316632270813,0.059023261070251465,0.07742251455783844,0.06630647927522659,0.056079283356666565
11.6,0.05874,0.0,0.04215224087238312,0.05840575695037842,0.07457750290632248,0.08021117746829987,0.06791892647743225,0.08066920191049576,0.08257822692394257,0.08916544169187546,0.07192933559417725,0.06419768929481506,0.04480448365211487,0.07002571225166321,0.0652385950088501,0.06095010042190552,0.06540773808956146,0.05337373912334442,0.055998191237449646,0.08880816400051117,0.05624851584434509,0.052978500723838806,0.06425730884075165,0.0769178569316864,0.06730863451957703,0.04655730724334717,0.07032217085361481,0.07576978206634521,0.0646829605102539,0.0712316632270813,0.059023261070251465,0.07742251455783844,0.06630647927522659,0.056079283356666565
11.61,0.06144,0.0,0.04215224087238312,0.05840575695037842,0.07457750290632248,0.08021117746829987,0.06791892647743225,0.08066920191049576,0.08257822692394257,0.08916544169187546,0.07192933559417725,0.06419768929481506,0.04480448365211487,0.07002571225166321,0.0652385950088501,0.06095010042190552,0.06540773808956146,0.05337373912334442,0.055998191237449646,0.08880816400051117,0.05624851584434509,0.052978500723838806,0.06425730884075165,0.0769178569316864,0.06730863451957703,0.04655730724334717,0.07032217085361481,0.07576978206634521,0.0646829605102539,0.0712316632270813,0.059023261070251465,0.07742251455783844,0.06630647927522659,0.056079283356666565
11.62,0.0638,0.0,0.04215224087238312,0.05840575695037842,0.07457750290632248,0.08021117746829987,0.06791892647743225,0.08066920191049576,0.08257822692394257,0.08916544169187546,0.07192933559417725,0.06419768929481506,0.04480448365211487,0.07002571225166321,0.0652385950088501,0.06095010042190552,0.06540773808956146,0.05337373912334442,0.055998191237449646,0.08880816400051117,0.05624851584434509,0.052978500723838806,0.06425730884075165,0.0769178569316864,0.06730863451957703,0.04655730724334717,0.07032217085361481,0.07576978206634521,0.0646829605102539,0.0712316632270813,0.059023261070251465,0.07742251455783844,0.06630647927522659,0.056079283356666565
11.63,0.06766,0.0,0.04215224087238312,0.05840575695037842,0.07457750290632248,0.08021117746829987,0.06791892647743225,0.08066920191049576,0.08257822692394257,0.08916544169187546,0.07192933559417725,0.06419768929481506,0.04480448365211487,0.07002571225166321,0.0652385950088501,0.06095010042190552,0.06540773808956146,0.05337373912334442,0.055998191237449646,0.08880816400051117,0.05624851584434509,0.052978500723838806,0.06425730884075165,0.0769178569316864,0.06730863451957703,0.04655730724334717,0.07032217085361481,0.07576978206634521,0.0646829605102539,0.0712316632270813,0.059023261070251465,0.07742251455783844,0.06630647927522659,0.056079283356666565
11.64,0.07115,0.0,0.04347386956214905,0.05990450084209442,0.07695180922746658,0.07992491126060486,0.07055779546499252,0.08161284774541855,0.08184851706027985,0.07303735613822937,0.07346445322036743,0.06595602631568909,0.044494181871414185,0.06961911916732788,0.06621706485748291,0.06157751381397247,0.0647771954536438,0.051445379853248596,0.05453170835971832,0.09032338857650757,0.05778452754020691,0.0549049973487854,0.06612648069858551,0.08030710369348526,0.07022648304700851,0.05131630599498749,0.07299862802028656,0.07876010239124298,0.06592855602502823,0.06899300217628479,0.05068601667881012,0.07032075524330139,0.07014404982328415,0.05820135772228241
11.65,0.07489,0.0,0.04347386956214905,0.05990450084209442,0.07695180922746658,0.07992491126060486,0.07055779546499252,0.08161284774541855,0.08184851706027985,0.07303735613822937,0.07346445322036743,0.06595602631568909,0.044494181871414185,0.06961911916732788,0.06621706485748291,0.06157751381397247,0.0647771954536438,0.051445379853248596,0.05453170835971832,0.09032338857650757,0.05778452754020691,0.0549049973487854,0.06612648069858551,0.08030710369348526,0.07022648304700851,0.05131630599498749,0.07299862802028656,0.07876010239124298,0.06592855602502823,0.06899300217628479,0.05068601667881012,0.07032075524330139,0.07014404982328415,0.05820135772228241
11.66,0.07886,0.0,0.04347386956214905,0.05990450084209442,0.07695180922746658,0.07992491126060486,0.07055779546499252,0.08161284774541855,0.08184851706027985,0.07303735613822937,0.07346445322036743,0.06595602631568909,0.044494181871414185,0.06961911916732788,0.06621706485748291,0.06157751381397247,0.0647771954536438,0.051445379853248596,0.05453170835971832,0.09032338857650757,0.05778452754020691,0.0549049973487854,0.06612648069858551,0.08030710369348526,0.07022648304700851,0.05131630599498749,0.07299862802028656,0.07876010239124298,0.06592855602502823,0.06899300217628479,0.05068601667881012,0.07032075524330139,0.07014404982328415,0.05820135772228241
11.67,0.08304,0.0,0.04347386956214905,0.05990450084209442,0.07695180922746658,0.07992491126060486,0.07055779546499252,0.08161284774541855,0.08184851706027985,0.07303735613822937,0.07346445322036743,0.06595602631568909,0.044494181871414185,0.06961911916732788,0.06621706485748291,0.06157751381397247,0.0647771954536438,0.051445379853248596,0.05453170835971832,0.09032338857650757,0.05778452754020691,0.0549049973487854,0.06612648069858551,0.08030710369348526,0.07022648304700851,0.05131630599498749,0.07299862802028656,0.07876010239124298,0.06592855602502823,0.06899300217628479,0.05068601667881012,0.07032075524330139,0.07014404982328415,0.05820135772228241
11.68,0.08742,0.0,0.04347386956214905,0.05990450084209442,0.07695180922746658,0.07992491126060486,0.07055779546499252,0.08161284774541855,0.08184851706027985,0.07303735613822937,0.07346445322036743,0.06595602631568909,0.044494181871414185,0.06961911916732788,0.06621706485748291,0.06157751381397247,0.0647771954536438,0.051445379853248596,0.05453170835971832,0.09032338857650757,0.05778452754020691,0.0549049973487854,0.06612648069858551,0.08030710369348526,0.07022648304700851,0.05131630599498749,0.07299862802028656,0.07876010239124298,0.06592855602502823,0.06899300217628479,0.05068601667881012,0.07032075524330139,0.07014404982328415,0.05820135772228241
11.69,0.09199,0.0,0.048363834619522095,0.06667855381965637,0.08150739222764969,0.07870858907699585,0.07757695764303207,0.09043291211128235,0.09253788739442825,0.08135822415351868,0.0788743793964386,0.07116588950157166,0.04840925335884094,0.07346460223197937,0.07397149503231049,0.0670296847820282,0.06903892755508423,0.05644293129444122,0.05942195653915405,0.09507787972688675,0.06283751130104065,0.060740113258361816,0.07135367393493652,0.08629455417394638,0.07628345489501953,0.06184706091880798,0.07871465384960175,0.08447298407554626,0.07055925577878952,0.0734173059463501,0.052771732211112976,0.07619582116603851,0.07524316757917404,0.062235236167907715
11.7,0.09578,0.0,0.048363834619522095,0.06667855381965637,0.08150739222764969,0.07870858907699585,0.07757695764303207,0.09043291211128235,0.09253788739442825,0.08135822415351868,0.0788743793964386,0.07116588950157166,0.04840925335884094,0.07346460223197937,0.07397149503231049,0.0670296847820282,0.06903892755508423,0.05644293129444122,0.05942195653915405,0.09507787972688675,0.06283751130104065,0.060740113258361816,0.07135367393493652,0.08629455417394638,0.07628345489501953,0.06184706091880798,0.07871465384960175,0.08447298407554626,0.07055925577878952,0.0734173059463501,0.052771732211112976,0.07619582116603851,0.07524316757917404,0.062235236167907715
11.71,0.10165,0.0,0.048363834619522095,0.06667855381965637,0.08150739222764969,0.07870858907699585,0.07757695764303207,0.09043291211128235,0.09253788739442825,0.08135822415351868,0.0788743793964386,0.07116588950157166,0.04840925335884094,0.07346460223197937,0.07397149503231049,0.0670296847820282,0.06903892755508423,0.05644293129444122,0.05942195653915405,0.09507787972688675,0.06283751130104065,0.060740113258361816,0.07135367393493652,0.08629455417394638,0.07628345489501953,0.06184706091880798,0.07871465384960175,0.08447298407554626,0.07055925577878952,0.0734173059463501,0.052771732211112976,0.07619582116603851,0.07524316757917404,0.062235236167907715
11.72,0.10672,0.0,0.048363834619522095,0.06667855381965637,0.08150739222764969,0.07870858907699585,0.07757695764303207,0.09043291211128235,0.09253788739442825,0.08135822415351868,0.0788743793964386,0.07116588950157166,0.04840925335884094,0.07346460223197937,0.07397149503231049,0.0670296847820282,0.06903892755508423,0.05644293129444122,0.05942195653915405,0.09507787972688675,0.06283751130104065,0.060740113258361816,0.07135367393493652,0.08629455417394638,0.07628345489501953,0.06184706091880798,0.07871465384960175,0.08447298407554626,0.07055925577878952,0.0734173059463501,0.052771732211112976,0.07619582116603851,0.07524316757917404,0.062235236167907715
11.73,0.11194,0.0,0.048363834619522095,0.06667855381965637,0.08150739222764969,0.07870858907699585,0.07757695764303207,0.09043291211128235,0.09253788739442825,0.08135822415351868,0.0788743793964386,0.07116588950157166,0.04840925335884094,0.07346460223197937,0.07397149503231049,0.0670296847820282,0.06903892755508423,0.05644293129444122,0.05942195653915405,0.09507787972688675,0.06283751130104065,0.060740113258361816,0.07135367393493652,0.08629455417394638,0.07628345489501953,0.06184706091880798,0.07871465384960175,0.08447298407554626,0.07055925577878952,0.0734173059463501,0.052771732211112976,0.07619582116603851,0.07524316757917404,0.062235236167907715
11.74,0.11729,0.0,0.05417965352535248,0.07360601425170898,0.08608580380678177,0.08027183264493942,0.08478467911481857,0.09802966564893723,0.10127852857112885,0.09953654557466507,0.0867810845375061,0.07855978608131409,0.054743945598602295,0.07967278361320496,0.08021259307861328,0.07463225722312927,0.07673907279968262,0.06442387402057648,0.06698977947235107,0.10215523838996887,0.07021483778953552,0.0674406886100769,0.07799364626407623,0.09210087358951569,0.08259245753288269,0.06659039855003357,0.08416197448968887,0.08852919936180115,0.07745512574911118,0.08024908602237701,0.062336236238479614,0.08732128143310547,0.08113672584295273,0.06674094498157501
11.75,0.12279,0.0,0.05417965352535248,0.07360601425170898,0.08608580380678177,0.08027183264493942,0.08478467911481857,0.09802966564893723,0.10127852857112885,0.09953654557466507,0.0867810845375061,0.07855978608131409,0.054743945598602295,0.07967278361320496,0.08021259307861328,0.07463225722312927,0.07673907279968262,0.06442387402057648,0.06698977947235107,0.10215523838996887,0.07021483778953552,0.0674406886100769,0.07799364626407623,0.09210087358951569,0.08259245753288269,0.06659039855003357,0.08416197448968887,0.08852919936180115,0.07745512574911118,0.08024908602237701,0.062336236238479614,0.08732128143310547,0.08113672584295273,0.06674094498157501
11.76,0.12841,0.0,0.05417965352535248,0.07360601425170898,0.08608580380678177,0.08027183264493942,0.08478467911481857,0.09802966564893723,0.10127852857112885,0.09953654557466507,0.0867810845375061,0.07855978608131409,0.054743945598602295,0.07967278361320496,0.08021259307861328,0.07463225722312927,0.07673907279968262,0.06442387402057648,0.06698977947235107,0.10215523838996887,0.07021483778953552,0.0674406886100769,0.07799364626407623,0.09210087358951569,0.08259245753288269,0.06659039855003357,0.08416197448968887,0.08852919936180115,0.07745512574911118,0.08024908602237701,0.062336236238479614,0.08732128143310547,0.08113672584295273,0.06674094498157501
11.77,0.13416,0.0,0.05417965352535248,0.07360601425170898,0.08608580380678177,0.08027183264493942,0.08478467911481857,0.09802966564893723,0.10127852857112885,0.09953654557466507,0.0867810845375061,0.07855978608131409,0.054743945598602295,0.07967278361320496,0.08021259307861328,0.07463225722312927,0.07673907279968262,0.06442387402057648,0.06698977947235107,0.10215523838996887,0.07021483778953552,0.0674406886100769,0.07799364626407623,0.09210087358951569,0.08259245753288269,0.06659039855003357,0.08416197448968887,0.08852919936180115,0.07745512574911118,0.08024908602237701,0.062336236238479614,0.08732128143310547,0.08113672584295273,0.06674094498157501
11.78,0.14005,0.0,0.05417965352535248,0.07360601425170898,0.08608580380678177,0.08027183264493942,0.08478467911481857,0.09802966564893723,0.10127852857112885,0.09953654557466507,0.0867810845375061,0.07855978608131409,0.054743945598602295,0.07967278361320496,0.08021259307861328,0.07463225722312927,0.07673907279968262,0.06442387402057648,0.06698977947235107,0.10215523838996887,0.07021483778953552,0.0674406886100769,0.07799364626407623,0.09210087358951569,0.08259245753288269,0.06659039855003357,0.08416197448968887,0.08852919936180115,0.07745512574911118,0.08024908602237701,0.062336236238479614,0.08732128143310547,0.08113672584295273,0.06674094498157501
11.79,0.14485,0.0,0.05722683668136597,0.07353970408439636,0.08689066767692566,0.08159346878528595,0.08883114904165268,0.09917081892490387,0.10010312497615814,0.10347173362970352,0.09105145931243896,0.08312776684761047,0.057736605405807495,0.08216723799705505,0.07892617583274841,0.07859046757221222,0.08053623139858246,0.06730732321739197,0.06958809494972229,0.10627833008766174,0.07396957278251648,0.07017599046230316,0.08013485372066498,0.09540978074073792,0.0854392871260643,0.06199738383293152,0.08590486645698547,0.08879178017377853,0.08007067441940308,0.07904613018035889,0.06303402781486511,0.08616060018539429,0.08524690568447113,0.06834613531827927
11.8,0.15222,0.0,0.05722683668136597,0.07353970408439636,0.08689066767692566,0.08159346878528595,0.08883114904165268,0.09917081892490387,0.10010312497615814,0.10347173362970352,0.09105145931243896,0.08312776684761047,0.057736605405807495,0.08216723799705505,0.07892617583274841,0.07859046757221222,0.08053623139858246,0.06730732321739197,0.06958809494972229,0.10627833008766174,0.07396957278251648,0.07017599046230316,0.08013485372066498,0.09540978074073792,0.0854392871260643,0.06199738383293152,0.08590486645698547,0.08879178017377853,0.08007067441940308,0.07904613018035889,0.06303402781486511,0.08616060018539429,0.08524690568447113,0.06834613531827927
11.81,0.15851,0.0,0.05722683668136597,0.07353970408439636,0.08689066767692566,0.08159346878528595,0.08883114904165268,0.09917081892490387,0.10010312497615814,0.10347173362970352,0.09105145931243896,0.08312776684761047,0.057736605405807495,0.08216723799705505,0.07892617583274841,0.07859046757221222,0.08053623139858246,0.06730732321739197,0.06958809494972229,0.10627833008766174,0.07396957278251648,0.07017599046230316,0.08013485372066498,0.09540978074073792,0.0854392871260643,0.06199738383293152,0.08590486645698547,0.08879178017377853,0.08007067441940308,0.07904613018035889,0.06303402781486511,0.08616060018539429,0.08524690568447113,0.06834613531827927
11.82,0.16494,0.0,0.05722683668136597,0.07353970408439636,0.08689066767692566,0.08159346878528595,0.08883114904165268,0.09917081892490387,0.10010312497615814,0.10347173362970352,0.09105145931243896,0.08312776684761047,0.057736605405807495,0.08216723799705505,0.07892617583274841,0.07859046757221222,0.08053623139858246,0.06730732321739197,0.06958809494972229,0.10627833008766174,0.07396957278251648,0.07017599046230316,0.08013485372066498,0.09540978074073792,0.0854392871260643,0.06199738383293152,0.08590486645698547,0.08879178017377853,0.08007067441940308,0.07904613018035889,0.06303402781486511,0.08616060018539429,0.08524690568447113,0.06834613531827927
11.83,0.17153,0.0,0.05722683668136597,0.07353970408439636,0.08689066767692566,0.08159346878528595,0.08883114904165268,0.09917081892490387,0.10010312497615814,0.10347173362970352,0.09105145931243896,0.08312776684761047,0.057736605405807495,0.08216723799705505,0.07892617583274841,0.07859046757221222,0.08053623139858246,0.06730732321739197,0.06958809494972229,0.10627833008766174,0.07396957278251648,0.07017599046230316,0.08013485372066498,0.09540978074073792,0.0854392871260643,0.06199738383293152,0.08590486645698547,0.08879178017377853,0.08007067441940308,0.07904613018035889,0.06303402781486511,0.08616060018539429,0.08524690568447113,0.06834613531827927
11.84,0.17827,0.0,0.060542792081832886,0.07557934522628784,0.08996433764696121,0.08619464933872223,0.09375260025262833,0.10190366208553314,0.09967019408941269,0.09592051804065704,0.09643971920013428,0.08831742405891418,0.06123995780944824,0.08515992760658264,0.08120913803577423,0.08291609585285187,0.08410662412643433,0.07039715349674225,0.07249203324317932,0.11057805269956589,0.07816199213266373,0.07381333410739899,0.08365228027105331,0.10057500004768372,0.09008830785751343,0.06499817967414856,0.08952143788337708,0.09194239228963852,0.08408782631158829,0.0791117250919342,0.06186104565858841,0.0834711492061615,0.09039538353681564,0.07159997522830963
11.85,0.18517,0.0,0.060542792081832886,0.07557934522628784,0.08996433764696121,0.08619464933872223,0.09375260025262833,0.10190366208553314,0.09967019408941269,0.09592051804065704,0.09643971920013428,0.08831742405891418,0.06123995780944824,0.08515992760658264,0.08120913803577423,0.08291609585285187,0.08410662412643433,0.07039715349674225,0.07249203324317932,0.11057805269956589,0.07816199213266373,0.07381333410739899,0.08365228027105331,0.10057500004768372,0.09008830785751343,0.06499817967414856,0.08952143788337708,0.09194239228963852,0.08408782631158829,0.0791117250919342,0.06186104565858841,0.0834711492061615,0.09039538353681564,0.07159997522830963
11.86,0.19224,0.0,0.060542792081832886,0.07557934522628784,0.08996433764696121,0.08619464933872223,0.09375260025262833,0.10190366208553314,0.09967019408941269,0.09592051804065704,0.09643971920013428,0.08831742405891418,0.06123995780944824,0.08515992760658264,0.08120913803577423,0.08291609585285187,0.08410662412643433,0.07039715349674225,0.07249203324317932,0.11057805269956589,0.07816199213266373,0.07381333410739899,0.08365228027105331,0.10057500004768372,0.09008830785751343,0.06499817967414856,0.08952143788337708,0.09194239228963852,0.08408782631158829,0.0791117250919342,0.06186104565858841,0.0834711492061615,0.09039538353681564,0.07159997522830963
11.87,0.19802,0.0,0.060542792081832886,0.07557934522628784,0.08996433764696121,0.08619464933872223,0.09375260025262833,0.10190366208553314,0.09967019408941269,0.09592051804065704,0.09643971920013428,0.08831742405891418,0.06123995780944824,0.08515992760658264,0.08120913803577423,0.08291609585285187,0.08410662412643433,0.07039715349674225,0.07249203324317932,0.11057805269956589,0.07816199213266373,0.07381333410739899,0.08365228027105331,0.10057500004768372,0.09008830785751343,0.06499817967414856,0.08952143788337708,0.09194239228963852,0.08408782631158829,0.0791117250919342,0.06186104565858841,0.0834711492061615,0.09039538353681564,0.07159997522830963
11.88,0.20691,0.0,0.060542792081832886,0.07557934522628784,0.08996433764696121,0.08619464933872223,0.09375260025262833,0.10190366208553314,0.09967019408941269,0.09592051804065704,0.09643971920013428,0.08831742405891418,0.06123995780944824,0.08515992760658264,0.08120913803577423,0.08291609585285187,0.08410662412643433,0.07039715349674225,0.07249203324317932,0.11057805269956589,0.07816199213266373,0.07381333410739899,0.08365228027105331,0.10057500004768372,0.09008830785751343,0.06499817967414856,0.08952143788337708,0.09194239228963852,0.08408782631158829,0.0791117250919342,0.06186104565858841,0.0834711492061615,0.09039538353681564,0.07159997522830963
11.89,0.21451,0.0,0.07677355408668518,0.09746053814888,0.10903985798358917,0.10760803520679474,0.10787355154752731,0.11856739968061447,0.11696267873048782,0.10533545166254044,0.11708199977874756,0.1076190173625946,0.07838901877403259,0.10380619764328003,0.10523860156536102,0.10035018622875214,0.1010293960571289,0.08890019357204437,0.09138140082359314,0.126251220703125,0.09477624297142029,0.0917738527059555,0.10123000293970108,0.11676257848739624,0.1070936918258667,0.09553694725036621,0.10678429901599884,0.109035424888134,0.10092674940824509,0.09741358458995819,0.08176510035991669,0.1044674962759018,0.10551875829696655,0.08869373053312302
11.9,0.2223,0.0,0.07677355408668518,0.09746053814888,0.10903985798358917,0.10760803520679474,0.10787355154752731,0.11856739968061447,0.11696267873048782,0.10533545166254044,0.11708199977874756,0.1076190173625946,0.07838901877403259,0.10380619764328003,0.10523860156536102,0.10035018622875214,0.1010293960571289,0.08890019357204437,0.09138140082359314,0.126251220703125,0.09477624297142029,0.0917738527059555,0.10123000293970108,0.11676257848739624,0.1070936918258667,0.09553694725036621,0.10678429901599884,0.109035424888134,0.10092674940824509,0.09741358458995819,0.08176510035991669,0.1044674962759018,0.10551875829696655,0.08869373053312302
11.91,0.23028,0.0,0.07677355408668518,0.09746053814888,0.10903985798358917,0.10760803520679474,0.10787355154752731,0.11856739968061447,0.11696267873048782,0.10533545166254044,0.11708199977874756,0.1076190173625946,0.07838901877403259,0.10380619764328003,0.10523860156536102,0.10035018622875214,0.1010293960571289,0.08890019357204437,0.09138140082359314,0.126251220703125,0.09477624297142029,0.0917738527059555,0.10123000293970108,0.11676257848739624,0.1070936918258667,0.09553694725036621,0.10678429901599884,0.109035424888134,0.10092674940824509,0.09741358458995819,0.08176510035991669,0.1044674962759018,0.10551875829696655,0.08869373053312302
11.92,0.23845,0.0,0.07677355408668518,0.09746053814888,0.10903985798358917,0.10760803520679474,0.10787355154752731,0.11856739968061447,0.11696267873048782,0.10533545166254044,0.11708199977874756,0.1076190173625946,0.07838901877403259,0.10380619764328003,0.10523860156536102,0.10035018622875214,0.1010293960571289,0.08890019357204437,0.09138140082359314,0.126251220703125,0.09477624297142029,0.0917738527059555,0.10123000293970108,0.11676257848739624,0.1070936918258667,0.09553694725036621,0.10678429901599884,0.109035424888134,0.10092674940824509,0.09741358458995819,0.08176510035991669,0.1044674962759018,0.10551875829696655,0.08869373053312302
11.93,0.24679,0.0,0.07677355408668518,0.09746053814888,0.10903985798358917,0.10760803520679474,0.10787355154752731,0.11856739968061447,0.11696267873048782,0.10533545166254044,0.11708199977874756,0.1076190173625946,0.07838901877403259,0.10380619764328003,0.10523860156536102,0.10035018622875214,0.1010293960571289,0.08890019357204437,0.09138140082359314,0.126251220703125,0.09477624297142029,0.0917738527059555,0.10123000293970108,0.11676257848739624,0.1070936918258667,0.09553694725036621,0.10678429901599884,0.109035424888134,0.10092674940824509,0.09741358458995819,0.08176510035991669,0.1044674962759018,0.10551875829696655,0.08869373053312302
11.94,0.25531,0.0,0.1058463454246521,0.13059814274311066,0.1402156800031662,0.14131885766983032,0.13375376164913177,0.14841733872890472,0.1497674584388733,0.1411081850528717,0.14843153953552246,0.13900214433670044,0.1087212860584259,0.13537874817848206,0.14240385591983795,0.131519615650177,0.13224641978740692,0.1229725182056427,0.12616217136383057,0.15220050513744354,0.1214798092842102,0.11963881552219391,0.12917643785476685,0.14624401926994324,0.13788887858390808,0.136075958609581,0.13785392045974731,0.14021018147468567,0.12979790568351746,0.13051211833953857,0.11943261325359344,0.14312070608139038,0.13034024834632874,0.11728061735630035
11.95,0.26225,0.0,0.1058463454246521,0.13059814274311066,0.1402156800031662,0.14131885766983032,0.13375376164913177,0.14841733872890472,0.1497674584388733,0.1411081850528717,0.14843153953552246,0.13900214433670044,0.1087212860584259,0.13537874817848206,0.14240385591983795,0.131519615650177,0.13224641978740692,0.1229725182056427,0.12616217136383057,0.15220050513744354,0.1214798092842102,0.11963881552219391,0.12917643785476685,0.14624401926994324,0.13788887858390808,0.136075958609581,0.13785392045974731,0.14021018147468567,0.12979790568351746,0.13051211833953857,0.11943261325359344,0.14312070608139038,0.13034024834632874,0.11728061735630035
11.96,0.27285,0.0,0.1058463454246521,0.13059814274311066,0.1402156800031662,0.14131885766983032,0.13375376164913177,0.14841733872890472,0.1497674584388733,0.1411081850528717,0.14843153953552246,0.13900214433670044,0.1087212860584259,0.13537874817848206,0.14240385591983795,0.131519615650177,0.13224641978740692,0.1229725182056427,0.12616217136383057,0.15220050513744354,0.1214798092842102,0.11963881552219391,0.12917643785476685,0.14624401926994324,0.13788887858390808,0.136075958609581,0.13785392045974731,0.14021018147468567,0.12979790568351746,0.13051211833953857,0.11943261325359344,0.14312070608139038,0.13034024834632874,0.11728061735630035
11.97,0.28184,0.0,0.1058463454246521,0.13059814274311066,0.1402156800031662,0.14131885766983032,0.13375376164913177,0.14841733872890472,0.1497674584388733,0.1411081850528717,0.14843153953552246,0.13900214433670044,0.1087212860584259,0.13537874817848206,0.14240385591983795,0.131519615650177,0.13224641978740692,0.1229725182056427,0.12616217136383057,0.15220050513744354,0.1214798092842102,0.11963881552219391,0.12917643785476685,0.14624401926994324,0.13788887858390808,0.136075958609581,0.13785392045974731,0.14021018147468567,0.12979790568351746,0.13051211833953857,0.11943261325359344,0.14312070608139038,0.13034024834632874,0.11728061735630035
11.98,0.29096,0.0,0.1058463454246521,0.13059814274311066,0.1402156800031662,0.14131885766983032,0.13375376164913177,0.14841733872890472,0.1497674584388733,0.1411081850528717,0.14843153953552246,0.13900214433670044,0.1087212860584259,0.13537874817848206,0.14240385591983795,0.131519615650177,0.13224641978740692,0.1229725182056427,0.12616217136383057,0.15220050513744354,0.1214798092842102,0.11963881552219391,0.12917643785476685,0.14624401926994324,0.13788887858390808,0.136075958609581,0.13785392045974731,0.14021018147468567,0.12979790568351746,0.13051211833953857,0.11943261325359344,0.14312070608139038,0.13034024834632874,0.11728061735630035
11.99,0.3002,0.0,0.1653195470571518,0.1982128918170929,0.19816260039806366,0.2053534984588623,0.17856967449188232,0.1978115737438202,0.20289753377437592,0.21090179681777954,0.21172335743904114,0.2005557119846344,0.16908679902553558,0.20039832592010498,0.2137233316898346,0.19401894509792328,0.19449789822101593,0.19152913987636566,0.1994117796421051,0.2090935856103897,0.17941471934318542,0.18266527354717255,0.19317315518856049,0.20192259550094604,0.19646111130714417,0.21729245781898499,0.19894760847091675,0.19995610415935516,0.18682228028774261,0.19462983310222626,0.19382494688034058,0.21815963089466095,0.1809198260307312,0.17316265404224396
12.0,0.30952,0.00115,0.1653195470571518,0.1982128918170929,0.19816260039806366,0.2053534984588623,0.17856967449188232,0.1978115737438202,0.20289753377437592,0.21090179681777954,0.21172335743904114,0.2005557119846344,0.16908679902553558,0.20039832592010498,0.2137233316898346,0.19401894509792328,0.19449789822101593,0.19152913987636566,0.1994117796421051,0.2090935856103897,0.17941471934318542,0.18266527354717255,0.19317315518856049,0.20192259550094604,0.19646111130714417,0.21729245781898499,0.19894760847091675,0.19995610415935516,0.18682228028774261,0.19462983310222626,0.19382494688034058,0.21815963089466095,0.1809198260307312,0.17316265404224396
12.01,0.31891,0.00149,0.1653195470571518,0.1982128918170929,0.19816260039806366,0.2053534984588623,0.17856967449188232,0.1978115737438202,0.20289753377437592,0.21090179681777954,0.21172335743904114,0.2005557119846344,0.16908679902553558,0.20039832592010498,0.2137233316898346,0.19401894509792328,0.19449789822101593,0.19152913987636566,0.1994117796421051,0.2090935856103897,0.17941471934318542,0.18266527354717255,0.19317315518856049,0.20192259550094604,0.19646111130714417,0.21729245781898499,0.19894760847091675,0.19995610415935516,0.18682228028774261,0.19462983310222626,0.19382494688034058,0.21815963089466095,0.1809198260307312,0.17316265404224396
12.02,0.32834,0.00182,0.1653195470571518,0.1982128918170929,0.19816260039806366,0.2053534984588623,0.17856967449188232,0.1978115737438202,0.20289753377437592,0.21090179681777954,0.21172335743904114,0.2005557119846344,0.16908679902553558,0.20039832592010498,0.2137233316898346,0.19401894509792328,0.19449789822101593,0.19152913987636566,0.1994117796421051,0.2090935856103897,0.17941471934318542,0.18266527354717255,0.19317315518856049,0.20192259550094604,0.19646111130714417,0.21729245781898499,0.19894760847091675,0.19995610415935516,0.18682228028774261,0.19462983310222626,0.19382494688034058,0.21815963089466095,0.1809198260307312,0.17316265404224396
12.03,0.33589,0.00206,0.1653195470571518,0.1982128918170929,0.19816260039806366,0.2053534984588623,0.17856967449188232,0.1978115737438202,0.20289753377437592,0.21090179681777954,0.21172335743904114,0.2005557119846344,0.16908679902553558,0.20039832592010498,0.2137233316898346,0.19401894509792328,0.19449789822101593,0.19152913987636566,0.1994117796421051,0.2090935856103897,0.17941471934318542,0.18266527354717255,0.19317315518856049,0.20192259550094604,0.19646111130714417,0.21729245781898499,0.19894760847091675,0.19995610415935516,0.18682228028774261,0.19462983310222626,0.19382494688034058,0.21815963089466095,0.1809198260307312,0.17316265404224396
12.04,0.34533,0.00234,0.24234357476234436,0.28077203035354614,0.28942927718162537,0.3078335225582123,0.24701708555221558,0.2731582224369049,0.2837825119495392,0.3115905523300171,0.28494736552238464,0.27483367919921875,0.24572202563285828,0.2799123525619507,0.3001258075237274,0.28389495611190796,0.28488874435424805,0.28760504722595215,0.2977951467037201,0.2988686263561249,0.27001500129699707,0.2761203646659851,0.2876620292663574,0.2820626497268677,0.2793903946876526,0.3094366788864136,0.28460657596588135,0.28509393334388733,0.2622135579586029,0.27923697233200073,0.2872459888458252,0.31358829140663147,0.2615748643875122,0.261249840259552
12.05,0.35659,0.00264,0.24234357476234436,0.28077203035354614,0.28942927718162537,0.3078335225582123,0.24701708555221558,0.2731582224369049,0.2837825119495392,0.3115905523300171,0.28494736552238464,0.27483367919921875,0.24572202563285828,0.2799123525619507,0.3001258075237274,0.28389495611190796,0.28488874435424805,0.28760504722595215,0.2977951467037201,0.2988686263561249,0.27001500129699707,0.2761203646659851,0.2876620292663574,0.2820626497268677,0.2793903946876526,0.3094366788864136,0.28460657596588135,0.28509393334388733,0.2622135579586029,0.27923697233200073,0.2872459888458252,0.31358829140663147,0.2615748643875122,0.261249840259552
12.06,0.3659,0.00286,0.24234357476234436,0.28077203035354614,0.28942927718162537,0.3078335225582123,0.24701708555221558,0.2731582224369049,0.2837825119495392,0.3115905523300171,0.28494736552238464,0.27483367919921875,0.24572202563285828,0.2799123525619507,0.3001258075237274,0.28389495611190796,0.28488874435424805,0.28760504722595215,0.2977951467037201,0.2988686263561249,0.27001500129699707,0.2761203646659851,0.2876620292663574,0.2820626497268677,0.2793903946876526,0.3094366788864136,0.28460657596588135,0.28509393334388733,0.2622135579586029,0.27923697233200073,0.2872459888458252,0.31358829140663147,0.2615748643875122,0.261249840259552
12.07,0.37509,0.00306,0.24234357476234436,0.28077203035354614,0.28942927718162537,0.3078335225582123,0.24701708555221558,0.2731582224369049,0.2837825119495392,0.3115905523300171,0.28494736552238464,0.27483367919921875,0.24572202563285828,0.2799123525619507,0.3001258075237274,0.28389495611190796,0.28488874435424805,0.28760504722595215,0.2977951467037201,0.2988686263561249,0.27001500129699707,0.2761203646659851,0.2876620292663574,0.2820626497268677,0.2793903946876526,0.3094366788864136,0.28460657596588135,0.28509393334388733,0.2622135579586029,0.27923697233200073,0.2872459888458252,0.31358829140663147,0.2615748643875122,0.261249840259552
12.08,0.38415,0.00322,0.24234357476234436,0.28077203035354614,0.28942927718162537,0.3078335225582123,0.24701708555221558,0.2731582224369049,0.2837825119495392,0.3115905523300171,0.28494736552238464,0.27483367919921875,0.24572202563285828,0.2799123525619507,0.3001258075237274,0.28389495611190796,0.28488874435424805,0.28760504722595215,0.2977951467037201,0.2988686263561249,0.27001500129699707,0.2761203646659851,0.2876620292663574,0.2820626497268677,0.2793903946876526,0.3094366788864136,0.28460657596588135,0.28509393334388733,0.2622135579586029,0.27923697233200073,0.2872459888458252,0.31358829140663147,0.2615748643875122,0.261249840259552
12.09,0.39303,0.00336,0.31433677673339844,0.344815194606781,0.37075746059417725,0.3940267860889435,0.3174358904361725,0.34410014748573303,0.3571612238883972,0.3876129984855652,0.3449110686779022,0.33897799253463745,0.31436824798583984,0.3459419012069702,0.36480003595352173,0.3471730053424835,0.35276809334754944,0.3502805829048157,0.35482341051101685,0.3675864338874817,0.33899039030075073,0.33899301290512085,0.34927302598953247,0.34744852781295776,0.34420692920684814,0.3607890009880066,0.3475553095340729,0.3476882576942444,0.3326890766620636,0.3511355519294739,0.35657721757888794,0.38109591603279114,0.3452025055885315,0.34307366609573364
12.1,0.40171,0.00348,0.31433677673339844,0.344815194606781,0.37075746059417725,0.3940267860889435,0.3174358904361725,0.34410014748573303,0.3571612238883972,0.3876129984855652,0.3449110686779022,0.33897799253463745,0.31436824798583984,0.3459419012069702,0.36480003595352173,0.3471730053424835,0.35276809334754944,0.3502805829048157,0.35482341051101685,0.3675864338874817,0.33899039030075073,0.33899301290512085,0.34927302598953247,0.34744852781295776,0.34420692920684814,0.3607890009880066,0.3475553095340729,0.3476882576942444,0.3326890766620636,0.3511355519294739,0.35657721757888794,0.38109591603279114,0.3452025055885315,0.34307366609573364
12.11,0.41014,0.00357,0.31433677673339844,0.344815194606781,0.37075746059417725,0.3940267860889435,0.3174358904361725,0.34410014748573303,0.3571612238883972,0.3876129984855652,0.3449110686779022,0.33897799253463745,0.31436824798583984,0.3459419012069702,0.36480003595352173,0.3471730053424835,0.35276809334754944,0.3502805829048157,0.35482341051101685,0.3675864338874817,0.33899039030075073,0.33899301290512085,0.34927302598953247,0.34744852781295776,0.34420692920684814,0.3607890009880066,0.3475553095340729,0.3476882576942444,0.3326890766620636,0.3511355519294739,0.35657721757888794,0.38109591603279114,0.3452025055885315,0.34307366609573364
12.12,0.41671,0.00362,0.31433677673339844,0.344815194606781,0.37075746059417725,0.3940267860889435,0.3174358904361725,0.34410014748573303,0.3571612238883972,0.3876129984855652,0.3449110686779022,0.33897799253463745,0.31436824798583984,0.3459419012069702,0.36480003595352173,0.3471730053424835,0.35276809334754944,0.3502805829048157,0.35482341051101685,0.3675864338874817,0.33899039030075073,0.33899301290512085,0.34927302598953247,0.34744852781295776,0.34420692920684814,0.3607890009880066,0.3475553095340729,0.3476882576942444,0.3326890766620636,0.3511355519294739,0.35657721757888794,0.38109591603279114,0.3452025055885315,0.34307366609573364
12.13,0.4262,0.00368,0.31433677673339844,0.344815194606781,0.37075746059417725,0.3940267860889435,0.3174358904361725,0.34410014748573303,0.3571612238883972,0.3876129984855652,0.3449110686779022,0.33897799253463745,0.31436824798583984,0.3459419012069702,0.36480003595352173,0.3471730053424835,0.35276809334754944,0.3502805829048157,0.35482341051101685,0.3675864338874817,0.33899039030075073,0.33899301290512085,0.34927302598953247,0.34744852781295776,0.34420692920684814,0.3607890009880066,0.3475553095340729,0.3476882576942444,0.3326890766620636,0.3511355519294739,0.35657721757888794,0.38109591603279114,0.3452025055885315,0.34307366609573364
12.14,0.43377,0.00371,0.3853479027748108,0.40400582551956177,0.4293314814567566,0.4438072741031647,0.38368740677833557,0.40592458844184875,0.4166642427444458,0.4272049069404602,0.4042406380176544,0.4021623730659485,0.3822670578956604,0.40970686078071594,0.42465537786483765,0.40008074045181274,0.4089506268501282,0.4012094736099243,0.40125006437301636,0.4210818409919739,0.3936907649040222,0.39051517844200134,0.3989996910095215,0.40565797686576843,0.4017876982688904,0.4078521430492401,0.402642160654068,0.40350374579429626,0.3970063328742981,0.4099905490875244,0.404070645570755,0.4236851930618286,0.41957467794418335,0.40557652711868286
12.15,0.44099,0.00372,0.3853479027748108,0.40400582551956177,0.4293314814567566,0.4438072741031647,0.38368740677833557,0.40592458844184875,0.4166642427444458,0.4272049069404602,0.4042406380176544,0.4021623730659485,0.3822670578956604,0.40970686078071594,0.42465537786483765,0.40008074045181274,0.4089506268501282,0.4012094736099243,0.40125006437301636,0.4210818409919739,0.3936907649040222,0.39051517844200134,0.3989996910095215,0.40565797686576843,0.4017876982688904,0.4078521430492401,0.402642160654068,0.40350374579429626,0.3970063328742981,0.4099905490875244,0.404070645570755,0.4236851930618286,0.41957467794418335,0.40557652711868286
12.16,0.44786,0.00372,0.3853479027748108,0.40400582551956177,0.4293314814567566,0.4438072741031647,0.38368740677833557,0.40592458844184875,0.4166642427444458,0.4272049069404602,0.4042406380176544,0.4021623730659485,0.3822670578956604,0.40970686078071594,0.42465537786483765,0.40008074045181274,0.4089506268501282,0.4012094736099243,0.40125006437301636,0.4210818409919739,0.3936907649040222,0.39051517844200134,0.3989996910095215,0.40565797686576843,0.4017876982688904,0.4078521430492401,0.402642160654068,0.40350374579429626,0.3970063328742981,0.4099905490875244,0.404070645570755,0.4236851930618286,0.41957467794418335,0.40557652711868286
12.17,0.45435,0.0037,0.3853479027748108,0.40400582551956177,0.4293314814567566,0.4438072741031647,0.38368740677833557,0.40592458844184875,0.4166642427444458,0.4272049069404602,0.4042406380176544,0.4021623730659485,0.3822670578956604,0.40970686078071594,0.42465537786483765,0.40008074045181274,0.4089506268501282,0.4012094736099243,0.40125006437301636,0.4210818409919739,0.3936907649040222,0.39051517844200134,0.3989996910095215,0.40565797686576843,0.4017876982688904,0.4078521430492401,0.402642160654068,0.40350374579429626,0.3970063328742981,0.4099905490875244,0.404070645570755,0.4236851930618286,0.41957467794418335,0.40557652711868286
12.18,0.46045,0.00367,0.3853479027748108,0.40400582551956177,0.4293314814567566,0.4438072741031647,0.38368740677833557,0.40592458844184875,0.4166642427444458,0.4272049069404602,0.4042406380176544,0.4021623730659485,0.3822670578956604,0.40970686078071594,0.42465537786483765,0.40008074045181274,0.4089506268501282,0.4012094736099243,0.40125006437301636,0.4210818409919739,0.3936907649040222,0.39051517844200134,0.3989996910095215,0.40565797686576843,0.4017876982688904,0.4078521430492401,0.402642160654068,0.40350374579429626,0.3970063328742981,0.4099905490875244,0.404070645570755,0.4236851930618286,0.41957467794418335,0.40557652711868286
12.19,0.46615,0.00363,0.45831626653671265,0.4704628586769104,0.4791674017906189,0.4800574779510498,0.4475193917751312,0.4659808874130249,0.47373104095458984,0.46758750081062317,0.46938031911849976,0.46959367394447327,0.4529525935649872,0.4775379002094269,0.4908371567726135,0.46333086490631104,0.4724746644496918,0.46547746658325195,0.46606627106666565,0.4827473759651184,0.4563137888908386,0.4553926885128021,0.4635072648525238,0.46821048855781555,0.46501481533050537,0.4758865237236023,0.46555060148239136,0.4655531346797943,0.46248483657836914,0.47038161754608154,0.4579947292804718,0.47544360160827637,0.4862423837184906,0.45886385440826416
12.2,0.47043,0.0036,0.45831626653671265,0.4704628586769104,0.4791674017906189,0.4800574779510498,0.4475193917751312,0.4659808874130249,0.47373104095458984,0.46758750081062317,0.46938031911849976,0.46959367394447327,0.4529525935649872,0.4775379002094269,0.4908371567726135,0.46333086490631104,0.4724746644496918,0.46547746658325195,0.46606627106666565,0.4827473759651184,0.4563137888908386,0.4553926885128021,0.4635072648525238,0.46821048855781555,0.46501481533050537,0.4758865237236023,0.46555060148239136,0.4655531346797943,0.46248483657836914,0.47038161754608154,0.4579947292804718,0.47544360160827637,0.4862423837184906,0.45886385440826416
12.21,0.47634,0.00354,0.45831626653671265,0.4704628586769104,0.4791674017906189,0.4800574779510498,0.4475193917751312,0.4659808874130249,0.47373104095458984,0.46758750081062317,0.46938031911849976,0.46959367394447327,0.4529525935649872,0.4775379002094269,0.4908371567726135,0.46333086490631104,0.4724746644496918,0.46547746658325195,0.46606627106666565,0.4827473759651184,0.4563137888908386,0.4553926885128021,0.4635072648525238,0.46821048855781555,0.46501481533050537,0.4758865237236023,0.46555060148239136,0.4655531346797943,0.46248483657836914,0.47038161754608154,0.4579947292804718,0.47544360160827637,0.4862423837184906,0.45886385440826416
12.22,0.48082,0.00348,0.45831626653671265,0.4704628586769104,0.4791674017906189,0.4800574779510498,0.4475193917751312,0.4659808874130249,0.47373104095458984,0.46758750081062317,0.46938031911849976,0.46959367394447327,0.4529525935649872,0.4775379002094269,0.4908371567726135,0.46333086490631104,0.4724746644496918,0.46547746658325195,0.46606627106666565,0.4827473759651184,0.4563137888908386,0.4553926885128021,0.4635072648525238,0.46821048855781555,0.46501481533050537,0.4758865237236023,0.46555060148239136,0.4655531346797943,0.46248483657836914,0.47038161754608154,0.4579947292804718,0.47544360160827637,0.4862423837184906,0.45886385440826416
12.23,0.48491,0.00343,0.45831626653671265,0.4704628586769104,0.4791674017906189,0.4800574779510498,0.4475193917751312,0.4659808874130249,0.47373104095458984,0.46758750081062317,0.46938031911849976,0.46959367394447327,0.4529525935649872,0.4775379002094269,0.4908371567726135,0.46333086490631104,0.4724746644496918,0.46547746658325195,0.46606627106666565,0.4827473759651184,0.4563137888908386,0.4553926885128021,0.4635072648525238,0.46821048855781555,0.46501481533050537,0.4758865237236023,0.46555060148239136,0.4655531346797943,0.46248483657836914,0.47038161754608154,0.4579947292804718,0.47544360160827637,0.4862423837184906,0.45886385440826416
12.24,0.4886,0.00337,0.5177624821662903,0.5206480026245117,0.5168008804321289,0.5116705298423767,0.5030903816223145,0.5155320167541504,0.5202580094337463,0.5207437872886658,0.5264813899993896,0.5279241800308228,0.511944591999054,0.533811628818512,0.5371447801589966,0.5215219259262085,0.5296694040298462,0.5233646631240845,0.5261070728302002,0.541635274887085,0.5143473744392395,0.5127850770950317,0.5214433670043945,0.5260924100875854,0.5222625732421875,0.523928701877594,0.5225916504859924,0.5203069448471069,0.5183640718460083,0.5198758840560913,0.5086832046508789,0.5254722237586975,0.538397490978241,0.4996032118797302
12.25,0.49191,0.00332,0.5177624821662903,0.5206480026245117,0.5168008804321289,0.5116705298423767,0.5030903816223145,0.5155320167541504,0.5202580094337463,0.5207437872886658,0.5264813899993896,0.5279241800308228,0.511944591999054,0.533811628818512,0.5371447801589966,0.5215219259262085,0.5296694040298462,0.5233646631240845,0.5261070728302002,0.541635274887085,0.5143473744392395,0.5127850770950317,0.5214433670043945,0.5260924100875854,0.5222625732421875,0.523928701877594,0.5225916504859924,0.5203069448471069,0.5183640718460083,0.5198758840560913,0.5086832046508789,0.5254722237586975,0.538397490978241,0.4996032118797302
12.26,0.49486,0.00327,0.5177624821662903,0.5206480026245117,0.5168008804321289,0.5116705298423767,0.5030903816223145,0.5155320167541504,0.5202580094337463,0.5207437872886658,0.5264813899993896,0.5279241800308228,0.511944591999054,0.533811628818512,0.5371447801589966,0.5215219259262085,0.5296694040298462,0.5233646631240845,0.5261070728302002,0.541635274887085,0.5143473744392395,0.5127850770950317,0.5214433670043945,0.5260924100875854,0.5222625732421875,0.523928701877594,0.5225916504859924,0.5203069448471069,0.5183640718460083,0.5198758840560913,0.5086832046508789,0.5254722237586975,0.538397490978241,0.4996032118797302
12.27,0.49746,0.00322,0.5177624821662903,0.5206480026245117,0.5168008804321289,0.5116705298423767,0.5030903816223145,0.5155320167541504,0.5202580094337463,0.5207437872886658,0.5264813899993896,0.5279241800308228,0.511944591999054,0.533811628818512,0.5371447801589966,0.5215219259262085,0.5296694040298462,0.5233646631240845,0.5261070728302002,0.541635274887085,0.5143473744392395,0.5127850770950317,0.5214433670043945,0.5260924100875854,0.5222625732421875,0.523928701877594,0.5225916504859924,0.5203069448471069,0.5183640718460083,0.5198758840560913,0.5086832046508789,0.5254722237586975,0.538397490978241,0.4996032118797302
12.28,0.49931,0.00318,0.5177624821662903,0.5206480026245117,0.5168008804321289,0.5116705298423767,0.5030903816223145,0.5155320167541504,0.5202580094337463,0.5207437872886658,0.5264813899993896,0.5279241800308228,0.511944591999054,0.533811628818512,0.5371447801589966,0.5215219259262085,0.5296694040298462,0.5233646631240845,0.5261070728302002,0.541635274887085,0.5143473744392395,0.5127850770950317,0.5214433670043945,0.5260924100875854,0.5222625732421875,0.523928701877594,0.5225916504859924,0.5203069448471069,0.5183640718460083,0.5198758840560913,0.5086832046508789,0.5254722237586975,0.538397490978241,0.4996032118797302
12.29,0.50133,0.00314,0.5660214424133301,0.5640945434570312,0.5583541393280029,0.5601228475570679,0.5515320897102356,0.5592085123062134,0.5625448822975159,0.5799386501312256,0.575149655342102,0.5769529342651367,0.5591881275177002,0.5801926851272583,0.5769423246383667,0.5716341733932495,0.5782303810119629,0.5701906085014343,0.5739377737045288,0.5940605401992798,0.565799355506897,0.5626370906829834,0.5716527104377747,0.5789177417755127,0.573296070098877,0.5646079778671265,0.5735507607460022,0.5703067779541016,0.5698667764663696,0.5687477588653564,0.5624504089355469,0.5798444747924805,0.5849010944366455,0.5418215394020081
12.3,0.50338,0.00309,0.5660214424133301,0.5640945434570312,0.5583541393280029,0.5601228475570679,0.5515320897102356,0.5592085123062134,0.5625448822975159,0.5799386501312256,0.575149655342102,0.5769529342651367,0.5591881275177002,0.5801926851272583,0.5769423246383667,0.5716341733932495,0.5782303810119629,0.5701906085014343,0.5739377737045288,0.5940605401992798,0.565799355506897,0.5626370906829834,0.5716527104377747,0.5789177417755127,0.573296070098877,0.5646079778671265,0.5735507607460022,0.5703067779541016,0.5698667764663696,0.5687477588653564,0.5624504089355469,0.5798444747924805,0.5849010944366455,0.5418215394020081
12.31,0.50481,0.00306,0.5660214424133301,0.5640945434570312,0.5583541393280029,0.5601228475570679,0.5515320897102356,0.5592085123062134,0.5625448822975159,0.5799386501312256,0.575149655342102,0.5769529342651367,0.5591881275177002,0.5801926851272583,0.5769423246383667,0.5716341733932495,0.5782303810119629,0.5701906085014343,0.5739377737045288,0.5940605401992798,0.565799355506897,0.5626370906829834,0.5716527104377747,0.5789177417755127,0.573296070098877,0.5646079778671265,0.5735507607460022,0.5703067779541016,0.5698667764663696,0.5687477588653564,0.5624504089355469,0.5798444747924805,0.5849010944366455,0.5418215394020081
12.32,0.506,0.00303,0.5660214424133301,0.5640945434570312,0.5583541393280029,0.5601228475570679,0.5515320897102356,0.5592085123062134,0.5625448822975159,0.5799386501312256,0.575149655342102,0.5769529342651367,0.5591881275177002,0.5801926851272583,0.5769423246383667,0.5716341733932495,0.5782303810119629,0.5701906085014343,0.5739377737045288,0.5940605401992798,0.565799355506897,0.5626370906829834,0.5716527104377747,0.5789177417755127,0.573296070098877,0.5646079778671265,0.5735507607460022,0.5703067779541016,0.5698667764663696,0.5687477588653564,0.5624504089355469,0.5798444747924805,0.5849010944366455,0.5418215394020081
12.33,0.50698,0.003,0.5660214424133301,0.5640945434570312,0.5583541393280029,0.5601228475570679,0.5515320897102356,0.5592085123062134,0.5625448822975159,0.5799386501312256,0.575149655342102,0.5769529342651367,0.5591881275177002,0.5801926851272583,0.5769423246383667,0.5716341733932495,0.5782303810119629,0.5701906085014343,0.5739377737045288,0.5940605401992798,0.565799355506897,0.5626370906829834,0.5716527104377747,0.5789177417755127,0.573296070098877,0.5646079778671265,0.5735507607460022,0.5703067779541016,0.5698667764663696,0.5687477588653564,0.5624504089355469,0.5798444747924805,0.5849010944366455,0.5418215394020081
12.34,0.50778,0.00298,0.6184718608856201,0.6223083734512329,0.6158084869384766,0.6294184923171997,0.6021016240119934,0.6116161942481995,0.6172876358032227,0.6377086043357849,0.6278078556060791,0.6282687187194824,0.6083428263664246,0.6304655075073242,0.6366034150123596,0.6206921935081482,0.6266008019447327,0.6170175671577454,0.6209309697151184,0.6438365578651428,0.6157326102256775,0.612500011920929,0.6213351488113403,0.6316009759902954,0.6248387694358826,0.6277821660041809,0.6258026361465454,0.624134361743927,0.6260474324226379,0.629423975944519,0.6260318160057068,0.6431391835212708,0.6346710920333862,0.5964661240577698
12.35,0.50842,0.00297,0.6184718608856201,0.6223083734512329,0.6158084869384766,0.6294184923171997,0.6021016240119934,0.6116161942481995,0.6172876358032227,0.6377086043357849,0.6278078556060791,0.6282687187194824,0.6083428263664246,0.6304655075073242,0.6366034150123596,0.6206921935081482,0.6266008019447327,0.6170175671577454,0.6209309697151184,0.6438365578651428,0.6157326102256775,0.612500011920929,0.6213351488113403,0.6316009759902954,0.6248387694358826,0.6277821660041809,0.6258026361465454,0.624134361743927,0.6260474324226379,0.629423975944519,0.6260318160057068,0.6431391835212708,0.6346710920333862,0.5964661240577698
12.36,0.50892,0.00295,0.6184718608856201,0.6223083734512329,0.6158084869384766,0.6294184923171997,0.6021016240119934,0.6116161942481995,0.6172876358032227,0.6377086043357849,0.6278078556060791,0.6282687187194824,0.6083428263664246,0.6304655075073242,0.6366034150123596,0.6206921935081482,0.6266008019447327,0.6170175671577454,0.6209309697151184,0.6438365578651428,0.6157326102256775,0.612500011920929,0.6213351488113403,0.6316009759902954,0.6248387694358826,0.6277821660041809,0.6258026361465454,0.624134361743927,0.6260474324226379,0.629423975944519,0.6260318160057068,0.6431391835212708,0.6346710920333862,0.5964661240577698
12.37,0.50924,0.00294,0.6184718608856201,0.6223083734512329,0.6158084869384766,0.6294184923171997,0.6021016240119934,0.6116161942481995,0.6172876358032227,0.6377086043357849,0.6278078556060791,0.6282687187194824,0.6083428263664246,0.6304655075073242,0.6366034150123596,0.6206921935081482,0.6266008019447327,0.6170175671577454,0.6209309697151184,0.6438365578651428,0.6157326102256775,0.612500011920929,0.6213351488113403,0.6316009759902954,0.6248387694358826,0.6277821660041809,0.6258026361465454,0.624134361743927,0.6260474324226379,0.629423975944519,0.6260318160057068,0.6431391835212708,0.6346710920333862,0.5964661240577698
12.38,0.5096,0.00293,0.6184718608856201,0.6223083734512329,0.6158084869384766,0.6294184923171997,0.6021016240119934,0.6116161942481995,0.6172876358032227,0.6377086043357849,0.6278078556060791,0.6282687187194824,0.6083428263664246,0.6304655075073242,0.6366034150123596,0.6206921935081482,0.6266008019447327,0.6170175671577454,0.6209309697151184,0.6438365578651428,0.6157326102256775,0.612500011920929,0.6213351488113403,0.6316009759902954,0.6248387694358826,0.6277821660041809,0.6258026361465454,0.624134361743927,0.6260474324226379,0.629423975944519,0.6260318160057068,0.6431391835212708,0.6346710920333862,0.5964661240577698
12.39,0.50982,0.00293,0.6989171504974365,0.7194150686264038,0.7189949750900269,0.7411361932754517,0.6770728230476379,0.7000145316123962,0.7147856950759888,0.7221577763557434,0.7022969722747803,0.7029339075088501,0.6836858987808228,0.707249641418457,0.7455105185508728,0.695030689239502,0.7009392976760864,0.6946776509284973,0.696590006351471,0.7167500257492065,0.6914932727813721,0.6911977529525757,0.6986560225486755,0.7060130834579468,0.7020629644393921,0.7395549416542053,0.7036271691322327,0.7051697969436646,0.7062232494354248,0.7241786122322083,0.722295880317688,0.7405271530151367,0.7127095460891724,0.690203070640564
12.4,0.50997,0.00292,0.6989171504974365,0.7194150686264038,0.7189949750900269,0.7411361932754517,0.6770728230476379,0.7000145316123962,0.7147856950759888,0.7221577763557434,0.7022969722747803,0.7029339075088501,0.6836858987808228,0.707249641418457,0.7455105185508728,0.695030689239502,0.7009392976760864,0.6946776509284973,0.696590006351471,0.7167500257492065,0.6914932727813721,0.6911977529525757,0.6986560225486755,0.7060130834579468,0.7020629644393921,0.7395549416542053,0.7036271691322327,0.7051697969436646,0.7062232494354248,0.7241786122322083,0.722295880317688,0.7405271530151367,0.7127095460891724,0.690203070640564
12.41,0.51008,0.00292,0.6989171504974365,0.7194150686264038,0.7189949750900269,0.7411361932754517,0.6770728230476379,0.7000145316123962,0.7147856950759888,0.7221577763557434,0.7022969722747803,0.7029339075088501,0.6836858987808228,0.707249641418457,0.7455105185508728,0.695030689239502,0.7009392976760864,0.6946776509284973,0.696590006351471,0.7167500257492065,0.6914932727813721,0.6911977529525757,0.6986560225486755,0.7060130834579468,0.7020629644393921,0.7395549416542053,0.7036271691322327,0.7051697969436646,0.7062232494354248,0.7241786122322083,0.722295880317688,0.7405271530151367,0.7127095460891724,0.690203070640564
12.42,0.51015,0.00292,0.6989171504974365,0.7194150686264038,0.7189949750900269,0.7411361932754517,0.6770728230476379,0.7000145316123962,0.7147856950759888,0.7221577763557434,0.7022969722747803,0.7029339075088501,0.6836858987808228,0.707249641418457,0.7455105185508728,0.695030689239502,0.7009392976760864,0.6946776509284973,0.696590006351471,0.7167500257492065,0.6914932727813721,0.6911977529525757,0.6986560225486755,0.7060130834579468,0.7020629644393921,0.7395549416542053,0.7036271691322327,0.7051697969436646,0.7062232494354248,0.7241786122322083,0.722295880317688,0.7405271530151367,0.7127095460891724,0.690203070640564
12.43,0.5102,0.00291,0.6989171504974365,0.7194150686264038,0.7189949750900269,0.7411361932754517,0.6770728230476379,0.7000145316123962,0.7147856950759888,0.7221577763557434,0.7022969722747803,0.7029339075088501,0.6836858987808228,0.707249641418457,0.7455105185508728,0.695030689239502,0.7009392976760864,0.6946776509284973,0.696590006351471,0.7167500257492065,0.6914932727813721,0.6911977529525757,0.6986560225486755,0.7060130834579468,0.7020629644393921,0.7395549416542053,0.7036271691322327,0.7051697969436646,0.7062232494354248,0.7241786122322083,0.722295880317688,0.7405271530151367,0.7127095460891724,0.690203070640564
12.44,0.51022,0.00291,0.7896034121513367,0.8111026287078857,0.8132483959197998,0.8340206146240234,0.760267436504364,0.7887428998947144,0.8085053563117981,0.8150796294212341,0.791350245475769,0.7935746908187866,0.7778626680374146,0.801841139793396,0.8382052779197693,0.7872214317321777,0.7966329455375671,0.796328067779541,0.7968603372573853,0.8039756417274475,0.7814094424247742,0.7827802300453186,0.7896831035614014,0.7884559631347656,0.7885323166847229,0.8217189311981201,0.7905508279800415,0.7898731231689453,0.7938221096992493,0.817631721496582,0.8155133724212646,0.8308374881744385,0.7985491752624512,0.7822235226631165
12.45,0.51024,0.00291,0.7896034121513367,0.8111026287078857,0.8132483959197998,0.8340206146240234,0.760267436504364,0.7887428998947144,0.8085053563117981,0.8150796294212341,0.791350245475769,0.7935746908187866,0.7778626680374146,0.801841139793396,0.8382052779197693,0.7872214317321777,0.7966329455375671,0.796328067779541,0.7968603372573853,0.8039756417274475,0.7814094424247742,0.7827802300453186,0.7896831035614014,0.7884559631347656,0.7885323166847229,0.8217189311981201,0.7905508279800415,0.7898731231689453,0.7938221096992493,0.817631721496582,0.8155133724212646,0.8308374881744385,0.7985491752624512,0.7822235226631165
12.46,0.51025,0.00291,0.7896034121513367,0.8111026287078857,0.8132483959197998,0.8340206146240234,0.760267436504364,0.7887428998947144,0.8085053563117981,0.8150796294212341,0.791350245475769,0.7935746908187866,0.7778626680374146,0.801841139793396,0.8382052779197693,0.7872214317321777,0.7966329455375671,0.796328067779541,0.7968603372573853,0.8039756417274475,0.7814094424247742,0.7827802300453186,0.7896831035614014,0.7884559631347656,0.7885323166847229,0.8217189311981201,0.7905508279800415,0.7898731231689453,0.7938221096992493,0.817631721496582,0.8155133724212646,0.8308374881744385,0.7985491752624512,0.7822235226631165
12.47,0.51025,0.00291,0.7896034121513367,0.8111026287078857,0.8132483959197998,0.8340206146240234,0.760267436504364,0.7887428998947144,0.8085053563117981,0.8150796294212341,0.791350245475769,0.7935746908187866,0.7778626680374146,0.801841139793396,0.8382052779197693,0.7872214317321777,0.7966329455375671,0.796328067779541,0.7968603372573853,0.8039756417274475,0.7814094424247742,0.7827802300453186,0.7896831035614014,0.7884559631347656,0.7885323166847229,0.8217189311981201,0.7905508279800415,0.7898731231689453,0.7938221096992493,0.817631721496582,0.8155133724212646,0.8308374881744385,0.7985491752624512,0.7822235226631165
12.48,0.51025,0.00291,0.7896034121513367,0.8111026287078857,0.8132483959197998,0.8340206146240234,0.760267436504364,0.7887428998947144,0.8085053563117981,0.8150796294212341,0.791350245475769,0.7935746908187866,0.7778626680374146,0.801841139793396,0.8382052779197693,0.7872214317321777,0.7966329455375671,0.796328067779541,0.7968603372573853,0.8039756417274475,0.7814094424247742,0.7827802300453186,0.7896831035614014,0.7884559631347656,0.7885323166847229,0.8217189311981201,0.7905508279800415,0.7898731231689453,0.7938221096992493,0.817631721496582,0.8155133724212646,0.8308374881744385,0.7985491752624512,0.7822235226631165
12.49,0.51025,0.00291,0.8653088212013245,0.8653981685638428,0.8691255450248718,0.8777725696563721,0.8233471512794495,0.8401395678520203,0.8525740504264832,0.8667470812797546,0.8580483198165894,0.8646889925003052,0.8508337736129761,0.8699151277542114,0.8842995762825012,0.8539419174194336,0.8674022555351257,0.8628097772598267,0.8596380949020386,0.8727365732192993,0.8497340083122253,0.8460692167282104,0.8525975942611694,0.8516330718994141,0.8514055013656616,0.8502295017242432,0.8499761819839478,0.8447979688644409,0.859113335609436,0.8683764934539795,0.8604919910430908,0.870627760887146,0.8748600482940674,0.847006618976593
12.5,0.51025,0.00291,0.8653088212013245,0.8653981685638428,0.8691255450248718,0.8777725696563721,0.8233471512794495,0.8401395678520203,0.8525740504264832,0.8667470812797546,0.8580483198165894,0.8646889925003052,0.8508337736129761,0.8699151277542114,0.8842995762825012,0.8539419174194336,0.8674022555351257,0.8628097772598267,0.8596380949020386,0.8727365732192993,0.8497340083122253,0.8460692167282104,0.8525975942611694,0.8516330718994141,0.8514055013656616,0.8502295017242432,0.8499761819839478,0.8447979688644409,0.859113335609436,0.8683764934539795,0.8604919910430908,0.870627760887146,0.8748600482940674,0.847006618976593
