time,veh_u,veh_v,model_GRU_lon_239.pt,model_GRU_lon_240.pt,model_GRU_lon_241.pt,model_GRU_lon_242.pt,model_GRU_lon_243.pt,model_GRU_lon_244.pt,model_GRU_lon_245.pt,model_GRU_lon_246.pt,model_GRU_lon_247.pt,model_GRU_lon_248.pt,model_GRU_lon_249.pt,model_GRU_lon_250.pt,model_GRU_lon_251.pt,model_GRU_lon_252.pt,model_GRU_lon_253.pt,model_GRU_lon_254.pt,model_GRU_lon_255.pt,model_GRU_lon_256.pt
0.0,0.0266,0.0,-0.043761223554611206,0.006452448666095734,-0.010709338821470737,-0.029168404638767242,0.025797460228204727,0.009497761726379395,-0.01852186769247055,0.010258682072162628,0.009082391858100891,-0.013802830129861832,-0.007132090628147125,0.051793910562992096,-0.005635306239128113,-0.022252127528190613,-0.02127784676849842,-0.014521174132823944,-0.027228496968746185,-0.05735538899898529
0.01,0.02313,0.0,-0.043761223554611206,0.006452448666095734,-0.010709338821470737,-0.029168404638767242,0.025797460228204727,0.009497761726379395,-0.01852186769247055,0.010258682072162628,0.009082391858100891,-0.013802830129861832,-0.007132090628147125,0.051793910562992096,-0.005635306239128113,-0.022252127528190613,-0.02127784676849842,-0.014521174132823944,-0.027228496968746185,-0.05735538899898529
0.02,0.01969,0.0,-0.043761223554611206,0.006452448666095734,-0.010709338821470737,-0.029168404638767242,0.025797460228204727,0.009497761726379395,-0.01852186769247055,0.010258682072162628,0.009082391858100891,-0.013802830129861832,-0.007132090628147125,0.051793910562992096,-0.005635306239128113,-0.022252127528190613,-0.02127784676849842,-0.014521174132823944,-0.027228496968746185,-0.05735538899898529
0.03,0.01629,0.0,-0.043761223554611206,0.006452448666095734,-0.010709338821470737,-0.029168404638767242,0.025797460228204727,0.009497761726379395,-0.01852186769247055,0.010258682072162628,0.009082391858100891,-0.013802830129861832,-0.007132090628147125,0.051793910562992096,-0.005635306239128113,-0.022252127528190613,-0.02127784676849842,-0.014521174132823944,-0.027228496968746185,-0.05735538899898529
0.04,0.01296,0.0,-0.043761223554611206,0.006452448666095734,-0.010709338821470737,-0.029168404638767242,0.025797460228204727,0.009497761726379395,-0.01852186769247055,0.010258682072162628,0.009082391858100891,-0.013802830129861832,-0.007132090628147125,0.051793910562992096,-0.005635306239128113,-0.022252127528190613,-0.02127784676849842,-0.014521174132823944,-0.027228496968746185,-0.05735538899898529
0.05,0.00225,0.0,-0.043761223554611206,0.006452448666095734,-0.010709338821470737,-0.029168404638767242,0.025797460228204727,0.009497761726379395,-0.01852186769247055,0.010258682072162628,0.009082391858100891,-0.013802830129861832,-0.007132090628147125,0.051793910562992096,-0.005635306239128113,-0.022252127528190613,-0.02127784676849842,-0.014521174132823944,-0.027228496968746185,-0.05735538899898529
0.06,0.0,0.0,-0.043761223554611206,0.006452448666095734,-0.010709338821470737,-0.029168404638767242,0.025797460228204727,0.009497761726379395,-0.01852186769247055,0.010258682072162628,0.009082391858100891,-0.013802830129861832,-0.007132090628147125,0.051793910562992096,-0.005635306239128113,-0.022252127528190613,-0.02127784676849842,-0.014521174132823944,-0.027228496968746185,-0.05735538899898529
0.07,0.0,0.0,-0.043761223554611206,0.006452448666095734,-0.010709338821470737,-0.029168404638767242,0.025797460228204727,0.009497761726379395,-0.01852186769247055,0.010258682072162628,0.009082391858100891,-0.013802830129861832,-0.007132090628147125,0.051793910562992096,-0.005635306239128113,-0.022252127528190613,-0.02127784676849842,-0.014521174132823944,-0.027228496968746185,-0.05735538899898529
0.08,0.0,0.0018,-0.043761223554611206,0.006452448666095734,-0.010709338821470737,-0.029168404638767242,0.025797460228204727,0.009497761726379395,-0.01852186769247055,0.010258682072162628,0.009082391858100891,-0.013802830129861832,-0.007132090628147125,0.051793910562992096,-0.005635306239128113,-0.022252127528190613,-0.02127784676849842,-0.014521174132823944,-0.027228496968746185,-0.05735538899898529
0.09,0.0,0.00349,-0.043761223554611206,0.006452448666095734,-0.010709338821470737,-0.029168404638767242,0.025797460228204727,0.009497761726379395,-0.01852186769247055,0.010258682072162628,0.009082391858100891,-0.013802830129861832,-0.007132090628147125,0.051793910562992096,-0.005635306239128113,-0.022252127528190613,-0.02127784676849842,-0.014521174132823944,-0.027228496968746185,-0.05735538899898529
0.1,0.0,0.00507,-0.043761223554611206,0.006452448666095734,-0.010709338821470737,-0.029168404638767242,0.025797460228204727,0.009497761726379395,-0.01852186769247055,0.010258682072162628,0.009082391858100891,-0.013802830129861832,-0.007132090628147125,0.051793910562992096,-0.005635306239128113,-0.022252127528190613,-0.02127784676849842,-0.014521174132823944,-0.027228496968746185,-0.05735538899898529
0.11,0.0,0.00653,-0.043761223554611206,0.006452448666095734,-0.010709338821470737,-0.029168404638767242,0.025797460228204727,0.009497761726379395,-0.01852186769247055,0.010258682072162628,0.009082391858100891,-0.013802830129861832,-0.007132090628147125,0.051793910562992096,-0.005635306239128113,-0.022252127528190613,-0.02127784676849842,-0.014521174132823944,-0.027228496968746185,-0.05735538899898529
0.12,0.0,0.00787,-0.043761223554611206,0.006452448666095734,-0.010709338821470737,-0.029168404638767242,0.025797460228204727,0.009497761726379395,-0.01852186769247055,0.010258682072162628,0.009082391858100891,-0.013802830129861832,-0.007132090628147125,0.051793910562992096,-0.005635306239128113,-0.022252127528190613,-0.02127784676849842,-0.014521174132823944,-0.027228496968746185,-0.05735538899898529
0.13,0.0,0.00907,-0.043761223554611206,0.006452448666095734,-0.010709338821470737,-0.029168404638767242,0.025797460228204727,0.009497761726379395,-0.01852186769247055,0.010258682072162628,0.009082391858100891,-0.013802830129861832,-0.007132090628147125,0.051793910562992096,-0.005635306239128113,-0.022252127528190613,-0.02127784676849842,-0.014521174132823944,-0.027228496968746185,-0.05735538899898529
0.14,0.0,0.01014,-0.043761223554611206,0.006452448666095734,-0.010709338821470737,-0.029168404638767242,0.025797460228204727,0.009497761726379395,-0.01852186769247055,0.010258682072162628,0.009082391858100891,-0.013802830129861832,-0.007132090628147125,0.051793910562992096,-0.005635306239128113,-0.022252127528190613,-0.02127784676849842,-0.014521174132823944,-0.027228496968746185,-0.05735538899898529
0.15,0.0,0.01107,-0.043761223554611206,0.006452448666095734,-0.010709338821470737,-0.029168404638767242,0.025797460228204727,0.009497761726379395,-0.01852186769247055,0.010258682072162628,0.009082391858100891,-0.013802830129861832,-0.007132090628147125,0.051793910562992096,-0.005635306239128113,-0.022252127528190613,-0.02127784676849842,-0.014521174132823944,-0.027228496968746185,-0.05735538899898529
0.16,0.0,0.01186,-0.043761223554611206,0.006452448666095734,-0.010709338821470737,-0.029168404638767242,0.025797460228204727,0.009497761726379395,-0.01852186769247055,0.010258682072162628,0.009082391858100891,-0.013802830129861832,-0.007132090628147125,0.051793910562992096,-0.005635306239128113,-0.022252127528190613,-0.02127784676849842,-0.014521174132823944,-0.027228496968746185,-0.05735538899898529
0.17,0.0,0.01249,-0.043761223554611206,0.006452448666095734,-0.010709338821470737,-0.029168404638767242,0.025797460228204727,0.009497761726379395,-0.01852186769247055,0.010258682072162628,0.009082391858100891,-0.013802830129861832,-0.007132090628147125,0.051793910562992096,-0.005635306239128113,-0.022252127528190613,-0.02127784676849842,-0.014521174132823944,-0.027228496968746185,-0.05735538899898529
0.18,0.0,0.01299,-0.043761223554611206,0.006452448666095734,-0.010709338821470737,-0.029168404638767242,0.025797460228204727,0.009497761726379395,-0.01852186769247055,0.010258682072162628,0.009082391858100891,-0.013802830129861832,-0.007132090628147125,0.051793910562992096,-0.005635306239128113,-0.022252127528190613,-0.02127784676849842,-0.014521174132823944,-0.027228496968746185,-0.05735538899898529
0.19,0.0,0.01334,-0.043761223554611206,0.006452448666095734,-0.010709338821470737,-0.029168404638767242,0.025797460228204727,0.009497761726379395,-0.01852186769247055,0.010258682072162628,0.009082391858100891,-0.013802830129861832,-0.007132090628147125,0.051793910562992096,-0.005635306239128113,-0.022252127528190613,-0.02127784676849842,-0.014521174132823944,-0.027228496968746185,-0.05735538899898529
0.2,0.0,0.01355,-0.043761223554611206,0.006452448666095734,-0.010709338821470737,-0.029168404638767242,0.025797460228204727,0.009497761726379395,-0.01852186769247055,0.010258682072162628,0.009082391858100891,-0.013802830129861832,-0.007132090628147125,0.051793910562992096,-0.005635306239128113,-0.022252127528190613,-0.02127784676849842,-0.014521174132823944,-0.027228496968746185,-0.05735538899898529
0.21,0.0,0.01362,-0.043761223554611206,0.006452448666095734,-0.010709338821470737,-0.029168404638767242,0.025797460228204727,0.009497761726379395,-0.01852186769247055,0.010258682072162628,0.009082391858100891,-0.013802830129861832,-0.007132090628147125,0.051793910562992096,-0.005635306239128113,-0.022252127528190613,-0.02127784676849842,-0.014521174132823944,-0.027228496968746185,-0.05735538899898529
0.22,0.0,0.01356,-0.043761223554611206,0.006452448666095734,-0.010709338821470737,-0.029168404638767242,0.025797460228204727,0.009497761726379395,-0.01852186769247055,0.010258682072162628,0.009082391858100891,-0.013802830129861832,-0.007132090628147125,0.051793910562992096,-0.005635306239128113,-0.022252127528190613,-0.02127784676849842,-0.014521174132823944,-0.027228496968746185,-0.05735538899898529
0.23,0.0,0.01337,-0.043761223554611206,0.006452448666095734,-0.010709338821470737,-0.029168404638767242,0.025797460228204727,0.009497761726379395,-0.01852186769247055,0.010258682072162628,0.009082391858100891,-0.013802830129861832,-0.007132090628147125,0.051793910562992096,-0.005635306239128113,-0.022252127528190613,-0.02127784676849842,-0.014521174132823944,-0.027228496968746185,-0.05735538899898529
0.24,0.0,0.01306,-0.043761223554611206,0.006452448666095734,-0.010709338821470737,-0.029168404638767242,0.025797460228204727,0.009497761726379395,-0.01852186769247055,0.010258682072162628,0.009082391858100891,-0.013802830129861832,-0.007132090628147125,0.051793910562992096,-0.005635306239128113,-0.022252127528190613,-0.02127784676849842,-0.014521174132823944,-0.027228496968746185,-0.05735538899898529
0.25,0.0,0.01263,-0.043761223554611206,0.006452448666095734,-0.010709338821470737,-0.029168404638767242,0.025797460228204727,0.009497761726379395,-0.01852186769247055,0.010258682072162628,0.009082391858100891,-0.013802830129861832,-0.007132090628147125,0.051793910562992096,-0.005635306239128113,-0.022252127528190613,-0.02127784676849842,-0.014521174132823944,-0.027228496968746185,-0.05735538899898529
0.26,0.0,0.01211,-0.043761223554611206,0.006452448666095734,-0.010709338821470737,-0.029168404638767242,0.025797460228204727,0.009497761726379395,-0.01852186769247055,0.010258682072162628,0.009082391858100891,-0.013802830129861832,-0.007132090628147125,0.051793910562992096,-0.005635306239128113,-0.022252127528190613,-0.02127784676849842,-0.014521174132823944,-0.027228496968746185,-0.05735538899898529
0.27,0.0,0.01149,-0.043761223554611206,0.006452448666095734,-0.010709338821470737,-0.029168404638767242,0.025797460228204727,0.009497761726379395,-0.01852186769247055,0.010258682072162628,0.009082391858100891,-0.013802830129861832,-0.007132090628147125,0.051793910562992096,-0.005635306239128113,-0.022252127528190613,-0.02127784676849842,-0.014521174132823944,-0.027228496968746185,-0.05735538899898529
0.28,0.0,0.01078,-0.043761223554611206,0.006452448666095734,-0.010709338821470737,-0.029168404638767242,0.025797460228204727,0.009497761726379395,-0.01852186769247055,0.010258682072162628,0.009082391858100891,-0.013802830129861832,-0.007132090628147125,0.051793910562992096,-0.005635306239128113,-0.022252127528190613,-0.02127784676849842,-0.014521174132823944,-0.027228496968746185,-0.05735538899898529
0.29,0.0,0.01001,-0.043761223554611206,0.006452448666095734,-0.010709338821470737,-0.029168404638767242,0.025797460228204727,0.009497761726379395,-0.01852186769247055,0.010258682072162628,0.009082391858100891,-0.013802830129861832,-0.007132090628147125,0.051793910562992096,-0.005635306239128113,-0.022252127528190613,-0.02127784676849842,-0.014521174132823944,-0.027228496968746185,-0.05735538899898529
0.3,0.0,0.00916,-0.043761223554611206,0.006452448666095734,-0.010709338821470737,-0.029168404638767242,0.025797460228204727,0.009497761726379395,-0.01852186769247055,0.010258682072162628,0.009082391858100891,-0.013802830129861832,-0.007132090628147125,0.051793910562992096,-0.005635306239128113,-0.022252127528190613,-0.02127784676849842,-0.014521174132823944,-0.027228496968746185,-0.05735538899898529
0.31,0.0,0.00827,-0.043761223554611206,0.006452448666095734,-0.010709338821470737,-0.029168404638767242,0.025797460228204727,0.009497761726379395,-0.01852186769247055,0.010258682072162628,0.009082391858100891,-0.013802830129861832,-0.007132090628147125,0.051793910562992096,-0.005635306239128113,-0.022252127528190613,-0.02127784676849842,-0.014521174132823944,-0.027228496968746185,-0.05735538899898529
0.32,0.0,0.00733,-0.043761223554611206,0.006452448666095734,-0.010709338821470737,-0.029168404638767242,0.025797460228204727,0.009497761726379395,-0.01852186769247055,0.010258682072162628,0.009082391858100891,-0.013802830129861832,-0.007132090628147125,0.051793910562992096,-0.005635306239128113,-0.022252127528190613,-0.02127784676849842,-0.014521174132823944,-0.027228496968746185,-0.05735538899898529
0.33,0.0,0.00636,-0.043761223554611206,0.006452448666095734,-0.010709338821470737,-0.029168404638767242,0.025797460228204727,0.009497761726379395,-0.01852186769247055,0.010258682072162628,0.009082391858100891,-0.013802830129861832,-0.007132090628147125,0.051793910562992096,-0.005635306239128113,-0.022252127528190613,-0.02127784676849842,-0.014521174132823944,-0.027228496968746185,-0.05735538899898529
0.34,0.0,0.00538,-0.043761223554611206,0.006452448666095734,-0.010709338821470737,-0.029168404638767242,0.025797460228204727,0.009497761726379395,-0.01852186769247055,0.010258682072162628,0.009082391858100891,-0.013802830129861832,-0.007132090628147125,0.051793910562992096,-0.005635306239128113,-0.022252127528190613,-0.02127784676849842,-0.014521174132823944,-0.027228496968746185,-0.05735538899898529
0.35,0.0,0.00459,-0.043761223554611206,0.006452448666095734,-0.010709338821470737,-0.029168404638767242,0.025797460228204727,0.009497761726379395,-0.01852186769247055,0.010258682072162628,0.009082391858100891,-0.013802830129861832,-0.007132090628147125,0.051793910562992096,-0.005635306239128113,-0.022252127528190613,-0.02127784676849842,-0.014521174132823944,-0.027228496968746185,-0.05735538899898529
0.36,0.0,0.0034,-0.043761223554611206,0.006452448666095734,-0.010709338821470737,-0.029168404638767242,0.025797460228204727,0.009497761726379395,-0.01852186769247055,0.010258682072162628,0.009082391858100891,-0.013802830129861832,-0.007132090628147125,0.051793910562992096,-0.005635306239128113,-0.022252127528190613,-0.02127784676849842,-0.014521174132823944,-0.027228496968746185,-0.05735538899898529
0.37,0.0,0.00242,-0.043761223554611206,0.006452448666095734,-0.010709338821470737,-0.029168404638767242,0.025797460228204727,0.009497761726379395,-0.01852186769247055,0.010258682072162628,0.009082391858100891,-0.013802830129861832,-0.007132090628147125,0.051793910562992096,-0.005635306239128113,-0.022252127528190613,-0.02127784676849842,-0.014521174132823944,-0.027228496968746185,-0.05735538899898529
0.38,0.0,0.00146,-0.043761223554611206,0.006452448666095734,-0.010709338821470737,-0.029168404638767242,0.025797460228204727,0.009497761726379395,-0.01852186769247055,0.010258682072162628,0.009082391858100891,-0.013802830129861832,-0.007132090628147125,0.051793910562992096,-0.005635306239128113,-0.022252127528190613,-0.02127784676849842,-0.014521174132823944,-0.027228496968746185,-0.05735538899898529
0.39,0.0,0.0,-0.043761223554611206,0.006452448666095734,-0.010709338821470737,-0.029168404638767242,0.025797460228204727,0.009497761726379395,-0.01852186769247055,0.010258682072162628,0.009082391858100891,-0.013802830129861832,-0.007132090628147125,0.051793910562992096,-0.005635306239128113,-0.022252127528190613,-0.02127784676849842,-0.014521174132823944,-0.027228496968746185,-0.05735538899898529
0.4,0.0,0.0,-0.043761223554611206,0.006452448666095734,-0.010709338821470737,-0.029168404638767242,0.025797460228204727,0.009497761726379395,-0.01852186769247055,0.010258682072162628,0.009082391858100891,-0.013802830129861832,-0.007132090628147125,0.051793910562992096,-0.005635306239128113,-0.022252127528190613,-0.02127784676849842,-0.014521174132823944,-0.027228496968746185,-0.05735538899898529
0.41,0.0,0.0,-0.043761223554611206,0.006452448666095734,-0.010709338821470737,-0.029168404638767242,0.025797460228204727,0.009497761726379395,-0.01852186769247055,0.010258682072162628,0.009082391858100891,-0.013802830129861832,-0.007132090628147125,0.051793910562992096,-0.005635306239128113,-0.022252127528190613,-0.02127784676849842,-0.014521174132823944,-0.027228496968746185,-0.05735538899898529
0.42,0.0,0.0,-0.043761223554611206,0.006452448666095734,-0.010709338821470737,-0.029168404638767242,0.025797460228204727,0.009497761726379395,-0.01852186769247055,0.010258682072162628,0.009082391858100891,-0.013802830129861832,-0.007132090628147125,0.051793910562992096,-0.005635306239128113,-0.022252127528190613,-0.02127784676849842,-0.014521174132823944,-0.027228496968746185,-0.05735538899898529
0.43,0.0,0.0,-0.043761223554611206,0.006452448666095734,-0.010709338821470737,-0.029168404638767242,0.025797460228204727,0.009497761726379395,-0.01852186769247055,0.010258682072162628,0.009082391858100891,-0.013802830129861832,-0.007132090628147125,0.051793910562992096,-0.005635306239128113,-0.022252127528190613,-0.02127784676849842,-0.014521174132823944,-0.027228496968746185,-0.05735538899898529
0.44,0.0,0.0,-0.043761223554611206,0.006452448666095734,-0.010709338821470737,-0.029168404638767242,0.025797460228204727,0.009497761726379395,-0.01852186769247055,0.010258682072162628,0.009082391858100891,-0.013802830129861832,-0.007132090628147125,0.051793910562992096,-0.005635306239128113,-0.022252127528190613,-0.02127784676849842,-0.014521174132823944,-0.027228496968746185,-0.05735538899898529
0.45,0.0,0.0,-0.043761223554611206,0.006452448666095734,-0.010709338821470737,-0.029168404638767242,0.025797460228204727,0.009497761726379395,-0.01852186769247055,0.010258682072162628,0.009082391858100891,-0.013802830129861832,-0.007132090628147125,0.051793910562992096,-0.005635306239128113,-0.022252127528190613,-0.02127784676849842,-0.014521174132823944,-0.027228496968746185,-0.05735538899898529
0.46,0.0,0.0,-0.043761223554611206,0.006452448666095734,-0.010709338821470737,-0.029168404638767242,0.025797460228204727,0.009497761726379395,-0.01852186769247055,0.010258682072162628,0.009082391858100891,-0.013802830129861832,-0.007132090628147125,0.051793910562992096,-0.005635306239128113,-0.022252127528190613,-0.02127784676849842,-0.014521174132823944,-0.027228496968746185,-0.05735538899898529
0.47,0.0,0.0,-0.043761223554611206,0.006452448666095734,-0.010709338821470737,-0.029168404638767242,0.025797460228204727,0.009497761726379395,-0.01852186769247055,0.010258682072162628,0.009082391858100891,-0.013802830129861832,-0.007132090628147125,0.051793910562992096,-0.005635306239128113,-0.022252127528190613,-0.02127784676849842,-0.014521174132823944,-0.027228496968746185,-0.05735538899898529
0.48,0.0,0.0,-0.043761223554611206,0.006452448666095734,-0.010709338821470737,-0.029168404638767242,0.025797460228204727,0.009497761726379395,-0.01852186769247055,0.010258682072162628,0.009082391858100891,-0.013802830129861832,-0.007132090628147125,0.051793910562992096,-0.005635306239128113,-0.022252127528190613,-0.02127784676849842,-0.014521174132823944,-0.027228496968746185,-0.05735538899898529
0.49,0.0,0.0,-0.043761223554611206,0.006452448666095734,-0.010709338821470737,-0.029168404638767242,0.025797460228204727,0.009497761726379395,-0.01852186769247055,0.010258682072162628,0.009082391858100891,-0.013802830129861832,-0.007132090628147125,0.051793910562992096,-0.005635306239128113,-0.022252127528190613,-0.02127784676849842,-0.014521174132823944,-0.027228496968746185,-0.05735538899898529
0.5,0.0,0.0,-0.043761223554611206,0.006452448666095734,-0.010709338821470737,-0.029168404638767242,0.025797460228204727,0.009497761726379395,-0.01852186769247055,0.010258682072162628,0.009082391858100891,-0.013802830129861832,-0.007132090628147125,0.051793910562992096,-0.005635306239128113,-0.022252127528190613,-0.02127784676849842,-0.014521174132823944,-0.027228496968746185,-0.05735538899898529
0.51,0.0,0.0,-0.043761223554611206,0.006452448666095734,-0.010709338821470737,-0.029168404638767242,0.025797460228204727,0.009497761726379395,-0.01852186769247055,0.010258682072162628,0.009082391858100891,-0.013802830129861832,-0.007132090628147125,0.051793910562992096,-0.005635306239128113,-0.022252127528190613,-0.02127784676849842,-0.014521174132823944,-0.027228496968746185,-0.05735538899898529
0.52,0.0,0.0,-0.043761223554611206,0.006452448666095734,-0.010709338821470737,-0.029168404638767242,0.025797460228204727,0.009497761726379395,-0.01852186769247055,0.010258682072162628,0.009082391858100891,-0.013802830129861832,-0.007132090628147125,0.051793910562992096,-0.005635306239128113,-0.022252127528190613,-0.02127784676849842,-0.014521174132823944,-0.027228496968746185,-0.05735538899898529
0.53,0.0,0.0,-0.043761223554611206,0.006452448666095734,-0.010709338821470737,-0.029168404638767242,0.025797460228204727,0.009497761726379395,-0.01852186769247055,0.010258682072162628,0.009082391858100891,-0.013802830129861832,-0.007132090628147125,0.051793910562992096,-0.005635306239128113,-0.022252127528190613,-0.02127784676849842,-0.014521174132823944,-0.027228496968746185,-0.05735538899898529
0.54,0.0,0.0,-0.043761223554611206,0.006452448666095734,-0.010709338821470737,-0.029168404638767242,0.025797460228204727,0.009497761726379395,-0.01852186769247055,0.010258682072162628,0.009082391858100891,-0.013802830129861832,-0.007132090628147125,0.051793910562992096,-0.005635306239128113,-0.022252127528190613,-0.02127784676849842,-0.014521174132823944,-0.027228496968746185,-0.05735538899898529
0.55,0.0,0.0,-0.043761223554611206,0.006452448666095734,-0.010709338821470737,-0.029168404638767242,0.025797460228204727,0.009497761726379395,-0.01852186769247055,0.010258682072162628,0.009082391858100891,-0.013802830129861832,-0.007132090628147125,0.051793910562992096,-0.005635306239128113,-0.022252127528190613,-0.02127784676849842,-0.014521174132823944,-0.027228496968746185,-0.05735538899898529
0.56,0.0,0.0,-0.043761223554611206,0.006452448666095734,-0.010709338821470737,-0.029168404638767242,0.025797460228204727,0.009497761726379395,-0.01852186769247055,0.010258682072162628,0.009082391858100891,-0.013802830129861832,-0.007132090628147125,0.051793910562992096,-0.005635306239128113,-0.022252127528190613,-0.02127784676849842,-0.014521174132823944,-0.027228496968746185,-0.05735538899898529
0.57,0.0,0.0,-0.043761223554611206,0.006452448666095734,-0.010709338821470737,-0.029168404638767242,0.025797460228204727,0.009497761726379395,-0.01852186769247055,0.010258682072162628,0.009082391858100891,-0.013802830129861832,-0.007132090628147125,0.051793910562992096,-0.005635306239128113,-0.022252127528190613,-0.02127784676849842,-0.014521174132823944,-0.027228496968746185,-0.05735538899898529
0.58,0.0,0.0,-0.043761223554611206,0.006452448666095734,-0.010709338821470737,-0.029168404638767242,0.025797460228204727,0.009497761726379395,-0.01852186769247055,0.010258682072162628,0.009082391858100891,-0.013802830129861832,-0.007132090628147125,0.051793910562992096,-0.005635306239128113,-0.022252127528190613,-0.02127784676849842,-0.014521174132823944,-0.027228496968746185,-0.05735538899898529
0.59,0.0,0.0,-0.043761223554611206,0.006452448666095734,-0.010709338821470737,-0.029168404638767242,0.025797460228204727,0.009497761726379395,-0.01852186769247055,0.010258682072162628,0.009082391858100891,-0.013802830129861832,-0.007132090628147125,0.051793910562992096,-0.005635306239128113,-0.022252127528190613,-0.02127784676849842,-0.014521174132823944,-0.027228496968746185,-0.05735538899898529
0.6,0.0,0.0,-0.043761223554611206,0.006452448666095734,-0.010709338821470737,-0.029168404638767242,0.025797460228204727,0.009497761726379395,-0.01852186769247055,0.010258682072162628,0.009082391858100891,-0.013802830129861832,-0.007132090628147125,0.051793910562992096,-0.005635306239128113,-0.022252127528190613,-0.02127784676849842,-0.014521174132823944,-0.027228496968746185,-0.05735538899898529
0.61,0.0,0.0,-0.043761223554611206,0.006452448666095734,-0.010709338821470737,-0.029168404638767242,0.025797460228204727,0.009497761726379395,-0.01852186769247055,0.010258682072162628,0.009082391858100891,-0.013802830129861832,-0.007132090628147125,0.051793910562992096,-0.005635306239128113,-0.022252127528190613,-0.02127784676849842,-0.014521174132823944,-0.027228496968746185,-0.05735538899898529
0.62,0.0,0.0,-0.043761223554611206,0.006452448666095734,-0.010709338821470737,-0.029168404638767242,0.025797460228204727,0.009497761726379395,-0.01852186769247055,0.010258682072162628,0.009082391858100891,-0.013802830129861832,-0.007132090628147125,0.051793910562992096,-0.005635306239128113,-0.022252127528190613,-0.02127784676849842,-0.014521174132823944,-0.027228496968746185,-0.05735538899898529
0.63,0.0,0.0,-0.043761223554611206,0.006452448666095734,-0.010709338821470737,-0.029168404638767242,0.025797460228204727,0.009497761726379395,-0.01852186769247055,0.010258682072162628,0.009082391858100891,-0.013802830129861832,-0.007132090628147125,0.051793910562992096,-0.005635306239128113,-0.022252127528190613,-0.02127784676849842,-0.014521174132823944,-0.027228496968746185,-0.05735538899898529
0.64,0.0,0.0,-0.043761223554611206,0.006452448666095734,-0.010709338821470737,-0.029168404638767242,0.025797460228204727,0.009497761726379395,-0.01852186769247055,0.010258682072162628,0.009082391858100891,-0.013802830129861832,-0.007132090628147125,0.051793910562992096,-0.005635306239128113,-0.022252127528190613,-0.02127784676849842,-0.014521174132823944,-0.027228496968746185,-0.05735538899898529
0.65,0.0,0.0,-0.043761223554611206,0.006452448666095734,-0.010709338821470737,-0.029168404638767242,0.025797460228204727,0.009497761726379395,-0.01852186769247055,0.010258682072162628,0.009082391858100891,-0.013802830129861832,-0.007132090628147125,0.051793910562992096,-0.005635306239128113,-0.022252127528190613,-0.02127784676849842,-0.014521174132823944,-0.027228496968746185,-0.05735538899898529
0.66,0.0,0.0,-0.043761223554611206,0.006452448666095734,-0.010709338821470737,-0.029168404638767242,0.025797460228204727,0.009497761726379395,-0.01852186769247055,0.010258682072162628,0.009082391858100891,-0.013802830129861832,-0.007132090628147125,0.051793910562992096,-0.005635306239128113,-0.022252127528190613,-0.02127784676849842,-0.014521174132823944,-0.027228496968746185,-0.05735538899898529
0.67,0.0,0.0,-0.043761223554611206,0.006452448666095734,-0.010709338821470737,-0.029168404638767242,0.025797460228204727,0.009497761726379395,-0.01852186769247055,0.010258682072162628,0.009082391858100891,-0.013802830129861832,-0.007132090628147125,0.051793910562992096,-0.005635306239128113,-0.022252127528190613,-0.02127784676849842,-0.014521174132823944,-0.027228496968746185,-0.05735538899898529
0.68,0.0,0.00111,-0.043761223554611206,0.006452448666095734,-0.010709338821470737,-0.029168404638767242,0.025797460228204727,0.009497761726379395,-0.01852186769247055,0.010258682072162628,0.009082391858100891,-0.013802830129861832,-0.007132090628147125,0.051793910562992096,-0.005635306239128113,-0.022252127528190613,-0.02127784676849842,-0.014521174132823944,-0.027228496968746185,-0.05735538899898529
0.69,0.0,0.00153,-0.043761223554611206,0.006452448666095734,-0.010709338821470737,-0.029168404638767242,0.025797460228204727,0.009497761726379395,-0.01852186769247055,0.010258682072162628,0.009082391858100891,-0.013802830129861832,-0.007132090628147125,0.051793910562992096,-0.005635306239128113,-0.022252127528190613,-0.02127784676849842,-0.014521174132823944,-0.027228496968746185,-0.05735538899898529
0.7,0.0,0.00202,-0.043761223554611206,0.006452448666095734,-0.010709338821470737,-0.029168404638767242,0.025797460228204727,0.009497761726379395,-0.01852186769247055,0.010258682072162628,0.009082391858100891,-0.013802830129861832,-0.007132090628147125,0.051793910562992096,-0.005635306239128113,-0.022252127528190613,-0.02127784676849842,-0.014521174132823944,-0.027228496968746185,-0.05735538899898529
0.71,0.0,0.00258,-0.043761223554611206,0.006452448666095734,-0.010709338821470737,-0.029168404638767242,0.025797460228204727,0.009497761726379395,-0.01852186769247055,0.010258682072162628,0.009082391858100891,-0.013802830129861832,-0.007132090628147125,0.051793910562992096,-0.005635306239128113,-0.022252127528190613,-0.02127784676849842,-0.014521174132823944,-0.027228496968746185,-0.05735538899898529
0.72,0.0,0.003,-0.043761223554611206,0.006452448666095734,-0.010709338821470737,-0.029168404638767242,0.025797460228204727,0.009497761726379395,-0.01852186769247055,0.010258682072162628,0.009082391858100891,-0.013802830129861832,-0.007132090628147125,0.051793910562992096,-0.005635306239128113,-0.022252127528190613,-0.02127784676849842,-0.014521174132823944,-0.027228496968746185,-0.05735538899898529
0.73,0.0,0.00338,-0.043761223554611206,0.006452448666095734,-0.010709338821470737,-0.029168404638767242,0.025797460228204727,0.009497761726379395,-0.01852186769247055,0.010258682072162628,0.009082391858100891,-0.013802830129861832,-0.007132090628147125,0.051793910562992096,-0.005635306239128113,-0.022252127528190613,-0.02127784676849842,-0.014521174132823944,-0.027228496968746185,-0.05735538899898529
0.74,0.0,0.00372,-0.043761223554611206,0.006452448666095734,-0.010709338821470737,-0.029168404638767242,0.025797460228204727,0.009497761726379395,-0.01852186769247055,0.010258682072162628,0.009082391858100891,-0.013802830129861832,-0.007132090628147125,0.051793910562992096,-0.005635306239128113,-0.022252127528190613,-0.02127784676849842,-0.014521174132823944,-0.027228496968746185,-0.05735538899898529
0.75,0.0,0.00401,-0.043761223554611206,0.006452448666095734,-0.010709338821470737,-0.029168404638767242,0.025797460228204727,0.009497761726379395,-0.01852186769247055,0.010258682072162628,0.009082391858100891,-0.013802830129861832,-0.007132090628147125,0.051793910562992096,-0.005635306239128113,-0.022252127528190613,-0.02127784676849842,-0.014521174132823944,-0.027228496968746185,-0.05735538899898529
0.76,0.0,0.00426,-0.043761223554611206,0.006452448666095734,-0.010709338821470737,-0.029168404638767242,0.025797460228204727,0.009497761726379395,-0.01852186769247055,0.010258682072162628,0.009082391858100891,-0.013802830129861832,-0.007132090628147125,0.051793910562992096,-0.005635306239128113,-0.022252127528190613,-0.02127784676849842,-0.014521174132823944,-0.027228496968746185,-0.05735538899898529
0.77,0.0,0.00446,-0.043761223554611206,0.006452448666095734,-0.010709338821470737,-0.029168404638767242,0.025797460228204727,0.009497761726379395,-0.01852186769247055,0.010258682072162628,0.009082391858100891,-0.013802830129861832,-0.007132090628147125,0.051793910562992096,-0.005635306239128113,-0.022252127528190613,-0.02127784676849842,-0.014521174132823944,-0.027228496968746185,-0.05735538899898529
0.78,0.0,0.00461,-0.043761223554611206,0.006452448666095734,-0.010709338821470737,-0.029168404638767242,0.025797460228204727,0.009497761726379395,-0.01852186769247055,0.010258682072162628,0.009082391858100891,-0.013802830129861832,-0.007132090628147125,0.051793910562992096,-0.005635306239128113,-0.022252127528190613,-0.02127784676849842,-0.014521174132823944,-0.027228496968746185,-0.05735538899898529
0.79,0.0,0.00471,-0.043761223554611206,0.006452448666095734,-0.010709338821470737,-0.029168404638767242,0.025797460228204727,0.009497761726379395,-0.01852186769247055,0.010258682072162628,0.009082391858100891,-0.013802830129861832,-0.007132090628147125,0.051793910562992096,-0.005635306239128113,-0.022252127528190613,-0.02127784676849842,-0.014521174132823944,-0.027228496968746185,-0.05735538899898529
0.8,0.0,0.00476,-0.043761223554611206,0.006452448666095734,-0.010709338821470737,-0.029168404638767242,0.025797460228204727,0.009497761726379395,-0.01852186769247055,0.010258682072162628,0.009082391858100891,-0.013802830129861832,-0.007132090628147125,0.051793910562992096,-0.005635306239128113,-0.022252127528190613,-0.02127784676849842,-0.014521174132823944,-0.027228496968746185,-0.05735538899898529
0.81,0.0,0.00476,-0.043761223554611206,0.006452448666095734,-0.010709338821470737,-0.029168404638767242,0.025797460228204727,0.009497761726379395,-0.01852186769247055,0.010258682072162628,0.009082391858100891,-0.013802830129861832,-0.007132090628147125,0.051793910562992096,-0.005635306239128113,-0.022252127528190613,-0.02127784676849842,-0.014521174132823944,-0.027228496968746185,-0.05735538899898529
0.82,0.0,0.00473,-0.043761223554611206,0.006452448666095734,-0.010709338821470737,-0.029168404638767242,0.025797460228204727,0.009497761726379395,-0.01852186769247055,0.010258682072162628,0.009082391858100891,-0.013802830129861832,-0.007132090628147125,0.051793910562992096,-0.005635306239128113,-0.022252127528190613,-0.02127784676849842,-0.014521174132823944,-0.027228496968746185,-0.05735538899898529
0.83,0.0,0.00465,-0.043761223554611206,0.006452448666095734,-0.010709338821470737,-0.029168404638767242,0.025797460228204727,0.009497761726379395,-0.01852186769247055,0.010258682072162628,0.009082391858100891,-0.013802830129861832,-0.007132090628147125,0.051793910562992096,-0.005635306239128113,-0.022252127528190613,-0.02127784676849842,-0.014521174132823944,-0.027228496968746185,-0.05735538899898529
0.84,0.0,0.00449,-0.043761223554611206,0.006452448666095734,-0.010709338821470737,-0.029168404638767242,0.025797460228204727,0.009497761726379395,-0.01852186769247055,0.010258682072162628,0.009082391858100891,-0.013802830129861832,-0.007132090628147125,0.051793910562992096,-0.005635306239128113,-0.022252127528190613,-0.02127784676849842,-0.014521174132823944,-0.027228496968746185,-0.05735538899898529
0.85,0.0,0.00433,-0.043761223554611206,0.006452448666095734,-0.010709338821470737,-0.029168404638767242,0.025797460228204727,0.009497761726379395,-0.01852186769247055,0.010258682072162628,0.009082391858100891,-0.013802830129861832,-0.007132090628147125,0.051793910562992096,-0.005635306239128113,-0.022252127528190613,-0.02127784676849842,-0.014521174132823944,-0.027228496968746185,-0.05735538899898529
0.86,0.0,0.00412,-0.043761223554611206,0.006452448666095734,-0.010709338821470737,-0.029168404638767242,0.025797460228204727,0.009497761726379395,-0.01852186769247055,0.010258682072162628,0.009082391858100891,-0.013802830129861832,-0.007132090628147125,0.051793910562992096,-0.005635306239128113,-0.022252127528190613,-0.02127784676849842,-0.014521174132823944,-0.027228496968746185,-0.05735538899898529
0.87,0.0,0.00388,-0.043761223554611206,0.006452448666095734,-0.010709338821470737,-0.029168404638767242,0.025797460228204727,0.009497761726379395,-0.01852186769247055,0.010258682072162628,0.009082391858100891,-0.013802830129861832,-0.007132090628147125,0.051793910562992096,-0.005635306239128113,-0.022252127528190613,-0.02127784676849842,-0.014521174132823944,-0.027228496968746185,-0.05735538899898529
0.88,0.0,0.00362,-0.043761223554611206,0.006452448666095734,-0.010709338821470737,-0.029168404638767242,0.025797460228204727,0.009497761726379395,-0.01852186769247055,0.010258682072162628,0.009082391858100891,-0.013802830129861832,-0.007132090628147125,0.051793910562992096,-0.005635306239128113,-0.022252127528190613,-0.02127784676849842,-0.014521174132823944,-0.027228496968746185,-0.05735538899898529
0.89,0.0,0.00333,-0.043761223554611206,0.006452448666095734,-0.010709338821470737,-0.029168404638767242,0.025797460228204727,0.009497761726379395,-0.01852186769247055,0.010258682072162628,0.009082391858100891,-0.013802830129861832,-0.007132090628147125,0.051793910562992096,-0.005635306239128113,-0.022252127528190613,-0.02127784676849842,-0.014521174132823944,-0.027228496968746185,-0.05735538899898529
0.9,0.0,0.00302,-0.043761223554611206,0.006452448666095734,-0.010709338821470737,-0.029168404638767242,0.025797460228204727,0.009497761726379395,-0.01852186769247055,0.010258682072162628,0.009082391858100891,-0.013802830129861832,-0.007132090628147125,0.051793910562992096,-0.005635306239128113,-0.022252127528190613,-0.02127784676849842,-0.014521174132823944,-0.027228496968746185,-0.05735538899898529
0.91,0.0,0.0027,-0.043761223554611206,0.006452448666095734,-0.010709338821470737,-0.029168404638767242,0.025797460228204727,0.009497761726379395,-0.01852186769247055,0.010258682072162628,0.009082391858100891,-0.013802830129861832,-0.007132090628147125,0.051793910562992096,-0.005635306239128113,-0.022252127528190613,-0.02127784676849842,-0.014521174132823944,-0.027228496968746185,-0.05735538899898529
0.92,0.0,0.00236,-0.043761223554611206,0.006452448666095734,-0.010709338821470737,-0.029168404638767242,0.025797460228204727,0.009497761726379395,-0.01852186769247055,0.010258682072162628,0.009082391858100891,-0.013802830129861832,-0.007132090628147125,0.051793910562992096,-0.005635306239128113,-0.022252127528190613,-0.02127784676849842,-0.014521174132823944,-0.027228496968746185,-0.05735538899898529
0.93,0.0,0.00202,-0.043761223554611206,0.006452448666095734,-0.010709338821470737,-0.029168404638767242,0.025797460228204727,0.009497761726379395,-0.01852186769247055,0.010258682072162628,0.009082391858100891,-0.013802830129861832,-0.007132090628147125,0.051793910562992096,-0.005635306239128113,-0.022252127528190613,-0.02127784676849842,-0.014521174132823944,-0.027228496968746185,-0.05735538899898529
0.94,0.0,0.00175,-0.022634679451584816,0.006452448666095734,-0.010709338821470737,-0.013968788087368011,0.025797460228204727,0.009497761726379395,0.006574466824531555,0.010258682072162628,0.009082391858100891,-0.015488337725400925,-0.007132090628147125,0.051793910562992096,0.0006736069917678833,-0.022252127528190613,-0.02127784676849842,-0.010881401598453522,-0.027228496968746185,-0.05735538899898529
0.95,0.0,0.0014,-0.022634679451584816,0.006452448666095734,-0.010709338821470737,-0.013968788087368011,0.025797460228204727,0.009497761726379395,0.006574466824531555,0.010258682072162628,0.009082391858100891,-0.015488337725400925,-0.007132090628147125,0.051793910562992096,0.0006736069917678833,-0.022252127528190613,-0.02127784676849842,-0.010881401598453522,-0.027228496968746185,-0.05735538899898529
0.96,0.0,0.0,-0.022634679451584816,0.006452448666095734,-0.010709338821470737,-0.013968788087368011,0.025797460228204727,0.009497761726379395,0.006574466824531555,0.010258682072162628,0.009082391858100891,-0.015488337725400925,-0.007132090628147125,0.051793910562992096,0.0006736069917678833,-0.022252127528190613,-0.02127784676849842,-0.010881401598453522,-0.027228496968746185,-0.05735538899898529
0.97,0.0,0.0,-0.022634679451584816,0.006452448666095734,-0.010709338821470737,-0.013968788087368011,0.025797460228204727,0.009497761726379395,0.006574466824531555,0.010258682072162628,0.009082391858100891,-0.015488337725400925,-0.007132090628147125,0.051793910562992096,0.0006736069917678833,-0.022252127528190613,-0.02127784676849842,-0.010881401598453522,-0.027228496968746185,-0.05735538899898529
0.98,0.0,0.0,-0.022634679451584816,0.006452448666095734,-0.010709338821470737,-0.013968788087368011,0.025797460228204727,0.009497761726379395,0.006574466824531555,0.010258682072162628,0.009082391858100891,-0.015488337725400925,-0.007132090628147125,0.051793910562992096,0.0006736069917678833,-0.022252127528190613,-0.02127784676849842,-0.010881401598453522,-0.027228496968746185,-0.05735538899898529
0.99,0.0,0.0,-0.018078887835144997,0.006452448666095734,-0.010709338821470737,-0.011983819305896759,0.025797460228204727,0.009497761726379395,0.012416116893291473,0.010258682072162628,0.009082391858100891,-0.019033212214708328,-0.007132090628147125,0.051793910562992096,0.0003479793667793274,-0.022252127528190613,-0.02127784676849842,-0.011740274727344513,-0.027228496968746185,-0.05735538899898529
1.0,0.0,0.0,-0.018078887835144997,0.006452448666095734,-0.010709338821470737,-0.011983819305896759,0.025797460228204727,0.009497761726379395,0.012416116893291473,0.010258682072162628,0.009082391858100891,-0.019033212214708328,-0.007132090628147125,0.051793910562992096,0.0003479793667793274,-0.022252127528190613,-0.02127784676849842,-0.011740274727344513,-0.027228496968746185,-0.05735538899898529
1.01,0.0,0.0,-0.018078887835144997,0.006452448666095734,-0.010709338821470737,-0.011983819305896759,0.025797460228204727,0.009497761726379395,0.012416116893291473,0.010258682072162628,0.009082391858100891,-0.019033212214708328,-0.007132090628147125,0.051793910562992096,0.0003479793667793274,-0.022252127528190613,-0.02127784676849842,-0.011740274727344513,-0.027228496968746185,-0.05735538899898529
1.02,0.0,0.0,-0.018078887835144997,0.006452448666095734,-0.010709338821470737,-0.011983819305896759,0.025797460228204727,0.009497761726379395,0.012416116893291473,0.010258682072162628,0.009082391858100891,-0.019033212214708328,-0.007132090628147125,0.051793910562992096,0.0003479793667793274,-0.022252127528190613,-0.02127784676849842,-0.011740274727344513,-0.027228496968746185,-0.05735538899898529
1.03,0.0,0.0,-0.018078887835144997,0.006452448666095734,-0.010709338821470737,-0.011983819305896759,0.025797460228204727,0.009497761726379395,0.012416116893291473,0.010258682072162628,0.009082391858100891,-0.019033212214708328,-0.007132090628147125,0.051793910562992096,0.0003479793667793274,-0.022252127528190613,-0.02127784676849842,-0.011740274727344513,-0.027228496968746185,-0.05735538899898529
1.04,0.0,0.0,-0.02193126268684864,-0.0022327154874801636,-0.010709338821470737,-0.01454906165599823,0.016622096300125122,0.009497761726379395,0.006476514041423798,0.0082039013504982,0.009082391858100891,-0.017853591591119766,-0.005753792822360992,0.051793910562992096,-0.00016002357006072998,-0.022111020982265472,-0.02127784676849842,-0.011770471930503845,-0.026487909257411957,-0.05735538899898529
1.05,0.0,0.0,-0.02193126268684864,-0.0022327154874801636,-0.010709338821470737,-0.01454906165599823,0.016622096300125122,0.009497761726379395,0.006476514041423798,0.0082039013504982,0.009082391858100891,-0.017853591591119766,-0.005753792822360992,0.051793910562992096,-0.00016002357006072998,-0.022111020982265472,-0.02127784676849842,-0.011770471930503845,-0.026487909257411957,-0.05735538899898529
1.06,0.0,0.0,-0.02193126268684864,-0.0022327154874801636,-0.010709338821470737,-0.01454906165599823,0.016622096300125122,0.009497761726379395,0.006476514041423798,0.0082039013504982,0.009082391858100891,-0.017853591591119766,-0.005753792822360992,0.051793910562992096,-0.00016002357006072998,-0.022111020982265472,-0.02127784676849842,-0.011770471930503845,-0.026487909257411957,-0.05735538899898529
1.07,0.0,0.0,-0.02193126268684864,-0.0022327154874801636,-0.010709338821470737,-0.01454906165599823,0.016622096300125122,0.009497761726379395,0.006476514041423798,0.0082039013504982,0.009082391858100891,-0.017853591591119766,-0.005753792822360992,0.051793910562992096,-0.00016002357006072998,-0.022111020982265472,-0.02127784676849842,-0.011770471930503845,-0.026487909257411957,-0.05735538899898529
1.08,0.0,0.0,-0.02193126268684864,-0.0022327154874801636,-0.010709338821470737,-0.01454906165599823,0.016622096300125122,0.009497761726379395,0.006476514041423798,0.0082039013504982,0.009082391858100891,-0.017853591591119766,-0.005753792822360992,0.051793910562992096,-0.00016002357006072998,-0.022111020982265472,-0.02127784676849842,-0.011770471930503845,-0.026487909257411957,-0.05735538899898529
1.09,0.0,0.0,-0.026136009022593498,-0.010761678218841553,-0.010709338821470737,-0.016210876405239105,0.014853663742542267,0.009497761726379395,-0.0012102201581001282,-0.0014087050221860409,0.009082391858100891,-0.013160642236471176,-0.0002708137035369873,0.051793910562992096,0.00122736394405365,-0.018129974603652954,-0.02127784676849842,-0.009145230054855347,-0.024584315717220306,-0.05735538899898529
1.1,0.0,0.0,-0.026136009022593498,-0.010761678218841553,-0.010709338821470737,-0.016210876405239105,0.014853663742542267,0.009497761726379395,-0.0012102201581001282,-0.0014087050221860409,0.009082391858100891,-0.013160642236471176,-0.0002708137035369873,0.051793910562992096,0.00122736394405365,-0.018129974603652954,-0.02127784676849842,-0.009145230054855347,-0.024584315717220306,-0.05735538899898529
1.11,0.0,0.0,-0.026136009022593498,-0.010761678218841553,-0.010709338821470737,-0.016210876405239105,0.014853663742542267,0.009497761726379395,-0.0012102201581001282,-0.0014087050221860409,0.009082391858100891,-0.013160642236471176,-0.0002708137035369873,0.051793910562992096,0.00122736394405365,-0.018129974603652954,-0.02127784676849842,-0.009145230054855347,-0.024584315717220306,-0.05735538899898529
1.12,0.0,0.0,-0.026136009022593498,-0.010761678218841553,-0.010709338821470737,-0.016210876405239105,0.014853663742542267,0.009497761726379395,-0.0012102201581001282,-0.0014087050221860409,0.009082391858100891,-0.013160642236471176,-0.0002708137035369873,0.051793910562992096,0.00122736394405365,-0.018129974603652954,-0.02127784676849842,-0.009145230054855347,-0.024584315717220306,-0.05735538899898529
1.13,0.0,0.0,-0.026136009022593498,-0.010761678218841553,-0.010709338821470737,-0.016210876405239105,0.014853663742542267,0.009497761726379395,-0.0012102201581001282,-0.0014087050221860409,0.009082391858100891,-0.013160642236471176,-0.0002708137035369873,0.051793910562992096,0.00122736394405365,-0.018129974603652954,-0.02127784676849842,-0.009145230054855347,-0.024584315717220306,-0.05735538899898529
1.14,0.0,0.0,-0.027318200096488,-0.017210915684700012,-0.02058347500860691,-0.01200692355632782,0.019927896559238434,0.00931275449693203,-0.005584001541137695,-0.015813687816262245,-8.921325206756592e-05,0.0012082979083061218,0.018136989325284958,0.07328436523675919,0.008658647537231445,-0.004956789314746857,-0.004610320553183556,-0.0002487748861312866,-0.018825247883796692,-0.04867428541183472
1.15,0.0,0.0,-0.027318200096488,-0.017210915684700012,-0.02058347500860691,-0.01200692355632782,0.019927896559238434,0.00931275449693203,-0.005584001541137695,-0.015813687816262245,-8.921325206756592e-05,0.0012082979083061218,0.018136989325284958,0.07328436523675919,0.008658647537231445,-0.004956789314746857,-0.004610320553183556,-0.0002487748861312866,-0.018825247883796692,-0.04867428541183472
1.16,0.0,0.0,-0.027318200096488,-0.017210915684700012,-0.02058347500860691,-0.01200692355632782,0.019927896559238434,0.00931275449693203,-0.005584001541137695,-0.015813687816262245,-8.921325206756592e-05,0.0012082979083061218,0.018136989325284958,0.07328436523675919,0.008658647537231445,-0.004956789314746857,-0.004610320553183556,-0.0002487748861312866,-0.018825247883796692,-0.04867428541183472
1.17,0.0,0.0,-0.027318200096488,-0.017210915684700012,-0.02058347500860691,-0.01200692355632782,0.019927896559238434,0.00931275449693203,-0.005584001541137695,-0.015813687816262245,-8.921325206756592e-05,0.0012082979083061218,0.018136989325284958,0.07328436523675919,0.008658647537231445,-0.004956789314746857,-0.004610320553183556,-0.0002487748861312866,-0.018825247883796692,-0.04867428541183472
1.18,0.0,0.0,-0.027318200096488,-0.017210915684700012,-0.02058347500860691,-0.01200692355632782,0.019927896559238434,0.00931275449693203,-0.005584001541137695,-0.015813687816262245,-8.921325206756592e-05,0.0012082979083061218,0.018136989325284958,0.07328436523675919,0.008658647537231445,-0.004956789314746857,-0.004610320553183556,-0.0002487748861312866,-0.018825247883796692,-0.04867428541183472
1.19,0.0,0.0,-0.010089030489325523,0.005750082433223724,-0.00031775981187820435,0.0071039944887161255,0.04948204755783081,0.0326102077960968,0.012213759124279022,-0.004903548862785101,0.011624593287706375,0.01869240775704384,0.03943243622779846,0.09475897997617722,0.024720896035432816,0.009672828018665314,0.013865021988749504,0.012729831039905548,-0.008290134370326996,-0.032967083156108856
1.2,0.0,0.0,-0.010089030489325523,0.005750082433223724,-0.00031775981187820435,0.0071039944887161255,0.04948204755783081,0.0326102077960968,0.012213759124279022,-0.004903548862785101,0.011624593287706375,0.01869240775704384,0.03943243622779846,0.09475897997617722,0.024720896035432816,0.009672828018665314,0.013865021988749504,0.012729831039905548,-0.008290134370326996,-0.032967083156108856
1.21,0.0,0.0,-0.010089030489325523,0.005750082433223724,-0.00031775981187820435,0.0071039944887161255,0.04948204755783081,0.0326102077960968,0.012213759124279022,-0.004903548862785101,0.011624593287706375,0.01869240775704384,0.03943243622779846,0.09475897997617722,0.024720896035432816,0.009672828018665314,0.013865021988749504,0.012729831039905548,-0.008290134370326996,-0.032967083156108856
1.22,0.0,0.0,-0.010089030489325523,0.005750082433223724,-0.00031775981187820435,0.0071039944887161255,0.04948204755783081,0.0326102077960968,0.012213759124279022,-0.004903548862785101,0.011624593287706375,0.01869240775704384,0.03943243622779846,0.09475897997617722,0.024720896035432816,0.009672828018665314,0.013865021988749504,0.012729831039905548,-0.008290134370326996,-0.032967083156108856
1.23,0.0,0.0,-0.010089030489325523,0.005750082433223724,-0.00031775981187820435,0.0071039944887161255,0.04948204755783081,0.0326102077960968,0.012213759124279022,-0.004903548862785101,0.011624593287706375,0.01869240775704384,0.03943243622779846,0.09475897997617722,0.024720896035432816,0.009672828018665314,0.013865021988749504,0.012729831039905548,-0.008290134370326996,-0.032967083156108856
1.24,0.0,0.0,0.01991145685315132,0.049861565232276917,0.04258927330374718,0.028175994753837585,0.08241701126098633,0.0651015117764473,0.046150095760822296,0.03228404372930527,0.044816482812166214,0.02392509952187538,0.04653811827301979,0.09770458936691284,0.0373392328619957,0.01382002979516983,0.019679909572005272,0.020673125982284546,0.0019798576831817627,-0.020147547125816345
1.25,0.0,0.0,0.01991145685315132,0.049861565232276917,0.04258927330374718,0.028175994753837585,0.08241701126098633,0.0651015117764473,0.046150095760822296,0.03228404372930527,0.044816482812166214,0.02392509952187538,0.04653811827301979,0.09770458936691284,0.0373392328619957,0.01382002979516983,0.019679909572005272,0.020673125982284546,0.0019798576831817627,-0.020147547125816345
1.26,0.0,0.0,0.01991145685315132,0.049861565232276917,0.04258927330374718,0.028175994753837585,0.08241701126098633,0.0651015117764473,0.046150095760822296,0.03228404372930527,0.044816482812166214,0.02392509952187538,0.04653811827301979,0.09770458936691284,0.0373392328619957,0.01382002979516983,0.019679909572005272,0.020673125982284546,0.0019798576831817627,-0.020147547125816345
1.27,0.0,0.0,0.01991145685315132,0.049861565232276917,0.04258927330374718,0.028175994753837585,0.08241701126098633,0.0651015117764473,0.046150095760822296,0.03228404372930527,0.044816482812166214,0.02392509952187538,0.04653811827301979,0.09770458936691284,0.0373392328619957,0.01382002979516983,0.019679909572005272,0.020673125982284546,0.0019798576831817627,-0.020147547125816345
1.28,0.0,0.0,0.01991145685315132,0.049861565232276917,0.04258927330374718,0.028175994753837585,0.08241701126098633,0.0651015117764473,0.046150095760822296,0.03228404372930527,0.044816482812166214,0.02392509952187538,0.04653811827301979,0.09770458936691284,0.0373392328619957,0.01382002979516983,0.019679909572005272,0.020673125982284546,0.0019798576831817627,-0.020147547125816345
1.29,0.0,0.0,0.0405658558011055,0.07756970822811127,0.07707113027572632,0.040748950093984604,0.09063884615898132,0.07892102748155594,0.06964315474033356,0.06595990061759949,0.07529005408287048,0.02242330089211464,0.04461110755801201,0.09046854078769684,0.04154660925269127,0.012303389608860016,0.01849534548819065,0.023828327655792236,0.009412959218025208,-0.013808652758598328
1.3,0.0,0.0,0.0405658558011055,0.07756970822811127,0.07707113027572632,0.040748950093984604,0.09063884615898132,0.07892102748155594,0.06964315474033356,0.06595990061759949,0.07529005408287048,0.02242330089211464,0.04461110755801201,0.09046854078769684,0.04154660925269127,0.012303389608860016,0.01849534548819065,0.023828327655792236,0.009412959218025208,-0.013808652758598328
1.31,0.0,0.0,0.0405658558011055,0.07756970822811127,0.07707113027572632,0.040748950093984604,0.09063884615898132,0.07892102748155594,0.06964315474033356,0.06595990061759949,0.07529005408287048,0.02242330089211464,0.04461110755801201,0.09046854078769684,0.04154660925269127,0.012303389608860016,0.01849534548819065,0.023828327655792236,0.009412959218025208,-0.013808652758598328
1.32,0.0,0.0,0.0405658558011055,0.07756970822811127,0.07707113027572632,0.040748950093984604,0.09063884615898132,0.07892102748155594,0.06964315474033356,0.06595990061759949,0.07529005408287048,0.02242330089211464,0.04461110755801201,0.09046854078769684,0.04154660925269127,0.012303389608860016,0.01849534548819065,0.023828327655792236,0.009412959218025208,-0.013808652758598328
1.33,0.0,0.0,0.0405658558011055,0.07756970822811127,0.07707113027572632,0.040748950093984604,0.09063884615898132,0.07892102748155594,0.06964315474033356,0.06595990061759949,0.07529005408287048,0.02242330089211464,0.04461110755801201,0.09046854078769684,0.04154660925269127,0.012303389608860016,0.01849534548819065,0.023828327655792236,0.009412959218025208,-0.013808652758598328
1.34,0.0,0.0,0.04775503650307655,0.08135101199150085,0.08972439169883728,0.047065816819667816,0.08594857156276703,0.07683117687702179,0.07544796168804169,0.08084898442029953,0.09003940224647522,0.02431546524167061,0.047026731073856354,0.08837082982063293,0.044692106544971466,0.014336489140987396,0.02026042528450489,0.02758925035595894,0.016581356525421143,-0.009078584611415863
1.35,0.0,0.0,0.04775503650307655,0.08135101199150085,0.08972439169883728,0.047065816819667816,0.08594857156276703,0.07683117687702179,0.07544796168804169,0.08084898442029953,0.09003940224647522,0.02431546524167061,0.047026731073856354,0.08837082982063293,0.044692106544971466,0.014336489140987396,0.02026042528450489,0.02758925035595894,0.016581356525421143,-0.009078584611415863
1.36,0.0,0.0,0.04775503650307655,0.08135101199150085,0.08972439169883728,0.047065816819667816,0.08594857156276703,0.07683117687702179,0.07544796168804169,0.08084898442029953,0.09003940224647522,0.02431546524167061,0.047026731073856354,0.08837082982063293,0.044692106544971466,0.014336489140987396,0.02026042528450489,0.02758925035595894,0.016581356525421143,-0.009078584611415863
1.37,0.0,0.0,0.04775503650307655,0.08135101199150085,0.08972439169883728,0.047065816819667816,0.08594857156276703,0.07683117687702179,0.07544796168804169,0.08084898442029953,0.09003940224647522,0.02431546524167061,0.047026731073856354,0.08837082982063293,0.044692106544971466,0.014336489140987396,0.02026042528450489,0.02758925035595894,0.016581356525421143,-0.009078584611415863
1.38,0.0,0.0,0.04775503650307655,0.08135101199150085,0.08972439169883728,0.047065816819667816,0.08594857156276703,0.07683117687702179,0.07544796168804169,0.08084898442029953,0.09003940224647522,0.02431546524167061,0.047026731073856354,0.08837082982063293,0.044692106544971466,0.014336489140987396,0.02026042528450489,0.02758925035595894,0.016581356525421143,-0.009078584611415863
1.39,0.0,0.0,0.04615812003612518,0.07427753508090973,0.08568890392780304,0.04893053323030472,0.08237966895103455,0.07158529758453369,0.07213795185089111,0.0803007036447525,0.08870141208171844,0.029017362743616104,0.053817156702280045,0.09241276979446411,0.04873136803507805,0.01901516318321228,0.024128245189785957,0.0321132130920887,0.02223406732082367,-0.005640439689159393
1.4,0.0,0.0,0.04615812003612518,0.07427753508090973,0.08568890392780304,0.04893053323030472,0.08237966895103455,0.07158529758453369,0.07213795185089111,0.0803007036447525,0.08870141208171844,0.029017362743616104,0.053817156702280045,0.09241276979446411,0.04873136803507805,0.01901516318321228,0.024128245189785957,0.0321132130920887,0.02223406732082367,-0.005640439689159393
1.41,0.0,0.0,0.04615812003612518,0.07427753508090973,0.08568890392780304,0.04893053323030472,0.08237966895103455,0.07158529758453369,0.07213795185089111,0.0803007036447525,0.08870141208171844,0.029017362743616104,0.053817156702280045,0.09241276979446411,0.04873136803507805,0.01901516318321228,0.024128245189785957,0.0321132130920887,0.02223406732082367,-0.005640439689159393
1.42,0.0,0.0,0.04615812003612518,0.07427753508090973,0.08568890392780304,0.04893053323030472,0.08237966895103455,0.07158529758453369,0.07213795185089111,0.0803007036447525,0.08870141208171844,0.029017362743616104,0.053817156702280045,0.09241276979446411,0.04873136803507805,0.01901516318321228,0.024128245189785957,0.0321132130920887,0.02223406732082367,-0.005640439689159393
1.43,0.0,0.0,0.04615812003612518,0.07427753508090973,0.08568890392780304,0.04893053323030472,0.08237966895103455,0.07158529758453369,0.07213795185089111,0.0803007036447525,0.08870141208171844,0.029017362743616104,0.053817156702280045,0.09241276979446411,0.04873136803507805,0.01901516318321228,0.024128245189785957,0.0321132130920887,0.02223406732082367,-0.005640439689159393
1.44,0.0,0.0,0.04157990962266922,0.06902355700731277,0.07631850242614746,0.04846147447824478,0.08148065209388733,0.06840220838785172,0.06667856127023697,0.07462549954652786,0.08169910311698914,0.03167690336704254,0.05688001587986946,0.09513922035694122,0.049921855330467224,0.02117083966732025,0.02595463953912258,0.03400995209813118,0.02446271851658821,-0.005474686622619629
1.45,0.0,0.0,0.04157990962266922,0.06902355700731277,0.07631850242614746,0.04846147447824478,0.08148065209388733,0.06840220838785172,0.06667856127023697,0.07462549954652786,0.08169910311698914,0.03167690336704254,0.05688001587986946,0.09513922035694122,0.049921855330467224,0.02117083966732025,0.02595463953912258,0.03400995209813118,0.02446271851658821,-0.005474686622619629
1.46,0.0,0.0,0.04157990962266922,0.06902355700731277,0.07631850242614746,0.04846147447824478,0.08148065209388733,0.06840220838785172,0.06667856127023697,0.07462549954652786,0.08169910311698914,0.03167690336704254,0.05688001587986946,0.09513922035694122,0.049921855330467224,0.02117083966732025,0.02595463953912258,0.03400995209813118,0.02446271851658821,-0.005474686622619629
1.47,0.00749,0.0,0.04157990962266922,0.06902355700731277,0.07631850242614746,0.04846147447824478,0.08148065209388733,0.06840220838785172,0.06667856127023697,0.07462549954652786,0.08169910311698914,0.03167690336704254,0.05688001587986946,0.09513922035694122,0.049921855330467224,0.02117083966732025,0.02595463953912258,0.03400995209813118,0.02446271851658821,-0.005474686622619629
1.48,0.01116,0.00107,0.04157990962266922,0.06902355700731277,0.07631850242614746,0.04846147447824478,0.08148065209388733,0.06840220838785172,0.06667856127023697,0.07462549954652786,0.08169910311698914,0.03167690336704254,0.05688001587986946,0.09513922035694122,0.049921855330467224,0.02117083966732025,0.02595463953912258,0.03400995209813118,0.02446271851658821,-0.005474686622619629
1.49,0.01231,0.00125,0.03867542743682861,0.06843484193086624,0.0710982233285904,0.04850434511899948,0.08280156552791595,0.06887049227952957,0.06371831893920898,0.0710957869887352,0.07787397503852844,0.031533338129520416,0.05726230889558792,0.0959232747554779,0.05053146928548813,0.021491818130016327,0.02674453891813755,0.03395180404186249,0.023884262889623642,-0.005294665694236755
1.5,0.01359,0.00142,0.03867542743682861,0.06843484193086624,0.0710982233285904,0.04850434511899948,0.08280156552791595,0.06887049227952957,0.06371831893920898,0.0710957869887352,0.07787397503852844,0.031533338129520416,0.05726230889558792,0.0959232747554779,0.05053146928548813,0.021491818130016327,0.02674453891813755,0.03395180404186249,0.023884262889623642,-0.005294665694236755
1.51,0.01504,0.00158,0.03867542743682861,0.06843484193086624,0.0710982233285904,0.04850434511899948,0.08280156552791595,0.06887049227952957,0.06371831893920898,0.0710957869887352,0.07787397503852844,0.031533338129520416,0.05726230889558792,0.0959232747554779,0.05053146928548813,0.021491818130016327,0.02674453891813755,0.03395180404186249,0.023884262889623642,-0.005294665694236755
1.52,0.01668,0.00173,0.03867542743682861,0.06843484193086624,0.0710982233285904,0.04850434511899948,0.08280156552791595,0.06887049227952957,0.06371831893920898,0.0710957869887352,0.07787397503852844,0.031533338129520416,0.05726230889558792,0.0959232747554779,0.05053146928548813,0.021491818130016327,0.02674453891813755,0.03395180404186249,0.023884262889623642,-0.005294665694236755
1.53,0.01853,0.00187,0.03867542743682861,0.06843484193086624,0.0710982233285904,0.04850434511899948,0.08280156552791595,0.06887049227952957,0.06371831893920898,0.0710957869887352,0.07787397503852844,0.031533338129520416,0.05726230889558792,0.0959232747554779,0.05053146928548813,0.021491818130016327,0.02674453891813755,0.03395180404186249,0.023884262889623642,-0.005294665694236755
1.54,0.02063,0.00199,0.03964278846979141,0.07143735885620117,0.0715114176273346,0.050111375749111176,0.08549948036670685,0.0712895393371582,0.06525919586420059,0.07214244455099106,0.07904686033725739,0.03324829787015915,0.059971097856760025,0.09815739840269089,0.05311978980898857,0.02374330163002014,0.02914115972816944,0.03554360195994377,0.025110099464654922,-0.003210015594959259
1.55,0.023,0.00209,0.03964278846979141,0.07143735885620117,0.0715114176273346,0.050111375749111176,0.08549948036670685,0.0712895393371582,0.06525919586420059,0.07214244455099106,0.07904686033725739,0.03324829787015915,0.059971097856760025,0.09815739840269089,0.05311978980898857,0.02374330163002014,0.02914115972816944,0.03554360195994377,0.025110099464654922,-0.003210015594959259
1.56,0.02568,0.00217,0.03964278846979141,0.07143735885620117,0.0715114176273346,0.050111375749111176,0.08549948036670685,0.0712895393371582,0.06525919586420059,0.07214244455099106,0.07904686033725739,0.03324829787015915,0.059971097856760025,0.09815739840269089,0.05311978980898857,0.02374330163002014,0.02914115972816944,0.03554360195994377,0.025110099464654922,-0.003210015594959259
1.57,0.02869,0.00223,0.03964278846979141,0.07143735885620117,0.0715114176273346,0.050111375749111176,0.08549948036670685,0.0712895393371582,0.06525919586420059,0.07214244455099106,0.07904686033725739,0.03324829787015915,0.059971097856760025,0.09815739840269089,0.05311978980898857,0.02374330163002014,0.02914115972816944,0.03554360195994377,0.025110099464654922,-0.003210015594959259
1.58,0.03206,0.00226,0.03964278846979141,0.07143735885620117,0.0715114176273346,0.050111375749111176,0.08549948036670685,0.0712895393371582,0.06525919586420059,0.07214244455099106,0.07904686033725739,0.03324829787015915,0.059971097856760025,0.09815739840269089,0.05311978980898857,0.02374330163002014,0.02914115972816944,0.03554360195994377,0.025110099464654922,-0.003210015594959259
1.59,0.03583,0.00226,0.04572002962231636,0.07777354121208191,0.0776565670967102,0.055747415870428085,0.09203580021858215,0.07703493535518646,0.07140053063631058,0.07819049805402756,0.08552846312522888,0.03799024969339371,0.06433610618114471,0.10259159654378891,0.05775310844182968,0.028845809400081635,0.033813491463661194,0.04001793637871742,0.029492173343896866,0.0018042400479316711
1.6,0.04002,0.00224,0.04572002962231636,0.07777354121208191,0.0776565670967102,0.055747415870428085,0.09203580021858215,0.07703493535518646,0.07140053063631058,0.07819049805402756,0.08552846312522888,0.03799024969339371,0.06433610618114471,0.10259159654378891,0.05775310844182968,0.028845809400081635,0.033813491463661194,0.04001793637871742,0.029492173343896866,0.0018042400479316711
1.61,0.04467,0.00219,0.04572002962231636,0.07777354121208191,0.0776565670967102,0.055747415870428085,0.09203580021858215,0.07703493535518646,0.07140053063631058,0.07819049805402756,0.08552846312522888,0.03799024969339371,0.06433610618114471,0.10259159654378891,0.05775310844182968,0.028845809400081635,0.033813491463661194,0.04001793637871742,0.029492173343896866,0.0018042400479316711
1.62,0.04979,0.0021,0.04572002962231636,0.07777354121208191,0.0776565670967102,0.055747415870428085,0.09203580021858215,0.07703493535518646,0.07140053063631058,0.07819049805402756,0.08552846312522888,0.03799024969339371,0.06433610618114471,0.10259159654378891,0.05775310844182968,0.028845809400081635,0.033813491463661194,0.04001793637871742,0.029492173343896866,0.0018042400479316711
1.63,0.05424,0.00202,0.04572002962231636,0.07777354121208191,0.0776565670967102,0.055747415870428085,0.09203580021858215,0.07703493535518646,0.07140053063631058,0.07819049805402756,0.08552846312522888,0.03799024969339371,0.06433610618114471,0.10259159654378891,0.05775310844182968,0.028845809400081635,0.033813491463661194,0.04001793637871742,0.029492173343896866,0.0018042400479316711
1.64,0.06028,0.00188,0.055070921778678894,0.08450742810964584,0.08638939261436462,0.06473786383867264,0.10183807462453842,0.08539894223213196,0.08018161356449127,0.08584188669919968,0.0942002534866333,0.04493185505270958,0.07268470525741577,0.10971282422542572,0.06470699608325958,0.03731749951839447,0.04056985676288605,0.04731154441833496,0.03700640797615051,0.009163513779640198
1.65,0.06688,0.00172,0.055070921778678894,0.08450742810964584,0.08638939261436462,0.06473786383867264,0.10183807462453842,0.08539894223213196,0.08018161356449127,0.08584188669919968,0.0942002534866333,0.04493185505270958,0.07268470525741577,0.10971282422542572,0.06470699608325958,0.03731749951839447,0.04056985676288605,0.04731154441833496,0.03700640797615051,0.009163513779640198
1.66,0.07403,0.00154,0.055070921778678894,0.08450742810964584,0.08638939261436462,0.06473786383867264,0.10183807462453842,0.08539894223213196,0.08018161356449127,0.08584188669919968,0.0942002534866333,0.04493185505270958,0.07268470525741577,0.10971282422542572,0.06470699608325958,0.03731749951839447,0.04056985676288605,0.04731154441833496,0.03700640797615051,0.009163513779640198
1.67,0.08341,0.00129,0.055070921778678894,0.08450742810964584,0.08638939261436462,0.06473786383867264,0.10183807462453842,0.08539894223213196,0.08018161356449127,0.08584188669919968,0.0942002534866333,0.04493185505270958,0.07268470525741577,0.10971282422542572,0.06470699608325958,0.03731749951839447,0.04056985676288605,0.04731154441833496,0.03700640797615051,0.009163513779640198
1.68,0.09186,0.00106,0.055070921778678894,0.08450742810964584,0.08638939261436462,0.06473786383867264,0.10183807462453842,0.08539894223213196,0.08018161356449127,0.08584188669919968,0.0942002534866333,0.04493185505270958,0.07268470525741577,0.10971282422542572,0.06470699608325958,0.03731749951839447,0.04056985676288605,0.04731154441833496,0.03700640797615051,0.009163513779640198
1.69,0.10093,0.0,0.0783945769071579,0.10542068630456924,0.10589349269866943,0.08366447687149048,0.12627828121185303,0.10647176206111908,0.10266266763210297,0.10827549546957016,0.11499965190887451,0.05562049150466919,0.08277146518230438,0.1209162026643753,0.07700350880622864,0.05071427673101425,0.05283758044242859,0.05895944684743881,0.04634639993309975,0.021734118461608887
1.7,0.1106,0.0,0.0783945769071579,0.10542068630456924,0.10589349269866943,0.08366447687149048,0.12627828121185303,0.10647176206111908,0.10266266763210297,0.10827549546957016,0.11499965190887451,0.05562049150466919,0.08277146518230438,0.1209162026643753,0.07700350880622864,0.05071427673101425,0.05283758044242859,0.05895944684743881,0.04634639993309975,0.021734118461608887
1.71,0.1209,0.0,0.0783945769071579,0.10542068630456924,0.10589349269866943,0.08366447687149048,0.12627828121185303,0.10647176206111908,0.10266266763210297,0.10827549546957016,0.11499965190887451,0.05562049150466919,0.08277146518230438,0.1209162026643753,0.07700350880622864,0.05071427673101425,0.05283758044242859,0.05895944684743881,0.04634639993309975,0.021734118461608887
1.72,0.13182,0.0,0.0783945769071579,0.10542068630456924,0.10589349269866943,0.08366447687149048,0.12627828121185303,0.10647176206111908,0.10266266763210297,0.10827549546957016,0.11499965190887451,0.05562049150466919,0.08277146518230438,0.1209162026643753,0.07700350880622864,0.05071427673101425,0.05283758044242859,0.05895944684743881,0.04634639993309975,0.021734118461608887
1.73,0.14336,0.0,0.0783945769071579,0.10542068630456924,0.10589349269866943,0.08366447687149048,0.12627828121185303,0.10647176206111908,0.10266266763210297,0.10827549546957016,0.11499965190887451,0.05562049150466919,0.08277146518230438,0.1209162026643753,0.07700350880622864,0.05071427673101425,0.05283758044242859,0.05895944684743881,0.04634639993309975,0.021734118461608887
1.74,0.15551,0.0,0.1530405580997467,0.17041778564453125,0.1789768636226654,0.1524544656276703,0.21446473896503448,0.1873190999031067,0.17346173524856567,0.17210239171981812,0.18341673910617828,0.0933469831943512,0.12003631889820099,0.1610957235097885,0.12070190906524658,0.09724091738462448,0.0969715490937233,0.10160692036151886,0.0812164694070816,0.07867932319641113
1.75,0.16827,0.0,0.1530405580997467,0.17041778564453125,0.1789768636226654,0.1524544656276703,0.21446473896503448,0.1873190999031067,0.17346173524856567,0.17210239171981812,0.18341673910617828,0.0933469831943512,0.12003631889820099,0.1610957235097885,0.12070190906524658,0.09724091738462448,0.0969715490937233,0.10160692036151886,0.0812164694070816,0.07867932319641113
1.76,0.18161,0.0,0.1530405580997467,0.17041778564453125,0.1789768636226654,0.1524544656276703,0.21446473896503448,0.1873190999031067,0.17346173524856567,0.17210239171981812,0.18341673910617828,0.0933469831943512,0.12003631889820099,0.1610957235097885,0.12070190906524658,0.09724091738462448,0.0969715490937233,0.10160692036151886,0.0812164694070816,0.07867932319641113
1.77,0.19555,0.0,0.1530405580997467,0.17041778564453125,0.1789768636226654,0.1524544656276703,0.21446473896503448,0.1873190999031067,0.17346173524856567,0.17210239171981812,0.18341673910617828,0.0933469831943512,0.12003631889820099,0.1610957235097885,0.12070190906524658,0.09724091738462448,0.0969715490937233,0.10160692036151886,0.0812164694070816,0.07867932319641113
1.78,0.21004,0.0,0.1530405580997467,0.17041778564453125,0.1789768636226654,0.1524544656276703,0.21446473896503448,0.1873190999031067,0.17346173524856567,0.17210239171981812,0.18341673910617828,0.0933469831943512,0.12003631889820099,0.1610957235097885,0.12070190906524658,0.09724091738462448,0.0969715490937233,0.10160692036151886,0.0812164694070816,0.07867932319641113
1.79,0.22507,0.0,0.22712959349155426,0.22234874963760376,0.25218743085861206,0.23156511783599854,0.2966632843017578,0.2643814980983734,0.2483007311820984,0.22617048025131226,0.24693720042705536,0.14884355664253235,0.19715869426727295,0.22365400195121765,0.17897173762321472,0.1657811850309372,0.15229855477809906,0.16251534223556519,0.1440938413143158,0.144354909658432
1.8,0.24062,0.0,0.22712959349155426,0.22234874963760376,0.25218743085861206,0.23156511783599854,0.2966632843017578,0.2643814980983734,0.2483007311820984,0.22617048025131226,0.24693720042705536,0.14884355664253235,0.19715869426727295,0.22365400195121765,0.17897173762321472,0.1657811850309372,0.15229855477809906,0.16251534223556519,0.1440938413143158,0.144354909658432
1.81,0.25667,0.0,0.22712959349155426,0.22234874963760376,0.25218743085861206,0.23156511783599854,0.2966632843017578,0.2643814980983734,0.2483007311820984,0.22617048025131226,0.24693720042705536,0.14884355664253235,0.19715869426727295,0.22365400195121765,0.17897173762321472,0.1657811850309372,0.15229855477809906,0.16251534223556519,0.1440938413143158,0.144354909658432
1.82,0.2732,0.0,0.22712959349155426,0.22234874963760376,0.25218743085861206,0.23156511783599854,0.2966632843017578,0.2643814980983734,0.2483007311820984,0.22617048025131226,0.24693720042705536,0.14884355664253235,0.19715869426727295,0.22365400195121765,0.17897173762321472,0.1657811850309372,0.15229855477809906,0.16251534223556519,0.1440938413143158,0.144354909658432
1.83,0.29017,0.0,0.22712959349155426,0.22234874963760376,0.25218743085861206,0.23156511783599854,0.2966632843017578,0.2643814980983734,0.2483007311820984,0.22617048025131226,0.24693720042705536,0.14884355664253235,0.19715869426727295,0.22365400195121765,0.17897173762321472,0.1657811850309372,0.15229855477809906,0.16251534223556519,0.1440938413143158,0.144354909658432
1.84,0.30755,0.0,0.21931834518909454,0.19434313476085663,0.2420188933610916,0.24613678455352783,0.2751271724700928,0.24314983189105988,0.23939713835716248,0.2119814157485962,0.23602735996246338,0.16702201962471008,0.23968756198883057,0.2504430115222931,0.19627688825130463,0.19084671139717102,0.16402210295200348,0.1810884028673172,0.1732478141784668,0.1502523124217987
1.85,0.32534,0.0,0.21931834518909454,0.19434313476085663,0.2420188933610916,0.24613678455352783,0.2751271724700928,0.24314983189105988,0.23939713835716248,0.2119814157485962,0.23602735996246338,0.16702201962471008,0.23968756198883057,0.2504430115222931,0.19627688825130463,0.19084671139717102,0.16402210295200348,0.1810884028673172,0.1732478141784668,0.1502523124217987
1.86,0.34348,0.0,0.21931834518909454,0.19434313476085663,0.2420188933610916,0.24613678455352783,0.2751271724700928,0.24314983189105988,0.23939713835716248,0.2119814157485962,0.23602735996246338,0.16702201962471008,0.23968756198883057,0.2504430115222931,0.19627688825130463,0.19084671139717102,0.16402210295200348,0.1810884028673172,0.1732478141784668,0.1502523124217987
1.87,0.36195,0.0,0.21931834518909454,0.19434313476085663,0.2420188933610916,0.24613678455352783,0.2751271724700928,0.24314983189105988,0.23939713835716248,0.2119814157485962,0.23602735996246338,0.16702201962471008,0.23968756198883057,0.2504430115222931,0.19627688825130463,0.19084671139717102,0.16402210295200348,0.1810884028673172,0.1732478141784668,0.1502523124217987
1.88,0.3769,0.0,0.21931834518909454,0.19434313476085663,0.2420188933610916,0.24613678455352783,0.2751271724700928,0.24314983189105988,0.23939713835716248,0.2119814157485962,0.23602735996246338,0.16702201962471008,0.23968756198883057,0.2504430115222931,0.19627688825130463,0.19084671139717102,0.16402210295200348,0.1810884028673172,0.1732478141784668,0.1502523124217987
1.89,0.3959,0.0,0.18802471458911896,0.1720765382051468,0.2058200091123581,0.23732176423072815,0.23688749969005585,0.1931086629629135,0.19898667931556702,0.19759556651115417,0.20877820253372192,0.1881689727306366,0.2590453624725342,0.26067131757736206,0.2040492445230484,0.19383934140205383,0.17699173092842102,0.1822548806667328,0.1874314546585083,0.14930160343647003
1.9,0.41515,0.0,0.18802471458911896,0.1720765382051468,0.2058200091123581,0.23732176423072815,0.23688749969005585,0.1931086629629135,0.19898667931556702,0.19759556651115417,0.20877820253372192,0.1881689727306366,0.2590453624725342,0.26067131757736206,0.2040492445230484,0.19383934140205383,0.17699173092842102,0.1822548806667328,0.1874314546585083,0.14930160343647003
1.91,0.43461,0.0,0.18802471458911896,0.1720765382051468,0.2058200091123581,0.23732176423072815,0.23688749969005585,0.1931086629629135,0.19898667931556702,0.19759556651115417,0.20877820253372192,0.1881689727306366,0.2590453624725342,0.26067131757736206,0.2040492445230484,0.19383934140205383,0.17699173092842102,0.1822548806667328,0.1874314546585083,0.14930160343647003
1.92,0.45827,0.0,0.18802471458911896,0.1720765382051468,0.2058200091123581,0.23732176423072815,0.23688749969005585,0.1931086629629135,0.19898667931556702,0.19759556651115417,0.20877820253372192,0.1881689727306366,0.2590453624725342,0.26067131757736206,0.2040492445230484,0.19383934140205383,0.17699173092842102,0.1822548806667328,0.1874314546585083,0.14930160343647003
1.93,0.47814,0.0,0.18802471458911896,0.1720765382051468,0.2058200091123581,0.23732176423072815,0.23688749969005585,0.1931086629629135,0.19898667931556702,0.19759556651115417,0.20877820253372192,0.1881689727306366,0.2590453624725342,0.26067131757736206,0.2040492445230484,0.19383934140205383,0.17699173092842102,0.1822548806667328,0.1874314546585083,0.14930160343647003
1.94,0.49814,0.0,0.2910890579223633,0.3145981729030609,0.3105473220348358,0.3391207754611969,0.35301637649536133,0.30680468678474426,0.29337620735168457,0.31278130412101746,0.31022918224334717,0.3397296071052551,0.3854132890701294,0.3943769633769989,0.3426210284233093,0.321283757686615,0.3264850080013275,0.31912580132484436,0.32677942514419556,0.28128495812416077
1.95,0.51826,0.0,0.2910890579223633,0.3145981729030609,0.3105473220348358,0.3391207754611969,0.35301637649536133,0.30680468678474426,0.29337620735168457,0.31278130412101746,0.31022918224334717,0.3397296071052551,0.3854132890701294,0.3943769633769989,0.3426210284233093,0.321283757686615,0.3264850080013275,0.31912580132484436,0.32677942514419556,0.28128495812416077
1.96,0.53847,0.00102,0.2910890579223633,0.3145981729030609,0.3105473220348358,0.3391207754611969,0.35301637649536133,0.30680468678474426,0.29337620735168457,0.31278130412101746,0.31022918224334717,0.3397296071052551,0.3854132890701294,0.3943769633769989,0.3426210284233093,0.321283757686615,0.3264850080013275,0.31912580132484436,0.32677942514419556,0.28128495812416077
1.97,0.55875,0.00135,0.2910890579223633,0.3145981729030609,0.3105473220348358,0.3391207754611969,0.35301637649536133,0.30680468678474426,0.29337620735168457,0.31278130412101746,0.31022918224334717,0.3397296071052551,0.3854132890701294,0.3943769633769989,0.3426210284233093,0.321283757686615,0.3264850080013275,0.31912580132484436,0.32677942514419556,0.28128495812416077
1.98,0.57909,0.00166,0.2910890579223633,0.3145981729030609,0.3105473220348358,0.3391207754611969,0.35301637649536133,0.30680468678474426,0.29337620735168457,0.31278130412101746,0.31022918224334717,0.3397296071052551,0.3854132890701294,0.3943769633769989,0.3426210284233093,0.321283757686615,0.3264850080013275,0.31912580132484436,0.32677942514419556,0.28128495812416077
1.99,0.59946,0.00196,0.4702361822128296,0.5253216624259949,0.4985666871070862,0.5014230608940125,0.5377739071846008,0.5096833109855652,0.48412618041038513,0.49715185165405273,0.49602359533309937,0.5142601132392883,0.5475978851318359,0.5629172325134277,0.5154147148132324,0.48963797092437744,0.5026580095291138,0.49419641494750977,0.5005512237548828,0.45164382457733154
2.0,0.61985,0.00223,0.4702361822128296,0.5253216624259949,0.4985666871070862,0.5014230608940125,0.5377739071846008,0.5096833109855652,0.48412618041038513,0.49715185165405273,0.49602359533309937,0.5142601132392883,0.5475978851318359,0.5629172325134277,0.5154147148132324,0.48963797092437744,0.5026580095291138,0.49419641494750977,0.5005512237548828,0.45164382457733154
2.01,0.63612,0.00243,0.4702361822128296,0.5253216624259949,0.4985666871070862,0.5014230608940125,0.5377739071846008,0.5096833109855652,0.48412618041038513,0.49715185165405273,0.49602359533309937,0.5142601132392883,0.5475978851318359,0.5629172325134277,0.5154147148132324,0.48963797092437744,0.5026580095291138,0.49419641494750977,0.5005512237548828,0.45164382457733154
2.02,0.66064,0.0027,0.4702361822128296,0.5253216624259949,0.4985666871070862,0.5014230608940125,0.5377739071846008,0.5096833109855652,0.48412618041038513,0.49715185165405273,0.49602359533309937,0.5142601132392883,0.5475978851318359,0.5629172325134277,0.5154147148132324,0.48963797092437744,0.5026580095291138,0.49419641494750977,0.5005512237548828,0.45164382457733154
2.03,0.67688,0.00285,0.4702361822128296,0.5253216624259949,0.4985666871070862,0.5014230608940125,0.5377739071846008,0.5096833109855652,0.48412618041038513,0.49715185165405273,0.49602359533309937,0.5142601132392883,0.5475978851318359,0.5629172325134277,0.5154147148132324,0.48963797092437744,0.5026580095291138,0.49419641494750977,0.5005512237548828,0.45164382457733154
2.04,0.70133,0.00304,0.629309892654419,0.678957998752594,0.6683924794197083,0.6503900289535522,0.6759806871414185,0.6674266457557678,0.6591353416442871,0.657579779624939,0.6662502884864807,0.6416740417480469,0.6788511276245117,0.6957681775093079,0.6507858037948608,0.6267672181129456,0.6357840895652771,0.6290348172187805,0.6350901126861572,0.5875372886657715
2.05,0.72162,0.00314,0.629309892654419,0.678957998752594,0.6683924794197083,0.6503900289535522,0.6759806871414185,0.6674266457557678,0.6591353416442871,0.657579779624939,0.6662502884864807,0.6416740417480469,0.6788511276245117,0.6957681775093079,0.6507858037948608,0.6267672181129456,0.6357840895652771,0.6290348172187805,0.6350901126861572,0.5875372886657715
2.06,0.74187,0.00321,0.629309892654419,0.678957998752594,0.6683924794197083,0.6503900289535522,0.6759806871414185,0.6674266457557678,0.6591353416442871,0.657579779624939,0.6662502884864807,0.6416740417480469,0.6788511276245117,0.6957681775093079,0.6507858037948608,0.6267672181129456,0.6357840895652771,0.6290348172187805,0.6350901126861572,0.5875372886657715
2.07,0.76205,0.00324,0.629309892654419,0.678957998752594,0.6683924794197083,0.6503900289535522,0.6759806871414185,0.6674266457557678,0.6591353416442871,0.657579779624939,0.6662502884864807,0.6416740417480469,0.6788511276245117,0.6957681775093079,0.6507858037948608,0.6267672181129456,0.6357840895652771,0.6290348172187805,0.6350901126861572,0.5875372886657715
2.08,0.78217,0.00322,0.629309892654419,0.678957998752594,0.6683924794197083,0.6503900289535522,0.6759806871414185,0.6674266457557678,0.6591353416442871,0.657579779624939,0.6662502884864807,0.6416740417480469,0.6788511276245117,0.6957681775093079,0.6507858037948608,0.6267672181129456,0.6357840895652771,0.6290348172187805,0.6350901126861572,0.5875372886657715
2.09,0.80222,0.00317,0.7404548525810242,0.7699702978134155,0.7797847986221313,0.7635438442230225,0.7620099186897278,0.755713939666748,0.7725582122802734,0.7666233777999878,0.779825747013092,0.7470173835754395,0.7900165319442749,0.8061047792434692,0.7597883939743042,0.7394905090332031,0.742972195148468,0.7388730049133301,0.7464214563369751,0.6965548396110535
2.1,0.8222,0.00307,0.7404548525810242,0.7699702978134155,0.7797847986221313,0.7635438442230225,0.7620099186897278,0.755713939666748,0.7725582122802734,0.7666233777999878,0.779825747013092,0.7470173835754395,0.7900165319442749,0.8061047792434692,0.7597883939743042,0.7394905090332031,0.742972195148468,0.7388730049133301,0.7464214563369751,0.6965548396110535
2.11,0.8421,0.00294,0.7404548525810242,0.7699702978134155,0.7797847986221313,0.7635438442230225,0.7620099186897278,0.755713939666748,0.7725582122802734,0.7666233777999878,0.779825747013092,0.7470173835754395,0.7900165319442749,0.8061047792434692,0.7597883939743042,0.7394905090332031,0.742972195148468,0.7388730049133301,0.7464214563369751,0.6965548396110535
2.12,0.86193,0.00278,0.7404548525810242,0.7699702978134155,0.7797847986221313,0.7635438442230225,0.7620099186897278,0.755713939666748,0.7725582122802734,0.7666233777999878,0.779825747013092,0.7470173835754395,0.7900165319442749,0.8061047792434692,0.7597883939743042,0.7394905090332031,0.742972195148468,0.7388730049133301,0.7464214563369751,0.6965548396110535
2.13,0.88167,0.00259,0.7404548525810242,0.7699702978134155,0.7797847986221313,0.7635438442230225,0.7620099186897278,0.755713939666748,0.7725582122802734,0.7666233777999878,0.779825747013092,0.7470173835754395,0.7900165319442749,0.8061047792434692,0.7597883939743042,0.7394905090332031,0.742972195148468,0.7388730049133301,0.7464214563369751,0.6965548396110535
2.14,0.90134,0.00237,0.826337456703186,0.8471181392669678,0.8567697405815125,0.8536158800125122,0.8442157506942749,0.8277853727340698,0.8496053218841553,0.8499401211738586,0.8588127493858337,0.8398887515068054,0.8863072395324707,0.9019822478294373,0.8539320230484009,0.8345293402671814,0.8377653360366821,0.8337520956993103,0.839830219745636,0.7920242547988892
2.15,0.92092,0.00214,0.826337456703186,0.8471181392669678,0.8567697405815125,0.8536158800125122,0.8442157506942749,0.8277853727340698,0.8496053218841553,0.8499401211738586,0.8588127493858337,0.8398887515068054,0.8863072395324707,0.9019822478294373,0.8539320230484009,0.8345293402671814,0.8377653360366821,0.8337520956993103,0.839830219745636,0.7920242547988892
2.16,0.94042,0.0019,0.826337456703186,0.8471181392669678,0.8567697405815125,0.8536158800125122,0.8442157506942749,0.8277853727340698,0.8496053218841553,0.8499401211738586,0.8588127493858337,0.8398887515068054,0.8863072395324707,0.9019822478294373,0.8539320230484009,0.8345293402671814,0.8377653360366821,0.8337520956993103,0.839830219745636,0.7920242547988892
2.17,0.95984,0.00165,0.826337456703186,0.8471181392669678,0.8567697405815125,0.8536158800125122,0.8442157506942749,0.8277853727340698,0.8496053218841553,0.8499401211738586,0.8588127493858337,0.8398887515068054,0.8863072395324707,0.9019822478294373,0.8539320230484009,0.8345293402671814,0.8377653360366821,0.8337520956993103,0.839830219745636,0.7920242547988892
2.18,0.97918,0.00141,0.826337456703186,0.8471181392669678,0.8567697405815125,0.8536158800125122,0.8442157506942749,0.8277853727340698,0.8496053218841553,0.8499401211738586,0.8588127493858337,0.8398887515068054,0.8863072395324707,0.9019822478294373,0.8539320230484009,0.8345293402671814,0.8377653360366821,0.8337520956993103,0.839830219745636,0.7920242547988892
2.19,0.99844,0.00117,0.914951503276825,0.940193235874176,0.9359792470932007,0.9418848156929016,0.9420652389526367,0.9208933115005493,0.9311643242835999,0.9349969625473022,0.9415242075920105,0.931544840335846,0.9807182550430298,0.9961743354797363,0.9475791454315186,0.927712619304657,0.9331796169281006,0.9285850524902344,0.9313229322433472,0.889190673828125
2.2,1.01763,0.0,0.914951503276825,0.940193235874176,0.9359792470932007,0.9418848156929016,0.9420652389526367,0.9208933115005493,0.9311643242835999,0.9349969625473022,0.9415242075920105,0.931544840335846,0.9807182550430298,0.9961743354797363,0.9475791454315186,0.927712619304657,0.9331796169281006,0.9285850524902344,0.9313229322433472,0.889190673828125
2.21,1.03675,0.0,0.914951503276825,0.940193235874176,0.9359792470932007,0.9418848156929016,0.9420652389526367,0.9208933115005493,0.9311643242835999,0.9349969625473022,0.9415242075920105,0.931544840335846,0.9807182550430298,0.9961743354797363,0.9475791454315186,0.927712619304657,0.9331796169281006,0.9285850524902344,0.9313229322433472,0.889190673828125
2.22,1.05579,0.0,0.914951503276825,0.940193235874176,0.9359792470932007,0.9418848156929016,0.9420652389526367,0.9208933115005493,0.9311643242835999,0.9349969625473022,0.9415242075920105,0.931544840335846,0.9807182550430298,0.9961743354797363,0.9475791454315186,0.927712619304657,0.9331796169281006,0.9285850524902344,0.9313229322433472,0.889190673828125
2.23,1.07478,0.0,0.914951503276825,0.940193235874176,0.9359792470932007,0.9418848156929016,0.9420652389526367,0.9208933115005493,0.9311643242835999,0.9349969625473022,0.9415242075920105,0.931544840335846,0.9807182550430298,0.9961743354797363,0.9475791454315186,0.927712619304657,0.9331796169281006,0.9285850524902344,0.9313229322433472,0.889190673828125
2.24,1.09371,0.0,1.009610891342163,1.0406090021133423,1.0249077081680298,1.030820608139038,1.0368849039077759,1.019729495048523,1.0244251489639282,1.0278266668319702,1.0346393585205078,1.0221518278121948,1.0736819505691528,1.088095784187317,1.038618564605713,1.0192983150482178,1.0263352394104004,1.021270751953125,1.0226123332977295,0.9828689694404602
2.25,1.11258,0.0,1.009610891342163,1.0406090021133423,1.0249077081680298,1.030820608139038,1.0368849039077759,1.019729495048523,1.0244251489639282,1.0278266668319702,1.0346393585205078,1.0221518278121948,1.0736819505691528,1.088095784187317,1.038618564605713,1.0192983150482178,1.0263352394104004,1.021270751953125,1.0226123332977295,0.9828689694404602
2.26,1.1276,0.0,1.009610891342163,1.0406090021133423,1.0249077081680298,1.030820608139038,1.0368849039077759,1.019729495048523,1.0244251489639282,1.0278266668319702,1.0346393585205078,1.0221518278121948,1.0736819505691528,1.088095784187317,1.038618564605713,1.0192983150482178,1.0263352394104004,1.021270751953125,1.0226123332977295,0.9828689694404602
2.27,1.15018,0.0,1.009610891342163,1.0406090021133423,1.0249077081680298,1.030820608139038,1.0368849039077759,1.019729495048523,1.0244251489639282,1.0278266668319702,1.0346393585205078,1.0221518278121948,1.0736819505691528,1.088095784187317,1.038618564605713,1.0192983150482178,1.0263352394104004,1.021270751953125,1.0226123332977295,0.9828689694404602
2.28,1.16514,0.0,1.009610891342163,1.0406090021133423,1.0249077081680298,1.030820608139038,1.0368849039077759,1.019729495048523,1.0244251489639282,1.0278266668319702,1.0346393585205078,1.0221518278121948,1.0736819505691528,1.088095784187317,1.038618564605713,1.0192983150482178,1.0263352394104004,1.021270751953125,1.0226123332977295,0.9828689694404602
2.29,1.18766,0.0,1.1098363399505615,1.1415165662765503,1.1250630617141724,1.1272691488265991,1.1310406923294067,1.1198797225952148,1.1250890493392944,1.126008152961731,1.1373450756072998,1.1164442300796509,1.1675992012023926,1.1834925413131714,1.1343388557434082,1.1147781610488892,1.1239290237426758,1.1183358430862427,1.1176927089691162,1.082763433456421
2.3,1.20258,0.00124,1.1098363399505615,1.1415165662765503,1.1250630617141724,1.1272691488265991,1.1310406923294067,1.1198797225952148,1.1250890493392944,1.126008152961731,1.1373450756072998,1.1164442300796509,1.1675992012023926,1.1834925413131714,1.1343388557434082,1.1147781610488892,1.1239290237426758,1.1183358430862427,1.1176927089691162,1.082763433456421
2.31,1.22505,0.00171,1.1098363399505615,1.1415165662765503,1.1250630617141724,1.1272691488265991,1.1310406923294067,1.1198797225952148,1.1250890493392944,1.126008152961731,1.1373450756072998,1.1164442300796509,1.1675992012023926,1.1834925413131714,1.1343388557434082,1.1147781610488892,1.1239290237426758,1.1183358430862427,1.1176927089691162,1.082763433456421
2.32,1.24374,0.00219,1.1098363399505615,1.1415165662765503,1.1250630617141724,1.1272691488265991,1.1310406923294067,1.1198797225952148,1.1250890493392944,1.126008152961731,1.1373450756072998,1.1164442300796509,1.1675992012023926,1.1834925413131714,1.1343388557434082,1.1147781610488892,1.1239290237426758,1.1183358430862427,1.1176927089691162,1.082763433456421
2.33,1.26244,0.00275,1.1098363399505615,1.1415165662765503,1.1250630617141724,1.1272691488265991,1.1310406923294067,1.1198797225952148,1.1250890493392944,1.126008152961731,1.1373450756072998,1.1164442300796509,1.1675992012023926,1.1834925413131714,1.1343388557434082,1.1147781610488892,1.1239290237426758,1.1183358430862427,1.1176927089691162,1.082763433456421
2.34,1.28116,0.00339,1.2094738483428955,1.2406718730926514,1.2226756811141968,1.2233283519744873,1.221742868423462,1.2133833169937134,1.2233659029006958,1.224298119544983,1.2386119365692139,1.2133769989013672,1.2638558149337769,1.2804219722747803,1.2298271656036377,1.2122653722763062,1.2213963270187378,1.2166146039962769,1.2165108919143677,1.1799970865249634
2.35,1.29991,0.00411,1.2094738483428955,1.2406718730926514,1.2226756811141968,1.2233283519744873,1.221742868423462,1.2133833169937134,1.2233659029006958,1.224298119544983,1.2386119365692139,1.2133769989013672,1.2638558149337769,1.2804219722747803,1.2298271656036377,1.2122653722763062,1.2213963270187378,1.2166146039962769,1.2165108919143677,1.1799970865249634
2.36,1.3187,0.00489,1.2094738483428955,1.2406718730926514,1.2226756811141968,1.2233283519744873,1.221742868423462,1.2133833169937134,1.2233659029006958,1.224298119544983,1.2386119365692139,1.2133769989013672,1.2638558149337769,1.2804219722747803,1.2298271656036377,1.2122653722763062,1.2213963270187378,1.2166146039962769,1.2165108919143677,1.1799970865249634
2.37,1.33754,0.00575,1.2094738483428955,1.2406718730926514,1.2226756811141968,1.2233283519744873,1.221742868423462,1.2133833169937134,1.2233659029006958,1.224298119544983,1.2386119365692139,1.2133769989013672,1.2638558149337769,1.2804219722747803,1.2298271656036377,1.2122653722763062,1.2213963270187378,1.2166146039962769,1.2165108919143677,1.1799970865249634
2.38,1.35643,0.00666,1.2094738483428955,1.2406718730926514,1.2226756811141968,1.2233283519744873,1.221742868423462,1.2133833169937134,1.2233659029006958,1.224298119544983,1.2386119365692139,1.2133769989013672,1.2638558149337769,1.2804219722747803,1.2298271656036377,1.2122653722763062,1.2213963270187378,1.2166146039962769,1.2165108919143677,1.1799970865249634
2.39,1.3754,0.00764,1.3136667013168335,1.3442888259887695,1.3250943422317505,1.3254005908966064,1.3225797414779663,1.315407395362854,1.3245664834976196,1.3263238668441772,1.3409548997879028,1.3162591457366943,1.364997386932373,1.3816930055618286,1.3307772874832153,1.314272165298462,1.3242121934890747,1.319050908088684,1.3198597431182861,1.2836390733718872
2.4,1.39445,0.00867,1.3136667013168335,1.3442888259887695,1.3250943422317505,1.3254005908966064,1.3225797414779663,1.315407395362854,1.3245664834976196,1.3263238668441772,1.3409548997879028,1.3162591457366943,1.364997386932373,1.3816930055618286,1.3307772874832153,1.314272165298462,1.3242121934890747,1.319050908088684,1.3198597431182861,1.2836390733718872
2.41,1.4136,0.00974,1.3136667013168335,1.3442888259887695,1.3250943422317505,1.3254005908966064,1.3225797414779663,1.315407395362854,1.3245664834976196,1.3263238668441772,1.3409548997879028,1.3162591457366943,1.364997386932373,1.3816930055618286,1.3307772874832153,1.314272165298462,1.3242121934890747,1.319050908088684,1.3198597431182861,1.2836390733718872
2.42,1.43285,0.01085,1.3136667013168335,1.3442888259887695,1.3250943422317505,1.3254005908966064,1.3225797414779663,1.315407395362854,1.3245664834976196,1.3263238668441772,1.3409548997879028,1.3162591457366943,1.364997386932373,1.3816930055618286,1.3307772874832153,1.314272165298462,1.3242121934890747,1.319050908088684,1.3198597431182861,1.2836390733718872
2.43,1.45221,0.01198,1.3136667013168335,1.3442888259887695,1.3250943422317505,1.3254005908966064,1.3225797414779663,1.315407395362854,1.3245664834976196,1.3263238668441772,1.3409548997879028,1.3162591457366943,1.364997386932373,1.3816930055618286,1.3307772874832153,1.314272165298462,1.3242121934890747,1.319050908088684,1.3198597431182861,1.2836390733718872
2.44,1.47169,0.01314,1.416219711303711,1.4450935125350952,1.4264527559280396,1.4246383905410767,1.4231407642364502,1.4185582399368286,1.4249690771102905,1.4270325899124146,1.4412317276000977,1.4186162948608398,1.4684274196624756,1.4842958450317383,1.4322434663772583,1.4180598258972168,1.4258754253387451,1.4216845035552979,1.4235533475875854,1.3851960897445679
2.45,1.49131,0.0143,1.416219711303711,1.4450935125350952,1.4264527559280396,1.4246383905410767,1.4231407642364502,1.4185582399368286,1.4249690771102905,1.4270325899124146,1.4412317276000977,1.4186162948608398,1.4684274196624756,1.4842958450317383,1.4322434663772583,1.4180598258972168,1.4258754253387451,1.4216845035552979,1.4235533475875854,1.3851960897445679
2.46,1.51107,0.01547,1.416219711303711,1.4450935125350952,1.4264527559280396,1.4246383905410767,1.4231407642364502,1.4185582399368286,1.4249690771102905,1.4270325899124146,1.4412317276000977,1.4186162948608398,1.4684274196624756,1.4842958450317383,1.4322434663772583,1.4180598258972168,1.4258754253387451,1.4216845035552979,1.4235533475875854,1.3851960897445679
2.47,1.53097,0.01663,1.416219711303711,1.4450935125350952,1.4264527559280396,1.4246383905410767,1.4231407642364502,1.4185582399368286,1.4249690771102905,1.4270325899124146,1.4412317276000977,1.4186162948608398,1.4684274196624756,1.4842958450317383,1.4322434663772583,1.4180598258972168,1.4258754253387451,1.4216845035552979,1.4235533475875854,1.3851960897445679
2.48,1.55103,0.01778,1.416219711303711,1.4450935125350952,1.4264527559280396,1.4246383905410767,1.4231407642364502,1.4185582399368286,1.4249690771102905,1.4270325899124146,1.4412317276000977,1.4186162948608398,1.4684274196624756,1.4842958450317383,1.4322434663772583,1.4180598258972168,1.4258754253387451,1.4216845035552979,1.4235533475875854,1.3851960897445679
2.49,1.57127,0.0189,1.5201525688171387,1.5459625720977783,1.5286359786987305,1.523494839668274,1.5232155323028564,1.5215355157852173,1.5260850191116333,1.5289489030838013,1.5426136255264282,1.5201184749603271,1.570539116859436,1.5866632461547852,1.534730315208435,1.5219141244888306,1.5281000137329102,1.5240179300308228,1.524917721748352,1.4871736764907837
2.5,1.59165,0.01999,1.5201525688171387,1.5459625720977783,1.5286359786987305,1.523494839668274,1.5232155323028564,1.5215355157852173,1.5260850191116333,1.5289489030838013,1.5426136255264282,1.5201184749603271,1.570539116859436,1.5866632461547852,1.534730315208435,1.5219141244888306,1.5281000137329102,1.5240179300308228,1.524917721748352,1.4871736764907837
2.51,1.60804,0.02083,1.5201525688171387,1.5459625720977783,1.5286359786987305,1.523494839668274,1.5232155323028564,1.5215355157852173,1.5260850191116333,1.5289489030838013,1.5426136255264282,1.5201184749603271,1.570539116859436,1.5866632461547852,1.534730315208435,1.5219141244888306,1.5281000137329102,1.5240179300308228,1.524917721748352,1.4871736764907837
2.52,1.63296,0.02204,1.5201525688171387,1.5459625720977783,1.5286359786987305,1.523494839668274,1.5232155323028564,1.5215355157852173,1.5260850191116333,1.5289489030838013,1.5426136255264282,1.5201184749603271,1.570539116859436,1.5866632461547852,1.534730315208435,1.5219141244888306,1.5281000137329102,1.5240179300308228,1.524917721748352,1.4871736764907837
2.53,1.64962,0.0228,1.5201525688171387,1.5459625720977783,1.5286359786987305,1.523494839668274,1.5232155323028564,1.5215355157852173,1.5260850191116333,1.5289489030838013,1.5426136255264282,1.5201184749603271,1.570539116859436,1.5866632461547852,1.534730315208435,1.5219141244888306,1.5281000137329102,1.5240179300308228,1.524917721748352,1.4871736764907837
2.54,1.67497,0.02386,1.622802734375,1.6485655307769775,1.6293461322784424,1.6239030361175537,1.6235138177871704,1.623780608177185,1.6248797178268433,1.6308506727218628,1.645165205001831,1.6233874559402466,1.6714513301849365,1.6894418001174927,1.637229561805725,1.6258641481399536,1.6308234930038452,1.627434253692627,1.6284959316253662,1.5901590585708618
2.55,1.69192,0.02452,1.622802734375,1.6485655307769775,1.6293461322784424,1.6239030361175537,1.6235138177871704,1.623780608177185,1.6248797178268433,1.6308506727218628,1.645165205001831,1.6233874559402466,1.6714513301849365,1.6894418001174927,1.637229561805725,1.6258641481399536,1.6308234930038452,1.627434253692627,1.6284959316253662,1.5901590585708618
2.56,1.71769,0.02542,1.622802734375,1.6485655307769775,1.6293461322784424,1.6239030361175537,1.6235138177871704,1.623780608177185,1.6248797178268433,1.6308506727218628,1.645165205001831,1.6233874559402466,1.6714513301849365,1.6894418001174927,1.637229561805725,1.6258641481399536,1.6308234930038452,1.627434253692627,1.6284959316253662,1.5901590585708618
2.57,1.73931,0.02608,1.622802734375,1.6485655307769775,1.6293461322784424,1.6239030361175537,1.6235138177871704,1.623780608177185,1.6248797178268433,1.6308506727218628,1.645165205001831,1.6233874559402466,1.6714513301849365,1.6894418001174927,1.637229561805725,1.6258641481399536,1.6308234930038452,1.627434253692627,1.6284959316253662,1.5901590585708618
2.58,1.76111,0.02666,1.622802734375,1.6485655307769775,1.6293461322784424,1.6239030361175537,1.6235138177871704,1.623780608177185,1.6248797178268433,1.6308506727218628,1.645165205001831,1.6233874559402466,1.6714513301849365,1.6894418001174927,1.637229561805725,1.6258641481399536,1.6308234930038452,1.627434253692627,1.6284959316253662,1.5901590585708618
2.59,1.78308,0.02716,1.7354637384414673,1.762756109237671,1.7405309677124023,1.735112190246582,1.737364411354065,1.737602949142456,1.734229564666748,1.7428218126296997,1.757521629333496,1.734774112701416,1.7786222696304321,1.797609567642212,1.7462049722671509,1.7355459928512573,1.741068720817566,1.7373037338256836,1.7395180463790894,1.700848937034607
2.6,1.80518,0.02757,1.7354637384414673,1.762756109237671,1.7405309677124023,1.735112190246582,1.737364411354065,1.737602949142456,1.734229564666748,1.7428218126296997,1.757521629333496,1.734774112701416,1.7786222696304321,1.797609567642212,1.7462049722671509,1.7355459928512573,1.741068720817566,1.7373037338256836,1.7395180463790894,1.700848937034607
2.61,1.82744,0.02789,1.7354637384414673,1.762756109237671,1.7405309677124023,1.735112190246582,1.737364411354065,1.737602949142456,1.734229564666748,1.7428218126296997,1.757521629333496,1.734774112701416,1.7786222696304321,1.797609567642212,1.7462049722671509,1.7355459928512573,1.741068720817566,1.7373037338256836,1.7395180463790894,1.700848937034607
2.62,1.84985,0.02812,1.7354637384414673,1.762756109237671,1.7405309677124023,1.735112190246582,1.737364411354065,1.737602949142456,1.734229564666748,1.7428218126296997,1.757521629333496,1.734774112701416,1.7786222696304321,1.797609567642212,1.7462049722671509,1.7355459928512573,1.741068720817566,1.7373037338256836,1.7395180463790894,1.700848937034607
2.63,1.87238,0.02827,1.7354637384414673,1.762756109237671,1.7405309677124023,1.735112190246582,1.737364411354065,1.737602949142456,1.734229564666748,1.7428218126296997,1.757521629333496,1.734774112701416,1.7786222696304321,1.797609567642212,1.7462049722671509,1.7355459928512573,1.741068720817566,1.7373037338256836,1.7395180463790894,1.700848937034607
2.64,1.89505,0.02832,1.8474302291870117,1.8738963603973389,1.8525935411453247,1.8463871479034424,1.8504488468170166,1.8509197235107422,1.844167947769165,1.8540993928909302,1.8697675466537476,1.8480280637741089,1.8901550769805908,1.9082658290863037,1.8568202257156372,1.8484129905700684,1.8515156507492065,1.8490828275680542,1.8543450832366943,1.8115259408950806
2.65,1.91781,0.02829,1.8474302291870117,1.8738963603973389,1.8525935411453247,1.8463871479034424,1.8504488468170166,1.8509197235107422,1.844167947769165,1.8540993928909302,1.8697675466537476,1.8480280637741089,1.8901550769805908,1.9082658290863037,1.8568202257156372,1.8484129905700684,1.8515156507492065,1.8490828275680542,1.8543450832366943,1.8115259408950806
2.66,1.94068,0.02818,1.8474302291870117,1.8738963603973389,1.8525935411453247,1.8463871479034424,1.8504488468170166,1.8509197235107422,1.844167947769165,1.8540993928909302,1.8697675466537476,1.8480280637741089,1.8901550769805908,1.9082658290863037,1.8568202257156372,1.8484129905700684,1.8515156507492065,1.8490828275680542,1.8543450832366943,1.8115259408950806
2.67,1.96362,0.02798,1.8474302291870117,1.8738963603973389,1.8525935411453247,1.8463871479034424,1.8504488468170166,1.8509197235107422,1.844167947769165,1.8540993928909302,1.8697675466537476,1.8480280637741089,1.8901550769805908,1.9082658290863037,1.8568202257156372,1.8484129905700684,1.8515156507492065,1.8490828275680542,1.8543450832366943,1.8115259408950806
2.68,1.98664,0.02771,1.8474302291870117,1.8738963603973389,1.8525935411453247,1.8463871479034424,1.8504488468170166,1.8509197235107422,1.844167947769165,1.8540993928909302,1.8697675466537476,1.8480280637741089,1.8901550769805908,1.9082658290863037,1.8568202257156372,1.8484129905700684,1.8515156507492065,1.8490828275680542,1.8543450832366943,1.8115259408950806
2.69,2.00971,0.02736,1.960306167602539,1.984189510345459,1.9662554264068604,1.9582550525665283,1.9615015983581543,1.962619662284851,1.954500436782837,1.9661095142364502,1.9802459478378296,1.9631116390228271,2.0038604736328125,2.0212242603302,1.9700833559036255,1.9630508422851562,1.9644025564193726,1.9625507593154907,1.9697802066802979,1.923600673675537
2.7,2.03283,0.02693,1.960306167602539,1.984189510345459,1.9662554264068604,1.9582550525665283,1.9615015983581543,1.962619662284851,1.954500436782837,1.9661095142364502,1.9802459478378296,1.9631116390228271,2.0038604736328125,2.0212242603302,1.9700833559036255,1.9630508422851562,1.9644025564193726,1.9625507593154907,1.9697802066802979,1.923600673675537
2.71,2.05596,0.02644,1.960306167602539,1.984189510345459,1.9662554264068604,1.9582550525665283,1.9615015983581543,1.962619662284851,1.954500436782837,1.9661095142364502,1.9802459478378296,1.9631116390228271,2.0038604736328125,2.0212242603302,1.9700833559036255,1.9630508422851562,1.9644025564193726,1.9625507593154907,1.9697802066802979,1.923600673675537
2.72,2.07912,0.02588,1.960306167602539,1.984189510345459,1.9662554264068604,1.9582550525665283,1.9615015983581543,1.962619662284851,1.954500436782837,1.9661095142364502,1.9802459478378296,1.9631116390228271,2.0038604736328125,2.0212242603302,1.9700833559036255,1.9630508422851562,1.9644025564193726,1.9625507593154907,1.9697802066802979,1.923600673675537
2.73,2.10228,0.02526,1.960306167602539,1.984189510345459,1.9662554264068604,1.9582550525665283,1.9615015983581543,1.962619662284851,1.954500436782837,1.9661095142364502,1.9802459478378296,1.9631116390228271,2.0038604736328125,2.0212242603302,1.9700833559036255,1.9630508422851562,1.9644025564193726,1.9625507593154907,1.9697802066802979,1.923600673675537
2.74,2.12541,0.02458,2.0762572288513184,2.0999948978424072,2.0841710567474365,2.0739214420318604,2.078450918197632,2.0787041187286377,2.0705854892730713,2.083376407623291,2.0948057174682617,2.0833635330200195,2.1213724613189697,2.1380455493927,2.087982177734375,2.080799102783203,2.0822229385375977,2.079558849334717,2.0886285305023193,2.041840076446533
2.75,2.14852,0.02385,2.0762572288513184,2.0999948978424072,2.0841710567474365,2.0739214420318604,2.078450918197632,2.0787041187286377,2.0705854892730713,2.083376407623291,2.0948057174682617,2.0833635330200195,2.1213724613189697,2.1380455493927,2.087982177734375,2.080799102783203,2.0822229385375977,2.079558849334717,2.0886285305023193,2.041840076446533
2.76,2.16693,0.02323,2.0762572288513184,2.0999948978424072,2.0841710567474365,2.0739214420318604,2.078450918197632,2.0787041187286377,2.0705854892730713,2.083376407623291,2.0948057174682617,2.0833635330200195,2.1213724613189697,2.1380455493927,2.087982177734375,2.080799102783203,2.0822229385375977,2.079558849334717,2.0886285305023193,2.041840076446533
2.77,2.19461,0.02224,2.0762572288513184,2.0999948978424072,2.0841710567474365,2.0739214420318604,2.078450918197632,2.0787041187286377,2.0705854892730713,2.083376407623291,2.0948057174682617,2.0833635330200195,2.1213724613189697,2.1380455493927,2.087982177734375,2.080799102783203,2.0822229385375977,2.079558849334717,2.0886285305023193,2.041840076446533
2.78,2.21292,0.02155,2.0762572288513184,2.0999948978424072,2.0841710567474365,2.0739214420318604,2.078450918197632,2.0787041187286377,2.0705854892730713,2.083376407623291,2.0948057174682617,2.0833635330200195,2.1213724613189697,2.1380455493927,2.087982177734375,2.080799102783203,2.0822229385375977,2.079558849334717,2.0886285305023193,2.041840076446533
2.79,2.24043,0.02046,2.1903932094573975,2.213843584060669,2.1997008323669434,2.188342571258545,2.1949126720428467,2.192906379699707,2.1871984004974365,2.199387550354004,2.2085466384887695,2.201169013977051,2.238990068435669,2.253176212310791,2.2051870822906494,2.196805238723755,2.198662519454956,2.195274829864502,2.205583333969116,2.1597721576690674
2.8,2.25863,0.01972,2.1903932094573975,2.213843584060669,2.1997008323669434,2.188342571258545,2.1949126720428467,2.192906379699707,2.1871984004974365,2.199387550354004,2.2085466384887695,2.201169013977051,2.238990068435669,2.253176212310791,2.2051870822906494,2.196805238723755,2.198662519454956,2.195274829864502,2.205583333969116,2.1597721576690674
2.81,2.28593,0.01855,2.1903932094573975,2.213843584060669,2.1997008323669434,2.188342571258545,2.1949126720428467,2.192906379699707,2.1871984004974365,2.199387550354004,2.2085466384887695,2.201169013977051,2.238990068435669,2.253176212310791,2.2051870822906494,2.196805238723755,2.198662519454956,2.195274829864502,2.205583333969116,2.1597721576690674
2.82,2.30853,0.01756,2.1903932094573975,2.213843584060669,2.1997008323669434,2.188342571258545,2.1949126720428467,2.192906379699707,2.1871984004974365,2.199387550354004,2.2085466384887695,2.201169013977051,2.238990068435669,2.253176212310791,2.2051870822906494,2.196805238723755,2.198662519454956,2.195274829864502,2.205583333969116,2.1597721576690674
2.83,2.33104,0.01653,2.1903932094573975,2.213843584060669,2.1997008323669434,2.188342571258545,2.1949126720428467,2.192906379699707,2.1871984004974365,2.199387550354004,2.2085466384887695,2.201169013977051,2.238990068435669,2.253176212310791,2.2051870822906494,2.196805238723755,2.198662519454956,2.195274829864502,2.205583333969116,2.1597721576690674
2.84,2.35344,0.01549,2.3023505210876465,2.3255560398101807,2.3119218349456787,2.301362991333008,2.307701587677002,2.3051323890686035,2.2998201847076416,2.3112356662750244,2.3213272094726562,2.312626361846924,2.3513073921203613,2.365713357925415,2.319369316101074,2.3101725578308105,2.312042236328125,2.308795690536499,2.3183529376983643,2.2744836807250977
2.85,2.37573,0.01443,2.3023505210876465,2.3255560398101807,2.3119218349456787,2.301362991333008,2.307701587677002,2.3051323890686035,2.2998201847076416,2.3112356662750244,2.3213272094726562,2.312626361846924,2.3513073921203613,2.365713357925415,2.319369316101074,2.3101725578308105,2.312042236328125,2.308795690536499,2.3183529376983643,2.2744836807250977
2.86,2.39793,0.01335,2.3023505210876465,2.3255560398101807,2.3119218349456787,2.301362991333008,2.307701587677002,2.3051323890686035,2.2998201847076416,2.3112356662750244,2.3213272094726562,2.312626361846924,2.3513073921203613,2.365713357925415,2.319369316101074,2.3101725578308105,2.312042236328125,2.308795690536499,2.3183529376983643,2.2744836807250977
2.87,2.42001,0.01226,2.3023505210876465,2.3255560398101807,2.3119218349456787,2.301362991333008,2.307701587677002,2.3051323890686035,2.2998201847076416,2.3112356662750244,2.3213272094726562,2.312626361846924,2.3513073921203613,2.365713357925415,2.319369316101074,2.3101725578308105,2.312042236328125,2.308795690536499,2.3183529376983643,2.2744836807250977
2.88,2.442,0.01117,2.3023505210876465,2.3255560398101807,2.3119218349456787,2.301362991333008,2.307701587677002,2.3051323890686035,2.2998201847076416,2.3112356662750244,2.3213272094726562,2.312626361846924,2.3513073921203613,2.365713357925415,2.319369316101074,2.3101725578308105,2.312042236328125,2.308795690536499,2.3183529376983643,2.2744836807250977
2.89,2.46389,0.01006,2.4138107299804688,2.4351069927215576,2.4212520122528076,2.411745548248291,2.4167184829711914,2.415520191192627,2.410841464996338,2.4206860065460205,2.431565999984741,2.4258246421813965,2.466919183731079,2.4796013832092285,2.433581829071045,2.424663543701172,2.4263947010040283,2.424015998840332,2.4323604106903076,2.389831066131592
2.9,2.4857,0.00896,2.4138107299804688,2.4351069927215576,2.4212520122528076,2.411745548248291,2.4167184829711914,2.415520191192627,2.410841464996338,2.4206860065460205,2.431565999984741,2.4258246421813965,2.466919183731079,2.4796013832092285,2.433581829071045,2.424663543701172,2.4263947010040283,2.424015998840332,2.4323604106903076,2.389831066131592
2.91,2.50742,0.00785,2.4138107299804688,2.4351069927215576,2.4212520122528076,2.411745548248291,2.4167184829711914,2.415520191192627,2.410841464996338,2.4206860065460205,2.431565999984741,2.4258246421813965,2.466919183731079,2.4796013832092285,2.433581829071045,2.424663543701172,2.4263947010040283,2.424015998840332,2.4323604106903076,2.389831066131592
2.92,2.52907,0.00675,2.4138107299804688,2.4351069927215576,2.4212520122528076,2.411745548248291,2.4167184829711914,2.415520191192627,2.410841464996338,2.4206860065460205,2.431565999984741,2.4258246421813965,2.466919183731079,2.4796013832092285,2.433581829071045,2.424663543701172,2.4263947010040283,2.424015998840332,2.4323604106903076,2.389831066131592
2.93,2.55067,0.00565,2.4138107299804688,2.4351069927215576,2.4212520122528076,2.411745548248291,2.4167184829711914,2.415520191192627,2.410841464996338,2.4206860065460205,2.431565999984741,2.4258246421813965,2.466919183731079,2.4796013832092285,2.433581829071045,2.424663543701172,2.4263947010040283,2.424015998840332,2.4323604106903076,2.389831066131592
2.94,2.57221,0.00457,2.524397611618042,2.5446033477783203,2.5300090312957764,2.519408702850342,2.522780656814575,2.5223376750946045,2.521533489227295,2.5315754413604736,2.5388901233673096,2.541703939437866,2.5842761993408203,2.5935871601104736,2.547107458114624,2.538557291030884,2.5412614345550537,2.5385212898254395,2.546605348587036,2.504476547241211
2.95,2.59372,0.00351,2.524397611618042,2.5446033477783203,2.5300090312957764,2.519408702850342,2.522780656814575,2.5223376750946045,2.521533489227295,2.5315754413604736,2.5388901233673096,2.541703939437866,2.5842761993408203,2.5935871601104736,2.547107458114624,2.538557291030884,2.5412614345550537,2.5385212898254395,2.546605348587036,2.504476547241211
2.96,2.61521,0.00246,2.524397611618042,2.5446033477783203,2.5300090312957764,2.519408702850342,2.522780656814575,2.5223376750946045,2.521533489227295,2.5315754413604736,2.5388901233673096,2.541703939437866,2.5842761993408203,2.5935871601104736,2.547107458114624,2.538557291030884,2.5412614345550537,2.5385212898254395,2.546605348587036,2.504476547241211
2.97,2.63668,0.00144,2.524397611618042,2.5446033477783203,2.5300090312957764,2.519408702850342,2.522780656814575,2.5223376750946045,2.521533489227295,2.5315754413604736,2.5388901233673096,2.541703939437866,2.5842761993408203,2.5935871601104736,2.547107458114624,2.538557291030884,2.5412614345550537,2.5385212898254395,2.546605348587036,2.504476547241211
2.98,2.65817,0.0,2.524397611618042,2.5446033477783203,2.5300090312957764,2.519408702850342,2.522780656814575,2.5223376750946045,2.521533489227295,2.5315754413604736,2.5388901233673096,2.541703939437866,2.5842761993408203,2.5935871601104736,2.547107458114624,2.538557291030884,2.5412614345550537,2.5385212898254395,2.546605348587036,2.504476547241211
2.99,2.67967,0.0,2.634490489959717,2.656827211380005,2.639707088470459,2.6288228034973145,2.632054567337036,2.6329843997955322,2.632242441177368,2.643404006958008,2.650118827819824,2.6546640396118164,2.693895101547241,2.7053606510162354,2.659418821334839,2.6510608196258545,2.6548101902008057,2.651916742324829,2.6588387489318848,2.618227958679199
3.0,2.70121,0.0,2.634490489959717,2.656827211380005,2.639707088470459,2.6288228034973145,2.632054567337036,2.6329843997955322,2.632242441177368,2.643404006958008,2.650118827819824,2.6546640396118164,2.693895101547241,2.7053606510162354,2.659418821334839,2.6510608196258545,2.6548101902008057,2.651916742324829,2.6588387489318848,2.618227958679199
3.01,2.71842,0.0,2.634490489959717,2.656827211380005,2.639707088470459,2.6288228034973145,2.632054567337036,2.6329843997955322,2.632242441177368,2.643404006958008,2.650118827819824,2.6546640396118164,2.693895101547241,2.7053606510162354,2.659418821334839,2.6510608196258545,2.6548101902008057,2.651916742324829,2.6588387489318848,2.618227958679199
3.02,2.74445,0.0,2.634490489959717,2.656827211380005,2.639707088470459,2.6288228034973145,2.632054567337036,2.6329843997955322,2.632242441177368,2.643404006958008,2.650118827819824,2.6546640396118164,2.693895101547241,2.7053606510162354,2.659418821334839,2.6510608196258545,2.6548101902008057,2.651916742324829,2.6588387489318848,2.618227958679199
3.03,2.76178,0.0,2.634490489959717,2.656827211380005,2.639707088470459,2.6288228034973145,2.632054567337036,2.6329843997955322,2.632242441177368,2.643404006958008,2.650118827819824,2.6546640396118164,2.693895101547241,2.7053606510162354,2.659418821334839,2.6510608196258545,2.6548101902008057,2.651916742324829,2.6588387489318848,2.618227958679199
3.04,2.788,0.0,2.745425224304199,2.7684454917907715,2.7487905025482178,2.73956561088562,2.7424116134643555,2.744767427444458,2.742908000946045,2.754404306411743,2.762300491333008,2.767261266708374,2.8033957481384277,2.8163933753967285,2.7712721824645996,2.762782335281372,2.7681548595428467,2.7648963928222656,2.770289421081543,2.7325212955474854
3.05,2.80547,0.0,2.745425224304199,2.7684454917907715,2.7487905025482178,2.73956561088562,2.7424116134643555,2.744767427444458,2.742908000946045,2.754404306411743,2.762300491333008,2.767261266708374,2.8033957481384277,2.8163933753967285,2.7712721824645996,2.762782335281372,2.7681548595428467,2.7648963928222656,2.770289421081543,2.7325212955474854
3.06,2.83195,0.0,2.745425224304199,2.7684454917907715,2.7487905025482178,2.73956561088562,2.7424116134643555,2.744767427444458,2.742908000946045,2.754404306411743,2.762300491333008,2.767261266708374,2.8033957481384277,2.8163933753967285,2.7712721824645996,2.762782335281372,2.7681548595428467,2.7648963928222656,2.770289421081543,2.7325212955474854
3.07,2.84961,0.0,2.745425224304199,2.7684454917907715,2.7487905025482178,2.73956561088562,2.7424116134643555,2.744767427444458,2.742908000946045,2.754404306411743,2.762300491333008,2.767261266708374,2.8033957481384277,2.8163933753967285,2.7712721824645996,2.762782335281372,2.7681548595428467,2.7648963928222656,2.770289421081543,2.7325212955474854
3.08,2.87638,0.0,2.745425224304199,2.7684454917907715,2.7487905025482178,2.73956561088562,2.7424116134643555,2.744767427444458,2.742908000946045,2.754404306411743,2.762300491333008,2.767261266708374,2.8033957481384277,2.8163933753967285,2.7712721824645996,2.762782335281372,2.7681548595428467,2.7648963928222656,2.770289421081543,2.7325212955474854
3.09,2.89885,0.0,2.8611583709716797,2.882500171661377,2.863208532333374,2.852966547012329,2.8554158210754395,2.8592145442962646,2.8587706089019775,2.8693149089813232,2.875338554382324,2.8800337314605713,2.915921211242676,2.927854537963867,2.8833141326904297,2.875978946685791,2.881251335144043,2.8783016204833984,2.883439302444458,2.8458330631256104
3.1,2.92135,0.0,2.8611583709716797,2.882500171661377,2.863208532333374,2.852966547012329,2.8554158210754395,2.8592145442962646,2.8587706089019775,2.8693149089813232,2.875338554382324,2.8800337314605713,2.915921211242676,2.927854537963867,2.8833141326904297,2.875978946685791,2.881251335144043,2.8783016204833984,2.883439302444458,2.8458330631256104
3.11,2.94405,0.0,2.8611583709716797,2.882500171661377,2.863208532333374,2.852966547012329,2.8554158210754395,2.8592145442962646,2.8587706089019775,2.8693149089813232,2.875338554382324,2.8800337314605713,2.915921211242676,2.927854537963867,2.8833141326904297,2.875978946685791,2.881251335144043,2.8783016204833984,2.883439302444458,2.8458330631256104
3.12,2.96689,0.0,2.8611583709716797,2.882500171661377,2.863208532333374,2.852966547012329,2.8554158210754395,2.8592145442962646,2.8587706089019775,2.8693149089813232,2.875338554382324,2.8800337314605713,2.915921211242676,2.927854537963867,2.8833141326904297,2.875978946685791,2.881251335144043,2.8783016204833984,2.883439302444458,2.8458330631256104
3.13,2.98987,0.0,2.8611583709716797,2.882500171661377,2.863208532333374,2.852966547012329,2.8554158210754395,2.8592145442962646,2.8587706089019775,2.8693149089813232,2.875338554382324,2.8800337314605713,2.915921211242676,2.927854537963867,2.8833141326904297,2.875978946685791,2.881251335144043,2.8783016204833984,2.883439302444458,2.8458330631256104
3.14,3.01299,0.0,2.982806921005249,3.003937005996704,2.9867494106292725,2.9741370677948,2.9779856204986572,2.984236001968384,2.9791362285614014,2.9900217056274414,2.998485803604126,2.996800661087036,3.032248020172119,3.044637680053711,3.001690149307251,2.993911027908325,3.0001375675201416,2.9972026348114014,2.999985694885254,2.9674973487854004
3.15,3.03626,0.0,2.982806921005249,3.003937005996704,2.9867494106292725,2.9741370677948,2.9779856204986572,2.984236001968384,2.9791362285614014,2.9900217056274414,2.998485803604126,2.996800661087036,3.032248020172119,3.044637680053711,3.001690149307251,2.993911027908325,3.0001375675201416,2.9972026348114014,2.999985694885254,2.9674973487854004
3.16,3.05964,0.0,2.982806921005249,3.003937005996704,2.9867494106292725,2.9741370677948,2.9779856204986572,2.984236001968384,2.9791362285614014,2.9900217056274414,2.998485803604126,2.996800661087036,3.032248020172119,3.044637680053711,3.001690149307251,2.993911027908325,3.0001375675201416,2.9972026348114014,2.999985694885254,2.9674973487854004
3.17,3.08315,0.0,2.982806921005249,3.003937005996704,2.9867494106292725,2.9741370677948,2.9779856204986572,2.984236001968384,2.9791362285614014,2.9900217056274414,2.998485803604126,2.996800661087036,3.032248020172119,3.044637680053711,3.001690149307251,2.993911027908325,3.0001375675201416,2.9972026348114014,2.999985694885254,2.9674973487854004
3.18,3.10677,0.0,2.982806921005249,3.003937005996704,2.9867494106292725,2.9741370677948,2.9779856204986572,2.984236001968384,2.9791362285614014,2.9900217056274414,2.998485803604126,2.996800661087036,3.032248020172119,3.044637680053711,3.001690149307251,2.993911027908325,3.0001375675201416,2.9972026348114014,2.999985694885254,2.9674973487854004
3.19,3.1305,0.0,3.1019651889801025,3.12087082862854,3.106663942337036,3.093851327896118,3.0969202518463135,3.1057279109954834,3.0970406532287598,3.107393741607666,3.119277238845825,3.1123831272125244,3.150195837020874,3.1615121364593506,3.12080717086792,3.1122477054595947,3.117948293685913,3.11562442779541,3.117011070251465,3.0894994735717773
3.2,3.15429,0.0,3.1019651889801025,3.12087082862854,3.106663942337036,3.093851327896118,3.0969202518463135,3.1057279109954834,3.0970406532287598,3.107393741607666,3.119277238845825,3.1123831272125244,3.150195837020874,3.1615121364593506,3.12080717086792,3.1122477054595947,3.117948293685913,3.11562442779541,3.117011070251465,3.0894994735717773
3.21,3.17817,0.0,3.1019651889801025,3.12087082862854,3.106663942337036,3.093851327896118,3.0969202518463135,3.1057279109954834,3.0970406532287598,3.107393741607666,3.119277238845825,3.1123831272125244,3.150195837020874,3.1615121364593506,3.12080717086792,3.1122477054595947,3.117948293685913,3.11562442779541,3.117011070251465,3.0894994735717773
3.22,3.20211,0.0,3.1019651889801025,3.12087082862854,3.106663942337036,3.093851327896118,3.0969202518463135,3.1057279109954834,3.0970406532287598,3.107393741607666,3.119277238845825,3.1123831272125244,3.150195837020874,3.1615121364593506,3.12080717086792,3.1122477054595947,3.117948293685913,3.11562442779541,3.117011070251465,3.0894994735717773
3.23,3.2261,0.00181,3.1019651889801025,3.12087082862854,3.106663942337036,3.093851327896118,3.0969202518463135,3.1057279109954834,3.0970406532287598,3.107393741607666,3.119277238845825,3.1123831272125244,3.150195837020874,3.1615121364593506,3.12080717086792,3.1122477054595947,3.117948293685913,3.11562442779541,3.117011070251465,3.0894994735717773
3.24,3.25011,0.00323,3.2175958156585693,3.2331044673919678,3.219714879989624,3.2083168029785156,3.2074570655822754,3.217634439468384,3.2114109992980957,3.2212653160095215,3.2317540645599365,3.2293431758880615,3.2686755657196045,3.2773778438568115,3.2376701831817627,3.22955322265625,3.2337894439697266,3.2325069904327393,3.2348697185516357,3.2075212001800537
3.25,3.27414,0.00473,3.2175958156585693,3.2331044673919678,3.219714879989624,3.2083168029785156,3.2074570655822754,3.217634439468384,3.2114109992980957,3.2212653160095215,3.2317540645599365,3.2293431758880615,3.2686755657196045,3.2773778438568115,3.2376701831817627,3.22955322265625,3.2337894439697266,3.2325069904327393,3.2348697185516357,3.2075212001800537
3.26,3.29331,0.00598,3.2175958156585693,3.2331044673919678,3.219714879989624,3.2083168029785156,3.2074570655822754,3.217634439468384,3.2114109992980957,3.2212653160095215,3.2317540645599365,3.2293431758880615,3.2686755657196045,3.2773778438568115,3.2376701831817627,3.22955322265625,3.2337894439697266,3.2325069904327393,3.2348697185516357,3.2075212001800537
3.27,3.32217,0.00794,3.2175958156585693,3.2331044673919678,3.219714879989624,3.2083168029785156,3.2074570655822754,3.217634439468384,3.2114109992980957,3.2212653160095215,3.2317540645599365,3.2293431758880615,3.2686755657196045,3.2773778438568115,3.2376701831817627,3.22955322265625,3.2337894439697266,3.2325069904327393,3.2348697185516357,3.2075212001800537
3.28,3.34129,0.00929,3.2175958156585693,3.2331044673919678,3.219714879989624,3.2083168029785156,3.2074570655822754,3.217634439468384,3.2114109992980957,3.2212653160095215,3.2317540645599365,3.2293431758880615,3.2686755657196045,3.2773778438568115,3.2376701831817627,3.22955322265625,3.2337894439697266,3.2325069904327393,3.2348697185516357,3.2075212001800537
3.29,3.37004,0.01136,3.32719087600708,3.3398799896240234,3.328237771987915,3.3173563480377197,3.3150389194488525,3.3271450996398926,3.3205041885375977,3.3296902179718018,3.3395652770996094,3.3397810459136963,3.379512310028076,3.3885552883148193,3.34945011138916,3.3422586917877197,3.344440460205078,3.344674587249756,3.346482038497925,3.3200817108154297
3.3,3.38909,0.01276,3.32719087600708,3.3398799896240234,3.328237771987915,3.3173563480377197,3.3150389194488525,3.3271450996398926,3.3205041885375977,3.3296902179718018,3.3395652770996094,3.3397810459136963,3.379512310028076,3.3885552883148193,3.34945011138916,3.3422586917877197,3.344440460205078,3.344674587249756,3.346482038497925,3.3200817108154297
3.31,3.41766,0.01489,3.32719087600708,3.3398799896240234,3.328237771987915,3.3173563480377197,3.3150389194488525,3.3271450996398926,3.3205041885375977,3.3296902179718018,3.3395652770996094,3.3397810459136963,3.379512310028076,3.3885552883148193,3.34945011138916,3.3422586917877197,3.344440460205078,3.344674587249756,3.346482038497925,3.3200817108154297
3.32,3.43655,0.0163,3.32719087600708,3.3398799896240234,3.328237771987915,3.3173563480377197,3.3150389194488525,3.3271450996398926,3.3205041885375977,3.3296902179718018,3.3395652770996094,3.3397810459136963,3.379512310028076,3.3885552883148193,3.34945011138916,3.3422586917877197,3.344440460205078,3.344674587249756,3.346482038497925,3.3200817108154297
3.33,3.46489,0.01842,3.32719087600708,3.3398799896240234,3.328237771987915,3.3173563480377197,3.3150389194488525,3.3271450996398926,3.3205041885375977,3.3296902179718018,3.3395652770996094,3.3397810459136963,3.379512310028076,3.3885552883148193,3.34945011138916,3.3422586917877197,3.344440460205078,3.344674587249756,3.346482038497925,3.3200817108154297
3.34,3.48833,0.02016,3.43196177482605,3.4442930221557617,3.428011417388916,3.421942949295044,3.4182629585266113,3.432725429534912,3.416836977005005,3.431905508041382,3.4454550743103027,3.4474267959594727,3.485901355743408,3.495192766189575,3.4537529945373535,3.450576066970825,3.4502155780792236,3.4540040493011475,3.4566619396209717,3.424794912338257
3.35,3.51165,0.02185,3.43196177482605,3.4442930221557617,3.428011417388916,3.421942949295044,3.4182629585266113,3.432725429534912,3.416836977005005,3.431905508041382,3.4454550743103027,3.4474267959594727,3.485901355743408,3.495192766189575,3.4537529945373535,3.450576066970825,3.4502155780792236,3.4540040493011475,3.4566619396209717,3.424794912338257
3.36,3.53484,0.02349,3.43196177482605,3.4442930221557617,3.428011417388916,3.421942949295044,3.4182629585266113,3.432725429534912,3.416836977005005,3.431905508041382,3.4454550743103027,3.4474267959594727,3.485901355743408,3.495192766189575,3.4537529945373535,3.450576066970825,3.4502155780792236,3.4540040493011475,3.4566619396209717,3.424794912338257
3.37,3.55789,0.02506,3.43196177482605,3.4442930221557617,3.428011417388916,3.421942949295044,3.4182629585266113,3.432725429534912,3.416836977005005,3.431905508041382,3.4454550743103027,3.4474267959594727,3.485901355743408,3.495192766189575,3.4537529945373535,3.450576066970825,3.4502155780792236,3.4540040493011475,3.4566619396209717,3.424794912338257
3.38,3.58079,0.02655,3.43196177482605,3.4442930221557617,3.428011417388916,3.421942949295044,3.4182629585266113,3.432725429534912,3.416836977005005,3.431905508041382,3.4454550743103027,3.4474267959594727,3.485901355743408,3.495192766189575,3.4537529945373535,3.450576066970825,3.4502155780792236,3.4540040493011475,3.4566619396209717,3.424794912338257
3.39,3.60354,0.02794,3.5430479049682617,3.556016683578491,3.5349817276000977,3.5273282527923584,3.5257601737976074,3.541956663131714,3.517315626144409,3.541884660720825,3.558929443359375,3.5542924404144287,3.588123321533203,3.598318338394165,3.5574240684509277,3.557349920272827,3.5560996532440186,3.5606508255004883,3.5650432109832764,3.5257883071899414
3.4,3.62615,0.02923,3.5430479049682617,3.556016683578491,3.5349817276000977,3.5273282527923584,3.5257601737976074,3.541956663131714,3.517315626144409,3.541884660720825,3.558929443359375,3.5542924404144287,3.588123321533203,3.598318338394165,3.5574240684509277,3.557349920272827,3.5560996532440186,3.5606508255004883,3.5650432109832764,3.5257883071899414
3.41,3.64861,0.0304,3.5430479049682617,3.556016683578491,3.5349817276000977,3.5273282527923584,3.5257601737976074,3.541956663131714,3.517315626144409,3.541884660720825,3.558929443359375,3.5542924404144287,3.588123321533203,3.598318338394165,3.5574240684509277,3.557349920272827,3.5560996532440186,3.5606508255004883,3.5650432109832764,3.5257883071899414
3.42,3.67093,0.03143,3.5430479049682617,3.556016683578491,3.5349817276000977,3.5273282527923584,3.5257601737976074,3.541956663131714,3.517315626144409,3.541884660720825,3.558929443359375,3.5542924404144287,3.588123321533203,3.598318338394165,3.5574240684509277,3.557349920272827,3.5560996532440186,3.5606508255004883,3.5650432109832764,3.5257883071899414
3.43,3.69311,0.03233,3.5430479049682617,3.556016683578491,3.5349817276000977,3.5273282527923584,3.5257601737976074,3.541956663131714,3.517315626144409,3.541884660720825,3.558929443359375,3.5542924404144287,3.588123321533203,3.598318338394165,3.5574240684509277,3.557349920272827,3.5560996532440186,3.5606508255004883,3.5650432109832764,3.5257883071899414
3.44,3.71517,0.03307,3.667677879333496,3.6794161796569824,3.659085750579834,3.6436607837677,3.64939546585083,3.6681227684020996,3.636277437210083,3.6658475399017334,3.686730146408081,3.6666259765625,3.695359468460083,3.7075936794281006,3.6718876361846924,3.6722898483276367,3.669759511947632,3.6739697456359863,3.678082227706909,3.637983798980713
3.45,3.73709,0.03366,3.667677879333496,3.6794161796569824,3.659085750579834,3.6436607837677,3.64939546585083,3.6681227684020996,3.636277437210083,3.6658475399017334,3.686730146408081,3.6666259765625,3.695359468460083,3.7075936794281006,3.6718876361846924,3.6722898483276367,3.669759511947632,3.6739697456359863,3.678082227706909,3.637983798980713
3.46,3.75891,0.03408,3.667677879333496,3.6794161796569824,3.659085750579834,3.6436607837677,3.64939546585083,3.6681227684020996,3.636277437210083,3.6658475399017334,3.686730146408081,3.6666259765625,3.695359468460083,3.7075936794281006,3.6718876361846924,3.6722898483276367,3.669759511947632,3.6739697456359863,3.678082227706909,3.637983798980713
3.47,3.78062,0.03433,3.667677879333496,3.6794161796569824,3.659085750579834,3.6436607837677,3.64939546585083,3.6681227684020996,3.636277437210083,3.6658475399017334,3.686730146408081,3.6666259765625,3.695359468460083,3.7075936794281006,3.6718876361846924,3.6722898483276367,3.669759511947632,3.6739697456359863,3.678082227706909,3.637983798980713
3.48,3.80224,0.03441,3.667677879333496,3.6794161796569824,3.659085750579834,3.6436607837677,3.64939546585083,3.6681227684020996,3.636277437210083,3.6658475399017334,3.686730146408081,3.6666259765625,3.695359468460083,3.7075936794281006,3.6718876361846924,3.6722898483276367,3.669759511947632,3.6739697456359863,3.678082227706909,3.637983798980713
3.49,3.82378,0.03432,3.7840943336486816,3.7848427295684814,3.7728703022003174,3.750934362411499,3.75877046585083,3.781049966812134,3.7509474754333496,3.7794978618621826,3.799328565597534,3.7752304077148438,3.8065695762634277,3.81585431098938,3.7843098640441895,3.7859506607055664,3.7774641513824463,3.782604932785034,3.7873172760009766,3.747830390930176
3.5,3.84525,0.03405,3.7840943336486816,3.7848427295684814,3.7728703022003174,3.750934362411499,3.75877046585083,3.781049966812134,3.7509474754333496,3.7794978618621826,3.799328565597534,3.7752304077148438,3.8065695762634277,3.81585431098938,3.7843098640441895,3.7859506607055664,3.7774641513824463,3.782604932785034,3.7873172760009766,3.747830390930176
3.51,3.86235,0.03371,3.7840943336486816,3.7848427295684814,3.7728703022003174,3.750934362411499,3.75877046585083,3.781049966812134,3.7509474754333496,3.7794978618621826,3.799328565597534,3.7752304077148438,3.8065695762634277,3.81585431098938,3.7843098640441895,3.7859506607055664,3.7774641513824463,3.782604932785034,3.7873172760009766,3.747830390930176
3.52,3.88807,0.033,3.7840943336486816,3.7848427295684814,3.7728703022003174,3.750934362411499,3.75877046585083,3.781049966812134,3.7509474754333496,3.7794978618621826,3.799328565597534,3.7752304077148438,3.8065695762634277,3.81585431098938,3.7843098640441895,3.7859506607055664,3.7774641513824463,3.782604932785034,3.7873172760009766,3.747830390930176
3.53,3.90512,0.03239,3.7840943336486816,3.7848427295684814,3.7728703022003174,3.750934362411499,3.75877046585083,3.781049966812134,3.7509474754333496,3.7794978618621826,3.799328565597534,3.7752304077148438,3.8065695762634277,3.81585431098938,3.7843098640441895,3.7859506607055664,3.7774641513824463,3.782604932785034,3.7873172760009766,3.747830390930176
3.54,3.9308,0.03129,3.901369571685791,3.898206949234009,3.888610601425171,3.8634445667266846,3.8699193000793457,3.8977322578430176,3.8607187271118164,3.8952555656433105,3.912273406982422,3.887267589569092,3.9147987365722656,3.9252049922943115,3.8938045501708984,3.8975162506103516,3.8863937854766846,3.892944812774658,3.8969573974609375,3.856436014175415
3.55,3.94785,0.03044,3.901369571685791,3.898206949234009,3.888610601425171,3.8634445667266846,3.8699193000793457,3.8977322578430176,3.8607187271118164,3.8952555656433105,3.912273406982422,3.887267589569092,3.9147987365722656,3.9252049922943115,3.8938045501708984,3.8975162506103516,3.8863937854766846,3.892944812774658,3.8969573974609375,3.856436014175415
3.56,3.97357,0.02899,3.901369571685791,3.898206949234009,3.888610601425171,3.8634445667266846,3.8699193000793457,3.8977322578430176,3.8607187271118164,3.8952555656433105,3.912273406982422,3.887267589569092,3.9147987365722656,3.9252049922943115,3.8938045501708984,3.8975162506103516,3.8863937854766846,3.892944812774658,3.8969573974609375,3.856436014175415
3.57,3.99067,0.02793,3.901369571685791,3.898206949234009,3.888610601425171,3.8634445667266846,3.8699193000793457,3.8977322578430176,3.8607187271118164,3.8952555656433105,3.912273406982422,3.887267589569092,3.9147987365722656,3.9252049922943115,3.8938045501708984,3.8975162506103516,3.8863937854766846,3.892944812774658,3.8969573974609375,3.856436014175415
3.58,4.01648,0.02619,3.901369571685791,3.898206949234009,3.888610601425171,3.8634445667266846,3.8699193000793457,3.8977322578430176,3.8607187271118164,3.8952555656433105,3.912273406982422,3.887267589569092,3.9147987365722656,3.9252049922943115,3.8938045501708984,3.8975162506103516,3.8863937854766846,3.892944812774658,3.8969573974609375,3.856436014175415
3.59,4.03803,0.02463,4.023711681365967,4.02128791809082,4.012134075164795,3.986396312713623,3.9901928901672363,4.020841121673584,3.9872071743011475,4.017548084259033,4.028992176055908,4.010341167449951,4.036321640014648,4.0437092781066895,4.014492034912109,4.01508903503418,4.0071916580200195,4.011194229125977,4.0157599449157715,3.9747443199157715
3.6,4.05964,0.023,4.023711681365967,4.02128791809082,4.012134075164795,3.986396312713623,3.9901928901672363,4.020841121673584,3.9872071743011475,4.017548084259033,4.028992176055908,4.010341167449951,4.036321640014648,4.0437092781066895,4.014492034912109,4.01508903503418,4.0071916580200195,4.011194229125977,4.0157599449157715,3.9747443199157715
3.61,4.08133,0.02129,4.023711681365967,4.02128791809082,4.012134075164795,3.986396312713623,3.9901928901672363,4.020841121673584,3.9872071743011475,4.017548084259033,4.028992176055908,4.010341167449951,4.036321640014648,4.0437092781066895,4.014492034912109,4.01508903503418,4.0071916580200195,4.011194229125977,4.0157599449157715,3.9747443199157715
3.62,4.10311,0.01954,4.023711681365967,4.02128791809082,4.012134075164795,3.986396312713623,3.9901928901672363,4.020841121673584,3.9872071743011475,4.017548084259033,4.028992176055908,4.010341167449951,4.036321640014648,4.0437092781066895,4.014492034912109,4.01508903503418,4.0071916580200195,4.011194229125977,4.0157599449157715,3.9747443199157715
3.63,4.12498,0.01776,4.023711681365967,4.02128791809082,4.012134075164795,3.986396312713623,3.9901928901672363,4.020841121673584,3.9872071743011475,4.017548084259033,4.028992176055908,4.010341167449951,4.036321640014648,4.0437092781066895,4.014492034912109,4.01508903503418,4.0071916580200195,4.011194229125977,4.0157599449157715,3.9747443199157715
3.64,4.14696,0.01596,4.144935131072998,4.144346237182617,4.139443397521973,4.110313415527344,4.109417915344238,4.143991470336914,4.1173810958862305,4.141921520233154,4.14736795425415,4.13408088684082,4.160394191741943,4.167699337005615,4.139035224914551,4.134914398193359,4.130339622497559,4.131829738616943,4.134573936462402,4.096107482910156
3.65,4.16903,0.01418,4.144935131072998,4.144346237182617,4.139443397521973,4.110313415527344,4.109417915344238,4.143991470336914,4.1173810958862305,4.141921520233154,4.14736795425415,4.13408088684082,4.160394191741943,4.167699337005615,4.139035224914551,4.134914398193359,4.130339622497559,4.131829738616943,4.134573936462402,4.096107482910156
3.66,4.19121,0.01242,4.144935131072998,4.144346237182617,4.139443397521973,4.110313415527344,4.109417915344238,4.143991470336914,4.1173810958862305,4.141921520233154,4.14736795425415,4.13408088684082,4.160394191741943,4.167699337005615,4.139035224914551,4.134914398193359,4.130339622497559,4.131829738616943,4.134573936462402,4.096107482910156
3.67,4.21348,0.0107,4.144935131072998,4.144346237182617,4.139443397521973,4.110313415527344,4.109417915344238,4.143991470336914,4.1173810958862305,4.141921520233154,4.14736795425415,4.13408088684082,4.160394191741943,4.167699337005615,4.139035224914551,4.134914398193359,4.130339622497559,4.131829738616943,4.134573936462402,4.096107482910156
3.68,4.23586,0.00905,4.144935131072998,4.144346237182617,4.139443397521973,4.110313415527344,4.109417915344238,4.143991470336914,4.1173810958862305,4.141921520233154,4.14736795425415,4.13408088684082,4.160394191741943,4.167699337005615,4.139035224914551,4.134914398193359,4.130339622497559,4.131829738616943,4.134573936462402,4.096107482910156
3.69,4.25833,0.00748,4.261021137237549,4.260420322418213,4.25944709777832,4.231994152069092,4.227501392364502,4.262362480163574,4.235362529754639,4.258931636810303,4.265547752380371,4.2514543533325195,4.277775764465332,4.285760879516602,4.257752895355225,4.249865531921387,4.248260974884033,4.247712135314941,4.2492146492004395,4.216669082641602
3.7,4.28088,0.00601,4.261021137237549,4.260420322418213,4.25944709777832,4.231994152069092,4.227501392364502,4.262362480163574,4.235362529754639,4.258931636810303,4.265547752380371,4.2514543533325195,4.277775764465332,4.285760879516602,4.257752895355225,4.249865531921387,4.248260974884033,4.247712135314941,4.2492146492004395,4.216669082641602
3.71,4.30352,0.00464,4.261021137237549,4.260420322418213,4.25944709777832,4.231994152069092,4.227501392364502,4.262362480163574,4.235362529754639,4.258931636810303,4.265547752380371,4.2514543533325195,4.277775764465332,4.285760879516602,4.257752895355225,4.249865531921387,4.248260974884033,4.247712135314941,4.2492146492004395,4.216669082641602
3.72,4.32623,0.00341,4.261021137237549,4.260420322418213,4.25944709777832,4.231994152069092,4.227501392364502,4.262362480163574,4.235362529754639,4.258931636810303,4.265547752380371,4.2514543533325195,4.277775764465332,4.285760879516602,4.257752895355225,4.249865531921387,4.248260974884033,4.247712135314941,4.2492146492004395,4.216669082641602
3.73,4.34899,0.00231,4.261021137237549,4.260420322418213,4.25944709777832,4.231994152069092,4.227501392364502,4.262362480163574,4.235362529754639,4.258931636810303,4.265547752380371,4.2514543533325195,4.277775764465332,4.285760879516602,4.257752895355225,4.249865531921387,4.248260974884033,4.247712135314941,4.2492146492004395,4.216669082641602
3.74,4.3718,0.00136,4.369846820831299,4.3665995597839355,4.368330478668213,4.344691753387451,4.337939262390137,4.371606349945068,4.34239387512207,4.366116046905518,4.374716281890869,4.3589091300964355,4.386833190917969,4.393369197845459,4.367087364196777,4.357329368591309,4.355774879455566,4.354909420013428,4.358208656311035,4.327850818634033
3.75,4.39465,0.0,4.369846820831299,4.3665995597839355,4.368330478668213,4.344691753387451,4.337939262390137,4.371606349945068,4.34239387512207,4.366116046905518,4.374716281890869,4.3589091300964355,4.386833190917969,4.393369197845459,4.367087364196777,4.357329368591309,4.355774879455566,4.354909420013428,4.358208656311035,4.327850818634033
3.76,4.4129,0.0,4.369846820831299,4.3665995597839355,4.368330478668213,4.344691753387451,4.337939262390137,4.371606349945068,4.34239387512207,4.366116046905518,4.374716281890869,4.3589091300964355,4.386833190917969,4.393369197845459,4.367087364196777,4.357329368591309,4.355774879455566,4.354909420013428,4.358208656311035,4.327850818634033
3.77,4.44039,0.0,4.369846820831299,4.3665995597839355,4.368330478668213,4.344691753387451,4.337939262390137,4.371606349945068,4.34239387512207,4.366116046905518,4.374716281890869,4.3589091300964355,4.386833190917969,4.393369197845459,4.367087364196777,4.357329368591309,4.355774879455566,4.354909420013428,4.358208656311035,4.327850818634033
3.78,4.45863,0.0,4.369846820831299,4.3665995597839355,4.368330478668213,4.344691753387451,4.337939262390137,4.371606349945068,4.34239387512207,4.366116046905518,4.374716281890869,4.3589091300964355,4.386833190917969,4.393369197845459,4.367087364196777,4.357329368591309,4.355774879455566,4.354909420013428,4.358208656311035,4.327850818634033
3.79,4.48608,0.0,4.476520538330078,4.471096038818359,4.4753007888793945,4.452047824859619,4.444000244140625,4.479885578155518,4.449734687805176,4.471613883972168,4.478970050811768,4.464109897613525,4.494219779968262,4.499221324920654,4.473353385925293,4.4637603759765625,4.4608659744262695,4.4612226486206055,4.464843273162842,4.433748722076416
3.8,4.50429,0.0,4.476520538330078,4.471096038818359,4.4753007888793945,4.452047824859619,4.444000244140625,4.479885578155518,4.449734687805176,4.471613883972168,4.478970050811768,4.464109897613525,4.494219779968262,4.499221324920654,4.473353385925293,4.4637603759765625,4.4608659744262695,4.4612226486206055,4.464843273162842,4.433748722076416
3.81,4.53161,0.0,4.476520538330078,4.471096038818359,4.4753007888793945,4.452047824859619,4.444000244140625,4.479885578155518,4.449734687805176,4.471613883972168,4.478970050811768,4.464109897613525,4.494219779968262,4.499221324920654,4.473353385925293,4.4637603759765625,4.4608659744262695,4.4612226486206055,4.464843273162842,4.433748722076416
3.82,4.5497,0.0,4.476520538330078,4.471096038818359,4.4753007888793945,4.452047824859619,4.444000244140625,4.479885578155518,4.449734687805176,4.471613883972168,4.478970050811768,4.464109897613525,4.494219779968262,4.499221324920654,4.473353385925293,4.4637603759765625,4.4608659744262695,4.4612226486206055,4.464843273162842,4.433748722076416
3.83,4.57684,0.0,4.476520538330078,4.471096038818359,4.4753007888793945,4.452047824859619,4.444000244140625,4.479885578155518,4.449734687805176,4.471613883972168,4.478970050811768,4.464109897613525,4.494219779968262,4.499221324920654,4.473353385925293,4.4637603759765625,4.4608659744262695,4.4612226486206055,4.464843273162842,4.433748722076416
3.84,4.59931,0.0,4.578744888305664,4.572411060333252,4.579044818878174,4.554271221160889,4.547074794769287,4.583924293518066,4.5534563064575195,4.574526786804199,4.580245494842529,4.5665693283081055,4.599353313446045,4.601170063018799,4.576170921325684,4.565991401672363,4.563105583190918,4.563416957855225,4.566600322723389,4.5373358726501465
3.85,4.62166,0.00174,4.578744888305664,4.572411060333252,4.579044818878174,4.554271221160889,4.547074794769287,4.583924293518066,4.5534563064575195,4.574526786804199,4.580245494842529,4.5665693283081055,4.599353313446045,4.601170063018799,4.576170921325684,4.565991401672363,4.563105583190918,4.563416957855225,4.566600322723389,4.5373358726501465
3.86,4.64388,0.00268,4.578744888305664,4.572411060333252,4.579044818878174,4.554271221160889,4.547074794769287,4.583924293518066,4.5534563064575195,4.574526786804199,4.580245494842529,4.5665693283081055,4.599353313446045,4.601170063018799,4.576170921325684,4.565991401672363,4.563105583190918,4.563416957855225,4.566600322723389,4.5373358726501465
3.87,4.66596,0.00372,4.578744888305664,4.572411060333252,4.579044818878174,4.554271221160889,4.547074794769287,4.583924293518066,4.5534563064575195,4.574526786804199,4.580245494842529,4.5665693283081055,4.599353313446045,4.601170063018799,4.576170921325684,4.565991401672363,4.563105583190918,4.563416957855225,4.566600322723389,4.5373358726501465
3.88,4.68789,0.00486,4.578744888305664,4.572411060333252,4.579044818878174,4.554271221160889,4.547074794769287,4.583924293518066,4.5534563064575195,4.574526786804199,4.580245494842529,4.5665693283081055,4.599353313446045,4.601170063018799,4.576170921325684,4.565991401672363,4.563105583190918,4.563416957855225,4.566600322723389,4.5373358726501465
3.89,4.70965,0.00607,4.68130350112915,4.674977779388428,4.6821208000183105,4.656337738037109,4.650143146514893,4.687765121459961,4.655670166015625,4.677310943603516,4.6842780113220215,4.665978908538818,4.698398590087891,4.701285362243652,4.679008960723877,4.66741943359375,4.664628982543945,4.66499137878418,4.666569709777832,4.640901565551758
3.9,4.73125,0.00734,4.68130350112915,4.674977779388428,4.6821208000183105,4.656337738037109,4.650143146514893,4.687765121459961,4.655670166015625,4.677310943603516,4.6842780113220215,4.665978908538818,4.698398590087891,4.701285362243652,4.679008960723877,4.66741943359375,4.664628982543945,4.66499137878418,4.666569709777832,4.640901565551758
3.91,4.75268,0.00866,4.68130350112915,4.674977779388428,4.6821208000183105,4.656337738037109,4.650143146514893,4.687765121459961,4.655670166015625,4.677310943603516,4.6842780113220215,4.665978908538818,4.698398590087891,4.701285362243652,4.679008960723877,4.66741943359375,4.664628982543945,4.66499137878418,4.666569709777832,4.640901565551758
3.92,4.77392,0.01,4.68130350112915,4.674977779388428,4.6821208000183105,4.656337738037109,4.650143146514893,4.687765121459961,4.655670166015625,4.677310943603516,4.6842780113220215,4.665978908538818,4.698398590087891,4.701285362243652,4.679008960723877,4.66741943359375,4.664628982543945,4.66499137878418,4.666569709777832,4.640901565551758
3.93,4.79499,0.01135,4.68130350112915,4.674977779388428,4.6821208000183105,4.656337738037109,4.650143146514893,4.687765121459961,4.655670166015625,4.677310943603516,4.6842780113220215,4.665978908538818,4.698398590087891,4.701285362243652,4.679008960723877,4.66741943359375,4.664628982543945,4.66499137878418,4.666569709777832,4.640901565551758
3.94,4.81588,0.01269,4.778645992279053,4.771195411682129,4.776475429534912,4.75427770614624,4.7469000816345215,4.785667419433594,4.752928733825684,4.77531099319458,4.781158924102783,4.766650676727295,4.797566890716553,4.7998456954956055,4.777829170227051,4.766925811767578,4.763900279998779,4.765356063842773,4.7666015625,4.742009162902832
3.95,4.83658,0.01401,4.778645992279053,4.771195411682129,4.776475429534912,4.75427770614624,4.7469000816345215,4.785667419433594,4.752928733825684,4.77531099319458,4.781158924102783,4.766650676727295,4.797566890716553,4.7998456954956055,4.777829170227051,4.766925811767578,4.763900279998779,4.765356063842773,4.7666015625,4.742009162902832
3.96,4.85711,0.01528,4.778645992279053,4.771195411682129,4.776475429534912,4.75427770614624,4.7469000816345215,4.785667419433594,4.752928733825684,4.77531099319458,4.781158924102783,4.766650676727295,4.797566890716553,4.7998456954956055,4.777829170227051,4.766925811767578,4.763900279998779,4.765356063842773,4.7666015625,4.742009162902832
3.97,4.87746,0.0165,4.778645992279053,4.771195411682129,4.776475429534912,4.75427770614624,4.7469000816345215,4.785667419433594,4.752928733825684,4.77531099319458,4.781158924102783,4.766650676727295,4.797566890716553,4.7998456954956055,4.777829170227051,4.766925811767578,4.763900279998779,4.765356063842773,4.7666015625,4.742009162902832
3.98,4.89765,0.01765,4.778645992279053,4.771195411682129,4.776475429534912,4.75427770614624,4.7469000816345215,4.785667419433594,4.752928733825684,4.77531099319458,4.781158924102783,4.766650676727295,4.797566890716553,4.7998456954956055,4.777829170227051,4.766925811767578,4.763900279998779,4.765356063842773,4.7666015625,4.742009162902832
3.99,4.91769,0.01871,4.880843162536621,4.875322341918945,4.877138137817383,4.857473850250244,4.849188327789307,4.889564037322998,4.853853702545166,4.8773908615112305,4.882326126098633,4.867661952972412,4.895785331726074,4.8986663818359375,4.877296447753906,4.866960525512695,4.864767074584961,4.867130756378174,4.867991924285889,4.841685771942139
4.0,4.93757,0.01968,4.880843162536621,4.875322341918945,4.877138137817383,4.857473850250244,4.849188327789307,4.889564037322998,4.853853702545166,4.8773908615112305,4.882326126098633,4.867661952972412,4.895785331726074,4.8986663818359375,4.877296447753906,4.866960525512695,4.864767074584961,4.867130756378174,4.867991924285889,4.841685771942139
4.01,4.95731,0.02054,4.880843162536621,4.875322341918945,4.877138137817383,4.857473850250244,4.849188327789307,4.889564037322998,4.853853702545166,4.8773908615112305,4.882326126098633,4.867661952972412,4.895785331726074,4.8986663818359375,4.877296447753906,4.866960525512695,4.864767074584961,4.867130756378174,4.867991924285889,4.841685771942139
4.02,4.97297,0.02115,4.880843162536621,4.875322341918945,4.877138137817383,4.857473850250244,4.849188327789307,4.889564037322998,4.853853702545166,4.8773908615112305,4.882326126098633,4.867661952972412,4.895785331726074,4.8986663818359375,4.877296447753906,4.866960525512695,4.864767074584961,4.867130756378174,4.867991924285889,4.841685771942139
4.03,4.99249,0.02181,4.880843162536621,4.875322341918945,4.877138137817383,4.857473850250244,4.849188327789307,4.889564037322998,4.853853702545166,4.8773908615112305,4.882326126098633,4.867661952972412,4.895785331726074,4.8986663818359375,4.877296447753906,4.866960525512695,4.864767074584961,4.867130756378174,4.867991924285889,4.841685771942139
4.04,5.01583,0.02242,4.982470989227295,4.977168083190918,4.977755069732666,4.959959506988525,4.951251029968262,4.992366790771484,4.955020427703857,4.978869915008545,4.983780384063721,4.972126483917236,4.999500274658203,5.000569820404053,4.979266166687012,4.969941139221191,4.96791934967041,4.970890522003174,4.972362995147705,4.943953514099121
4.05,5.03514,0.02279,4.982470989227295,4.977168083190918,4.977755069732666,4.959959506988525,4.951251029968262,4.992366790771484,4.955020427703857,4.978869915008545,4.983780384063721,4.972126483917236,4.999500274658203,5.000569820404053,4.979266166687012,4.969941139221191,4.96791934967041,4.970890522003174,4.972362995147705,4.943953514099121
4.06,5.0505,0.02299,4.982470989227295,4.977168083190918,4.977755069732666,4.959959506988525,4.951251029968262,4.992366790771484,4.955020427703857,4.978869915008545,4.983780384063721,4.972126483917236,4.999500274658203,5.000569820404053,4.979266166687012,4.969941139221191,4.96791934967041,4.970890522003174,4.972362995147705,4.943953514099121
4.07,5.06969,0.02312,4.982470989227295,4.977168083190918,4.977755069732666,4.959959506988525,4.951251029968262,4.992366790771484,4.955020427703857,4.978869915008545,4.983780384063721,4.972126483917236,4.999500274658203,5.000569820404053,4.979266166687012,4.969941139221191,4.96791934967041,4.970890522003174,4.972362995147705,4.943953514099121
4.08,5.0927,0.0231,4.982470989227295,4.977168083190918,4.977755069732666,4.959959506988525,4.951251029968262,4.992366790771484,4.955020427703857,4.978869915008545,4.983780384063721,4.972126483917236,4.999500274658203,5.000569820404053,4.979266166687012,4.969941139221191,4.96791934967041,4.970890522003174,4.972362995147705,4.943953514099121
4.09,5.11182,0.02294,5.085531711578369,5.079799175262451,5.080868721008301,5.062632083892822,5.052266597747803,5.09461784362793,5.059148788452148,5.082309246063232,5.084896564483643,5.077591419219971,5.10499382019043,5.104588985443115,5.082824230194092,5.0745849609375,5.072427272796631,5.075282096862793,5.076382637023926,5.046111106872559
4.1,5.13091,0.02265,5.085531711578369,5.079799175262451,5.080868721008301,5.062632083892822,5.052266597747803,5.09461784362793,5.059148788452148,5.082309246063232,5.084896564483643,5.077591419219971,5.10499382019043,5.104588985443115,5.082824230194092,5.0745849609375,5.072427272796631,5.075282096862793,5.076382637023926,5.046111106872559
4.11,5.15001,0.02224,5.085531711578369,5.079799175262451,5.080868721008301,5.062632083892822,5.052266597747803,5.09461784362793,5.059148788452148,5.082309246063232,5.084896564483643,5.077591419219971,5.10499382019043,5.104588985443115,5.082824230194092,5.0745849609375,5.072427272796631,5.075282096862793,5.076382637023926,5.046111106872559
4.12,5.16911,0.02171,5.085531711578369,5.079799175262451,5.080868721008301,5.062632083892822,5.052266597747803,5.09461784362793,5.059148788452148,5.082309246063232,5.084896564483643,5.077591419219971,5.10499382019043,5.104588985443115,5.082824230194092,5.0745849609375,5.072427272796631,5.075282096862793,5.076382637023926,5.046111106872559
4.13,5.18824,0.02108,5.085531711578369,5.079799175262451,5.080868721008301,5.062632083892822,5.052266597747803,5.09461784362793,5.059148788452148,5.082309246063232,5.084896564483643,5.077591419219971,5.10499382019043,5.104588985443115,5.082824230194092,5.0745849609375,5.072427272796631,5.075282096862793,5.076382637023926,5.046111106872559
4.14,5.2074,0.02034,5.187122344970703,5.18262243270874,5.183399200439453,5.165579795837402,5.154036521911621,5.197751045227051,5.16129207611084,5.185214042663574,5.187374591827393,5.181037902832031,5.207798480987549,5.208167552947998,5.186947345733643,5.178278923034668,5.176877975463867,5.179197788238525,5.178262233734131,5.149864673614502
4.15,5.22661,0.0195,5.187122344970703,5.18262243270874,5.183399200439453,5.165579795837402,5.154036521911621,5.197751045227051,5.16129207611084,5.185214042663574,5.187374591827393,5.181037902832031,5.207798480987549,5.208167552947998,5.186947345733643,5.178278923034668,5.176877975463867,5.179197788238525,5.178262233734131,5.149864673614502
4.16,5.24585,0.01859,5.187122344970703,5.18262243270874,5.183399200439453,5.165579795837402,5.154036521911621,5.197751045227051,5.16129207611084,5.185214042663574,5.187374591827393,5.181037902832031,5.207798480987549,5.208167552947998,5.186947345733643,5.178278923034668,5.176877975463867,5.179197788238525,5.178262233734131,5.149864673614502
4.17,5.26516,0.01759,5.187122344970703,5.18262243270874,5.183399200439453,5.165579795837402,5.154036521911621,5.197751045227051,5.16129207611084,5.185214042663574,5.187374591827393,5.181037902832031,5.207798480987549,5.208167552947998,5.186947345733643,5.178278923034668,5.176877975463867,5.179197788238525,5.178262233734131,5.149864673614502
4.18,5.28452,0.01654,5.187122344970703,5.18262243270874,5.183399200439453,5.165579795837402,5.154036521911621,5.197751045227051,5.16129207611084,5.185214042663574,5.187374591827393,5.181037902832031,5.207798480987549,5.208167552947998,5.186947345733643,5.178278923034668,5.176877975463867,5.179197788238525,5.178262233734131,5.149864673614502
4.19,5.30393,0.01543,5.287144184112549,5.283327579498291,5.282823085784912,5.267266750335693,5.255051612854004,5.298962116241455,5.261616230010986,5.286104202270508,5.288879871368408,5.280486583709717,5.307098388671875,5.308181285858154,5.288155555725098,5.278506278991699,5.277888298034668,5.27947998046875,5.277093887329102,5.252047061920166
4.2,5.32341,0.01428,5.287144184112549,5.283327579498291,5.282823085784912,5.267266750335693,5.255051612854004,5.298962116241455,5.261616230010986,5.286104202270508,5.288879871368408,5.280486583709717,5.307098388671875,5.308181285858154,5.288155555725098,5.278506278991699,5.277888298034668,5.27947998046875,5.277093887329102,5.252047061920166
4.21,5.34294,0.01309,5.287144184112549,5.283327579498291,5.282823085784912,5.267266750335693,5.255051612854004,5.298962116241455,5.261616230010986,5.286104202270508,5.288879871368408,5.280486583709717,5.307098388671875,5.308181285858154,5.288155555725098,5.278506278991699,5.277888298034668,5.27947998046875,5.277093887329102,5.252047061920166
4.22,5.36252,0.01188,5.287144184112549,5.283327579498291,5.282823085784912,5.267266750335693,5.255051612854004,5.298962116241455,5.261616230010986,5.286104202270508,5.288879871368408,5.280486583709717,5.307098388671875,5.308181285858154,5.288155555725098,5.278506278991699,5.277888298034668,5.27947998046875,5.277093887329102,5.252047061920166
4.23,5.38214,0.01066,5.287144184112549,5.283327579498291,5.282823085784912,5.267266750335693,5.255051612854004,5.298962116241455,5.261616230010986,5.286104202270508,5.288879871368408,5.280486583709717,5.307098388671875,5.308181285858154,5.288155555725098,5.278506278991699,5.277888298034668,5.27947998046875,5.277093887329102,5.252047061920166
4.24,5.4018,0.00944,5.384639739990234,5.378960132598877,5.3781633377075195,5.365565776824951,5.3526177406311035,5.396301746368408,5.358806610107422,5.382795810699463,5.385787487030029,5.377791881561279,5.404933452606201,5.404677867889404,5.385918617248535,5.376090049743652,5.375168323516846,5.376917362213135,5.374843597412109,5.3511552810668945
4.25,5.42148,0.00822,5.384639739990234,5.378960132598877,5.3781633377075195,5.365565776824951,5.3526177406311035,5.396301746368408,5.358806610107422,5.382795810699463,5.385787487030029,5.377791881561279,5.404933452606201,5.404677867889404,5.385918617248535,5.376090049743652,5.375168323516846,5.376917362213135,5.374843597412109,5.3511552810668945
4.26,5.44117,0.00701,5.384639739990234,5.378960132598877,5.3781633377075195,5.365565776824951,5.3526177406311035,5.396301746368408,5.358806610107422,5.382795810699463,5.385787487030029,5.377791881561279,5.404933452606201,5.404677867889404,5.385918617248535,5.376090049743652,5.375168323516846,5.376917362213135,5.374843597412109,5.3511552810668945
4.27,5.45687,0.00607,5.384639739990234,5.378960132598877,5.3781633377075195,5.365565776824951,5.3526177406311035,5.396301746368408,5.358806610107422,5.382795810699463,5.385787487030029,5.377791881561279,5.404933452606201,5.404677867889404,5.385918617248535,5.376090049743652,5.375168323516846,5.376917362213135,5.374843597412109,5.3511552810668945
4.28,5.48052,0.00469,5.384639739990234,5.378960132598877,5.3781633377075195,5.365565776824951,5.3526177406311035,5.396301746368408,5.358806610107422,5.382795810699463,5.385787487030029,5.377791881561279,5.404933452606201,5.404677867889404,5.385918617248535,5.376090049743652,5.375168323516846,5.376917362213135,5.374843597412109,5.3511552810668945
4.29,5.50016,0.00358,5.472230434417725,5.463138103485107,5.46451473236084,5.454139709472656,5.439052104949951,5.48375940322876,5.447101593017578,5.469451427459717,5.471174716949463,5.468055248260498,5.4962992668151855,5.494690895080566,5.475430011749268,5.466706275939941,5.464073657989502,5.466643333435059,5.465136528015137,5.441096305847168
4.3,5.51972,0.00252,5.472230434417725,5.463138103485107,5.46451473236084,5.454139709472656,5.439052104949951,5.48375940322876,5.447101593017578,5.469451427459717,5.471174716949463,5.468055248260498,5.4962992668151855,5.494690895080566,5.475430011749268,5.466706275939941,5.464073657989502,5.466643333435059,5.465136528015137,5.441096305847168
4.31,5.53528,0.00171,5.472230434417725,5.463138103485107,5.46451473236084,5.454139709472656,5.439052104949951,5.48375940322876,5.447101593017578,5.469451427459717,5.471174716949463,5.468055248260498,5.4962992668151855,5.494690895080566,5.475430011749268,5.466706275939941,5.464073657989502,5.466643333435059,5.465136528015137,5.441096305847168
4.32,5.55862,0.0,5.472230434417725,5.463138103485107,5.46451473236084,5.454139709472656,5.439052104949951,5.48375940322876,5.447101593017578,5.469451427459717,5.471174716949463,5.468055248260498,5.4962992668151855,5.494690895080566,5.475430011749268,5.466706275939941,5.464073657989502,5.466643333435059,5.465136528015137,5.441096305847168
4.33,5.57791,0.0,5.472230434417725,5.463138103485107,5.46451473236084,5.454139709472656,5.439052104949951,5.48375940322876,5.447101593017578,5.469451427459717,5.471174716949463,5.468055248260498,5.4962992668151855,5.494690895080566,5.475430011749268,5.466706275939941,5.464073657989502,5.466643333435059,5.465136528015137,5.441096305847168
4.34,5.59707,0.0,5.559767723083496,5.55488395690918,5.55314302444458,5.543428421020508,5.526864528656006,5.5729475021362305,5.534285068511963,5.5595879554748535,5.559330463409424,5.555641174316406,5.580986976623535,5.58175802230835,5.562829494476318,5.553088188171387,5.551915645599365,5.554049015045166,5.551762580871582,5.527363300323486
4.35,5.61224,0.0,5.559767723083496,5.55488395690918,5.55314302444458,5.543428421020508,5.526864528656006,5.5729475021362305,5.534285068511963,5.5595879554748535,5.559330463409424,5.555641174316406,5.580986976623535,5.58175802230835,5.562829494476318,5.553088188171387,5.551915645599365,5.554049015045166,5.551762580871582,5.527363300323486
4.36,5.6349,0.0,5.559767723083496,5.55488395690918,5.55314302444458,5.543428421020508,5.526864528656006,5.5729475021362305,5.534285068511963,5.5595879554748535,5.559330463409424,5.555641174316406,5.580986976623535,5.58175802230835,5.562829494476318,5.553088188171387,5.551915645599365,5.554049015045166,5.551762580871582,5.527363300323486
4.37,5.65353,0.0,5.559767723083496,5.55488395690918,5.55314302444458,5.543428421020508,5.526864528656006,5.5729475021362305,5.534285068511963,5.5595879554748535,5.559330463409424,5.555641174316406,5.580986976623535,5.58175802230835,5.562829494476318,5.553088188171387,5.551915645599365,5.554049015045166,5.551762580871582,5.527363300323486
4.38,5.67196,0.0,5.559767723083496,5.55488395690918,5.55314302444458,5.543428421020508,5.526864528656006,5.5729475021362305,5.534285068511963,5.5595879554748535,5.559330463409424,5.555641174316406,5.580986976623535,5.58175802230835,5.562829494476318,5.553088188171387,5.551915645599365,5.554049015045166,5.551762580871582,5.527363300323486
4.39,5.69018,0.0,5.6525421142578125,5.651261806488037,5.644179821014404,5.638110637664795,5.622716903686523,5.668859958648682,5.627762794494629,5.6533989906311035,5.655874729156494,5.647939205169678,5.6698079109191895,5.672684192657471,5.65532922744751,5.644145965576172,5.645688533782959,5.647966384887695,5.6439948081970215,5.620608806610107
4.4,5.70814,0.0,5.6525421142578125,5.651261806488037,5.644179821014404,5.638110637664795,5.622716903686523,5.668859958648682,5.627762794494629,5.6533989906311035,5.655874729156494,5.647939205169678,5.6698079109191895,5.672684192657471,5.65532922744751,5.644145965576172,5.645688533782959,5.647966384887695,5.6439948081970215,5.620608806610107
4.41,5.72586,0.0,5.6525421142578125,5.651261806488037,5.644179821014404,5.638110637664795,5.622716903686523,5.668859958648682,5.627762794494629,5.6533989906311035,5.655874729156494,5.647939205169678,5.6698079109191895,5.672684192657471,5.65532922744751,5.644145965576172,5.645688533782959,5.647966384887695,5.6439948081970215,5.620608806610107
4.42,5.74332,0.0,5.6525421142578125,5.651261806488037,5.644179821014404,5.638110637664795,5.622716903686523,5.668859958648682,5.627762794494629,5.6533989906311035,5.655874729156494,5.647939205169678,5.6698079109191895,5.672684192657471,5.65532922744751,5.644145965576172,5.645688533782959,5.647966384887695,5.6439948081970215,5.620608806610107
4.43,5.76053,0.0,5.6525421142578125,5.651261806488037,5.644179821014404,5.638110637664795,5.622716903686523,5.668859958648682,5.627762794494629,5.6533989906311035,5.655874729156494,5.647939205169678,5.6698079109191895,5.672684192657471,5.65532922744751,5.644145965576172,5.645688533782959,5.647966384887695,5.6439948081970215,5.620608806610107
4.44,5.77746,0.0,5.746854305267334,5.7435150146484375,5.736425399780273,5.73106575012207,5.715769290924072,5.7617292404174805,5.723362445831299,5.747485637664795,5.748564720153809,5.743022441864014,5.765570163726807,5.765994071960449,5.749241352081299,5.738959312438965,5.739549160003662,5.74249792098999,5.739466667175293,5.714082717895508
4.45,5.79414,0.0,5.746854305267334,5.7435150146484375,5.736425399780273,5.73106575012207,5.715769290924072,5.7617292404174805,5.723362445831299,5.747485637664795,5.748564720153809,5.743022441864014,5.765570163726807,5.765994071960449,5.749241352081299,5.738959312438965,5.739549160003662,5.74249792098999,5.739466667175293,5.714082717895508
4.46,5.81055,0.0,5.746854305267334,5.7435150146484375,5.736425399780273,5.73106575012207,5.715769290924072,5.7617292404174805,5.723362445831299,5.747485637664795,5.748564720153809,5.743022441864014,5.765570163726807,5.765994071960449,5.749241352081299,5.738959312438965,5.739549160003662,5.74249792098999,5.739466667175293,5.714082717895508
4.47,5.8267,0.0,5.746854305267334,5.7435150146484375,5.736425399780273,5.73106575012207,5.715769290924072,5.7617292404174805,5.723362445831299,5.747485637664795,5.748564720153809,5.743022441864014,5.765570163726807,5.765994071960449,5.749241352081299,5.738959312438965,5.739549160003662,5.74249792098999,5.739466667175293,5.714082717895508
4.48,5.84261,0.0,5.746854305267334,5.7435150146484375,5.736425399780273,5.73106575012207,5.715769290924072,5.7617292404174805,5.723362445831299,5.747485637664795,5.748564720153809,5.743022441864014,5.765570163726807,5.765994071960449,5.749241352081299,5.738959312438965,5.739549160003662,5.74249792098999,5.739466667175293,5.714082717895508
4.49,5.8583,0.0,5.838188171386719,5.831817150115967,5.82729434967041,5.82246732711792,5.806157112121582,5.853413105010986,5.81302547454834,5.837558269500732,5.837389945983887,5.835859775543213,5.85929012298584,5.857453346252441,5.840479373931885,5.831812858581543,5.830857276916504,5.834804534912109,5.831186294555664,5.806157112121582
4.5,5.87376,0.0,5.838188171386719,5.831817150115967,5.82729434967041,5.82246732711792,5.806157112121582,5.853413105010986,5.81302547454834,5.837558269500732,5.837389945983887,5.835859775543213,5.85929012298584,5.857453346252441,5.840479373931885,5.831812858581543,5.830857276916504,5.834804534912109,5.831186294555664,5.806157112121582
4.51,5.88904,0.0,5.838188171386719,5.831817150115967,5.82729434967041,5.82246732711792,5.806157112121582,5.853413105010986,5.81302547454834,5.837558269500732,5.837389945983887,5.835859775543213,5.85929012298584,5.857453346252441,5.840479373931885,5.831812858581543,5.830857276916504,5.834804534912109,5.831186294555664,5.806157112121582
4.52,5.9011,0.0,5.838188171386719,5.831817150115967,5.82729434967041,5.82246732711792,5.806157112121582,5.853413105010986,5.81302547454834,5.837558269500732,5.837389945983887,5.835859775543213,5.85929012298584,5.857453346252441,5.840479373931885,5.831812858581543,5.830857276916504,5.834804534912109,5.831186294555664,5.806157112121582
4.53,5.9191,0.0,5.838188171386719,5.831817150115967,5.82729434967041,5.82246732711792,5.806157112121582,5.853413105010986,5.81302547454834,5.837558269500732,5.837389945983887,5.835859775543213,5.85929012298584,5.857453346252441,5.840479373931885,5.831812858581543,5.830857276916504,5.834804534912109,5.831186294555664,5.806157112121582
4.54,5.93395,0.0,5.91473913192749,5.907985687255859,5.903176784515381,5.901425361633301,5.880532741546631,5.927738666534424,5.889686584472656,5.914664268493652,5.911468029022217,5.920694828033447,5.9460883140563965,5.942173004150391,5.924722671508789,5.9155473709106445,5.914189338684082,5.917293548583984,5.915243625640869,5.888792991638184
4.55,5.94871,0.0,5.91473913192749,5.907985687255859,5.903176784515381,5.901425361633301,5.880532741546631,5.927738666534424,5.889686584472656,5.914664268493652,5.911468029022217,5.920694828033447,5.9460883140563965,5.942173004150391,5.924722671508789,5.9155473709106445,5.914189338684082,5.917293548583984,5.915243625640869,5.888792991638184
4.56,5.96046,0.0,5.91473913192749,5.907985687255859,5.903176784515381,5.901425361633301,5.880532741546631,5.927738666534424,5.889686584472656,5.914664268493652,5.911468029022217,5.920694828033447,5.9460883140563965,5.942173004150391,5.924722671508789,5.9155473709106445,5.914189338684082,5.917293548583984,5.915243625640869,5.888792991638184
4.57,5.97814,0.0,5.91473913192749,5.907985687255859,5.903176784515381,5.901425361633301,5.880532741546631,5.927738666534424,5.889686584472656,5.914664268493652,5.911468029022217,5.920694828033447,5.9460883140563965,5.942173004150391,5.924722671508789,5.9155473709106445,5.914189338684082,5.917293548583984,5.915243625640869,5.888792991638184
4.58,5.99287,0.00134,5.91473913192749,5.907985687255859,5.903176784515381,5.901425361633301,5.880532741546631,5.927738666534424,5.889686584472656,5.914664268493652,5.911468029022217,5.920694828033447,5.9460883140563965,5.942173004150391,5.924722671508789,5.9155473709106445,5.914189338684082,5.917293548583984,5.915243625640869,5.888792991638184
4.59,6.00767,0.00205,6.001234531402588,6.002951622009277,5.992232799530029,5.98929500579834,5.970064640045166,6.018333435058594,5.980130672454834,6.006592750549316,6.002485752105713,6.006889343261719,6.02862548828125,6.028763771057129,6.0129828453063965,6.000598907470703,6.003144264221191,6.003992080688477,5.999204158782959,5.975447177886963
4.6,6.01954,0.00261,6.001234531402588,6.002951622009277,5.992232799530029,5.98929500579834,5.970064640045166,6.018333435058594,5.980130672454834,6.006592750549316,6.002485752105713,6.006889343261719,6.02862548828125,6.028763771057129,6.0129828453063965,6.000598907470703,6.003144264221191,6.003992080688477,5.999204158782959,5.975447177886963
4.61,6.0376,0.00346,6.001234531402588,6.002951622009277,5.992232799530029,5.98929500579834,5.970064640045166,6.018333435058594,5.980130672454834,6.006592750549316,6.002485752105713,6.006889343261719,6.02862548828125,6.028763771057129,6.0129828453063965,6.000598907470703,6.003144264221191,6.003992080688477,5.999204158782959,5.975447177886963
4.62,6.05281,0.00414,6.001234531402588,6.002951622009277,5.992232799530029,5.98929500579834,5.970064640045166,6.018333435058594,5.980130672454834,6.006592750549316,6.002485752105713,6.006889343261719,6.02862548828125,6.028763771057129,6.0129828453063965,6.000598907470703,6.003144264221191,6.003992080688477,5.999204158782959,5.975447177886963
4.63,6.06823,0.00479,6.001234531402588,6.002951622009277,5.992232799530029,5.98929500579834,5.970064640045166,6.018333435058594,5.980130672454834,6.006592750549316,6.002485752105713,6.006889343261719,6.02862548828125,6.028763771057129,6.0129828453063965,6.000598907470703,6.003144264221191,6.003992080688477,5.999204158782959,5.975447177886963
4.64,6.0839,0.00542,6.093631267547607,6.095315456390381,6.080577373504639,6.081377983093262,6.065831661224365,6.112302780151367,6.072683811187744,6.098659992218018,6.097810745239258,6.095355033874512,6.115231037139893,6.115011215209961,6.101051330566406,6.0888776779174805,6.092226028442383,6.093487739562988,6.087988376617432,6.066363334655762
4.65,6.09984,0.00601,6.093631267547607,6.095315456390381,6.080577373504639,6.081377983093262,6.065831661224365,6.112302780151367,6.072683811187744,6.098659992218018,6.097810745239258,6.095355033874512,6.115231037139893,6.115011215209961,6.101051330566406,6.0888776779174805,6.092226028442383,6.093487739562988,6.087988376617432,6.066363334655762
4.66,6.11608,0.00655,6.093631267547607,6.095315456390381,6.080577373504639,6.081377983093262,6.065831661224365,6.112302780151367,6.072683811187744,6.098659992218018,6.097810745239258,6.095355033874512,6.115231037139893,6.115011215209961,6.101051330566406,6.0888776779174805,6.092226028442383,6.093487739562988,6.087988376617432,6.066363334655762
4.67,6.13265,0.00705,6.093631267547607,6.095315456390381,6.080577373504639,6.081377983093262,6.065831661224365,6.112302780151367,6.072683811187744,6.098659992218018,6.097810745239258,6.095355033874512,6.115231037139893,6.115011215209961,6.101051330566406,6.0888776779174805,6.092226028442383,6.093487739562988,6.087988376617432,6.066363334655762
4.68,6.14957,0.00749,6.093631267547607,6.095315456390381,6.080577373504639,6.081377983093262,6.065831661224365,6.112302780151367,6.072683811187744,6.098659992218018,6.097810745239258,6.095355033874512,6.115231037139893,6.115011215209961,6.101051330566406,6.0888776779174805,6.092226028442383,6.093487739562988,6.087988376617432,6.066363334655762
4.69,6.16686,0.00787,6.182180404663086,6.178439617156982,6.167823791503906,6.168921947479248,6.152177333831787,6.199939727783203,6.158679008483887,6.185030937194824,6.183784484863281,6.1796159744262695,6.200350761413574,6.198837757110596,6.185425281524658,6.175232887268066,6.175792217254639,6.178888320922852,6.173114776611328,6.152313232421875
4.7,6.1845,0.00819,6.182180404663086,6.178439617156982,6.167823791503906,6.168921947479248,6.152177333831787,6.199939727783203,6.158679008483887,6.185030937194824,6.183784484863281,6.1796159744262695,6.200350761413574,6.198837757110596,6.185425281524658,6.175232887268066,6.175792217254639,6.178888320922852,6.173114776611328,6.152313232421875
4.71,6.20253,0.00844,6.182180404663086,6.178439617156982,6.167823791503906,6.168921947479248,6.152177333831787,6.199939727783203,6.158679008483887,6.185030937194824,6.183784484863281,6.1796159744262695,6.200350761413574,6.198837757110596,6.185425281524658,6.175232887268066,6.175792217254639,6.178888320922852,6.173114776611328,6.152313232421875
4.72,6.22093,0.00862,6.182180404663086,6.178439617156982,6.167823791503906,6.168921947479248,6.152177333831787,6.199939727783203,6.158679008483887,6.185030937194824,6.183784484863281,6.1796159744262695,6.200350761413574,6.198837757110596,6.185425281524658,6.175232887268066,6.175792217254639,6.178888320922852,6.173114776611328,6.152313232421875
4.73,6.23969,0.00873,6.182180404663086,6.178439617156982,6.167823791503906,6.168921947479248,6.152177333831787,6.199939727783203,6.158679008483887,6.185030937194824,6.183784484863281,6.1796159744262695,6.200350761413574,6.198837757110596,6.185425281524658,6.175232887268066,6.175792217254639,6.178888320922852,6.173114776611328,6.152313232421875
4.74,6.25881,0.00878,6.266315937042236,6.2607011795043945,6.2513227462768555,6.255000591278076,6.23638391494751,6.284827709197998,6.240661144256592,6.267308712005615,6.2677788734436035,6.2605485916137695,6.28151273727417,6.2803874015808105,6.2674713134765625,6.258633613586426,6.257106304168701,6.262078285217285,6.255472660064697,6.236216068267822
4.75,6.27826,0.00875,6.266315937042236,6.2607011795043945,6.2513227462768555,6.255000591278076,6.23638391494751,6.284827709197998,6.240661144256592,6.267308712005615,6.2677788734436035,6.2605485916137695,6.28151273727417,6.2803874015808105,6.2674713134765625,6.258633613586426,6.257106304168701,6.262078285217285,6.255472660064697,6.236216068267822
4.76,6.298,0.00865,6.266315937042236,6.2607011795043945,6.2513227462768555,6.255000591278076,6.23638391494751,6.284827709197998,6.240661144256592,6.267308712005615,6.2677788734436035,6.2605485916137695,6.28151273727417,6.2803874015808105,6.2674713134765625,6.258633613586426,6.257106304168701,6.262078285217285,6.255472660064697,6.236216068267822
4.77,6.31396,0.00853,6.266315937042236,6.2607011795043945,6.2513227462768555,6.255000591278076,6.23638391494751,6.284827709197998,6.240661144256592,6.267308712005615,6.2677788734436035,6.2605485916137695,6.28151273727417,6.2803874015808105,6.2674713134765625,6.258633613586426,6.257106304168701,6.262078285217285,6.255472660064697,6.236216068267822
4.78,6.33829,0.00827,6.266315937042236,6.2607011795043945,6.2513227462768555,6.255000591278076,6.23638391494751,6.284827709197998,6.240661144256592,6.267308712005615,6.2677788734436035,6.2605485916137695,6.28151273727417,6.2803874015808105,6.2674713134765625,6.258633613586426,6.257106304168701,6.262078285217285,6.255472660064697,6.236216068267822
4.79,6.35871,0.00798,6.350894927978516,6.344702243804932,6.333982944488525,6.340178966522217,6.320389747619629,6.3697638511657715,6.324464321136475,6.350856304168701,6.352175235748291,6.343429088592529,6.364628791809082,6.362258434295654,6.349972724914551,6.341652870178223,6.339432239532471,6.345588684082031,6.33948278427124,6.318786144256592
4.8,6.37928,0.00764,6.350894927978516,6.344702243804932,6.333982944488525,6.340178966522217,6.320389747619629,6.3697638511657715,6.324464321136475,6.350856304168701,6.352175235748291,6.343429088592529,6.364628791809082,6.362258434295654,6.349972724914551,6.341652870178223,6.339432239532471,6.345588684082031,6.33948278427124,6.318786144256592
4.81,6.39575,0.00734,6.350894927978516,6.344702243804932,6.333982944488525,6.340178966522217,6.320389747619629,6.3697638511657715,6.324464321136475,6.350856304168701,6.352175235748291,6.343429088592529,6.364628791809082,6.362258434295654,6.349972724914551,6.341652870178223,6.339432239532471,6.345588684082031,6.33948278427124,6.318786144256592
4.82,6.42059,0.00682,6.350894927978516,6.344702243804932,6.333982944488525,6.340178966522217,6.320389747619629,6.3697638511657715,6.324464321136475,6.350856304168701,6.352175235748291,6.343429088592529,6.364628791809082,6.362258434295654,6.349972724914551,6.341652870178223,6.339432239532471,6.345588684082031,6.33948278427124,6.318786144256592
4.83,6.4412,0.00635,6.350894927978516,6.344702243804932,6.333982944488525,6.340178966522217,6.320389747619629,6.3697638511657715,6.324464321136475,6.350856304168701,6.352175235748291,6.343429088592529,6.364628791809082,6.362258434295654,6.349972724914551,6.341652870178223,6.339432239532471,6.345588684082031,6.33948278427124,6.318786144256592
4.84,6.4617,0.00585,6.43154764175415,6.423056125640869,6.414325714111328,6.421459674835205,6.4008941650390625,6.450218200683594,6.406791687011719,6.431265354156494,6.431085586547852,6.426225662231445,6.44831657409668,6.44297981262207,6.430380821228027,6.422767639160156,6.420128345489502,6.426153659820557,6.421340465545654,6.398809432983398
4.85,6.47794,0.00543,6.43154764175415,6.423056125640869,6.414325714111328,6.421459674835205,6.4008941650390625,6.450218200683594,6.406791687011719,6.431265354156494,6.431085586547852,6.426225662231445,6.44831657409668,6.44297981262207,6.430380821228027,6.422767639160156,6.420128345489502,6.426153659820557,6.421340465545654,6.398809432983398
4.86,6.50209,0.00479,6.43154764175415,6.423056125640869,6.414325714111328,6.421459674835205,6.4008941650390625,6.450218200683594,6.406791687011719,6.431265354156494,6.431085586547852,6.426225662231445,6.44831657409668,6.44297981262207,6.430380821228027,6.422767639160156,6.420128345489502,6.426153659820557,6.421340465545654,6.398809432983398
4.87,6.52184,0.00424,6.43154764175415,6.423056125640869,6.414325714111328,6.421459674835205,6.4008941650390625,6.450218200683594,6.406791687011719,6.431265354156494,6.431085586547852,6.426225662231445,6.44831657409668,6.44297981262207,6.430380821228027,6.422767639160156,6.420128345489502,6.426153659820557,6.421340465545654,6.398809432983398
4.88,6.54119,0.0037,6.43154764175415,6.423056125640869,6.414325714111328,6.421459674835205,6.4008941650390625,6.450218200683594,6.406791687011719,6.431265354156494,6.431085586547852,6.426225662231445,6.44831657409668,6.44297981262207,6.430380821228027,6.422767639160156,6.420128345489502,6.426153659820557,6.421340465545654,6.398809432983398
4.89,6.56009,0.00316,6.519058704376221,6.513485908508301,6.503394603729248,6.509156703948975,6.489118576049805,6.539366722106934,6.493109226226807,6.5197038650512695,6.519906520843506,6.511462688446045,6.532582759857178,6.527338027954102,6.515517234802246,6.508138656616211,6.505701065063477,6.511767387390137,6.5069146156311035,6.481992244720459
4.9,6.57847,0.00265,6.519058704376221,6.513485908508301,6.503394603729248,6.509156703948975,6.489118576049805,6.539366722106934,6.493109226226807,6.5197038650512695,6.519906520843506,6.511462688446045,6.532582759857178,6.527338027954102,6.515517234802246,6.508138656616211,6.505701065063477,6.511767387390137,6.5069146156311035,6.481992244720459
4.91,6.59628,0.00215,6.519058704376221,6.513485908508301,6.503394603729248,6.509156703948975,6.489118576049805,6.539366722106934,6.493109226226807,6.5197038650512695,6.519906520843506,6.511462688446045,6.532582759857178,6.527338027954102,6.515517234802246,6.508138656616211,6.505701065063477,6.511767387390137,6.5069146156311035,6.481992244720459
4.92,6.61345,0.0017,6.519058704376221,6.513485908508301,6.503394603729248,6.509156703948975,6.489118576049805,6.539366722106934,6.493109226226807,6.5197038650512695,6.519906520843506,6.511462688446045,6.532582759857178,6.527338027954102,6.515517234802246,6.508138656616211,6.505701065063477,6.511767387390137,6.5069146156311035,6.481992244720459
4.93,6.62995,0.00128,6.519058704376221,6.513485908508301,6.503394603729248,6.509156703948975,6.489118576049805,6.539366722106934,6.493109226226807,6.5197038650512695,6.519906520843506,6.511462688446045,6.532582759857178,6.527338027954102,6.515517234802246,6.508138656616211,6.505701065063477,6.511767387390137,6.5069146156311035,6.481992244720459
4.94,6.64573,0.0,6.604801177978516,6.599167346954346,6.5891432762146,6.595648765563965,6.574955463409424,6.626089096069336,6.580948829650879,6.60616397857666,6.606308460235596,6.600416660308838,6.62217903137207,6.615701198577881,6.604556083679199,6.596940994262695,6.594792366027832,6.600663185119629,6.595274925231934,6.570113658905029
4.95,6.66077,0.0,6.604801177978516,6.599167346954346,6.5891432762146,6.595648765563965,6.574955463409424,6.626089096069336,6.580948829650879,6.60616397857666,6.606308460235596,6.600416660308838,6.62217903137207,6.615701198577881,6.604556083679199,6.596940994262695,6.594792366027832,6.600663185119629,6.595274925231934,6.570113658905029
4.96,6.67506,0.0,6.604801177978516,6.599167346954346,6.5891432762146,6.595648765563965,6.574955463409424,6.626089096069336,6.580948829650879,6.60616397857666,6.606308460235596,6.600416660308838,6.62217903137207,6.615701198577881,6.604556083679199,6.596940994262695,6.594792366027832,6.600663185119629,6.595274925231934,6.570113658905029
4.97,6.68858,0.0,6.604801177978516,6.599167346954346,6.5891432762146,6.595648765563965,6.574955463409424,6.626089096069336,6.580948829650879,6.60616397857666,6.606308460235596,6.600416660308838,6.62217903137207,6.615701198577881,6.604556083679199,6.596940994262695,6.594792366027832,6.600663185119629,6.595274925231934,6.570113658905029
4.98,6.70135,0.0,6.604801177978516,6.599167346954346,6.5891432762146,6.595648765563965,6.574955463409424,6.626089096069336,6.580948829650879,6.60616397857666,6.606308460235596,6.600416660308838,6.62217903137207,6.615701198577881,6.604556083679199,6.596940994262695,6.594792366027832,6.600663185119629,6.595274925231934,6.570113658905029
4.99,6.71338,0.0,6.688724517822266,6.683341026306152,6.672922134399414,6.681087493896484,6.659768581390381,6.710666179656982,6.665248870849609,6.691005706787109,6.691341876983643,6.686234951019287,6.707165241241455,6.701444625854492,6.690605640411377,6.6825056076049805,6.680735111236572,6.686168670654297,6.679898262023926,6.656836032867432
5.0,6.72469,0.0,6.688724517822266,6.683341026306152,6.672922134399414,6.681087493896484,6.659768581390381,6.710666179656982,6.665248870849609,6.691005706787109,6.691341876983643,6.686234951019287,6.707165241241455,6.701444625854492,6.690605640411377,6.6825056076049805,6.680735111236572,6.686168670654297,6.679898262023926,6.656836032867432
5.01,6.73534,0.0,6.688724517822266,6.683341026306152,6.672922134399414,6.681087493896484,6.659768581390381,6.710666179656982,6.665248870849609,6.691005706787109,6.691341876983643,6.686234951019287,6.707165241241455,6.701444625854492,6.690605640411377,6.6825056076049805,6.680735111236572,6.686168670654297,6.679898262023926,6.656836032867432
5.02,6.74341,0.0,6.688724517822266,6.683341026306152,6.672922134399414,6.681087493896484,6.659768581390381,6.710666179656982,6.665248870849609,6.691005706787109,6.691341876983643,6.686234951019287,6.707165241241455,6.701444625854492,6.690605640411377,6.6825056076049805,6.680735111236572,6.686168670654297,6.679898262023926,6.656836032867432
5.03,6.75491,0.0,6.688724517822266,6.683341026306152,6.672922134399414,6.681087493896484,6.659768581390381,6.710666179656982,6.665248870849609,6.691005706787109,6.691341876983643,6.686234951019287,6.707165241241455,6.701444625854492,6.690605640411377,6.6825056076049805,6.680735111236572,6.686168670654297,6.679898262023926,6.656836032867432
5.04,6.76399,0.0,6.774058818817139,6.7692670822143555,6.757254123687744,6.767240524291992,6.7469162940979,6.796360015869141,6.750152111053467,6.776821136474609,6.777679443359375,6.767963886260986,6.787856578826904,6.782371997833252,6.773377418518066,6.764426231384277,6.763148307800293,6.767866611480713,6.761953353881836,6.740482330322266
5.05,6.77273,0.00108,6.774058818817139,6.7692670822143555,6.757254123687744,6.767240524291992,6.7469162940979,6.796360015869141,6.750152111053467,6.776821136474609,6.777679443359375,6.767963886260986,6.787856578826904,6.782371997833252,6.773377418518066,6.764426231384277,6.763148307800293,6.767866611480713,6.761953353881836,6.740482330322266
5.06,6.77952,0.00142,6.774058818817139,6.7692670822143555,6.757254123687744,6.767240524291992,6.7469162940979,6.796360015869141,6.750152111053467,6.776821136474609,6.777679443359375,6.767963886260986,6.787856578826904,6.782371997833252,6.773377418518066,6.764426231384277,6.763148307800293,6.767866611480713,6.761953353881836,6.740482330322266
5.07,6.78962,0.00199,6.774058818817139,6.7692670822143555,6.757254123687744,6.767240524291992,6.7469162940979,6.796360015869141,6.750152111053467,6.776821136474609,6.777679443359375,6.767963886260986,6.787856578826904,6.782371997833252,6.773377418518066,6.764426231384277,6.763148307800293,6.767866611480713,6.761953353881836,6.740482330322266
5.08,6.79804,0.00252,6.774058818817139,6.7692670822143555,6.757254123687744,6.767240524291992,6.7469162940979,6.796360015869141,6.750152111053467,6.776821136474609,6.777679443359375,6.767963886260986,6.787856578826904,6.782371997833252,6.773377418518066,6.764426231384277,6.763148307800293,6.767866611480713,6.761953353881836,6.740482330322266
5.09,6.80662,0.00309,6.856943607330322,6.84981107711792,6.8386030197143555,6.850674152374268,6.829258441925049,6.879180908203125,6.833046913146973,6.858206272125244,6.8598456382751465,6.847201347351074,6.867681980133057,6.861690998077393,6.854248046875,6.845036506652832,6.842852592468262,6.848215579986572,6.842935562133789,6.821474552154541
5.1,6.81369,0.00358,6.856943607330322,6.84981107711792,6.8386030197143555,6.850674152374268,6.829258441925049,6.879180908203125,6.833046913146973,6.858206272125244,6.8598456382751465,6.847201347351074,6.867681980133057,6.861690998077393,6.854248046875,6.845036506652832,6.842852592468262,6.848215579986572,6.842935562133789,6.821474552154541
5.11,6.82489,0.00435,6.856943607330322,6.84981107711792,6.8386030197143555,6.850674152374268,6.829258441925049,6.879180908203125,6.833046913146973,6.858206272125244,6.8598456382751465,6.847201347351074,6.867681980133057,6.861690998077393,6.854248046875,6.845036506652832,6.842852592468262,6.848215579986572,6.842935562133789,6.821474552154541
5.12,6.83489,0.00501,6.856943607330322,6.84981107711792,6.8386030197143555,6.850674152374268,6.829258441925049,6.879180908203125,6.833046913146973,6.858206272125244,6.8598456382751465,6.847201347351074,6.867681980133057,6.861690998077393,6.854248046875,6.845036506652832,6.842852592468262,6.848215579986572,6.842935562133789,6.821474552154541
5.13,6.84568,0.00569,6.856943607330322,6.84981107711792,6.8386030197143555,6.850674152374268,6.829258441925049,6.879180908203125,6.833046913146973,6.858206272125244,6.8598456382751465,6.847201347351074,6.867681980133057,6.861690998077393,6.854248046875,6.845036506652832,6.842852592468262,6.848215579986572,6.842935562133789,6.821474552154541
5.14,6.8574,0.00636,6.937210559844971,6.929076194763184,6.918877124786377,6.932226181030273,6.910609245300293,6.960413455963135,6.913763999938965,6.938494682312012,6.940877437591553,6.926724433898926,6.947690010070801,6.940798759460449,6.93419885635376,6.925021171569824,6.92165470123291,6.928260803222656,6.923711776733398,6.9020538330078125
5.15,6.87022,0.00703,6.937210559844971,6.929076194763184,6.918877124786377,6.932226181030273,6.910609245300293,6.960413455963135,6.913763999938965,6.938494682312012,6.940877437591553,6.926724433898926,6.947690010070801,6.940798759460449,6.93419885635376,6.925021171569824,6.92165470123291,6.928260803222656,6.923711776733398,6.9020538330078125
5.16,6.88428,0.00769,6.937210559844971,6.929076194763184,6.918877124786377,6.932226181030273,6.910609245300293,6.960413455963135,6.913763999938965,6.938494682312012,6.940877437591553,6.926724433898926,6.947690010070801,6.940798759460449,6.93419885635376,6.925021171569824,6.92165470123291,6.928260803222656,6.923711776733398,6.9020538330078125
5.17,6.89971,0.00832,6.937210559844971,6.929076194763184,6.918877124786377,6.932226181030273,6.910609245300293,6.960413455963135,6.913763999938965,6.938494682312012,6.940877437591553,6.926724433898926,6.947690010070801,6.940798759460449,6.93419885635376,6.925021171569824,6.92165470123291,6.928260803222656,6.923711776733398,6.9020538330078125
5.18,6.91664,0.00892,6.937210559844971,6.929076194763184,6.918877124786377,6.932226181030273,6.910609245300293,6.960413455963135,6.913763999938965,6.938494682312012,6.940877437591553,6.926724433898926,6.947690010070801,6.940798759460449,6.93419885635376,6.925021171569824,6.92165470123291,6.928260803222656,6.923711776733398,6.9020538330078125
5.19,6.93516,0.00947,7.021018981933594,7.01350736618042,7.002045631408691,7.016141414642334,6.994266986846924,7.044386386871338,6.99736213684082,7.022558689117432,7.0238494873046875,7.010882377624512,7.031952381134033,7.0223822593688965,7.016435146331787,7.007475852966309,7.004039764404297,7.011139869689941,7.008185863494873,6.983800888061523
5.2,6.95537,0.00998,7.021018981933594,7.01350736618042,7.002045631408691,7.016141414642334,6.994266986846924,7.044386386871338,6.99736213684082,7.022558689117432,7.0238494873046875,7.010882377624512,7.031952381134033,7.0223822593688965,7.016435146331787,7.007475852966309,7.004039764404297,7.011139869689941,7.008185863494873,6.983800888061523
5.21,6.97732,0.01042,7.021018981933594,7.01350736618042,7.002045631408691,7.016141414642334,6.994266986846924,7.044386386871338,6.99736213684082,7.022558689117432,7.0238494873046875,7.010882377624512,7.031952381134033,7.0223822593688965,7.016435146331787,7.007475852966309,7.004039764404297,7.011139869689941,7.008185863494873,6.983800888061523
5.22,7.00107,0.01081,7.021018981933594,7.01350736618042,7.002045631408691,7.016141414642334,6.994266986846924,7.044386386871338,6.99736213684082,7.022558689117432,7.0238494873046875,7.010882377624512,7.031952381134033,7.0223822593688965,7.016435146331787,7.007475852966309,7.004039764404297,7.011139869689941,7.008185863494873,6.983800888061523
5.23,7.02664,0.01112,7.021018981933594,7.01350736618042,7.002045631408691,7.016141414642334,6.994266986846924,7.044386386871338,6.99736213684082,7.022558689117432,7.0238494873046875,7.010882377624512,7.031952381134033,7.0223822593688965,7.016435146331787,7.007475852966309,7.004039764404297,7.011139869689941,7.008185863494873,6.983800888061523
5.24,7.05399,0.01135,7.105450630187988,7.100445747375488,7.083779335021973,7.098881721496582,7.07682466506958,7.128505229949951,7.075535774230957,7.105058670043945,7.111668109893799,7.095341682434082,7.113460063934326,7.1063079833984375,7.100183963775635,7.093615531921387,7.0882768630981445,7.097846031188965,7.095485210418701,7.0647501945495605
5.25,7.08311,0.0115,7.105450630187988,7.100445747375488,7.083779335021973,7.098881721496582,7.07682466506958,7.128505229949951,7.075535774230957,7.105058670043945,7.111668109893799,7.095341682434082,7.113460063934326,7.1063079833984375,7.100183963775635,7.093615531921387,7.0882768630981445,7.097846031188965,7.095485210418701,7.0647501945495605
5.26,7.11389,0.01157,7.105450630187988,7.100445747375488,7.083779335021973,7.098881721496582,7.07682466506958,7.128505229949951,7.075535774230957,7.105058670043945,7.111668109893799,7.095341682434082,7.113460063934326,7.1063079833984375,7.100183963775635,7.093615531921387,7.0882768630981445,7.097846031188965,7.095485210418701,7.0647501945495605
5.27,7.1396,0.01157,7.105450630187988,7.100445747375488,7.083779335021973,7.098881721496582,7.07682466506958,7.128505229949951,7.075535774230957,7.105058670043945,7.111668109893799,7.095341682434082,7.113460063934326,7.1063079833984375,7.100183963775635,7.093615531921387,7.0882768630981445,7.097846031188965,7.095485210418701,7.0647501945495605
5.28,7.18005,0.01145,7.105450630187988,7.100445747375488,7.083779335021973,7.098881721496582,7.07682466506958,7.128505229949951,7.075535774230957,7.105058670043945,7.111668109893799,7.095341682434082,7.113460063934326,7.1063079833984375,7.100183963775635,7.093615531921387,7.0882768630981445,7.097846031188965,7.095485210418701,7.0647501945495605
5.29,7.2151,0.01125,7.187796592712402,7.179280757904053,7.162018775939941,7.176383972167969,7.157548427581787,7.208627223968506,7.152981281280518,7.184157848358154,7.195040702819824,7.1758341789245605,7.192340850830078,7.186712265014648,7.180299282073975,7.1781463623046875,7.1692633628845215,7.180013179779053,7.17790412902832,7.1428399085998535
5.3,7.2512,0.01097,7.187796592712402,7.179280757904053,7.162018775939941,7.176383972167969,7.157548427581787,7.208627223968506,7.152981281280518,7.184157848358154,7.195040702819824,7.1758341789245605,7.192340850830078,7.186712265014648,7.180299282073975,7.1781463623046875,7.1692633628845215,7.180013179779053,7.17790412902832,7.1428399085998535
5.31,7.28062,0.01069,7.187796592712402,7.179280757904053,7.162018775939941,7.176383972167969,7.157548427581787,7.208627223968506,7.152981281280518,7.184157848358154,7.195040702819824,7.1758341789245605,7.192340850830078,7.186712265014648,7.180299282073975,7.1781463623046875,7.1692633628845215,7.180013179779053,7.17790412902832,7.1428399085998535
5.32,7.3256,0.01016,7.187796592712402,7.179280757904053,7.162018775939941,7.176383972167969,7.157548427581787,7.208627223968506,7.152981281280518,7.184157848358154,7.195040702819824,7.1758341789245605,7.192340850830078,7.186712265014648,7.180299282073975,7.1781463623046875,7.1692633628845215,7.180013179779053,7.17790412902832,7.1428399085998535
5.33,7.36331,0.00963,7.187796592712402,7.179280757904053,7.162018775939941,7.176383972167969,7.157548427581787,7.208627223968506,7.152981281280518,7.184157848358154,7.195040702819824,7.1758341789245605,7.192340850830078,7.186712265014648,7.180299282073975,7.1781463623046875,7.1692633628845215,7.180013179779053,7.17790412902832,7.1428399085998535
5.34,7.40096,0.00903,7.272130489349365,7.259708404541016,7.2432966232299805,7.2540154457092285,7.240993499755859,7.290975570678711,7.234375,7.26630163192749,7.27791166305542,7.256928443908691,7.271551132202148,7.266326427459717,7.260493755340576,7.261870384216309,7.250341892242432,7.2606892585754395,7.258307933807373,7.2216572761535645
5.35,7.43073,0.00851,7.272130489349365,7.259708404541016,7.2432966232299805,7.2540154457092285,7.240993499755859,7.290975570678711,7.234375,7.26630163192749,7.27791166305542,7.256928443908691,7.271551132202148,7.266326427459717,7.260493755340576,7.261870384216309,7.250341892242432,7.2606892585754395,7.258307933807373,7.2216572761535645
5.36,7.47466,0.00764,7.272130489349365,7.259708404541016,7.2432966232299805,7.2540154457092285,7.240993499755859,7.290975570678711,7.234375,7.26630163192749,7.27791166305542,7.256928443908691,7.271551132202148,7.266326427459717,7.260493755340576,7.261870384216309,7.250341892242432,7.2606892585754395,7.258307933807373,7.2216572761535645
5.37,7.50996,0.00686,7.272130489349365,7.259708404541016,7.2432966232299805,7.2540154457092285,7.240993499755859,7.290975570678711,7.234375,7.26630163192749,7.27791166305542,7.256928443908691,7.271551132202148,7.266326427459717,7.260493755340576,7.261870384216309,7.250341892242432,7.2606892585754395,7.258307933807373,7.2216572761535645
5.38,7.54373,0.00604,7.272130489349365,7.259708404541016,7.2432966232299805,7.2540154457092285,7.240993499755859,7.290975570678711,7.234375,7.26630163192749,7.27791166305542,7.256928443908691,7.271551132202148,7.266326427459717,7.260493755340576,7.261870384216309,7.250341892242432,7.2606892585754395,7.258307933807373,7.2216572761535645
5.39,7.57556,0.00519,7.354888439178467,7.339640140533447,7.326554298400879,7.33440637588501,7.326230049133301,7.374446392059326,7.321331977844238,7.349320411682129,7.359128475189209,7.336284637451172,7.350283145904541,7.345406532287598,7.341271877288818,7.342413902282715,7.331244468688965,7.338987827301025,7.33480978012085,7.302426338195801
5.4,7.60509,0.00431,7.354888439178467,7.339640140533447,7.326554298400879,7.33440637588501,7.326230049133301,7.374446392059326,7.321331977844238,7.349320411682129,7.359128475189209,7.336284637451172,7.350283145904541,7.345406532287598,7.341271877288818,7.342413902282715,7.331244468688965,7.338987827301025,7.33480978012085,7.302426338195801
5.41,7.63191,0.00341,7.354888439178467,7.339640140533447,7.326554298400879,7.33440637588501,7.326230049133301,7.374446392059326,7.321331977844238,7.349320411682129,7.359128475189209,7.336284637451172,7.350283145904541,7.345406532287598,7.341271877288818,7.342413902282715,7.331244468688965,7.338987827301025,7.33480978012085,7.302426338195801
5.42,7.65567,0.00251,7.354888439178467,7.339640140533447,7.326554298400879,7.33440637588501,7.326230049133301,7.374446392059326,7.321331977844238,7.349320411682129,7.359128475189209,7.336284637451172,7.350283145904541,7.345406532287598,7.341271877288818,7.342413902282715,7.331244468688965,7.338987827301025,7.33480978012085,7.302426338195801
5.43,7.67603,0.00162,7.354888439178467,7.339640140533447,7.326554298400879,7.33440637588501,7.326230049133301,7.374446392059326,7.321331977844238,7.349320411682129,7.359128475189209,7.336284637451172,7.350283145904541,7.345406532287598,7.341271877288818,7.342413902282715,7.331244468688965,7.338987827301025,7.33480978012085,7.302426338195801
5.44,7.69265,0.0,7.441045761108398,7.425488471984863,7.412630081176758,7.4209513664245605,7.413876056671143,7.461090564727783,7.410543441772461,7.435816287994385,7.443885326385498,7.418033123016357,7.43281364440918,7.427746295928955,7.425258636474609,7.423379898071289,7.414648056030273,7.420674800872803,7.4144768714904785,7.386841297149658
5.45,7.70526,0.0,7.441045761108398,7.425488471984863,7.412630081176758,7.4209513664245605,7.413876056671143,7.461090564727783,7.410543441772461,7.435816287994385,7.443885326385498,7.418033123016357,7.43281364440918,7.427746295928955,7.425258636474609,7.423379898071289,7.414648056030273,7.420674800872803,7.4144768714904785,7.386841297149658
5.46,7.71362,0.0,7.441045761108398,7.425488471984863,7.412630081176758,7.4209513664245605,7.413876056671143,7.461090564727783,7.410543441772461,7.435816287994385,7.443885326385498,7.418033123016357,7.43281364440918,7.427746295928955,7.425258636474609,7.423379898071289,7.414648056030273,7.420674800872803,7.4144768714904785,7.386841297149658
5.47,7.71751,0.0,7.441045761108398,7.425488471984863,7.412630081176758,7.4209513664245605,7.413876056671143,7.461090564727783,7.410543441772461,7.435816287994385,7.443885326385498,7.418033123016357,7.43281364440918,7.427746295928955,7.425258636474609,7.423379898071289,7.414648056030273,7.420674800872803,7.4144768714904785,7.386841297149658
5.48,7.71678,0.0,7.441045761108398,7.425488471984863,7.412630081176758,7.4209513664245605,7.413876056671143,7.461090564727783,7.410543441772461,7.435816287994385,7.443885326385498,7.418033123016357,7.43281364440918,7.427746295928955,7.425258636474609,7.423379898071289,7.414648056030273,7.420674800872803,7.4144768714904785,7.386841297149658
5.49,7.71136,0.0,7.530397891998291,7.515199184417725,7.500678539276123,7.511751651763916,7.5020623207092285,7.548818111419678,7.501823902130127,7.5245490074157715,7.5317487716674805,7.506495475769043,7.522594451904297,7.515770435333252,7.513632297515869,7.509330749511719,7.502954006195068,7.508198261260986,7.502377986907959,7.4752349853515625
5.5,7.7012,0.0,7.530397891998291,7.515199184417725,7.500678539276123,7.511751651763916,7.5020623207092285,7.548818111419678,7.501823902130127,7.5245490074157715,7.5317487716674805,7.506495475769043,7.522594451904297,7.515770435333252,7.513632297515869,7.509330749511719,7.502954006195068,7.508198261260986,7.502377986907959,7.4752349853515625
5.51,7.68634,0.0,7.530397891998291,7.515199184417725,7.500678539276123,7.511751651763916,7.5020623207092285,7.548818111419678,7.501823902130127,7.5245490074157715,7.5317487716674805,7.506495475769043,7.522594451904297,7.515770435333252,7.513632297515869,7.509330749511719,7.502954006195068,7.508198261260986,7.502377986907959,7.4752349853515625
5.52,7.67118,0.0,7.530397891998291,7.515199184417725,7.500678539276123,7.511751651763916,7.5020623207092285,7.548818111419678,7.501823902130127,7.5245490074157715,7.5317487716674805,7.506495475769043,7.522594451904297,7.515770435333252,7.513632297515869,7.509330749511719,7.502954006195068,7.508198261260986,7.502377986907959,7.4752349853515625
5.53,7.64301,0.0,7.530397891998291,7.515199184417725,7.500678539276123,7.511751651763916,7.5020623207092285,7.548818111419678,7.501823902130127,7.5245490074157715,7.5317487716674805,7.506495475769043,7.522594451904297,7.515770435333252,7.513632297515869,7.509330749511719,7.502954006195068,7.508198261260986,7.502377986907959,7.4752349853515625
5.54,7.61494,0.0,7.619024753570557,7.6034111976623535,7.588315010070801,7.6019816398620605,7.588921546936035,7.636114597320557,7.59174108505249,7.612129211425781,7.61911153793335,7.599758625030518,7.61737585067749,7.608310699462891,7.605371952056885,7.600130081176758,7.594511985778809,7.600069999694824,7.595614433288574,7.566239833831787
5.55,7.58302,0.0,7.619024753570557,7.6034111976623535,7.588315010070801,7.6019816398620605,7.588921546936035,7.636114597320557,7.59174108505249,7.612129211425781,7.61911153793335,7.599758625030518,7.61737585067749,7.608310699462891,7.605371952056885,7.600130081176758,7.594511985778809,7.600069999694824,7.595614433288574,7.566239833831787
5.56,7.55501,0.0,7.619024753570557,7.6034111976623535,7.588315010070801,7.6019816398620605,7.588921546936035,7.636114597320557,7.59174108505249,7.612129211425781,7.61911153793335,7.599758625030518,7.61737585067749,7.608310699462891,7.605371952056885,7.600130081176758,7.594511985778809,7.600069999694824,7.595614433288574,7.566239833831787
5.57,7.50919,0.0,7.619024753570557,7.6034111976623535,7.588315010070801,7.6019816398620605,7.588921546936035,7.636114597320557,7.59174108505249,7.612129211425781,7.61911153793335,7.599758625030518,7.61737585067749,7.608310699462891,7.605371952056885,7.600130081176758,7.594511985778809,7.600069999694824,7.595614433288574,7.566239833831787
5.58,7.46827,0.0,7.619024753570557,7.6034111976623535,7.588315010070801,7.6019816398620605,7.588921546936035,7.636114597320557,7.59174108505249,7.612129211425781,7.61911153793335,7.599758625030518,7.61737585067749,7.608310699462891,7.605371952056885,7.600130081176758,7.594511985778809,7.600069999694824,7.595614433288574,7.566239833831787
5.59,7.42544,0.0,7.702632904052734,7.686798572540283,7.672183036804199,7.687251091003418,7.671909332275391,7.719280242919922,7.676198959350586,7.695391654968262,7.703311920166016,7.686190128326416,7.705245018005371,7.696263313293457,7.692736625671387,7.686905860900879,7.680954933166504,7.686082363128662,7.682216167449951,7.652523994445801
5.6,7.39031,0.0,7.702632904052734,7.686798572540283,7.672183036804199,7.687251091003418,7.671909332275391,7.719280242919922,7.676198959350586,7.695391654968262,7.703311920166016,7.686190128326416,7.705245018005371,7.696263313293457,7.692736625671387,7.686905860900879,7.680954933166504,7.686082363128662,7.682216167449951,7.652523994445801
5.61,7.33665,0.0,7.702632904052734,7.686798572540283,7.672183036804199,7.687251091003418,7.671909332275391,7.719280242919922,7.676198959350586,7.695391654968262,7.703311920166016,7.686190128326416,7.705245018005371,7.696263313293457,7.692736625671387,7.686905860900879,7.680954933166504,7.686082363128662,7.682216167449951,7.652523994445801
5.62,7.29211,0.0,7.702632904052734,7.686798572540283,7.672183036804199,7.687251091003418,7.671909332275391,7.719280242919922,7.676198959350586,7.695391654968262,7.703311920166016,7.686190128326416,7.705245018005371,7.696263313293457,7.692736625671387,7.686905860900879,7.680954933166504,7.686082363128662,7.682216167449951,7.652523994445801
5.63,7.24848,0.0,7.702632904052734,7.686798572540283,7.672183036804199,7.687251091003418,7.671909332275391,7.719280242919922,7.676198959350586,7.695391654968262,7.703311920166016,7.686190128326416,7.705245018005371,7.696263313293457,7.692736625671387,7.686905860900879,7.680954933166504,7.686082363128662,7.682216167449951,7.652523994445801
5.64,7.20655,0.0,7.780803203582764,7.765401840209961,7.749782562255859,7.766719818115234,7.750423908233643,7.797034740447998,7.754885673522949,7.773690223693848,7.781885623931885,7.7662153244018555,7.785299301147461,7.777645587921143,7.7731804847717285,7.767636299133301,7.761316776275635,7.76578426361084,7.763050079345703,7.732245445251465
5.65,7.1671,0.0,7.780803203582764,7.765401840209961,7.749782562255859,7.766719818115234,7.750423908233643,7.797034740447998,7.754885673522949,7.773690223693848,7.781885623931885,7.7662153244018555,7.785299301147461,7.777645587921143,7.7731804847717285,7.767636299133301,7.761316776275635,7.76578426361084,7.763050079345703,7.732245445251465
5.66,7.13094,0.0,7.780803203582764,7.765401840209961,7.749782562255859,7.766719818115234,7.750423908233643,7.797034740447998,7.754885673522949,7.773690223693848,7.781885623931885,7.7662153244018555,7.785299301147461,7.777645587921143,7.7731804847717285,7.767636299133301,7.761316776275635,7.76578426361084,7.763050079345703,7.732245445251465
5.67,7.09885,0.0,7.780803203582764,7.765401840209961,7.749782562255859,7.766719818115234,7.750423908233643,7.797034740447998,7.754885673522949,7.773690223693848,7.781885623931885,7.7662153244018555,7.785299301147461,7.777645587921143,7.7731804847717285,7.767636299133301,7.761316776275635,7.76578426361084,7.763050079345703,7.732245445251465
5.68,7.07158,0.0,7.780803203582764,7.765401840209961,7.749782562255859,7.766719818115234,7.750423908233643,7.797034740447998,7.754885673522949,7.773690223693848,7.781885623931885,7.7662153244018555,7.785299301147461,7.777645587921143,7.7731804847717285,7.767636299133301,7.761316776275635,7.76578426361084,7.763050079345703,7.732245445251465
5.69,7.04987,0.0,7.8649749755859375,7.853429317474365,7.835527420043945,7.852186679840088,7.838619232177734,7.88350772857666,7.842291831970215,7.859835624694824,7.869168281555176,7.846991062164307,7.863890171051025,7.857776165008545,7.8546319007873535,7.84808349609375,7.843799591064453,7.846921443939209,7.843547821044922,7.814005374908447
5.7,7.03437,0.00155,7.8649749755859375,7.853429317474365,7.835527420043945,7.852186679840088,7.838619232177734,7.88350772857666,7.842291831970215,7.859835624694824,7.869168281555176,7.846991062164307,7.863890171051025,7.857776165008545,7.8546319007873535,7.84808349609375,7.843799591064453,7.846921443939209,7.843547821044922,7.814005374908447
5.71,7.02572,0.00219,7.8649749755859375,7.853429317474365,7.835527420043945,7.852186679840088,7.838619232177734,7.88350772857666,7.842291831970215,7.859835624694824,7.869168281555176,7.846991062164307,7.863890171051025,7.857776165008545,7.8546319007873535,7.84808349609375,7.843799591064453,7.846921443939209,7.843547821044922,7.814005374908447
5.72,7.02444,0.00279,7.8649749755859375,7.853429317474365,7.835527420043945,7.852186679840088,7.838619232177734,7.88350772857666,7.842291831970215,7.859835624694824,7.869168281555176,7.846991062164307,7.863890171051025,7.857776165008545,7.8546319007873535,7.84808349609375,7.843799591064453,7.846921443939209,7.843547821044922,7.814005374908447
5.73,7.03099,0.00334,7.8649749755859375,7.853429317474365,7.835527420043945,7.852186679840088,7.838619232177734,7.88350772857666,7.842291831970215,7.859835624694824,7.869168281555176,7.846991062164307,7.863890171051025,7.857776165008545,7.8546319007873535,7.84808349609375,7.843799591064453,7.846921443939209,7.843547821044922,7.814005374908447
5.74,7.04574,0.00382,7.949707508087158,7.935468673706055,7.919539451599121,7.9358673095703125,7.924015045166016,7.966919422149658,7.930669784545898,7.944337844848633,7.954024791717529,7.928130626678467,7.946414947509766,7.939730644226074,7.9395036697387695,7.930853843688965,7.9268670082092285,7.929701328277588,7.92545223236084,7.899400234222412
5.75,7.06896,0.00423,7.949707508087158,7.935468673706055,7.919539451599121,7.9358673095703125,7.924015045166016,7.966919422149658,7.930669784545898,7.944337844848633,7.954024791717529,7.928130626678467,7.946414947509766,7.939730644226074,7.9395036697387695,7.930853843688965,7.9268670082092285,7.929701328277588,7.92545223236084,7.899400234222412
5.76,7.10078,0.00455,7.949707508087158,7.935468673706055,7.919539451599121,7.9358673095703125,7.924015045166016,7.966919422149658,7.930669784545898,7.944337844848633,7.954024791717529,7.928130626678467,7.946414947509766,7.939730644226074,7.9395036697387695,7.930853843688965,7.9268670082092285,7.929701328277588,7.92545223236084,7.899400234222412
5.77,7.1324,0.00474,7.949707508087158,7.935468673706055,7.919539451599121,7.9358673095703125,7.924015045166016,7.966919422149658,7.930669784545898,7.944337844848633,7.954024791717529,7.928130626678467,7.946414947509766,7.939730644226074,7.9395036697387695,7.930853843688965,7.9268670082092285,7.929701328277588,7.92545223236084,7.899400234222412
5.78,7.19037,0.0049,7.949707508087158,7.935468673706055,7.919539451599121,7.9358673095703125,7.924015045166016,7.966919422149658,7.930669784545898,7.944337844848633,7.954024791717529,7.928130626678467,7.946414947509766,7.939730644226074,7.9395036697387695,7.930853843688965,7.9268670082092285,7.929701328277588,7.92545223236084,7.899400234222412
5.79,7.24777,0.00492,8.019403457641602,7.999247074127197,7.984894752502441,8.00594711303711,7.993138790130615,8.033647537231445,7.995182991027832,8.010026931762695,8.020492553710938,7.999411582946777,8.019474029541016,8.009078025817871,8.007766723632812,8.000890731811523,7.994532585144043,7.998592376708984,7.997982501983643,7.971085071563721
5.8,7.31329,0.00483,8.019403457641602,7.999247074127197,7.984894752502441,8.00594711303711,7.993138790130615,8.033647537231445,7.995182991027832,8.010026931762695,8.020492553710938,7.999411582946777,8.019474029541016,8.009078025817871,8.007766723632812,8.000890731811523,7.994532585144043,7.998592376708984,7.997982501983643,7.971085071563721
5.81,7.37108,0.00468,8.019403457641602,7.999247074127197,7.984894752502441,8.00594711303711,7.993138790130615,8.033647537231445,7.995182991027832,8.010026931762695,8.020492553710938,7.999411582946777,8.019474029541016,8.009078025817871,8.007766723632812,8.000890731811523,7.994532585144043,7.998592376708984,7.997982501983643,7.971085071563721
5.82,7.46667,0.00432,8.019403457641602,7.999247074127197,7.984894752502441,8.00594711303711,7.993138790130615,8.033647537231445,7.995182991027832,8.010026931762695,8.020492553710938,7.999411582946777,8.019474029541016,8.009078025817871,8.007766723632812,8.000890731811523,7.994532585144043,7.998592376708984,7.997982501983643,7.971085071563721
5.83,7.55333,0.0039,8.019403457641602,7.999247074127197,7.984894752502441,8.00594711303711,7.993138790130615,8.033647537231445,7.995182991027832,8.010026931762695,8.020492553710938,7.999411582946777,8.019474029541016,8.009078025817871,8.007766723632812,8.000890731811523,7.994532585144043,7.998592376708984,7.997982501983643,7.971085071563721
5.84,7.64567,0.00336,8.080492973327637,8.059423446655273,8.04725456237793,8.070028305053711,8.053966522216797,8.093326568603516,8.064177513122559,8.071600914001465,8.075666427612305,8.068684577941895,8.089483261108398,8.07528018951416,8.073104858398438,8.064457893371582,8.060332298278809,8.061205863952637,8.064942359924316,8.03449535369873
5.85,7.72289,0.00286,8.080492973327637,8.059423446655273,8.04725456237793,8.070028305053711,8.053966522216797,8.093326568603516,8.064177513122559,8.071600914001465,8.075666427612305,8.068684577941895,8.089483261108398,8.07528018951416,8.073104858398438,8.064457893371582,8.060332298278809,8.061205863952637,8.064942359924316,8.03449535369873
5.86,7.84398,0.00198,8.080492973327637,8.059423446655273,8.04725456237793,8.070028305053711,8.053966522216797,8.093326568603516,8.064177513122559,8.071600914001465,8.075666427612305,8.068684577941895,8.089483261108398,8.07528018951416,8.073104858398438,8.064457893371582,8.060332298278809,8.061205863952637,8.064942359924316,8.03449535369873
5.87,7.94804,0.00115,8.080492973327637,8.059423446655273,8.04725456237793,8.070028305053711,8.053966522216797,8.093326568603516,8.064177513122559,8.071600914001465,8.075666427612305,8.068684577941895,8.089483261108398,8.07528018951416,8.073104858398438,8.064457893371582,8.060332298278809,8.061205863952637,8.064942359924316,8.03449535369873
5.88,8.05401,0.0,8.080492973327637,8.059423446655273,8.04725456237793,8.070028305053711,8.053966522216797,8.093326568603516,8.064177513122559,8.071600914001465,8.075666427612305,8.068684577941895,8.089483261108398,8.07528018951416,8.073104858398438,8.064457893371582,8.060332298278809,8.061205863952637,8.064942359924316,8.03449535369873
5.89,8.16086,0.0,8.138792991638184,8.126952171325684,8.111162185668945,8.133039474487305,8.113399505615234,8.153423309326172,8.131271362304688,8.13556957244873,8.134422302246094,8.133387565612793,8.151521682739258,8.141436576843262,8.137445449829102,8.124076843261719,8.125789642333984,8.123146057128906,8.126152992248535,8.093884468078613
5.9,8.2675,0.0,8.138792991638184,8.126952171325684,8.111162185668945,8.133039474487305,8.113399505615234,8.153423309326172,8.131271362304688,8.13556957244873,8.134422302246094,8.133387565612793,8.151521682739258,8.141436576843262,8.137445449829102,8.124076843261719,8.125789642333984,8.123146057128906,8.126152992248535,8.093884468078613
5.91,8.37285,0.0,8.138792991638184,8.126952171325684,8.111162185668945,8.133039474487305,8.113399505615234,8.153423309326172,8.131271362304688,8.13556957244873,8.134422302246094,8.133387565612793,8.151521682739258,8.141436576843262,8.137445449829102,8.124076843261719,8.125789642333984,8.123146057128906,8.126152992248535,8.093884468078613
5.92,8.47587,0.0,8.138792991638184,8.126952171325684,8.111162185668945,8.133039474487305,8.113399505615234,8.153423309326172,8.131271362304688,8.13556957244873,8.134422302246094,8.133387565612793,8.151521682739258,8.141436576843262,8.137445449829102,8.124076843261719,8.125789642333984,8.123146057128906,8.126152992248535,8.093884468078613
5.93,8.57552,0.0,8.138792991638184,8.126952171325684,8.111162185668945,8.133039474487305,8.113399505615234,8.153423309326172,8.131271362304688,8.13556957244873,8.134422302246094,8.133387565612793,8.151521682739258,8.141436576843262,8.137445449829102,8.124076843261719,8.125789642333984,8.123146057128906,8.126152992248535,8.093884468078613
5.94,8.67082,0.0,8.199647903442383,8.193194389343262,8.175008773803711,8.19743824005127,8.178047180175781,8.21604061126709,8.197587966918945,8.199934005737305,8.199475288391113,8.198326110839844,8.214349746704102,8.207479476928711,8.201837539672852,8.18596076965332,8.192597389221191,8.188013076782227,8.18832778930664,8.158196449279785
5.95,8.76089,0.0,8.199647903442383,8.193194389343262,8.175008773803711,8.19743824005127,8.178047180175781,8.21604061126709,8.197587966918945,8.199934005737305,8.199475288391113,8.198326110839844,8.214349746704102,8.207479476928711,8.201837539672852,8.18596076965332,8.192597389221191,8.188013076782227,8.18832778930664,8.158196449279785
5.96,8.8449,0.0,8.199647903442383,8.193194389343262,8.175008773803711,8.19743824005127,8.178047180175781,8.21604061126709,8.197587966918945,8.199934005737305,8.199475288391113,8.198326110839844,8.214349746704102,8.207479476928711,8.201837539672852,8.18596076965332,8.192597389221191,8.188013076782227,8.18832778930664,8.158196449279785
5.97,8.92206,0.0,8.199647903442383,8.193194389343262,8.175008773803711,8.19743824005127,8.178047180175781,8.21604061126709,8.197587966918945,8.199934005737305,8.199475288391113,8.198326110839844,8.214349746704102,8.207479476928711,8.201837539672852,8.18596076965332,8.192597389221191,8.188013076782227,8.18832778930664,8.158196449279785
5.98,8.99178,0.0,8.199647903442383,8.193194389343262,8.175008773803711,8.19743824005127,8.178047180175781,8.21604061126709,8.197587966918945,8.199934005737305,8.199475288391113,8.198326110839844,8.214349746704102,8.207479476928711,8.201837539672852,8.18596076965332,8.192597389221191,8.188013076782227,8.18832778930664,8.158196449279785
5.99,9.05351,0.0,8.259949684143066,8.253584861755371,8.235751152038574,8.25766658782959,8.238365173339844,8.2765531539917,8.257570266723633,8.25965690612793,8.260905265808105,8.259634017944336,8.275367736816406,8.271013259887695,8.263815879821777,8.24967098236084,8.25475788116455,8.252641677856445,8.250776290893555,8.220149040222168
6.0,9.10684,0.0,8.259949684143066,8.253584861755371,8.235751152038574,8.25766658782959,8.238365173339844,8.2765531539917,8.257570266723633,8.25965690612793,8.260905265808105,8.259634017944336,8.275367736816406,8.271013259887695,8.263815879821777,8.24967098236084,8.25475788116455,8.252641677856445,8.250776290893555,8.220149040222168
6.01,9.15147,0.0,8.259949684143066,8.253584861755371,8.235751152038574,8.25766658782959,8.238365173339844,8.2765531539917,8.257570266723633,8.25965690612793,8.260905265808105,8.259634017944336,8.275367736816406,8.271013259887695,8.263815879821777,8.24967098236084,8.25475788116455,8.252641677856445,8.250776290893555,8.220149040222168
6.02,9.18072,0.0,8.259949684143066,8.253584861755371,8.235751152038574,8.25766658782959,8.238365173339844,8.2765531539917,8.257570266723633,8.25965690612793,8.260905265808105,8.259634017944336,8.275367736816406,8.271013259887695,8.263815879821777,8.24967098236084,8.25475788116455,8.252641677856445,8.250776290893555,8.220149040222168
6.03,9.21405,0.0,8.259949684143066,8.253584861755371,8.235751152038574,8.25766658782959,8.238365173339844,8.2765531539917,8.257570266723633,8.25965690612793,8.260905265808105,8.259634017944336,8.275367736816406,8.271013259887695,8.263815879821777,8.24967098236084,8.25475788116455,8.252641677856445,8.250776290893555,8.220149040222168
6.04,9.23202,0.0,8.324993133544922,8.319954872131348,8.301084518432617,8.321928024291992,8.304211616516113,8.341776847839355,8.321590423583984,8.32522964477539,8.327174186706543,8.322940826416016,8.338078498840332,8.334219932556152,8.327240943908691,8.314617156982422,8.31956958770752,8.318854331970215,8.313827514648438,8.285594940185547
6.05,9.24131,0.0,8.324993133544922,8.319954872131348,8.301084518432617,8.321928024291992,8.304211616516113,8.341776847839355,8.321590423583984,8.32522964477539,8.327174186706543,8.322940826416016,8.338078498840332,8.334219932556152,8.327240943908691,8.314617156982422,8.31956958770752,8.318854331970215,8.313827514648438,8.285594940185547
6.06,9.24269,0.0,8.324993133544922,8.319954872131348,8.301084518432617,8.321928024291992,8.304211616516113,8.341776847839355,8.321590423583984,8.32522964477539,8.327174186706543,8.322940826416016,8.338078498840332,8.334219932556152,8.327240943908691,8.314617156982422,8.31956958770752,8.318854331970215,8.313827514648438,8.285594940185547
6.07,9.23514,0.0,8.324993133544922,8.319954872131348,8.301084518432617,8.321928024291992,8.304211616516113,8.341776847839355,8.321590423583984,8.32522964477539,8.327174186706543,8.322940826416016,8.338078498840332,8.334219932556152,8.327240943908691,8.314617156982422,8.31956958770752,8.318854331970215,8.313827514648438,8.285594940185547
6.08,9.22056,0.0,8.324993133544922,8.319954872131348,8.301084518432617,8.321928024291992,8.304211616516113,8.341776847839355,8.321590423583984,8.32522964477539,8.327174186706543,8.322940826416016,8.338078498840332,8.334219932556152,8.327240943908691,8.314617156982422,8.31956958770752,8.318854331970215,8.313827514648438,8.285594940185547
6.09,9.19904,0.0,8.398226737976074,8.394387245178223,8.374213218688965,8.393548965454102,8.378255844116211,8.414074897766113,8.394965171813965,8.39926528930664,8.401326179504395,8.396438598632812,8.411089897155762,8.404268264770508,8.399711608886719,8.388887405395508,8.392773628234863,8.393280982971191,8.388184547424316,8.360265731811523
6.1,9.17736,0.0,8.398226737976074,8.394387245178223,8.374213218688965,8.393548965454102,8.378255844116211,8.414074897766113,8.394965171813965,8.39926528930664,8.401326179504395,8.396438598632812,8.411089897155762,8.404268264770508,8.399711608886719,8.388887405395508,8.392773628234863,8.393280982971191,8.388184547424316,8.360265731811523
6.11,9.13792,0.0,8.398226737976074,8.394387245178223,8.374213218688965,8.393548965454102,8.378255844116211,8.414074897766113,8.394965171813965,8.39926528930664,8.401326179504395,8.396438598632812,8.411089897155762,8.404268264770508,8.399711608886719,8.388887405395508,8.392773628234863,8.393280982971191,8.388184547424316,8.360265731811523
6.12,9.09976,0.0,8.398226737976074,8.394387245178223,8.374213218688965,8.393548965454102,8.378255844116211,8.414074897766113,8.394965171813965,8.39926528930664,8.401326179504395,8.396438598632812,8.411089897155762,8.404268264770508,8.399711608886719,8.388887405395508,8.392773628234863,8.393280982971191,8.388184547424316,8.360265731811523
6.13,9.05756,0.0,8.398226737976074,8.394387245178223,8.374213218688965,8.393548965454102,8.378255844116211,8.414074897766113,8.394965171813965,8.39926528930664,8.401326179504395,8.396438598632812,8.411089897155762,8.404268264770508,8.399711608886719,8.388887405395508,8.392773628234863,8.393280982971191,8.388184547424316,8.360265731811523
6.14,9.02153,0.0,8.469158172607422,8.465126037597656,8.444528579711914,8.46463680267334,8.449267387390137,8.484878540039062,8.465764045715332,8.470210075378418,8.47275161743164,8.470939636230469,8.48551082611084,8.477507591247559,8.474213600158691,8.464872360229492,8.46662712097168,8.468613624572754,8.4634428024292,8.436504364013672
6.15,8.96434,0.0,8.469158172607422,8.465126037597656,8.444528579711914,8.46463680267334,8.449267387390137,8.484878540039062,8.465764045715332,8.470210075378418,8.47275161743164,8.470939636230469,8.48551082611084,8.477507591247559,8.474213600158691,8.464872360229492,8.46662712097168,8.468613624572754,8.4634428024292,8.436504364013672
6.16,8.91497,0.0,8.469158172607422,8.465126037597656,8.444528579711914,8.46463680267334,8.449267387390137,8.484878540039062,8.465764045715332,8.470210075378418,8.47275161743164,8.470939636230469,8.48551082611084,8.477507591247559,8.474213600158691,8.464872360229492,8.46662712097168,8.468613624572754,8.4634428024292,8.436504364013672
6.17,8.86483,0.0,8.469158172607422,8.465126037597656,8.444528579711914,8.46463680267334,8.449267387390137,8.484878540039062,8.465764045715332,8.470210075378418,8.47275161743164,8.470939636230469,8.48551082611084,8.477507591247559,8.474213600158691,8.464872360229492,8.46662712097168,8.468613624572754,8.4634428024292,8.436504364013672
6.18,8.81472,0.0,8.469158172607422,8.465126037597656,8.444528579711914,8.46463680267334,8.449267387390137,8.484878540039062,8.465764045715332,8.470210075378418,8.47275161743164,8.470939636230469,8.48551082611084,8.477507591247559,8.474213600158691,8.464872360229492,8.46662712097168,8.468613624572754,8.4634428024292,8.436504364013672
6.19,8.76537,0.0,8.53588581085205,8.529271125793457,8.509734153747559,8.532344818115234,8.515395164489746,8.550142288208008,8.5320463180542,8.535344123840332,8.538527488708496,8.539989471435547,8.555323600769043,8.546985626220703,8.543610572814941,8.535224914550781,8.535367012023926,8.537601470947266,8.533334732055664,8.508040428161621
6.2,8.7175,0.0,8.53588581085205,8.529271125793457,8.509734153747559,8.532344818115234,8.515395164489746,8.550142288208008,8.5320463180542,8.535344123840332,8.538527488708496,8.539989471435547,8.555323600769043,8.546985626220703,8.543610572814941,8.535224914550781,8.535367012023926,8.537601470947266,8.533334732055664,8.508040428161621
6.21,8.67176,0.0,8.53588581085205,8.529271125793457,8.509734153747559,8.532344818115234,8.515395164489746,8.550142288208008,8.5320463180542,8.535344123840332,8.538527488708496,8.539989471435547,8.555323600769043,8.546985626220703,8.543610572814941,8.535224914550781,8.535367012023926,8.537601470947266,8.533334732055664,8.508040428161621
6.22,8.62874,0.0,8.53588581085205,8.529271125793457,8.509734153747559,8.532344818115234,8.515395164489746,8.550142288208008,8.5320463180542,8.535344123840332,8.538527488708496,8.539989471435547,8.555323600769043,8.546985626220703,8.543610572814941,8.535224914550781,8.535367012023926,8.537601470947266,8.533334732055664,8.508040428161621
6.23,8.58896,0.0,8.53588581085205,8.529271125793457,8.509734153747559,8.532344818115234,8.515395164489746,8.550142288208008,8.5320463180542,8.535344123840332,8.538527488708496,8.539989471435547,8.555323600769043,8.546985626220703,8.543610572814941,8.535224914550781,8.535367012023926,8.537601470947266,8.533334732055664,8.508040428161621
6.24,8.5529,0.0,8.600031852722168,8.591917991638184,8.574878692626953,8.597516059875488,8.580098152160645,8.61497688293457,8.597311019897461,8.599313735961914,8.60312557220459,8.603522300720215,8.619904518127441,8.611897468566895,8.608880996704102,8.600196838378906,8.59938907623291,8.601261138916016,8.597526550292969,8.574793815612793
6.25,8.52094,0.0,8.600031852722168,8.591917991638184,8.574878692626953,8.597516059875488,8.580098152160645,8.61497688293457,8.597311019897461,8.599313735961914,8.60312557220459,8.603522300720215,8.619904518127441,8.611897468566895,8.608880996704102,8.600196838378906,8.59938907623291,8.601261138916016,8.597526550292969,8.574793815612793
6.26,8.49339,0.0,8.600031852722168,8.591917991638184,8.574878692626953,8.597516059875488,8.580098152160645,8.61497688293457,8.597311019897461,8.599313735961914,8.60312557220459,8.603522300720215,8.619904518127441,8.611897468566895,8.608880996704102,8.600196838378906,8.59938907623291,8.601261138916016,8.597526550292969,8.574793815612793
6.27,8.47474,0.0,8.600031852722168,8.591917991638184,8.574878692626953,8.597516059875488,8.580098152160645,8.61497688293457,8.597311019897461,8.599313735961914,8.60312557220459,8.603522300720215,8.619904518127441,8.611897468566895,8.608880996704102,8.600196838378906,8.59938907623291,8.601261138916016,8.597526550292969,8.574793815612793
6.28,8.45242,0.0,8.600031852722168,8.591917991638184,8.574878692626953,8.597516059875488,8.580098152160645,8.61497688293457,8.597311019897461,8.599313735961914,8.60312557220459,8.603522300720215,8.619904518127441,8.611897468566895,8.608880996704102,8.600196838378906,8.59938907623291,8.601261138916016,8.597526550292969,8.574793815612793
6.29,8.43925,0.0,8.660926818847656,8.65211296081543,8.63502311706543,8.659842491149902,8.641983985900879,8.676936149597168,8.65767765045166,8.659780502319336,8.664738655090332,8.66344165802002,8.679734230041504,8.671854972839355,8.66826343536377,8.660335540771484,8.658735275268555,8.661620140075684,8.658561706542969,8.635907173156738
6.3,8.43101,0.0,8.660926818847656,8.65211296081543,8.63502311706543,8.659842491149902,8.641983985900879,8.676936149597168,8.65767765045166,8.659780502319336,8.664738655090332,8.66344165802002,8.679734230041504,8.671854972839355,8.66826343536377,8.660335540771484,8.658735275268555,8.661620140075684,8.658561706542969,8.635907173156738
6.31,8.42794,0.00114,8.660926818847656,8.65211296081543,8.63502311706543,8.659842491149902,8.641983985900879,8.676936149597168,8.65767765045166,8.659780502319336,8.664738655090332,8.66344165802002,8.679734230041504,8.671854972839355,8.66826343536377,8.660335540771484,8.658735275268555,8.661620140075684,8.658561706542969,8.635907173156738
6.32,8.42907,0.00187,8.660926818847656,8.65211296081543,8.63502311706543,8.659842491149902,8.641983985900879,8.676936149597168,8.65767765045166,8.659780502319336,8.664738655090332,8.66344165802002,8.679734230041504,8.671854972839355,8.66826343536377,8.660335540771484,8.658735275268555,8.661620140075684,8.658561706542969,8.635907173156738
6.33,8.4351,0.00236,8.660926818847656,8.65211296081543,8.63502311706543,8.659842491149902,8.641983985900879,8.676936149597168,8.65767765045166,8.659780502319336,8.664738655090332,8.66344165802002,8.679734230041504,8.671854972839355,8.66826343536377,8.660335540771484,8.658735275268555,8.661620140075684,8.658561706542969,8.635907173156738
6.34,8.44551,0.00276,8.728835105895996,8.722079277038574,8.70346736907959,8.727325439453125,8.710018157958984,8.744941711425781,8.726027488708496,8.728751182556152,8.733207702636719,8.727426528930664,8.74317741394043,8.734124183654785,8.731568336486816,8.72315502166748,8.72339153289795,8.725700378417969,8.72274398803711,8.699015617370605
6.35,8.45679,0.00301,8.728835105895996,8.722079277038574,8.70346736907959,8.727325439453125,8.710018157958984,8.744941711425781,8.726027488708496,8.728751182556152,8.733207702636719,8.727426528930664,8.74317741394043,8.734124183654785,8.731568336486816,8.72315502166748,8.72339153289795,8.725700378417969,8.72274398803711,8.699015617370605
6.36,8.4784,0.00324,8.728835105895996,8.722079277038574,8.70346736907959,8.727325439453125,8.710018157958984,8.744941711425781,8.726027488708496,8.728751182556152,8.733207702636719,8.727426528930664,8.74317741394043,8.734124183654785,8.731568336486816,8.72315502166748,8.72339153289795,8.725700378417969,8.72274398803711,8.699015617370605
6.37,8.50022,0.00333,8.728835105895996,8.722079277038574,8.70346736907959,8.727325439453125,8.710018157958984,8.744941711425781,8.726027488708496,8.728751182556152,8.733207702636719,8.727426528930664,8.74317741394043,8.734124183654785,8.731568336486816,8.72315502166748,8.72339153289795,8.725700378417969,8.72274398803711,8.699015617370605
6.38,8.52514,0.0033,8.728835105895996,8.722079277038574,8.70346736907959,8.727325439453125,8.710018157958984,8.744941711425781,8.726027488708496,8.728751182556152,8.733207702636719,8.727426528930664,8.74317741394043,8.734124183654785,8.731568336486816,8.72315502166748,8.72339153289795,8.725700378417969,8.72274398803711,8.699015617370605
6.39,8.547,0.00321,8.795171737670898,8.789046287536621,8.769709587097168,8.794266700744629,8.776966094970703,8.811264038085938,8.79433536529541,8.795938491821289,8.800962448120117,8.796576499938965,8.811491966247559,8.801151275634766,8.799991607666016,8.79103946685791,8.79188346862793,8.794310569763184,8.792492866516113,8.767440795898438
6.4,8.58273,0.00294,8.795171737670898,8.789046287536621,8.769709587097168,8.794266700744629,8.776966094970703,8.811264038085938,8.79433536529541,8.795938491821289,8.800962448120117,8.796576499938965,8.811491966247559,8.801151275634766,8.799991607666016,8.79103946685791,8.79188346862793,8.794310569763184,8.792492866516113,8.767440795898438
6.41,8.61459,0.00262,8.795171737670898,8.789046287536621,8.769709587097168,8.794266700744629,8.776966094970703,8.811264038085938,8.79433536529541,8.795938491821289,8.800962448120117,8.796576499938965,8.811491966247559,8.801151275634766,8.799991607666016,8.79103946685791,8.79188346862793,8.794310569763184,8.792492866516113,8.767440795898438
6.42,8.64795,0.0022,8.795171737670898,8.789046287536621,8.769709587097168,8.794266700744629,8.776966094970703,8.811264038085938,8.79433536529541,8.795938491821289,8.800962448120117,8.796576499938965,8.811491966247559,8.801151275634766,8.799991607666016,8.79103946685791,8.79188346862793,8.794310569763184,8.792492866516113,8.767440795898438
6.43,8.68239,0.00171,8.795171737670898,8.789046287536621,8.769709587097168,8.794266700744629,8.776966094970703,8.811264038085938,8.79433536529541,8.795938491821289,8.800962448120117,8.796576499938965,8.811491966247559,8.801151275634766,8.799991607666016,8.79103946685791,8.79188346862793,8.794310569763184,8.792492866516113,8.767440795898438
6.44,8.71753,0.00113,8.8607177734375,8.853338241577148,8.833939552307129,8.859872817993164,8.841691017150879,8.87560749053955,8.859294891357422,8.860352516174316,8.865540504455566,8.860941886901855,8.875906944274902,8.866084098815918,8.865399360656738,8.8562593460083,8.856549263000488,8.859071731567383,8.857555389404297,8.8324556350708
6.45,8.75298,0.0,8.8607177734375,8.853338241577148,8.833939552307129,8.859872817993164,8.841691017150879,8.87560749053955,8.859294891357422,8.860352516174316,8.865540504455566,8.860941886901855,8.875906944274902,8.866084098815918,8.865399360656738,8.8562593460083,8.856549263000488,8.859071731567383,8.857555389404297,8.8324556350708
6.46,8.7884,0.0,8.8607177734375,8.853338241577148,8.833939552307129,8.859872817993164,8.841691017150879,8.87560749053955,8.859294891357422,8.860352516174316,8.865540504455566,8.860941886901855,8.875906944274902,8.866084098815918,8.865399360656738,8.8562593460083,8.856549263000488,8.859071731567383,8.857555389404297,8.8324556350708
6.47,8.82343,0.0,8.8607177734375,8.853338241577148,8.833939552307129,8.859872817993164,8.841691017150879,8.87560749053955,8.859294891357422,8.860352516174316,8.865540504455566,8.860941886901855,8.875906944274902,8.866084098815918,8.865399360656738,8.8562593460083,8.856549263000488,8.859071731567383,8.857555389404297,8.8324556350708
6.48,8.85778,0.0,8.8607177734375,8.853338241577148,8.833939552307129,8.859872817993164,8.841691017150879,8.87560749053955,8.859294891357422,8.860352516174316,8.865540504455566,8.860941886901855,8.875906944274902,8.866084098815918,8.865399360656738,8.8562593460083,8.856549263000488,8.859071731567383,8.857555389404297,8.8324556350708
6.49,8.89116,0.0,8.916817665100098,8.906229972839355,8.890532493591309,8.918264389038086,8.899747848510742,8.932674407958984,8.915423393249512,8.914751052856445,8.922415733337402,8.917280197143555,8.933295249938965,8.924407958984375,8.922677040100098,8.91443920135498,8.912786483764648,8.91584300994873,8.915491104125977,8.89149284362793
6.5,8.92334,0.0,8.916817665100098,8.906229972839355,8.890532493591309,8.918264389038086,8.899747848510742,8.932674407958984,8.915423393249512,8.914751052856445,8.922415733337402,8.917280197143555,8.933295249938965,8.924407958984375,8.922677040100098,8.91443920135498,8.912786483764648,8.91584300994873,8.915491104125977,8.89149284362793
6.51,8.95408,0.0,8.916817665100098,8.906229972839355,8.890532493591309,8.918264389038086,8.899747848510742,8.932674407958984,8.915423393249512,8.914751052856445,8.922415733337402,8.917280197143555,8.933295249938965,8.924407958984375,8.922677040100098,8.91443920135498,8.912786483764648,8.91584300994873,8.915491104125977,8.89149284362793
6.52,8.97749,0.0,8.916817665100098,8.906229972839355,8.890532493591309,8.918264389038086,8.899747848510742,8.932674407958984,8.915423393249512,8.914751052856445,8.922415733337402,8.917280197143555,8.933295249938965,8.924407958984375,8.922677040100098,8.91443920135498,8.912786483764648,8.91584300994873,8.915491104125977,8.89149284362793
6.53,9.01065,0.0,8.916817665100098,8.906229972839355,8.890532493591309,8.918264389038086,8.899747848510742,8.932674407958984,8.915423393249512,8.914751052856445,8.922415733337402,8.917280197143555,8.933295249938965,8.924407958984375,8.922677040100098,8.91443920135498,8.912786483764648,8.91584300994873,8.915491104125977,8.89149284362793
6.54,9.03621,0.0,8.976544380187988,8.965800285339355,8.950519561767578,8.9779052734375,8.95920467376709,8.993205070495605,8.974859237670898,8.973772048950195,8.982033729553223,8.972628593444824,8.988773345947266,8.980118751525879,8.977804183959961,8.970100402832031,8.968332290649414,8.971782684326172,8.971216201782227,8.946491241455078
6.55,9.05984,0.0,8.976544380187988,8.965800285339355,8.950519561767578,8.9779052734375,8.95920467376709,8.993205070495605,8.974859237670898,8.973772048950195,8.982033729553223,8.972628593444824,8.988773345947266,8.980118751525879,8.977804183959961,8.970100402832031,8.968332290649414,8.971782684326172,8.971216201782227,8.946491241455078
6.56,9.0773,0.0,8.976544380187988,8.965800285339355,8.950519561767578,8.9779052734375,8.95920467376709,8.993205070495605,8.974859237670898,8.973772048950195,8.982033729553223,8.972628593444824,8.988773345947266,8.980118751525879,8.977804183959961,8.970100402832031,8.968332290649414,8.971782684326172,8.971216201782227,8.946491241455078
6.57,9.10122,0.0,8.976544380187988,8.965800285339355,8.950519561767578,8.9779052734375,8.95920467376709,8.993205070495605,8.974859237670898,8.973772048950195,8.982033729553223,8.972628593444824,8.988773345947266,8.980118751525879,8.977804183959961,8.970100402832031,8.968332290649414,8.971782684326172,8.971216201782227,8.946491241455078
6.58,9.11898,0.0,8.976544380187988,8.965800285339355,8.950519561767578,8.9779052734375,8.95920467376709,8.993205070495605,8.974859237670898,8.973772048950195,8.982033729553223,8.972628593444824,8.988773345947266,8.980118751525879,8.977804183959961,8.970100402832031,8.968332290649414,8.971782684326172,8.971216201782227,8.946491241455078
6.59,9.13483,0.0,9.036961555480957,9.02578353881836,9.011773109436035,9.037911415100098,9.02000904083252,9.053802490234375,9.036745071411133,9.034261703491211,9.042859077453613,9.03144359588623,9.049051284790039,9.038735389709473,9.037290573120117,9.028912544250488,9.028345108032227,9.031281471252441,9.03032112121582,9.005988121032715
6.6,9.14617,0.0,9.036961555480957,9.02578353881836,9.011773109436035,9.037911415100098,9.02000904083252,9.053802490234375,9.036745071411133,9.034261703491211,9.042859077453613,9.03144359588623,9.049051284790039,9.038735389709473,9.037290573120117,9.028912544250488,9.028345108032227,9.031281471252441,9.03032112121582,9.005988121032715
6.61,9.16116,0.0,9.036961555480957,9.02578353881836,9.011773109436035,9.037911415100098,9.02000904083252,9.053802490234375,9.036745071411133,9.034261703491211,9.042859077453613,9.03144359588623,9.049051284790039,9.038735389709473,9.037290573120117,9.028912544250488,9.028345108032227,9.031281471252441,9.03032112121582,9.005988121032715
6.62,9.17185,0.0,9.036961555480957,9.02578353881836,9.011773109436035,9.037911415100098,9.02000904083252,9.053802490234375,9.036745071411133,9.034261703491211,9.042859077453613,9.03144359588623,9.049051284790039,9.038735389709473,9.037290573120117,9.028912544250488,9.028345108032227,9.031281471252441,9.03032112121582,9.005988121032715
6.63,9.18105,0.0,9.036961555480957,9.02578353881836,9.011773109436035,9.037911415100098,9.02000904083252,9.053802490234375,9.036745071411133,9.034261703491211,9.042859077453613,9.03144359588623,9.049051284790039,9.038735389709473,9.037290573120117,9.028912544250488,9.028345108032227,9.031281471252441,9.03032112121582,9.005988121032715
6.64,9.18743,0.0,9.100013732910156,9.088264465332031,9.074041366577148,9.099998474121094,9.082438468933105,9.115797996520996,9.100193977355957,9.096575736999512,9.105291366577148,9.095282554626465,9.11329174041748,9.101089477539062,9.100564956665039,9.091920852661133,9.092155456542969,9.094979286193848,9.09423828125,9.069109916687012
6.65,9.1956,0.0,9.100013732910156,9.088264465332031,9.074041366577148,9.099998474121094,9.082438468933105,9.115797996520996,9.100193977355957,9.096575736999512,9.105291366577148,9.095282554626465,9.11329174041748,9.101089477539062,9.100564956665039,9.091920852661133,9.092155456542969,9.094979286193848,9.09423828125,9.069109916687012
6.66,9.20126,0.0,9.100013732910156,9.088264465332031,9.074041366577148,9.099998474121094,9.082438468933105,9.115797996520996,9.100193977355957,9.096575736999512,9.105291366577148,9.095282554626465,9.11329174041748,9.101089477539062,9.100564956665039,9.091920852661133,9.092155456542969,9.094979286193848,9.09423828125,9.069109916687012
6.67,9.20608,0.0,9.100013732910156,9.088264465332031,9.074041366577148,9.099998474121094,9.082438468933105,9.115797996520996,9.100193977355957,9.096575736999512,9.105291366577148,9.095282554626465,9.11329174041748,9.101089477539062,9.100564956665039,9.091920852661133,9.092155456542969,9.094979286193848,9.09423828125,9.069109916687012
6.68,9.2102,0.0,9.100013732910156,9.088264465332031,9.074041366577148,9.099998474121094,9.082438468933105,9.115797996520996,9.100193977355957,9.096575736999512,9.105291366577148,9.095282554626465,9.11329174041748,9.101089477539062,9.100564956665039,9.091920852661133,9.092155456542969,9.094979286193848,9.09423828125,9.069109916687012
6.69,9.21381,0.0,9.155120849609375,9.141508102416992,9.129106521606445,9.156339645385742,9.138344764709473,9.170971870422363,9.155963897705078,9.150516510009766,9.160140037536621,9.152997970581055,9.172008514404297,9.159985542297363,9.158242225646973,9.150269508361816,9.150113105773926,9.152994155883789,9.151671409606934,9.127718925476074
6.7,9.21706,0.0,9.155120849609375,9.141508102416992,9.129106521606445,9.156339645385742,9.138344764709473,9.170971870422363,9.155963897705078,9.150516510009766,9.160140037536621,9.152997970581055,9.172008514404297,9.159985542297363,9.158242225646973,9.150269508361816,9.150113105773926,9.152994155883789,9.151671409606934,9.127718925476074
6.71,9.22012,0.0,9.155120849609375,9.141508102416992,9.129106521606445,9.156339645385742,9.138344764709473,9.170971870422363,9.155963897705078,9.150516510009766,9.160140037536621,9.152997970581055,9.172008514404297,9.159985542297363,9.158242225646973,9.150269508361816,9.150113105773926,9.152994155883789,9.151671409606934,9.127718925476074
6.72,9.22312,0.0,9.155120849609375,9.141508102416992,9.129106521606445,9.156339645385742,9.138344764709473,9.170971870422363,9.155963897705078,9.150516510009766,9.160140037536621,9.152997970581055,9.172008514404297,9.159985542297363,9.158242225646973,9.150269508361816,9.150113105773926,9.152994155883789,9.151671409606934,9.127718925476074
6.73,9.22621,0.0,9.155120849609375,9.141508102416992,9.129106521606445,9.156339645385742,9.138344764709473,9.170971870422363,9.155963897705078,9.150516510009766,9.160140037536621,9.152997970581055,9.172008514404297,9.159985542297363,9.158242225646973,9.150269508361816,9.150113105773926,9.152994155883789,9.151671409606934,9.127718925476074
6.74,9.22952,0.0,9.21399974822998,9.201536178588867,9.189935684204102,9.216667175292969,9.197874069213867,9.229928970336914,9.217257499694824,9.208046913146973,9.220442771911621,9.20790958404541,9.228978157043457,9.217691421508789,9.21589183807373,9.206914901733398,9.209482192993164,9.210420608520508,9.206585884094238,9.185725212097168
6.75,9.23316,0.001,9.21399974822998,9.201536178588867,9.189935684204102,9.216667175292969,9.197874069213867,9.229928970336914,9.217257499694824,9.208046913146973,9.220442771911621,9.20790958404541,9.228978157043457,9.217691421508789,9.21589183807373,9.206914901733398,9.209482192993164,9.210420608520508,9.206585884094238,9.185725212097168
6.76,9.23723,0.00305,9.21399974822998,9.201536178588867,9.189935684204102,9.216667175292969,9.197874069213867,9.229928970336914,9.217257499694824,9.208046913146973,9.220442771911621,9.20790958404541,9.228978157043457,9.217691421508789,9.21589183807373,9.206914901733398,9.209482192993164,9.210420608520508,9.206585884094238,9.185725212097168
6.77,9.24085,0.00481,9.21399974822998,9.201536178588867,9.189935684204102,9.216667175292969,9.197874069213867,9.229928970336914,9.217257499694824,9.208046913146973,9.220442771911621,9.20790958404541,9.228978157043457,9.217691421508789,9.21589183807373,9.206914901733398,9.209482192993164,9.210420608520508,9.206585884094238,9.185725212097168
6.78,9.247,0.00767,9.21399974822998,9.201536178588867,9.189935684204102,9.216667175292969,9.197874069213867,9.229928970336914,9.217257499694824,9.208046913146973,9.220442771911621,9.20790958404541,9.228978157043457,9.217691421508789,9.21589183807373,9.206914901733398,9.209482192993164,9.210420608520508,9.206585884094238,9.185725212097168
6.79,9.25282,0.01023,9.274259567260742,9.259820938110352,9.2525053024292,9.275343894958496,9.255447387695312,9.28830623626709,9.283923149108887,9.26796817779541,9.280653953552246,9.267029762268066,9.29456615447998,9.282842636108398,9.28399658203125,9.270501136779785,9.275252342224121,9.27437973022461,9.26603889465332,9.253031730651855
6.8,9.25933,0.01297,9.274259567260742,9.259820938110352,9.2525053024292,9.275343894958496,9.255447387695312,9.28830623626709,9.283923149108887,9.26796817779541,9.280653953552246,9.267029762268066,9.29456615447998,9.282842636108398,9.28399658203125,9.270501136779785,9.275252342224121,9.27437973022461,9.26603889465332,9.253031730651855
6.81,9.26503,0.01528,9.274259567260742,9.259820938110352,9.2525053024292,9.275343894958496,9.255447387695312,9.28830623626709,9.283923149108887,9.26796817779541,9.280653953552246,9.267029762268066,9.29456615447998,9.282842636108398,9.28399658203125,9.270501136779785,9.275252342224121,9.27437973022461,9.26603889465332,9.253031730651855
6.82,9.27449,0.01895,9.274259567260742,9.259820938110352,9.2525053024292,9.275343894958496,9.255447387695312,9.28830623626709,9.283923149108887,9.26796817779541,9.280653953552246,9.267029762268066,9.29456615447998,9.282842636108398,9.28399658203125,9.270501136779785,9.275252342224121,9.27437973022461,9.26603889465332,9.253031730651855
6.83,9.28316,0.02218,9.274259567260742,9.259820938110352,9.2525053024292,9.275343894958496,9.255447387695312,9.28830623626709,9.283923149108887,9.26796817779541,9.280653953552246,9.267029762268066,9.29456615447998,9.282842636108398,9.28399658203125,9.270501136779785,9.275252342224121,9.27437973022461,9.26603889465332,9.253031730651855
6.84,9.29255,0.02558,9.335341453552246,9.32060432434082,9.312864303588867,9.336275100708008,9.315755844116211,9.3485689163208,9.34645938873291,9.329855918884277,9.341788291931152,9.33018970489502,9.360966682434082,9.348103523254395,9.351824760437012,9.335415840148926,9.341217994689941,9.340851783752441,9.329166412353516,9.323629379272461
6.85,9.30053,0.0284,9.335341453552246,9.32060432434082,9.312864303588867,9.336275100708008,9.315755844116211,9.3485689163208,9.34645938873291,9.329855918884277,9.341788291931152,9.33018970489502,9.360966682434082,9.348103523254395,9.351824760437012,9.335415840148926,9.341217994689941,9.340851783752441,9.329166412353516,9.323629379272461
6.86,9.31333,0.03284,9.335341453552246,9.32060432434082,9.312864303588867,9.336275100708008,9.315755844116211,9.3485689163208,9.34645938873291,9.329855918884277,9.341788291931152,9.33018970489502,9.360966682434082,9.348103523254395,9.351824760437012,9.335415840148926,9.341217994689941,9.340851783752441,9.329166412353516,9.323629379272461
6.87,9.32464,0.03671,9.335341453552246,9.32060432434082,9.312864303588867,9.336275100708008,9.315755844116211,9.3485689163208,9.34645938873291,9.329855918884277,9.341788291931152,9.33018970489502,9.360966682434082,9.348103523254395,9.351824760437012,9.335415840148926,9.341217994689941,9.340851783752441,9.329166412353516,9.323629379272461
6.88,9.33651,0.04072,9.335341453552246,9.32060432434082,9.312864303588867,9.336275100708008,9.315755844116211,9.3485689163208,9.34645938873291,9.329855918884277,9.341788291931152,9.33018970489502,9.360966682434082,9.348103523254395,9.351824760437012,9.335415840148926,9.341217994689941,9.340851783752441,9.329166412353516,9.323629379272461
6.89,9.34633,0.04403,9.391304016113281,9.375073432922363,9.369778633117676,9.393487930297852,9.36967945098877,9.404308319091797,9.40825080871582,9.38724422454834,9.397697448730469,9.40043830871582,9.433843612670898,9.4176664352417,9.422840118408203,9.40501880645752,9.410286903381348,9.410572052001953,9.39877700805664,9.396003723144531
6.9,9.36164,0.04918,9.391304016113281,9.375073432922363,9.369778633117676,9.393487930297852,9.36967945098877,9.404308319091797,9.40825080871582,9.38724422454834,9.397697448730469,9.40043830871582,9.433843612670898,9.4176664352417,9.422840118408203,9.40501880645752,9.410286903381348,9.410572052001953,9.39877700805664,9.396003723144531
6.91,9.37478,0.05361,9.391304016113281,9.375073432922363,9.369778633117676,9.393487930297852,9.36967945098877,9.404308319091797,9.40825080871582,9.38724422454834,9.397697448730469,9.40043830871582,9.433843612670898,9.4176664352417,9.422840118408203,9.40501880645752,9.410286903381348,9.410572052001953,9.39877700805664,9.396003723144531
6.92,9.38819,0.05818,9.391304016113281,9.375073432922363,9.369778633117676,9.393487930297852,9.36967945098877,9.404308319091797,9.40825080871582,9.38724422454834,9.397697448730469,9.40043830871582,9.433843612670898,9.4176664352417,9.422840118408203,9.40501880645752,9.410286903381348,9.410572052001953,9.39877700805664,9.396003723144531
6.93,9.40181,0.06288,9.391304016113281,9.375073432922363,9.369778633117676,9.393487930297852,9.36967945098877,9.404308319091797,9.40825080871582,9.38724422454834,9.397697448730469,9.40043830871582,9.433843612670898,9.4176664352417,9.422840118408203,9.40501880645752,9.410286903381348,9.410572052001953,9.39877700805664,9.396003723144531
6.94,9.41557,0.06769,9.443482398986816,9.428426742553711,9.423222541809082,9.449278831481934,9.423373222351074,9.460036277770996,9.463221549987793,9.442317962646484,9.45271110534668,9.462876319885254,9.4937744140625,9.478656768798828,9.483283042907715,9.465863227844238,9.470394134521484,9.471484184265137,9.458206176757812,9.458873748779297
6.95,9.42938,0.07262,9.443482398986816,9.428426742553711,9.423222541809082,9.449278831481934,9.423373222351074,9.460036277770996,9.463221549987793,9.442317962646484,9.45271110534668,9.462876319885254,9.4937744140625,9.478656768798828,9.483283042907715,9.465863227844238,9.470394134521484,9.471484184265137,9.458206176757812,9.458873748779297
6.96,9.44319,0.07766,9.443482398986816,9.428426742553711,9.423222541809082,9.449278831481934,9.423373222351074,9.460036277770996,9.463221549987793,9.442317962646484,9.45271110534668,9.462876319885254,9.4937744140625,9.478656768798828,9.483283042907715,9.465863227844238,9.470394134521484,9.471484184265137,9.458206176757812,9.458873748779297
6.97,9.45692,0.08281,9.443482398986816,9.428426742553711,9.423222541809082,9.449278831481934,9.423373222351074,9.460036277770996,9.463221549987793,9.442317962646484,9.45271110534668,9.462876319885254,9.4937744140625,9.478656768798828,9.483283042907715,9.465863227844238,9.470394134521484,9.471484184265137,9.458206176757812,9.458873748779297
6.98,9.47051,0.08804,9.443482398986816,9.428426742553711,9.423222541809082,9.449278831481934,9.423373222351074,9.460036277770996,9.463221549987793,9.442317962646484,9.45271110534668,9.462876319885254,9.4937744140625,9.478656768798828,9.483283042907715,9.465863227844238,9.470394134521484,9.471484184265137,9.458206176757812,9.458873748779297
6.99,9.48391,0.09336,9.485158920288086,9.470925331115723,9.470947265625,9.497359275817871,9.468547821044922,9.50700569152832,9.512822151184082,9.487781524658203,9.498323440551758,9.51473617553711,9.546196937561035,9.531061172485352,9.536086082458496,9.517061233520508,9.522095680236816,9.5220365524292,9.50815486907959,9.511617660522461
7.0,9.49705,0.09875,9.485158920288086,9.470925331115723,9.470947265625,9.497359275817871,9.468547821044922,9.50700569152832,9.512822151184082,9.487781524658203,9.498323440551758,9.51473617553711,9.546196937561035,9.531061172485352,9.536086082458496,9.517061233520508,9.522095680236816,9.5220365524292,9.50815486907959,9.511617660522461
7.01,9.5099,0.10421,9.485158920288086,9.470925331115723,9.470947265625,9.497359275817871,9.468547821044922,9.50700569152832,9.512822151184082,9.487781524658203,9.498323440551758,9.51473617553711,9.546196937561035,9.531061172485352,9.536086082458496,9.517061233520508,9.522095680236816,9.5220365524292,9.50815486907959,9.511617660522461
7.02,9.51991,0.10861,9.485158920288086,9.470925331115723,9.470947265625,9.497359275817871,9.468547821044922,9.50700569152832,9.512822151184082,9.487781524658203,9.498323440551758,9.51473617553711,9.546196937561035,9.531061172485352,9.536086082458496,9.517061233520508,9.522095680236816,9.5220365524292,9.50815486907959,9.511617660522461
7.03,9.53454,0.11528,9.485158920288086,9.470925331115723,9.470947265625,9.497359275817871,9.468547821044922,9.50700569152832,9.512822151184082,9.487781524658203,9.498323440551758,9.51473617553711,9.546196937561035,9.531061172485352,9.536086082458496,9.517061233520508,9.522095680236816,9.5220365524292,9.50815486907959,9.511617660522461
7.04,9.54628,0.12087,9.52382755279541,9.513203620910645,9.51478385925293,9.542179107666016,9.512131690979004,9.552997589111328,9.555339813232422,9.530786514282227,9.541779518127441,9.558324813842773,9.588889122009277,9.574115753173828,9.579330444335938,9.559346199035645,9.564569473266602,9.565479278564453,9.549952507019043,9.553377151489258
7.05,9.5576,0.12648,9.52382755279541,9.513203620910645,9.51478385925293,9.542179107666016,9.512131690979004,9.552997589111328,9.555339813232422,9.530786514282227,9.541779518127441,9.558324813842773,9.588889122009277,9.574115753173828,9.579330444335938,9.559346199035645,9.564569473266602,9.565479278564453,9.549952507019043,9.553377151489258
7.06,9.56632,0.13096,9.52382755279541,9.513203620910645,9.51478385925293,9.542179107666016,9.512131690979004,9.552997589111328,9.555339813232422,9.530786514282227,9.541779518127441,9.558324813842773,9.588889122009277,9.574115753173828,9.579330444335938,9.559346199035645,9.564569473266602,9.565479278564453,9.549952507019043,9.553377151489258
7.07,9.57892,0.13769,9.52382755279541,9.513203620910645,9.51478385925293,9.542179107666016,9.512131690979004,9.552997589111328,9.555339813232422,9.530786514282227,9.541779518127441,9.558324813842773,9.588889122009277,9.574115753173828,9.579330444335938,9.559346199035645,9.564569473266602,9.565479278564453,9.549952507019043,9.553377151489258
7.08,9.58892,0.14327,9.52382755279541,9.513203620910645,9.51478385925293,9.542179107666016,9.512131690979004,9.552997589111328,9.555339813232422,9.530786514282227,9.541779518127441,9.558324813842773,9.588889122009277,9.574115753173828,9.579330444335938,9.559346199035645,9.564569473266602,9.565479278564453,9.549952507019043,9.553377151489258
7.09,9.59849,0.14881,9.555953025817871,9.550597190856934,9.553323745727539,9.582645416259766,9.549651145935059,9.592340469360352,9.592730522155762,9.567865371704102,9.578514099121094,9.599625587463379,9.628244400024414,9.611330032348633,9.616436004638672,9.595626831054688,9.602547645568848,9.603196144104004,9.589305877685547,9.587394714355469
7.1,9.60582,0.15319,9.555953025817871,9.550597190856934,9.553323745727539,9.582645416259766,9.549651145935059,9.592340469360352,9.592730522155762,9.567865371704102,9.578514099121094,9.599625587463379,9.628244400024414,9.611330032348633,9.616436004638672,9.595626831054688,9.602547645568848,9.603196144104004,9.589305877685547,9.587394714355469
7.11,9.61636,0.15971,9.555953025817871,9.550597190856934,9.553323745727539,9.582645416259766,9.549651145935059,9.592340469360352,9.592730522155762,9.567865371704102,9.578514099121094,9.599625587463379,9.628244400024414,9.611330032348633,9.616436004638672,9.595626831054688,9.602547645568848,9.603196144104004,9.589305877685547,9.587394714355469
7.12,9.6247,0.16504,9.555953025817871,9.550597190856934,9.553323745727539,9.582645416259766,9.549651145935059,9.592340469360352,9.592730522155762,9.567865371704102,9.578514099121094,9.599625587463379,9.628244400024414,9.611330032348633,9.616436004638672,9.595626831054688,9.602547645568848,9.603196144104004,9.589305877685547,9.587394714355469
7.13,9.63267,0.17026,9.555953025817871,9.550597190856934,9.553323745727539,9.582645416259766,9.549651145935059,9.592340469360352,9.592730522155762,9.567865371704102,9.578514099121094,9.599625587463379,9.628244400024414,9.611330032348633,9.616436004638672,9.595626831054688,9.602547645568848,9.603196144104004,9.589305877685547,9.587394714355469
7.14,9.63878,0.17434,9.577423095703125,9.57827091217041,9.588733673095703,9.613016128540039,9.577695846557617,9.62479305267334,9.625068664550781,9.598742485046387,9.60740852355957,9.642938613891602,9.669979095458984,9.652334213256836,9.656661987304688,9.634260177612305,9.640174865722656,9.641375541687012,9.629499435424805,9.62057113647461
7.15,9.6476,0.18033,9.577423095703125,9.57827091217041,9.588733673095703,9.613016128540039,9.577695846557617,9.62479305267334,9.625068664550781,9.598742485046387,9.60740852355957,9.642938613891602,9.669979095458984,9.652334213256836,9.656661987304688,9.634260177612305,9.640174865722656,9.641375541687012,9.629499435424805,9.62057113647461
7.16,9.65463,0.18514,9.577423095703125,9.57827091217041,9.588733673095703,9.613016128540039,9.577695846557617,9.62479305267334,9.625068664550781,9.598742485046387,9.60740852355957,9.642938613891602,9.669979095458984,9.652334213256836,9.656661987304688,9.634260177612305,9.640174865722656,9.641375541687012,9.629499435424805,9.62057113647461
7.17,9.6614,0.18978,9.577423095703125,9.57827091217041,9.588733673095703,9.613016128540039,9.577695846557617,9.62479305267334,9.625068664550781,9.598742485046387,9.60740852355957,9.642938613891602,9.669979095458984,9.652334213256836,9.656661987304688,9.634260177612305,9.640174865722656,9.641375541687012,9.629499435424805,9.62057113647461
7.18,9.66794,0.19424,9.577423095703125,9.57827091217041,9.588733673095703,9.613016128540039,9.577695846557617,9.62479305267334,9.625068664550781,9.598742485046387,9.60740852355957,9.642938613891602,9.669979095458984,9.652334213256836,9.656661987304688,9.634260177612305,9.640174865722656,9.641375541687012,9.629499435424805,9.62057113647461
7.19,9.6743,0.19849,9.601634979248047,9.614020347595215,9.622980117797852,9.644325256347656,9.608039855957031,9.659734725952148,9.652946472167969,9.633316993713379,9.638035774230957,9.675642967224121,9.695441246032715,9.681351661682129,9.68524169921875,9.660625457763672,9.668314933776855,9.669062614440918,9.656357765197754,9.641802787780762
7.2,9.68048,0.20253,9.601634979248047,9.614020347595215,9.622980117797852,9.644325256347656,9.608039855957031,9.659734725952148,9.652946472167969,9.633316993713379,9.638035774230957,9.675642967224121,9.695441246032715,9.681351661682129,9.68524169921875,9.660625457763672,9.668314933776855,9.669062614440918,9.656357765197754,9.641802787780762
7.21,9.68653,0.20635,9.601634979248047,9.614020347595215,9.622980117797852,9.644325256347656,9.608039855957031,9.659734725952148,9.652946472167969,9.633316993713379,9.638035774230957,9.675642967224121,9.695441246032715,9.681351661682129,9.68524169921875,9.660625457763672,9.668314933776855,9.669062614440918,9.656357765197754,9.641802787780762
7.22,9.69247,0.20992,9.601634979248047,9.614020347595215,9.622980117797852,9.644325256347656,9.608039855957031,9.659734725952148,9.652946472167969,9.633316993713379,9.638035774230957,9.675642967224121,9.695441246032715,9.681351661682129,9.68524169921875,9.660625457763672,9.668314933776855,9.669062614440918,9.656357765197754,9.641802787780762
7.23,9.69832,0.21324,9.601634979248047,9.614020347595215,9.622980117797852,9.644325256347656,9.608039855957031,9.659734725952148,9.652946472167969,9.633316993713379,9.638035774230957,9.675642967224121,9.695441246032715,9.681351661682129,9.68524169921875,9.660625457763672,9.668314933776855,9.669062614440918,9.656357765197754,9.641802787780762
7.24,9.7041,0.2163,9.622852325439453,9.644861221313477,9.65298843383789,9.672895431518555,9.639751434326172,9.691489219665527,9.675260543823242,9.664274215698242,9.669629096984863,9.70183277130127,9.713611602783203,9.702250480651855,9.707335472106934,9.683228492736816,9.690088272094727,9.69223690032959,9.680797576904297,9.659765243530273
7.25,9.70983,0.21909,9.622852325439453,9.644861221313477,9.65298843383789,9.672895431518555,9.639751434326172,9.691489219665527,9.675260543823242,9.664274215698242,9.669629096984863,9.70183277130127,9.713611602783203,9.702250480651855,9.707335472106934,9.683228492736816,9.690088272094727,9.69223690032959,9.680797576904297,9.659765243530273
7.26,9.71551,0.22161,9.622852325439453,9.644861221313477,9.65298843383789,9.672895431518555,9.639751434326172,9.691489219665527,9.675260543823242,9.664274215698242,9.669629096984863,9.70183277130127,9.713611602783203,9.702250480651855,9.707335472106934,9.683228492736816,9.690088272094727,9.69223690032959,9.680797576904297,9.659765243530273
7.27,9.72003,0.22341,9.622852325439453,9.644861221313477,9.65298843383789,9.672895431518555,9.639751434326172,9.691489219665527,9.675260543823242,9.664274215698242,9.669629096984863,9.70183277130127,9.713611602783203,9.702250480651855,9.707335472106934,9.683228492736816,9.690088272094727,9.69223690032959,9.680797576904297,9.659765243530273
7.28,9.7268,0.22579,9.622852325439453,9.644861221313477,9.65298843383789,9.672895431518555,9.639751434326172,9.691489219665527,9.675260543823242,9.664274215698242,9.669629096984863,9.70183277130127,9.713611602783203,9.702250480651855,9.707335472106934,9.683228492736816,9.690088272094727,9.69223690032959,9.680797576904297,9.659765243530273
7.29,9.73241,0.22745,9.645655632019043,9.677196502685547,9.68055248260498,9.70233154296875,9.673370361328125,9.723947525024414,9.693507194519043,9.694131851196289,9.700154304504395,9.725275993347168,9.728071212768555,9.717965126037598,9.724077224731445,9.70349407196045,9.706799507141113,9.713207244873047,9.705438613891602,9.670194625854492
7.3,9.738,0.22882,9.645655632019043,9.677196502685547,9.68055248260498,9.70233154296875,9.673370361328125,9.723947525024414,9.693507194519043,9.694131851196289,9.700154304504395,9.725275993347168,9.728071212768555,9.717965126037598,9.724077224731445,9.70349407196045,9.706799507141113,9.713207244873047,9.705438613891602,9.670194625854492
7.31,9.74244,0.2297,9.645655632019043,9.677196502685547,9.68055248260498,9.70233154296875,9.673370361328125,9.723947525024414,9.693507194519043,9.694131851196289,9.700154304504395,9.725275993347168,9.728071212768555,9.717965126037598,9.724077224731445,9.70349407196045,9.706799507141113,9.713207244873047,9.705438613891602,9.670194625854492
7.32,9.74908,0.23069,9.645655632019043,9.677196502685547,9.68055248260498,9.70233154296875,9.673370361328125,9.723947525024414,9.693507194519043,9.694131851196289,9.700154304504395,9.725275993347168,9.728071212768555,9.717965126037598,9.724077224731445,9.70349407196045,9.706799507141113,9.713207244873047,9.705438613891602,9.670194625854492
7.33,9.75455,0.2312,9.645655632019043,9.677196502685547,9.68055248260498,9.70233154296875,9.673370361328125,9.723947525024414,9.693507194519043,9.694131851196289,9.700154304504395,9.725275993347168,9.728071212768555,9.717965126037598,9.724077224731445,9.70349407196045,9.706799507141113,9.713207244873047,9.705438613891602,9.670194625854492
7.34,9.75996,0.23143,9.67239761352539,9.711273193359375,9.714056015014648,9.732097625732422,9.707733154296875,9.757328987121582,9.718355178833008,9.727099418640137,9.732061386108398,9.756360054016113,9.753477096557617,9.741572380065918,9.748763084411621,9.731066703796387,9.730788230895996,9.739285469055176,9.737086296081543,9.684185028076172
7.35,9.76422,0.23141,9.67239761352539,9.711273193359375,9.714056015014648,9.732097625732422,9.707733154296875,9.757328987121582,9.718355178833008,9.727099418640137,9.732061386108398,9.756360054016113,9.753477096557617,9.741572380065918,9.748763084411621,9.731066703796387,9.730788230895996,9.739285469055176,9.737086296081543,9.684185028076172
7.36,9.77052,0.23107,9.67239761352539,9.711273193359375,9.714056015014648,9.732097625732422,9.707733154296875,9.757328987121582,9.718355178833008,9.727099418640137,9.732061386108398,9.756360054016113,9.753477096557617,9.741572380065918,9.748763084411621,9.731066703796387,9.730788230895996,9.739285469055176,9.737086296081543,9.684185028076172
7.37,9.77564,0.23049,9.67239761352539,9.711273193359375,9.714056015014648,9.732097625732422,9.707733154296875,9.757328987121582,9.718355178833008,9.727099418640137,9.732061386108398,9.756360054016113,9.753477096557617,9.741572380065918,9.748763084411621,9.731066703796387,9.730788230895996,9.739285469055176,9.737086296081543,9.684185028076172
7.38,9.78062,0.22967,9.67239761352539,9.711273193359375,9.714056015014648,9.732097625732422,9.707733154296875,9.757328987121582,9.718355178833008,9.727099418640137,9.732061386108398,9.756360054016113,9.753477096557617,9.741572380065918,9.748763084411621,9.731066703796387,9.730788230895996,9.739285469055176,9.737086296081543,9.684185028076172
7.39,9.78448,0.22883,9.699287414550781,9.74311351776123,9.744656562805176,9.761597633361816,9.741816520690918,9.78813648223877,9.740418434143066,9.7568941116333,9.760753631591797,9.783167839050293,9.775900840759277,9.763784408569336,9.770891189575195,9.75521183013916,9.752178192138672,9.761283874511719,9.763320922851562,9.696066856384277
7.4,9.79008,0.22728,9.699287414550781,9.74311351776123,9.744656562805176,9.761597633361816,9.741816520690918,9.78813648223877,9.740418434143066,9.7568941116333,9.760753631591797,9.783167839050293,9.775900840759277,9.763784408569336,9.770891189575195,9.75521183013916,9.752178192138672,9.761283874511719,9.763320922851562,9.696066856384277
7.41,9.79451,0.22574,9.699287414550781,9.74311351776123,9.744656562805176,9.761597633361816,9.741816520690918,9.78813648223877,9.740418434143066,9.7568941116333,9.760753631591797,9.783167839050293,9.775900840759277,9.763784408569336,9.770891189575195,9.75521183013916,9.752178192138672,9.761283874511719,9.763320922851562,9.696066856384277
7.42,9.79873,0.22397,9.699287414550781,9.74311351776123,9.744656562805176,9.761597633361816,9.741816520690918,9.78813648223877,9.740418434143066,9.7568941116333,9.760753631591797,9.783167839050293,9.775900840759277,9.763784408569336,9.770891189575195,9.75521183013916,9.752178192138672,9.761283874511719,9.763320922851562,9.696066856384277
7.43,9.80271,0.22199,9.699287414550781,9.74311351776123,9.744656562805176,9.761597633361816,9.741816520690918,9.78813648223877,9.740418434143066,9.7568941116333,9.760753631591797,9.783167839050293,9.775900840759277,9.763784408569336,9.770891189575195,9.75521183013916,9.752178192138672,9.761283874511719,9.763320922851562,9.696066856384277
7.44,9.80642,0.21981,9.71714973449707,9.76131534576416,9.76565170288086,9.781749725341797,9.765420913696289,9.806697845458984,9.755582809448242,9.773284912109375,9.778263092041016,9.795169830322266,9.788918495178223,9.779611587524414,9.78488826751709,9.768433570861816,9.764900207519531,9.771712303161621,9.775473594665527,9.700653076171875
7.45,9.80987,0.21742,9.71714973449707,9.76131534576416,9.76565170288086,9.781749725341797,9.765420913696289,9.806697845458984,9.755582809448242,9.773284912109375,9.778263092041016,9.795169830322266,9.788918495178223,9.779611587524414,9.78488826751709,9.768433570861816,9.764900207519531,9.771712303161621,9.775473594665527,9.700653076171875
7.46,9.81303,0.21483,9.71714973449707,9.76131534576416,9.76565170288086,9.781749725341797,9.765420913696289,9.806697845458984,9.755582809448242,9.773284912109375,9.778263092041016,9.795169830322266,9.788918495178223,9.779611587524414,9.78488826751709,9.768433570861816,9.764900207519531,9.771712303161621,9.775473594665527,9.700653076171875
7.47,9.81589,0.21204,9.71714973449707,9.76131534576416,9.76565170288086,9.781749725341797,9.765420913696289,9.806697845458984,9.755582809448242,9.773284912109375,9.778263092041016,9.795169830322266,9.788918495178223,9.779611587524414,9.78488826751709,9.768433570861816,9.764900207519531,9.771712303161621,9.775473594665527,9.700653076171875
7.48,9.81845,0.20907,9.71714973449707,9.76131534576416,9.76565170288086,9.781749725341797,9.765420913696289,9.806697845458984,9.755582809448242,9.773284912109375,9.778263092041016,9.795169830322266,9.788918495178223,9.779611587524414,9.78488826751709,9.768433570861816,9.764900207519531,9.771712303161621,9.775473594665527,9.700653076171875
7.49,9.8207,0.2059,9.733595848083496,9.774600982666016,9.7815523147583,9.795326232910156,9.781427383422852,9.81978988647461,9.767875671386719,9.783615112304688,9.789327621459961,9.795454978942871,9.79411792755127,9.7886962890625,9.791643142700195,9.77273941040039,9.770520210266113,9.774803161621094,9.776610374450684,9.698969841003418
7.5,9.82265,0.20254,9.733595848083496,9.774600982666016,9.7815523147583,9.795326232910156,9.781427383422852,9.81978988647461,9.767875671386719,9.783615112304688,9.789327621459961,9.795454978942871,9.79411792755127,9.7886962890625,9.791643142700195,9.77273941040039,9.770520210266113,9.774803161621094,9.776610374450684,9.698969841003418
7.51,9.82429,0.19899,9.733595848083496,9.774600982666016,9.7815523147583,9.795326232910156,9.781427383422852,9.81978988647461,9.767875671386719,9.783615112304688,9.789327621459961,9.795454978942871,9.79411792755127,9.7886962890625,9.791643142700195,9.77273941040039,9.770520210266113,9.774803161621094,9.776610374450684,9.698969841003418
7.52,9.82539,0.19601,9.733595848083496,9.774600982666016,9.7815523147583,9.795326232910156,9.781427383422852,9.81978988647461,9.767875671386719,9.783615112304688,9.789327621459961,9.795454978942871,9.79411792755127,9.7886962890625,9.791643142700195,9.77273941040039,9.770520210266113,9.774803161621094,9.776610374450684,9.698969841003418
7.53,9.82669,0.19129,9.733595848083496,9.774600982666016,9.7815523147583,9.795326232910156,9.781427383422852,9.81978988647461,9.767875671386719,9.783615112304688,9.789327621459961,9.795454978942871,9.79411792755127,9.7886962890625,9.791643142700195,9.77273941040039,9.770520210266113,9.774803161621094,9.776610374450684,9.698969841003418
7.54,9.82746,0.18713,9.752828598022461,9.79038143157959,9.798442840576172,9.805633544921875,9.792826652526855,9.830063819885254,9.782842636108398,9.796479225158691,9.798325538635254,9.799944877624512,9.802894592285156,9.798847198486328,9.799936294555664,9.778316497802734,9.779311180114746,9.780773162841797,9.781481742858887,9.700602531433105
7.55,9.82797,0.18276,9.752828598022461,9.79038143157959,9.798442840576172,9.805633544921875,9.792826652526855,9.830063819885254,9.782842636108398,9.796479225158691,9.798325538635254,9.799944877624512,9.802894592285156,9.798847198486328,9.799936294555664,9.778316497802734,9.779311180114746,9.780773162841797,9.781481742858887,9.700602531433105
7.56,9.82821,0.17911,9.752828598022461,9.79038143157959,9.798442840576172,9.805633544921875,9.792826652526855,9.830063819885254,9.782842636108398,9.796479225158691,9.798325538635254,9.799944877624512,9.802894592285156,9.798847198486328,9.799936294555664,9.778316497802734,9.779311180114746,9.780773162841797,9.781481742858887,9.700602531433105
7.57,9.82829,0.17334,9.752828598022461,9.79038143157959,9.798442840576172,9.805633544921875,9.792826652526855,9.830063819885254,9.782842636108398,9.796479225158691,9.798325538635254,9.799944877624512,9.802894592285156,9.798847198486328,9.799936294555664,9.778316497802734,9.779311180114746,9.780773162841797,9.781481742858887,9.700602531433105
7.58,9.82813,0.16827,9.752828598022461,9.79038143157959,9.798442840576172,9.805633544921875,9.792826652526855,9.830063819885254,9.782842636108398,9.796479225158691,9.798325538635254,9.799944877624512,9.802894592285156,9.798847198486328,9.799936294555664,9.778316497802734,9.779311180114746,9.780773162841797,9.781481742858887,9.700602531433105
7.59,9.8278,0.16294,9.770732879638672,9.805192947387695,9.810318946838379,9.813072204589844,9.799352645874023,9.836933135986328,9.795208930969238,9.808558464050293,9.806873321533203,9.816100120544434,9.815415382385254,9.814887046813965,9.8124361038208,9.791264533996582,9.794373512268066,9.795733451843262,9.797186851501465,9.711588859558105
7.6,9.82742,0.15851,9.770732879638672,9.805192947387695,9.810318946838379,9.813072204589844,9.799352645874023,9.836933135986328,9.795208930969238,9.808558464050293,9.806873321533203,9.816100120544434,9.815415382385254,9.814887046813965,9.8124361038208,9.791264533996582,9.794373512268066,9.795733451843262,9.797186851501465,9.711588859558105
7.61,9.82671,0.15149,9.770732879638672,9.805192947387695,9.810318946838379,9.813072204589844,9.799352645874023,9.836933135986328,9.795208930969238,9.808558464050293,9.806873321533203,9.816100120544434,9.815415382385254,9.814887046813965,9.8124361038208,9.791264533996582,9.794373512268066,9.795733451843262,9.797186851501465,9.711588859558105
7.62,9.826,0.14534,9.770732879638672,9.805192947387695,9.810318946838379,9.813072204589844,9.799352645874023,9.836933135986328,9.795208930969238,9.808558464050293,9.806873321533203,9.816100120544434,9.815415382385254,9.814887046813965,9.8124361038208,9.791264533996582,9.794373512268066,9.795733451843262,9.797186851501465,9.711588859558105
7.63,9.82523,0.13889,9.770732879638672,9.805192947387695,9.810318946838379,9.813072204589844,9.799352645874023,9.836933135986328,9.795208930969238,9.808558464050293,9.806873321533203,9.816100120544434,9.815415382385254,9.814887046813965,9.8124361038208,9.791264533996582,9.794373512268066,9.795733451843262,9.797186851501465,9.711588859558105
7.64,9.82458,0.13351,9.795652389526367,9.819418907165527,9.826904296875,9.821878433227539,9.808659553527832,9.84254264831543,9.818524360656738,9.821244239807129,9.817646980285645,9.825222969055176,9.828291893005371,9.829171180725098,9.82546329498291,9.801819801330566,9.811245918273926,9.807881355285645,9.804080963134766,9.726123809814453
7.65,9.82359,0.12504,9.795652389526367,9.819418907165527,9.826904296875,9.821878433227539,9.808659553527832,9.84254264831543,9.818524360656738,9.821244239807129,9.817646980285645,9.825222969055176,9.828291893005371,9.829171180725098,9.82546329498291,9.801819801330566,9.811245918273926,9.807881355285645,9.804080963134766,9.726123809814453
7.66,9.82278,0.11763,9.795652389526367,9.819418907165527,9.826904296875,9.821878433227539,9.808659553527832,9.84254264831543,9.818524360656738,9.821244239807129,9.817646980285645,9.825222969055176,9.828291893005371,9.829171180725098,9.82546329498291,9.801819801330566,9.811245918273926,9.807881355285645,9.804080963134766,9.726123809814453
7.67,9.82201,0.10989,9.795652389526367,9.819418907165527,9.826904296875,9.821878433227539,9.808659553527832,9.84254264831543,9.818524360656738,9.821244239807129,9.817646980285645,9.825222969055176,9.828291893005371,9.829171180725098,9.82546329498291,9.801819801330566,9.811245918273926,9.807881355285645,9.804080963134766,9.726123809814453
7.68,9.8213,0.1018,9.795652389526367,9.819418907165527,9.826904296875,9.821878433227539,9.808659553527832,9.84254264831543,9.818524360656738,9.821244239807129,9.817646980285645,9.825222969055176,9.828291893005371,9.829171180725098,9.82546329498291,9.801819801330566,9.811245918273926,9.807881355285645,9.804080963134766,9.726123809814453
7.69,9.82067,0.09337,9.818371772766113,9.830751419067383,9.845834732055664,9.827630043029785,9.814553260803223,9.847732543945312,9.84535026550293,9.834439277648926,9.83132266998291,9.831990242004395,9.847883224487305,9.852200508117676,9.851333618164062,9.821187973022461,9.835087776184082,9.827191352844238,9.8119478225708,9.7625093460083
7.7,9.82015,0.08459,9.818371772766113,9.830751419067383,9.845834732055664,9.827630043029785,9.814553260803223,9.847732543945312,9.84535026550293,9.834439277648926,9.83132266998291,9.831990242004395,9.847883224487305,9.852200508117676,9.851333618164062,9.821187973022461,9.835087776184082,9.827191352844238,9.8119478225708,9.7625093460083
7.71,9.81974,0.07547,9.818371772766113,9.830751419067383,9.845834732055664,9.827630043029785,9.814553260803223,9.847732543945312,9.84535026550293,9.834439277648926,9.83132266998291,9.831990242004395,9.847883224487305,9.852200508117676,9.851333618164062,9.821187973022461,9.835087776184082,9.827191352844238,9.8119478225708,9.7625093460083
7.72,9.81947,0.066,9.818371772766113,9.830751419067383,9.845834732055664,9.827630043029785,9.814553260803223,9.847732543945312,9.84535026550293,9.834439277648926,9.83132266998291,9.831990242004395,9.847883224487305,9.852200508117676,9.851333618164062,9.821187973022461,9.835087776184082,9.827191352844238,9.8119478225708,9.7625093460083
7.73,9.81934,0.05619,9.818371772766113,9.830751419067383,9.845834732055664,9.827630043029785,9.814553260803223,9.847732543945312,9.84535026550293,9.834439277648926,9.83132266998291,9.831990242004395,9.847883224487305,9.852200508117676,9.851333618164062,9.821187973022461,9.835087776184082,9.827191352844238,9.8119478225708,9.7625093460083
7.74,9.81937,0.04605,9.834508895874023,9.838521003723145,9.851137161254883,9.83183765411377,9.813486099243164,9.84925365447998,9.854912757873535,9.844128608703613,9.83822250366211,9.8504638671875,9.862479209899902,9.87127685546875,9.870208740234375,9.842497825622559,9.85177230834961,9.849139213562012,9.834729194641113,9.80183219909668
7.75,9.81955,0.03558,9.834508895874023,9.838521003723145,9.851137161254883,9.83183765411377,9.813486099243164,9.84925365447998,9.854912757873535,9.844128608703613,9.83822250366211,9.8504638671875,9.862479209899902,9.87127685546875,9.870208740234375,9.842497825622559,9.85177230834961,9.849139213562012,9.834729194641113,9.80183219909668
7.76,9.81989,0.02481,9.834508895874023,9.838521003723145,9.851137161254883,9.83183765411377,9.813486099243164,9.84925365447998,9.854912757873535,9.844128608703613,9.83822250366211,9.8504638671875,9.862479209899902,9.87127685546875,9.870208740234375,9.842497825622559,9.85177230834961,9.849139213562012,9.834729194641113,9.80183219909668
7.77,9.82028,0.016,9.834508895874023,9.838521003723145,9.851137161254883,9.83183765411377,9.813486099243164,9.84925365447998,9.854912757873535,9.844128608703613,9.83822250366211,9.8504638671875,9.862479209899902,9.87127685546875,9.870208740234375,9.842497825622559,9.85177230834961,9.849139213562012,9.834729194641113,9.80183219909668
7.78,9.82105,0.0024,9.834508895874023,9.838521003723145,9.851137161254883,9.83183765411377,9.813486099243164,9.84925365447998,9.854912757873535,9.844128608703613,9.83822250366211,9.8504638671875,9.862479209899902,9.87127685546875,9.870208740234375,9.842497825622559,9.85177230834961,9.849139213562012,9.834729194641113,9.80183219909668
7.79,9.82185,0.0,9.836800575256348,9.834397315979004,9.844286918640137,9.829708099365234,9.807135581970215,9.84547233581543,9.850019454956055,9.840319633483887,9.834795951843262,9.859418869018555,9.863469123840332,9.874505996704102,9.8717041015625,9.850576400756836,9.853204727172852,9.857808113098145,9.849194526672363,9.82252025604248
7.8,9.82279,0.0,9.836800575256348,9.834397315979004,9.844286918640137,9.829708099365234,9.807135581970215,9.84547233581543,9.850019454956055,9.840319633483887,9.834795951843262,9.859418869018555,9.863469123840332,9.874505996704102,9.8717041015625,9.850576400756836,9.853204727172852,9.857808113098145,9.849194526672363,9.82252025604248
7.81,9.82363,0.0,9.836800575256348,9.834397315979004,9.844286918640137,9.829708099365234,9.807135581970215,9.84547233581543,9.850019454956055,9.840319633483887,9.834795951843262,9.859418869018555,9.863469123840332,9.874505996704102,9.8717041015625,9.850576400756836,9.853204727172852,9.857808113098145,9.849194526672363,9.82252025604248
7.82,9.82503,0.0,9.836800575256348,9.834397315979004,9.844286918640137,9.829708099365234,9.807135581970215,9.84547233581543,9.850019454956055,9.840319633483887,9.834795951843262,9.859418869018555,9.863469123840332,9.874505996704102,9.8717041015625,9.850576400756836,9.853204727172852,9.857808113098145,9.849194526672363,9.82252025604248
7.83,9.8263,0.0,9.836800575256348,9.834397315979004,9.844286918640137,9.829708099365234,9.807135581970215,9.84547233581543,9.850019454956055,9.840319633483887,9.834795951843262,9.859418869018555,9.863469123840332,9.874505996704102,9.8717041015625,9.850576400756836,9.853204727172852,9.857808113098145,9.849194526672363,9.82252025604248
7.84,9.82765,0.0,9.831986427307129,9.830145835876465,9.836764335632324,9.823873519897461,9.799419403076172,9.842418670654297,9.842483520507812,9.833037376403809,9.829684257507324,9.854557037353516,9.855212211608887,9.866573333740234,9.863000869750977,9.846016883850098,9.844805717468262,9.853039741516113,9.84859848022461,9.823790550231934
7.85,9.82877,0.0,9.831986427307129,9.830145835876465,9.836764335632324,9.823873519897461,9.799419403076172,9.842418670654297,9.842483520507812,9.833037376403809,9.829684257507324,9.854557037353516,9.855212211608887,9.866573333740234,9.863000869750977,9.846016883850098,9.844805717468262,9.853039741516113,9.84859848022461,9.823790550231934
7.86,9.8305,0.0,9.831986427307129,9.830145835876465,9.836764335632324,9.823873519897461,9.799419403076172,9.842418670654297,9.842483520507812,9.833037376403809,9.829684257507324,9.854557037353516,9.855212211608887,9.866573333740234,9.863000869750977,9.846016883850098,9.844805717468262,9.853039741516113,9.84859848022461,9.823790550231934
7.87,9.83196,0.0,9.831986427307129,9.830145835876465,9.836764335632324,9.823873519897461,9.799419403076172,9.842418670654297,9.842483520507812,9.833037376403809,9.829684257507324,9.854557037353516,9.855212211608887,9.866573333740234,9.863000869750977,9.846016883850098,9.844805717468262,9.853039741516113,9.84859848022461,9.823790550231934
7.88,9.83341,0.0,9.831986427307129,9.830145835876465,9.836764335632324,9.823873519897461,9.799419403076172,9.842418670654297,9.842483520507812,9.833037376403809,9.829684257507324,9.854557037353516,9.855212211608887,9.866573333740234,9.863000869750977,9.846016883850098,9.844805717468262,9.853039741516113,9.84859848022461,9.823790550231934
7.89,9.83454,0.0,9.815482139587402,9.813383102416992,9.820131301879883,9.810152053833008,9.78569221496582,9.831192970275879,9.826011657714844,9.814555168151855,9.817085266113281,9.83474349975586,9.833572387695312,9.845733642578125,9.841527938842773,9.826018333435059,9.824539184570312,9.832962989807129,9.830413818359375,9.811126708984375
7.9,9.83619,0.0,9.815482139587402,9.813383102416992,9.820131301879883,9.810152053833008,9.78569221496582,9.831192970275879,9.826011657714844,9.814555168151855,9.817085266113281,9.83474349975586,9.833572387695312,9.845733642578125,9.841527938842773,9.826018333435059,9.824539184570312,9.832962989807129,9.830413818359375,9.811126708984375
7.91,9.83748,0.0,9.815482139587402,9.813383102416992,9.820131301879883,9.810152053833008,9.78569221496582,9.831192970275879,9.826011657714844,9.814555168151855,9.817085266113281,9.83474349975586,9.833572387695312,9.845733642578125,9.841527938842773,9.826018333435059,9.824539184570312,9.832962989807129,9.830413818359375,9.811126708984375
7.92,9.83868,0.0,9.815482139587402,9.813383102416992,9.820131301879883,9.810152053833008,9.78569221496582,9.831192970275879,9.826011657714844,9.814555168151855,9.817085266113281,9.83474349975586,9.833572387695312,9.845733642578125,9.841527938842773,9.826018333435059,9.824539184570312,9.832962989807129,9.830413818359375,9.811126708984375
7.93,9.83955,0.0,9.815482139587402,9.813383102416992,9.820131301879883,9.810152053833008,9.78569221496582,9.831192970275879,9.826011657714844,9.814555168151855,9.817085266113281,9.83474349975586,9.833572387695312,9.845733642578125,9.841527938842773,9.826018333435059,9.824539184570312,9.832962989807129,9.830413818359375,9.811126708984375
7.94,9.84069,0.0,9.798240661621094,9.79819107055664,9.804862022399902,9.79520320892334,9.771018028259277,9.820249557495117,9.808629035949707,9.796388626098633,9.803556442260742,9.808658599853516,9.807266235351562,9.820160865783691,9.816489219665527,9.801555633544922,9.79955768585205,9.808968544006348,9.807478904724121,9.789841651916504
7.95,9.84148,0.0,9.798240661621094,9.79819107055664,9.804862022399902,9.79520320892334,9.771018028259277,9.820249557495117,9.808629035949707,9.796388626098633,9.803556442260742,9.808658599853516,9.807266235351562,9.820160865783691,9.816489219665527,9.801555633544922,9.79955768585205,9.808968544006348,9.807478904724121,9.789841651916504
7.96,9.8421,0.0,9.798240661621094,9.79819107055664,9.804862022399902,9.79520320892334,9.771018028259277,9.820249557495117,9.808629035949707,9.796388626098633,9.803556442260742,9.808658599853516,9.807266235351562,9.820160865783691,9.816489219665527,9.801555633544922,9.79955768585205,9.808968544006348,9.807478904724121,9.789841651916504
7.97,9.84253,0.0,9.798240661621094,9.79819107055664,9.804862022399902,9.79520320892334,9.771018028259277,9.820249557495117,9.808629035949707,9.796388626098633,9.803556442260742,9.808658599853516,9.807266235351562,9.820160865783691,9.816489219665527,9.801555633544922,9.79955768585205,9.808968544006348,9.807478904724121,9.789841651916504
7.98,9.84276,0.0,9.798240661621094,9.79819107055664,9.804862022399902,9.79520320892334,9.771018028259277,9.820249557495117,9.808629035949707,9.796388626098633,9.803556442260742,9.808658599853516,9.807266235351562,9.820160865783691,9.816489219665527,9.801555633544922,9.79955768585205,9.808968544006348,9.807478904724121,9.789841651916504
7.99,9.84279,0.0,9.780762672424316,9.784823417663574,9.790498733520508,9.780349731445312,9.757613182067871,9.809958457946777,9.791769027709961,9.780704498291016,9.791547775268555,9.785906791687012,9.78370475769043,9.79660415649414,9.794471740722656,9.778186798095703,9.778253555297852,9.788419723510742,9.785676956176758,9.770435333251953
8.0,9.84261,0.0,9.780762672424316,9.784823417663574,9.790498733520508,9.780349731445312,9.757613182067871,9.809958457946777,9.791769027709961,9.780704498291016,9.791547775268555,9.785906791687012,9.78370475769043,9.79660415649414,9.794471740722656,9.778186798095703,9.778253555297852,9.788419723510742,9.785676956176758,9.770435333251953
8.01,9.84221,0.0,9.780762672424316,9.784823417663574,9.790498733520508,9.780349731445312,9.757613182067871,9.809958457946777,9.791769027709961,9.780704498291016,9.791547775268555,9.785906791687012,9.78370475769043,9.79660415649414,9.794471740722656,9.778186798095703,9.778253555297852,9.788419723510742,9.785676956176758,9.770435333251953
8.02,9.84159,0.0,9.780762672424316,9.784823417663574,9.790498733520508,9.780349731445312,9.757613182067871,9.809958457946777,9.791769027709961,9.780704498291016,9.791547775268555,9.785906791687012,9.78370475769043,9.79660415649414,9.794471740722656,9.778186798095703,9.778253555297852,9.788419723510742,9.785676956176758,9.770435333251953
8.03,9.84075,0.0,9.780762672424316,9.784823417663574,9.790498733520508,9.780349731445312,9.757613182067871,9.809958457946777,9.791769027709961,9.780704498291016,9.791547775268555,9.785906791687012,9.78370475769043,9.79660415649414,9.794471740722656,9.778186798095703,9.778253555297852,9.788419723510742,9.785676956176758,9.770435333251953
8.04,9.83993,0.0,9.764427185058594,9.774070739746094,9.77723217010498,9.768067359924316,9.745803833007812,9.800308227539062,9.778053283691406,9.768258094787598,9.780806541442871,9.77129077911377,9.7673978805542,9.779946327209473,9.780373573303223,9.760833740234375,9.764556884765625,9.774428367614746,9.771249771118164,9.758432388305664
8.05,9.8387,0.0,9.764427185058594,9.774070739746094,9.77723217010498,9.768067359924316,9.745803833007812,9.800308227539062,9.778053283691406,9.768258094787598,9.780806541442871,9.77129077911377,9.7673978805542,9.779946327209473,9.780373573303223,9.760833740234375,9.764556884765625,9.774428367614746,9.771249771118164,9.758432388305664
8.06,9.83728,0.0,9.764427185058594,9.774070739746094,9.77723217010498,9.768067359924316,9.745803833007812,9.800308227539062,9.778053283691406,9.768258094787598,9.780806541442871,9.77129077911377,9.7673978805542,9.779946327209473,9.780373573303223,9.760833740234375,9.764556884765625,9.774428367614746,9.771249771118164,9.758432388305664
8.07,9.83531,0.0,9.764427185058594,9.774070739746094,9.77723217010498,9.768067359924316,9.745803833007812,9.800308227539062,9.778053283691406,9.768258094787598,9.780806541442871,9.77129077911377,9.7673978805542,9.779946327209473,9.780373573303223,9.760833740234375,9.764556884765625,9.774428367614746,9.771249771118164,9.758432388305664
8.08,9.83347,0.0,9.764427185058594,9.774070739746094,9.77723217010498,9.768067359924316,9.745803833007812,9.800308227539062,9.778053283691406,9.768258094787598,9.780806541442871,9.77129077911377,9.7673978805542,9.779946327209473,9.780373573303223,9.760833740234375,9.764556884765625,9.774428367614746,9.771249771118164,9.758432388305664
8.09,9.83147,0.0,9.74903392791748,9.764245986938477,9.764715194702148,9.757098197937012,9.73491096496582,9.79051685333252,9.764835357666016,9.756940841674805,9.770526885986328,9.75965404510498,9.754172325134277,9.766674041748047,9.769474029541016,9.746356010437012,9.753022193908691,9.761902809143066,9.759831428527832,9.749465942382812
8.1,9.82932,0.0,9.74903392791748,9.764245986938477,9.764715194702148,9.757098197937012,9.73491096496582,9.79051685333252,9.764835357666016,9.756940841674805,9.770526885986328,9.75965404510498,9.754172325134277,9.766674041748047,9.769474029541016,9.746356010437012,9.753022193908691,9.761902809143066,9.759831428527832,9.749465942382812
8.11,9.82705,0.0,9.74903392791748,9.764245986938477,9.764715194702148,9.757098197937012,9.73491096496582,9.79051685333252,9.764835357666016,9.756940841674805,9.770526885986328,9.75965404510498,9.754172325134277,9.766674041748047,9.769474029541016,9.746356010437012,9.753022193908691,9.761902809143066,9.759831428527832,9.749465942382812
8.12,9.82516,0.0,9.74903392791748,9.764245986938477,9.764715194702148,9.757098197937012,9.73491096496582,9.79051685333252,9.764835357666016,9.756940841674805,9.770526885986328,9.75965404510498,9.754172325134277,9.766674041748047,9.769474029541016,9.746356010437012,9.753022193908691,9.761902809143066,9.759831428527832,9.749465942382812
8.13,9.82271,0.0,9.74903392791748,9.764245986938477,9.764715194702148,9.757098197937012,9.73491096496582,9.79051685333252,9.764835357666016,9.756940841674805,9.770526885986328,9.75965404510498,9.754172325134277,9.766674041748047,9.769474029541016,9.746356010437012,9.753022193908691,9.761902809143066,9.759831428527832,9.749465942382812
8.14,9.8202,0.0,9.733095169067383,9.750712394714355,9.74951457977295,9.745048522949219,9.72364330291748,9.779037475585938,9.751834869384766,9.744046211242676,9.75828742980957,9.74682331085205,9.740843772888184,9.75259780883789,9.757644653320312,9.731488227844238,9.739151000976562,9.747726440429688,9.746729850769043,9.739785194396973
8.15,9.81713,0.0,9.733095169067383,9.750712394714355,9.74951457977295,9.745048522949219,9.72364330291748,9.779037475585938,9.751834869384766,9.744046211242676,9.75828742980957,9.74682331085205,9.740843772888184,9.75259780883789,9.757644653320312,9.731488227844238,9.739151000976562,9.747726440429688,9.746729850769043,9.739785194396973
8.16,9.81456,0.0,9.733095169067383,9.750712394714355,9.74951457977295,9.745048522949219,9.72364330291748,9.779037475585938,9.751834869384766,9.744046211242676,9.75828742980957,9.74682331085205,9.740843772888184,9.75259780883789,9.757644653320312,9.731488227844238,9.739151000976562,9.747726440429688,9.746729850769043,9.739785194396973
8.17,9.812,0.0,9.733095169067383,9.750712394714355,9.74951457977295,9.745048522949219,9.72364330291748,9.779037475585938,9.751834869384766,9.744046211242676,9.75828742980957,9.74682331085205,9.740843772888184,9.75259780883789,9.757644653320312,9.731488227844238,9.739151000976562,9.747726440429688,9.746729850769043,9.739785194396973
8.18,9.80949,0.0,9.733095169067383,9.750712394714355,9.74951457977295,9.745048522949219,9.72364330291748,9.779037475585938,9.751834869384766,9.744046211242676,9.75828742980957,9.74682331085205,9.740843772888184,9.75259780883789,9.757644653320312,9.731488227844238,9.739151000976562,9.747726440429688,9.746729850769043,9.739785194396973
8.19,9.80704,0.0,9.724785804748535,9.745583534240723,9.742284774780273,9.738578796386719,9.717938423156738,9.77468490600586,9.743583679199219,9.738235473632812,9.75294017791748,9.74050521850586,9.734209060668945,9.745298385620117,9.75195026397705,9.72500991821289,9.731904029846191,9.742157936096191,9.741204261779785,9.735111236572266
8.2,9.80469,0.0,9.724785804748535,9.745583534240723,9.742284774780273,9.738578796386719,9.717938423156738,9.77468490600586,9.743583679199219,9.738235473632812,9.75294017791748,9.74050521850586,9.734209060668945,9.745298385620117,9.75195026397705,9.72500991821289,9.731904029846191,9.742157936096191,9.741204261779785,9.735111236572266
8.21,9.80246,0.0,9.724785804748535,9.745583534240723,9.742284774780273,9.738578796386719,9.717938423156738,9.77468490600586,9.743583679199219,9.738235473632812,9.75294017791748,9.74050521850586,9.734209060668945,9.745298385620117,9.75195026397705,9.72500991821289,9.731904029846191,9.742157936096191,9.741204261779785,9.735111236572266
8.22,9.80036,0.0,9.724785804748535,9.745583534240723,9.742284774780273,9.738578796386719,9.717938423156738,9.77468490600586,9.743583679199219,9.738235473632812,9.75294017791748,9.74050521850586,9.734209060668945,9.745298385620117,9.75195026397705,9.72500991821289,9.731904029846191,9.742157936096191,9.741204261779785,9.735111236572266
8.23,9.79844,0.0,9.724785804748535,9.745583534240723,9.742284774780273,9.738578796386719,9.717938423156738,9.77468490600586,9.743583679199219,9.738235473632812,9.75294017791748,9.74050521850586,9.734209060668945,9.745298385620117,9.75195026397705,9.72500991821289,9.731904029846191,9.742157936096191,9.741204261779785,9.735111236572266
8.24,9.7967,0.0,9.728902816772461,9.755387306213379,9.74720287322998,9.741856575012207,9.724726676940918,9.781639099121094,9.751032829284668,9.749923706054688,9.760977745056152,9.753100395202637,9.745001792907715,9.752969741821289,9.763084411621094,9.733530044555664,9.743321418762207,9.753897666931152,9.750171661376953,9.746380805969238
8.25,9.79517,0.0,9.728902816772461,9.755387306213379,9.74720287322998,9.741856575012207,9.724726676940918,9.781639099121094,9.751032829284668,9.749923706054688,9.760977745056152,9.753100395202637,9.745001792907715,9.752969741821289,9.763084411621094,9.733530044555664,9.743321418762207,9.753897666931152,9.750171661376953,9.746380805969238
8.26,9.79387,0.0,9.728902816772461,9.755387306213379,9.74720287322998,9.741856575012207,9.724726676940918,9.781639099121094,9.751032829284668,9.749923706054688,9.760977745056152,9.753100395202637,9.745001792907715,9.752969741821289,9.763084411621094,9.733530044555664,9.743321418762207,9.753897666931152,9.750171661376953,9.746380805969238
8.27,9.79282,0.0,9.728902816772461,9.755387306213379,9.74720287322998,9.741856575012207,9.724726676940918,9.781639099121094,9.751032829284668,9.749923706054688,9.760977745056152,9.753100395202637,9.745001792907715,9.752969741821289,9.763084411621094,9.733530044555664,9.743321418762207,9.753897666931152,9.750171661376953,9.746380805969238
8.28,9.79202,0.0,9.728902816772461,9.755387306213379,9.74720287322998,9.741856575012207,9.724726676940918,9.781639099121094,9.751032829284668,9.749923706054688,9.760977745056152,9.753100395202637,9.745001792907715,9.752969741821289,9.763084411621094,9.733530044555664,9.743321418762207,9.753897666931152,9.750171661376953,9.746380805969238
8.29,9.79158,0.0,9.73550033569336,9.760917663574219,9.750066757202148,9.747870445251465,9.73188304901123,9.788053512573242,9.760734558105469,9.759714126586914,9.76783561706543,9.769439697265625,9.762778282165527,9.767065048217773,9.779153823852539,9.750016212463379,9.758031845092773,9.77028751373291,9.764660835266113,9.761679649353027
8.3,9.79127,0.0,9.73550033569336,9.760917663574219,9.750066757202148,9.747870445251465,9.73188304901123,9.788053512573242,9.760734558105469,9.759714126586914,9.76783561706543,9.769439697265625,9.762778282165527,9.767065048217773,9.779153823852539,9.750016212463379,9.758031845092773,9.77028751373291,9.764660835266113,9.761679649353027
8.31,9.79133,0.0,9.73550033569336,9.760917663574219,9.750066757202148,9.747870445251465,9.73188304901123,9.788053512573242,9.760734558105469,9.759714126586914,9.76783561706543,9.769439697265625,9.762778282165527,9.767065048217773,9.779153823852539,9.750016212463379,9.758031845092773,9.77028751373291,9.764660835266113,9.761679649353027
8.32,9.79168,0.0,9.73550033569336,9.760917663574219,9.750066757202148,9.747870445251465,9.73188304901123,9.788053512573242,9.760734558105469,9.759714126586914,9.76783561706543,9.769439697265625,9.762778282165527,9.767065048217773,9.779153823852539,9.750016212463379,9.758031845092773,9.77028751373291,9.764660835266113,9.761679649353027
8.33,9.79235,0.0,9.73550033569336,9.760917663574219,9.750066757202148,9.747870445251465,9.73188304901123,9.788053512573242,9.760734558105469,9.759714126586914,9.76783561706543,9.769439697265625,9.762778282165527,9.767065048217773,9.779153823852539,9.750016212463379,9.758031845092773,9.77028751373291,9.764660835266113,9.761679649353027
8.34,9.79332,0.0,9.745824813842773,9.769082069396973,9.75686264038086,9.758187294006348,9.739335060119629,9.797542572021484,9.769657135009766,9.771150588989258,9.776853561401367,9.786245346069336,9.782236099243164,9.785162925720215,9.795011520385742,9.768969535827637,9.774325370788574,9.788501739501953,9.779855728149414,9.776507377624512
8.35,9.79459,0.0,9.745824813842773,9.769082069396973,9.75686264038086,9.758187294006348,9.739335060119629,9.797542572021484,9.769657135009766,9.771150588989258,9.776853561401367,9.786245346069336,9.782236099243164,9.785162925720215,9.795011520385742,9.768969535827637,9.774325370788574,9.788501739501953,9.779855728149414,9.776507377624512
8.36,9.79616,0.0,9.745824813842773,9.769082069396973,9.75686264038086,9.758187294006348,9.739335060119629,9.797542572021484,9.769657135009766,9.771150588989258,9.776853561401367,9.786245346069336,9.782236099243164,9.785162925720215,9.795011520385742,9.768969535827637,9.774325370788574,9.788501739501953,9.779855728149414,9.776507377624512
8.37,9.79762,0.0,9.745824813842773,9.769082069396973,9.75686264038086,9.758187294006348,9.739335060119629,9.797542572021484,9.769657135009766,9.771150588989258,9.776853561401367,9.786245346069336,9.782236099243164,9.785162925720215,9.795011520385742,9.768969535827637,9.774325370788574,9.788501739501953,9.779855728149414,9.776507377624512
8.38,9.80017,0.0,9.745824813842773,9.769082069396973,9.75686264038086,9.758187294006348,9.739335060119629,9.797542572021484,9.769657135009766,9.771150588989258,9.776853561401367,9.786245346069336,9.782236099243164,9.785162925720215,9.795011520385742,9.768969535827637,9.774325370788574,9.788501739501953,9.779855728149414,9.776507377624512
8.39,9.8026,0.0,9.75661849975586,9.77851676940918,9.76216983795166,9.76953125,9.748241424560547,9.806375503540039,9.778560638427734,9.783449172973633,9.788880348205566,9.801548957824707,9.79732608795166,9.8003568649292,9.80944538116455,9.785624504089355,9.790388107299805,9.803977012634277,9.79509162902832,9.791257858276367
8.4,9.80528,0.0,9.75661849975586,9.77851676940918,9.76216983795166,9.76953125,9.748241424560547,9.806375503540039,9.778560638427734,9.783449172973633,9.788880348205566,9.801548957824707,9.79732608795166,9.8003568649292,9.80944538116455,9.785624504089355,9.790388107299805,9.803977012634277,9.79509162902832,9.791257858276367
8.41,9.80821,0.0,9.75661849975586,9.77851676940918,9.76216983795166,9.76953125,9.748241424560547,9.806375503540039,9.778560638427734,9.783449172973633,9.788880348205566,9.801548957824707,9.79732608795166,9.8003568649292,9.80944538116455,9.785624504089355,9.790388107299805,9.803977012634277,9.79509162902832,9.791257858276367
8.42,9.81137,0.0,9.75661849975586,9.77851676940918,9.76216983795166,9.76953125,9.748241424560547,9.806375503540039,9.778560638427734,9.783449172973633,9.788880348205566,9.801548957824707,9.79732608795166,9.8003568649292,9.80944538116455,9.785624504089355,9.790388107299805,9.803977012634277,9.79509162902832,9.791257858276367
8.43,9.81473,0.0,9.75661849975586,9.77851676940918,9.76216983795166,9.76953125,9.748241424560547,9.806375503540039,9.778560638427734,9.783449172973633,9.788880348205566,9.801548957824707,9.79732608795166,9.8003568649292,9.80944538116455,9.785624504089355,9.790388107299805,9.803977012634277,9.79509162902832,9.791257858276367
8.44,9.81828,0.0,9.771785736083984,9.789407730102539,9.773219108581543,9.782816886901855,9.759444236755371,9.819441795349121,9.794774055480957,9.799474716186523,9.802507400512695,9.822441101074219,9.819998741149902,9.820985794067383,9.828341484069824,9.808737754821777,9.81059741973877,9.824960708618164,9.8157377243042,9.807693481445312
8.45,9.822,0.0,9.771785736083984,9.789407730102539,9.773219108581543,9.782816886901855,9.759444236755371,9.819441795349121,9.794774055480957,9.799474716186523,9.802507400512695,9.822441101074219,9.819998741149902,9.820985794067383,9.828341484069824,9.808737754821777,9.81059741973877,9.824960708618164,9.8157377243042,9.807693481445312
8.46,9.82585,0.0,9.771785736083984,9.789407730102539,9.773219108581543,9.782816886901855,9.759444236755371,9.819441795349121,9.794774055480957,9.799474716186523,9.802507400512695,9.822441101074219,9.819998741149902,9.820985794067383,9.828341484069824,9.808737754821777,9.81059741973877,9.824960708618164,9.8157377243042,9.807693481445312
8.47,9.82983,0.0,9.771785736083984,9.789407730102539,9.773219108581543,9.782816886901855,9.759444236755371,9.819441795349121,9.794774055480957,9.799474716186523,9.802507400512695,9.822441101074219,9.819998741149902,9.820985794067383,9.828341484069824,9.808737754821777,9.81059741973877,9.824960708618164,9.8157377243042,9.807693481445312
8.48,9.83389,0.0,9.771785736083984,9.789407730102539,9.773219108581543,9.782816886901855,9.759444236755371,9.819441795349121,9.794774055480957,9.799474716186523,9.802507400512695,9.822441101074219,9.819998741149902,9.820985794067383,9.828341484069824,9.808737754821777,9.81059741973877,9.824960708618164,9.8157377243042,9.807693481445312
8.49,9.83802,0.0,9.79477310180664,9.805326461791992,9.79030990600586,9.804161071777344,9.781041145324707,9.835041999816895,9.821533203125,9.817323684692383,9.822331428527832,9.839156150817871,9.850061416625977,9.844474792480469,9.851937294006348,9.832043647766113,9.83813190460205,9.849246978759766,9.830987930297852,9.829931259155273
8.5,9.84219,0.0,9.79477310180664,9.805326461791992,9.79030990600586,9.804161071777344,9.781041145324707,9.835041999816895,9.821533203125,9.817323684692383,9.822331428527832,9.839156150817871,9.850061416625977,9.844474792480469,9.851937294006348,9.832043647766113,9.83813190460205,9.849246978759766,9.830987930297852,9.829931259155273
8.51,9.84636,0.0,9.79477310180664,9.805326461791992,9.79030990600586,9.804161071777344,9.781041145324707,9.835041999816895,9.821533203125,9.817323684692383,9.822331428527832,9.839156150817871,9.850061416625977,9.844474792480469,9.851937294006348,9.832043647766113,9.83813190460205,9.849246978759766,9.830987930297852,9.829931259155273
8.52,9.85053,0.0,9.79477310180664,9.805326461791992,9.79030990600586,9.804161071777344,9.781041145324707,9.835041999816895,9.821533203125,9.817323684692383,9.822331428527832,9.839156150817871,9.850061416625977,9.844474792480469,9.851937294006348,9.832043647766113,9.83813190460205,9.849246978759766,9.830987930297852,9.829931259155273
8.53,9.85465,0.0,9.79477310180664,9.805326461791992,9.79030990600586,9.804161071777344,9.781041145324707,9.835041999816895,9.821533203125,9.817323684692383,9.822331428527832,9.839156150817871,9.850061416625977,9.844474792480469,9.851937294006348,9.832043647766113,9.83813190460205,9.849246978759766,9.830987930297852,9.829931259155273
8.54,9.8579,0.0,9.818829536437988,9.820727348327637,9.813376426696777,9.820900917053223,9.79037857055664,9.847657203674316,9.860357284545898,9.83853530883789,9.839608192443848,9.86506462097168,9.894542694091797,9.88340950012207,9.895354270935059,9.867173194885254,9.878819465637207,9.881043434143066,9.854276657104492,9.870201110839844
8.55,9.86269,0.0,9.818829536437988,9.820727348327637,9.813376426696777,9.820900917053223,9.79037857055664,9.847657203674316,9.860357284545898,9.83853530883789,9.839608192443848,9.86506462097168,9.894542694091797,9.88340950012207,9.895354270935059,9.867173194885254,9.878819465637207,9.881043434143066,9.854276657104492,9.870201110839844
8.56,9.86654,0.0,9.818829536437988,9.820727348327637,9.813376426696777,9.820900917053223,9.79037857055664,9.847657203674316,9.860357284545898,9.83853530883789,9.839608192443848,9.86506462097168,9.894542694091797,9.88340950012207,9.895354270935059,9.867173194885254,9.878819465637207,9.881043434143066,9.854276657104492,9.870201110839844
8.57,9.87027,0.0,9.818829536437988,9.820727348327637,9.813376426696777,9.820900917053223,9.79037857055664,9.847657203674316,9.860357284545898,9.83853530883789,9.839608192443848,9.86506462097168,9.894542694091797,9.88340950012207,9.895354270935059,9.867173194885254,9.878819465637207,9.881043434143066,9.854276657104492,9.870201110839844
8.58,9.87384,0.0,9.818829536437988,9.820727348327637,9.813376426696777,9.820900917053223,9.79037857055664,9.847657203674316,9.860357284545898,9.83853530883789,9.839608192443848,9.86506462097168,9.894542694091797,9.88340950012207,9.895354270935059,9.867173194885254,9.878819465637207,9.881043434143066,9.854276657104492,9.870201110839844
8.59,9.87723,0.0,9.82710075378418,9.823381423950195,9.822619438171387,9.8310546875,9.792391777038574,9.853007316589355,9.876398086547852,9.850902557373047,9.846224784851074,9.892820358276367,9.923853874206543,9.91529369354248,9.928189277648926,9.898031234741211,9.905007362365723,9.907818794250488,9.880854606628418,9.909924507141113
8.6,9.88044,0.0,9.82710075378418,9.823381423950195,9.822619438171387,9.8310546875,9.792391777038574,9.853007316589355,9.876398086547852,9.850902557373047,9.846224784851074,9.892820358276367,9.923853874206543,9.91529369354248,9.928189277648926,9.898031234741211,9.905007362365723,9.907818794250488,9.880854606628418,9.909924507141113
8.61,9.88344,0.0,9.82710075378418,9.823381423950195,9.822619438171387,9.8310546875,9.792391777038574,9.853007316589355,9.876398086547852,9.850902557373047,9.846224784851074,9.892820358276367,9.923853874206543,9.91529369354248,9.928189277648926,9.898031234741211,9.905007362365723,9.907818794250488,9.880854606628418,9.909924507141113
8.62,9.88568,0.00628,9.82710075378418,9.823381423950195,9.822619438171387,9.8310546875,9.792391777038574,9.853007316589355,9.876398086547852,9.850902557373047,9.846224784851074,9.892820358276367,9.923853874206543,9.91529369354248,9.928189277648926,9.898031234741211,9.905007362365723,9.907818794250488,9.880854606628418,9.909924507141113
8.63,9.88878,0.0203,9.82710075378418,9.823381423950195,9.822619438171387,9.8310546875,9.792391777038574,9.853007316589355,9.876398086547852,9.850902557373047,9.846224784851074,9.892820358276367,9.923853874206543,9.91529369354248,9.928189277648926,9.898031234741211,9.905007362365723,9.907818794250488,9.880854606628418,9.909924507141113
8.64,9.8911,0.03214,9.820569038391113,9.813852310180664,9.819544792175293,9.830931663513184,9.788199424743652,9.854204177856445,9.874838829040527,9.848649978637695,9.843441009521484,9.89959716796875,9.930809020996094,9.924089431762695,9.93762493133545,9.907752990722656,9.908537864685059,9.915714263916016,9.887866020202637,9.926234245300293
8.65,9.89317,0.04412,9.820569038391113,9.813852310180664,9.819544792175293,9.830931663513184,9.788199424743652,9.854204177856445,9.874838829040527,9.848649978637695,9.843441009521484,9.89959716796875,9.930809020996094,9.924089431762695,9.93762493133545,9.907752990722656,9.908537864685059,9.915714263916016,9.887866020202637,9.926234245300293
8.66,9.895,0.0562,9.820569038391113,9.813852310180664,9.819544792175293,9.830931663513184,9.788199424743652,9.854204177856445,9.874838829040527,9.848649978637695,9.843441009521484,9.89959716796875,9.930809020996094,9.924089431762695,9.93762493133545,9.907752990722656,9.908537864685059,9.915714263916016,9.887866020202637,9.926234245300293
8.67,9.89659,0.06834,9.820569038391113,9.813852310180664,9.819544792175293,9.830931663513184,9.788199424743652,9.854204177856445,9.874838829040527,9.848649978637695,9.843441009521484,9.89959716796875,9.930809020996094,9.924089431762695,9.93762493133545,9.907752990722656,9.908537864685059,9.915714263916016,9.887866020202637,9.926234245300293
8.68,9.89793,0.08051,9.820569038391113,9.813852310180664,9.819544792175293,9.830931663513184,9.788199424743652,9.854204177856445,9.874838829040527,9.848649978637695,9.843441009521484,9.89959716796875,9.930809020996094,9.924089431762695,9.93762493133545,9.907752990722656,9.908537864685059,9.915714263916016,9.887866020202637,9.926234245300293
8.69,9.89902,0.09268,9.806998252868652,9.803095817565918,9.809693336486816,9.82700252532959,9.782285690307617,9.853413581848145,9.863641738891602,9.837729454040527,9.837185859680176,9.890442848205566,9.921562194824219,9.913020133972168,9.925703048706055,9.899006843566895,9.896602630615234,9.908561706542969,9.878727912902832,9.917991638183594
8.7,9.89973,0.10236,9.806998252868652,9.803095817565918,9.809693336486816,9.82700252532959,9.782285690307617,9.853413581848145,9.863641738891602,9.837729454040527,9.837185859680176,9.890442848205566,9.921562194824219,9.913020133972168,9.925703048706055,9.899006843566895,9.896602630615234,9.908561706542969,9.878727912902832,9.917991638183594
8.71,9.90051,0.11682,9.806998252868652,9.803095817565918,9.809693336486816,9.82700252532959,9.782285690307617,9.853413581848145,9.863641738891602,9.837729454040527,9.837185859680176,9.890442848205566,9.921562194824219,9.913020133972168,9.925703048706055,9.899006843566895,9.896602630615234,9.908561706542969,9.878727912902832,9.917991638183594
8.72,9.90092,0.12871,9.806998252868652,9.803095817565918,9.809693336486816,9.82700252532959,9.782285690307617,9.853413581848145,9.863641738891602,9.837729454040527,9.837185859680176,9.890442848205566,9.921562194824219,9.913020133972168,9.925703048706055,9.899006843566895,9.896602630615234,9.908561706542969,9.878727912902832,9.917991638183594
8.73,9.90112,0.14042,9.806998252868652,9.803095817565918,9.809693336486816,9.82700252532959,9.782285690307617,9.853413581848145,9.863641738891602,9.837729454040527,9.837185859680176,9.890442848205566,9.921562194824219,9.913020133972168,9.925703048706055,9.899006843566895,9.896602630615234,9.908561706542969,9.878727912902832,9.917991638183594
8.74,9.90113,0.15191,9.78750991821289,9.790117263793945,9.800015449523926,9.817256927490234,9.771132469177246,9.84912109375,9.851744651794434,9.824820518493652,9.82813835144043,9.883692741394043,9.911563873291016,9.899033546447754,9.910829544067383,9.887372016906738,9.884504318237305,9.898294448852539,9.869215965270996,9.901562690734863
8.75,9.90096,0.16313,9.78750991821289,9.790117263793945,9.800015449523926,9.817256927490234,9.771132469177246,9.84912109375,9.851744651794434,9.824820518493652,9.82813835144043,9.883692741394043,9.911563873291016,9.899033546447754,9.910829544067383,9.887372016906738,9.884504318237305,9.898294448852539,9.869215965270996,9.901562690734863
8.76,9.90063,0.17405,9.78750991821289,9.790117263793945,9.800015449523926,9.817256927490234,9.771132469177246,9.84912109375,9.851744651794434,9.824820518493652,9.82813835144043,9.883692741394043,9.911563873291016,9.899033546447754,9.910829544067383,9.887372016906738,9.884504318237305,9.898294448852539,9.869215965270996,9.901562690734863
8.77,9.90016,0.18461,9.78750991821289,9.790117263793945,9.800015449523926,9.817256927490234,9.771132469177246,9.84912109375,9.851744651794434,9.824820518493652,9.82813835144043,9.883692741394043,9.911563873291016,9.899033546447754,9.910829544067383,9.887372016906738,9.884504318237305,9.898294448852539,9.869215965270996,9.901562690734863
8.78,9.89956,0.19478,9.78750991821289,9.790117263793945,9.800015449523926,9.817256927490234,9.771132469177246,9.84912109375,9.851744651794434,9.824820518493652,9.82813835144043,9.883692741394043,9.911563873291016,9.899033546447754,9.910829544067383,9.887372016906738,9.884504318237305,9.898294448852539,9.869215965270996,9.901562690734863
8.79,9.899,0.20259,9.77392292022705,9.786050796508789,9.797893524169922,9.810580253601074,9.763657569885254,9.850213050842285,9.844447135925293,9.821020126342773,9.823257446289062,9.880569458007812,9.896413803100586,9.88401985168457,9.89658260345459,9.874995231628418,9.872964859008789,9.88664722442627,9.859098434448242,9.881368637084961
8.8,9.89805,0.21378,9.77392292022705,9.786050796508789,9.797893524169922,9.810580253601074,9.763657569885254,9.850213050842285,9.844447135925293,9.821020126342773,9.823257446289062,9.880569458007812,9.896413803100586,9.88401985168457,9.89658260345459,9.874995231628418,9.872964859008789,9.88664722442627,9.859098434448242,9.881368637084961
8.81,9.8972,0.22255,9.77392292022705,9.786050796508789,9.797893524169922,9.810580253601074,9.763657569885254,9.850213050842285,9.844447135925293,9.821020126342773,9.823257446289062,9.880569458007812,9.896413803100586,9.88401985168457,9.89658260345459,9.874995231628418,9.872964859008789,9.88664722442627,9.859098434448242,9.881368637084961
8.82,9.89629,0.23078,9.77392292022705,9.786050796508789,9.797893524169922,9.810580253601074,9.763657569885254,9.850213050842285,9.844447135925293,9.821020126342773,9.823257446289062,9.880569458007812,9.896413803100586,9.88401985168457,9.89658260345459,9.874995231628418,9.872964859008789,9.88664722442627,9.859098434448242,9.881368637084961
8.83,9.89537,0.23846,9.77392292022705,9.786050796508789,9.797893524169922,9.810580253601074,9.763657569885254,9.850213050842285,9.844447135925293,9.821020126342773,9.823257446289062,9.880569458007812,9.896413803100586,9.88401985168457,9.89658260345459,9.874995231628418,9.872964859008789,9.88664722442627,9.859098434448242,9.881368637084961
8.84,9.89444,0.24556,9.753236770629883,9.774462699890137,9.786828994750977,9.800427436828613,9.755634307861328,9.845643043518066,9.822684288024902,9.810686111450195,9.814046859741211,9.871557235717773,9.872721672058105,9.862960815429688,9.873525619506836,9.857915878295898,9.852479934692383,9.87024974822998,9.845069885253906,9.855103492736816
8.85,9.89353,0.25205,9.753236770629883,9.774462699890137,9.786828994750977,9.800427436828613,9.755634307861328,9.845643043518066,9.822684288024902,9.810686111450195,9.814046859741211,9.871557235717773,9.872721672058105,9.862960815429688,9.873525619506836,9.857915878295898,9.852479934692383,9.87024974822998,9.845069885253906,9.855103492736816
8.86,9.89266,0.25792,9.753236770629883,9.774462699890137,9.786828994750977,9.800427436828613,9.755634307861328,9.845643043518066,9.822684288024902,9.810686111450195,9.814046859741211,9.871557235717773,9.872721672058105,9.862960815429688,9.873525619506836,9.857915878295898,9.852479934692383,9.87024974822998,9.845069885253906,9.855103492736816
8.87,9.89201,0.26216,9.753236770629883,9.774462699890137,9.786828994750977,9.800427436828613,9.755634307861328,9.845643043518066,9.822684288024902,9.810686111450195,9.814046859741211,9.871557235717773,9.872721672058105,9.862960815429688,9.873525619506836,9.857915878295898,9.852479934692383,9.87024974822998,9.845069885253906,9.855103492736816
8.88,9.89111,0.26776,9.753236770629883,9.774462699890137,9.786828994750977,9.800427436828613,9.755634307861328,9.845643043518066,9.822684288024902,9.810686111450195,9.814046859741211,9.871557235717773,9.872721672058105,9.862960815429688,9.873525619506836,9.857915878295898,9.852479934692383,9.87024974822998,9.845069885253906,9.855103492736816
8.89,9.89047,0.27173,9.736047744750977,9.771533966064453,9.784238815307617,9.793427467346191,9.753117561340332,9.845727920532227,9.805851936340332,9.807305335998535,9.81183910369873,9.865743637084961,9.853219032287598,9.84607982635498,9.855877876281738,9.845497131347656,9.837538719177246,9.858731269836426,9.836305618286133,9.828363418579102
8.9,9.88995,0.27505,9.736047744750977,9.771533966064453,9.784238815307617,9.793427467346191,9.753117561340332,9.845727920532227,9.805851936340332,9.807305335998535,9.81183910369873,9.865743637084961,9.853219032287598,9.84607982635498,9.855877876281738,9.845497131347656,9.837538719177246,9.858731269836426,9.836305618286133,9.828363418579102
8.91,9.88955,0.27774,9.736047744750977,9.771533966064453,9.784238815307617,9.793427467346191,9.753117561340332,9.845727920532227,9.805851936340332,9.807305335998535,9.81183910369873,9.865743637084961,9.853219032287598,9.84607982635498,9.855877876281738,9.845497131347656,9.837538719177246,9.858731269836426,9.836305618286133,9.828363418579102
8.92,9.88929,0.27981,9.736047744750977,9.771533966064453,9.784238815307617,9.793427467346191,9.753117561340332,9.845727920532227,9.805851936340332,9.807305335998535,9.81183910369873,9.865743637084961,9.853219032287598,9.84607982635498,9.855877876281738,9.845497131347656,9.837538719177246,9.858731269836426,9.836305618286133,9.828363418579102
8.93,9.8892,0.28126,9.736047744750977,9.771533966064453,9.784238815307617,9.793427467346191,9.753117561340332,9.845727920532227,9.805851936340332,9.807305335998535,9.81183910369873,9.865743637084961,9.853219032287598,9.84607982635498,9.855877876281738,9.845497131347656,9.837538719177246,9.858731269836426,9.836305618286133,9.828363418579102
8.94,9.88927,0.28211,9.736518859863281,9.787324905395508,9.792340278625488,9.799954414367676,9.766169548034668,9.85761833190918,9.799554824829102,9.819840431213379,9.822507858276367,9.872427940368652,9.845907211303711,9.837454795837402,9.847689628601074,9.843265533447266,9.83359146118164,9.856924057006836,9.840633392333984,9.80726146697998
8.95,9.88945,0.28238,9.736518859863281,9.787324905395508,9.792340278625488,9.799954414367676,9.766169548034668,9.85761833190918,9.799554824829102,9.819840431213379,9.822507858276367,9.872427940368652,9.845907211303711,9.837454795837402,9.847689628601074,9.843265533447266,9.83359146118164,9.856924057006836,9.840633392333984,9.80726146697998
8.96,9.88996,0.2821,9.736518859863281,9.787324905395508,9.792340278625488,9.799954414367676,9.766169548034668,9.85761833190918,9.799554824829102,9.819840431213379,9.822507858276367,9.872427940368652,9.845907211303711,9.837454795837402,9.847689628601074,9.843265533447266,9.83359146118164,9.856924057006836,9.840633392333984,9.80726146697998
8.97,9.8906,0.28129,9.736518859863281,9.787324905395508,9.792340278625488,9.799954414367676,9.766169548034668,9.85761833190918,9.799554824829102,9.819840431213379,9.822507858276367,9.872427940368652,9.845907211303711,9.837454795837402,9.847689628601074,9.843265533447266,9.83359146118164,9.856924057006836,9.840633392333984,9.80726146697998
8.98,9.89145,0.27996,9.736518859863281,9.787324905395508,9.792340278625488,9.799954414367676,9.766169548034668,9.85761833190918,9.799554824829102,9.819840431213379,9.822507858276367,9.872427940368652,9.845907211303711,9.837454795837402,9.847689628601074,9.843265533447266,9.83359146118164,9.856924057006836,9.840633392333984,9.80726146697998
8.99,9.8925,0.27816,9.746423721313477,9.811108589172363,9.809240341186523,9.815352439880371,9.79130744934082,9.876622200012207,9.80379581451416,9.840736389160156,9.842803955078125,9.886573791503906,9.850014686584473,9.841084480285645,9.852455139160156,9.8522367477417,9.840523719787598,9.86373233795166,9.852890968322754,9.795762062072754
9.0,9.89377,0.27591,9.746423721313477,9.811108589172363,9.809240341186523,9.815352439880371,9.79130744934082,9.876622200012207,9.80379581451416,9.840736389160156,9.842803955078125,9.886573791503906,9.850014686584473,9.841084480285645,9.852455139160156,9.8522367477417,9.840523719787598,9.86373233795166,9.852890968322754,9.795762062072754
9.01,9.89525,0.27325,9.746423721313477,9.811108589172363,9.809240341186523,9.815352439880371,9.79130744934082,9.876622200012207,9.80379581451416,9.840736389160156,9.842803955078125,9.886573791503906,9.850014686584473,9.841084480285645,9.852455139160156,9.8522367477417,9.840523719787598,9.86373233795166,9.852890968322754,9.795762062072754
9.02,9.89695,0.27019,9.746423721313477,9.811108589172363,9.809240341186523,9.815352439880371,9.79130744934082,9.876622200012207,9.80379581451416,9.840736389160156,9.842803955078125,9.886573791503906,9.850014686584473,9.841084480285645,9.852455139160156,9.8522367477417,9.840523719787598,9.86373233795166,9.852890968322754,9.795762062072754
9.03,9.89886,0.26677,9.746423721313477,9.811108589172363,9.809240341186523,9.815352439880371,9.79130744934082,9.876622200012207,9.80379581451416,9.840736389160156,9.842803955078125,9.886573791503906,9.850014686584473,9.841084480285645,9.852455139160156,9.8522367477417,9.840523719787598,9.86373233795166,9.852890968322754,9.795762062072754
9.04,9.90054,0.26381,9.761309623718262,9.833558082580566,9.829313278198242,9.83607006072998,9.82262897491455,9.896119117736816,9.812895774841309,9.859450340270996,9.865628242492676,9.893421173095703,9.85565185546875,9.848993301391602,9.860347747802734,9.861479759216309,9.848835945129395,9.869441032409668,9.860005378723145,9.78825569152832
9.05,9.90332,0.25898,9.761309623718262,9.833558082580566,9.829313278198242,9.83607006072998,9.82262897491455,9.896119117736816,9.812895774841309,9.859450340270996,9.865628242492676,9.893421173095703,9.85565185546875,9.848993301391602,9.860347747802734,9.861479759216309,9.848835945129395,9.869441032409668,9.860005378723145,9.78825569152832
9.06,9.90586,0.25467,9.761309623718262,9.833558082580566,9.829313278198242,9.83607006072998,9.82262897491455,9.896119117736816,9.812895774841309,9.859450340270996,9.865628242492676,9.893421173095703,9.85565185546875,9.848993301391602,9.860347747802734,9.861479759216309,9.848835945129395,9.869441032409668,9.860005378723145,9.78825569152832
9.07,9.9086,0.2501,9.761309623718262,9.833558082580566,9.829313278198242,9.83607006072998,9.82262897491455,9.896119117736816,9.812895774841309,9.859450340270996,9.865628242492676,9.893421173095703,9.85565185546875,9.848993301391602,9.860347747802734,9.861479759216309,9.848835945129395,9.869441032409668,9.860005378723145,9.78825569152832
9.08,9.91152,0.24532,9.761309623718262,9.833558082580566,9.829313278198242,9.83607006072998,9.82262897491455,9.896119117736816,9.812895774841309,9.859450340270996,9.865628242492676,9.893421173095703,9.85565185546875,9.848993301391602,9.860347747802734,9.861479759216309,9.848835945129395,9.869441032409668,9.860005378723145,9.78825569152832
9.09,9.91463,0.24033,9.786550521850586,9.858501434326172,9.856341361999512,9.86037540435791,9.854074478149414,9.91845703125,9.833373069763184,9.879663467407227,9.890130996704102,9.896066665649414,9.868858337402344,9.864672660827637,9.877593994140625,9.874662399291992,9.861902236938477,9.87891960144043,9.866918563842773,9.788118362426758
9.1,9.91791,0.23517,9.786550521850586,9.858501434326172,9.856341361999512,9.86037540435791,9.854074478149414,9.91845703125,9.833373069763184,9.879663467407227,9.890130996704102,9.896066665649414,9.868858337402344,9.864672660827637,9.877593994140625,9.874662399291992,9.861902236938477,9.87891960144043,9.866918563842773,9.788118362426758
9.11,9.92134,0.22984,9.786550521850586,9.858501434326172,9.856341361999512,9.86037540435791,9.854074478149414,9.91845703125,9.833373069763184,9.879663467407227,9.890130996704102,9.896066665649414,9.868858337402344,9.864672660827637,9.877593994140625,9.874662399291992,9.861902236938477,9.87891960144043,9.866918563842773,9.788118362426758
9.12,9.92418,0.22547,9.786550521850586,9.858501434326172,9.856341361999512,9.86037540435791,9.854074478149414,9.91845703125,9.833373069763184,9.879663467407227,9.890130996704102,9.896066665649414,9.868858337402344,9.864672660827637,9.877593994140625,9.874662399291992,9.861902236938477,9.87891960144043,9.866918563842773,9.788118362426758
9.13,9.92862,0.21873,9.786550521850586,9.858501434326172,9.856341361999512,9.86037540435791,9.854074478149414,9.91845703125,9.833373069763184,9.879663467407227,9.890130996704102,9.896066665649414,9.868858337402344,9.864672660827637,9.877593994140625,9.874662399291992,9.861902236938477,9.87891960144043,9.866918563842773,9.788118362426758
9.14,9.93244,0.21297,9.818551063537598,9.881837844848633,9.8832426071167,9.883260726928711,9.881316184997559,9.93958854675293,9.858072280883789,9.90108871459961,9.910918235778809,9.901062965393066,9.89013385772705,9.88537311553955,9.899267196655273,9.889479637145996,9.877899169921875,9.891658782958984,9.87588119506836,9.796747207641602
9.15,9.93636,0.20708,9.818551063537598,9.881837844848633,9.8832426071167,9.883260726928711,9.881316184997559,9.93958854675293,9.858072280883789,9.90108871459961,9.910918235778809,9.901062965393066,9.89013385772705,9.88537311553955,9.899267196655273,9.889479637145996,9.877899169921875,9.891658782958984,9.87588119506836,9.796747207641602
9.16,9.94036,0.20106,9.818551063537598,9.881837844848633,9.8832426071167,9.883260726928711,9.881316184997559,9.93958854675293,9.858072280883789,9.90108871459961,9.910918235778809,9.901062965393066,9.89013385772705,9.88537311553955,9.899267196655273,9.889479637145996,9.877899169921875,9.891658782958984,9.87588119506836,9.796747207641602
9.17,9.94441,0.1949,9.818551063537598,9.881837844848633,9.8832426071167,9.883260726928711,9.881316184997559,9.93958854675293,9.858072280883789,9.90108871459961,9.910918235778809,9.901062965393066,9.89013385772705,9.88537311553955,9.899267196655273,9.889479637145996,9.877899169921875,9.891658782958984,9.87588119506836,9.796747207641602
9.18,9.94851,0.18861,9.818551063537598,9.881837844848633,9.8832426071167,9.883260726928711,9.881316184997559,9.93958854675293,9.858072280883789,9.90108871459961,9.910918235778809,9.901062965393066,9.89013385772705,9.88537311553955,9.899267196655273,9.889479637145996,9.877899169921875,9.891658782958984,9.87588119506836,9.796747207641602
9.19,9.95263,0.18217,9.854941368103027,9.90665340423584,9.908965110778809,9.904725074768066,9.902986526489258,9.958178520202637,9.884193420410156,9.924424171447754,9.929144859313965,9.917726516723633,9.918198585510254,9.909465789794922,9.922893524169922,9.907891273498535,9.898180961608887,9.909018516540527,9.89550495147705,9.814641952514648
9.2,9.95592,0.17691,9.854941368103027,9.90665340423584,9.908965110778809,9.904725074768066,9.902986526489258,9.958178520202637,9.884193420410156,9.924424171447754,9.929144859313965,9.917726516723633,9.918198585510254,9.909465789794922,9.922893524169922,9.907891273498535,9.898180961608887,9.909018516540527,9.89550495147705,9.814641952514648
9.21,9.96085,0.1688,9.854941368103027,9.90665340423584,9.908965110778809,9.904725074768066,9.902986526489258,9.958178520202637,9.884193420410156,9.924424171447754,9.929144859313965,9.917726516723633,9.918198585510254,9.909465789794922,9.922893524169922,9.907891273498535,9.898180961608887,9.909018516540527,9.89550495147705,9.814641952514648
9.22,9.9649,0.16185,9.854941368103027,9.90665340423584,9.908965110778809,9.904725074768066,9.902986526489258,9.958178520202637,9.884193420410156,9.924424171447754,9.929144859313965,9.917726516723633,9.918198585510254,9.909465789794922,9.922893524169922,9.907891273498535,9.898180961608887,9.909018516540527,9.89550495147705,9.814641952514648
9.23,9.96889,0.15468,9.854941368103027,9.90665340423584,9.908965110778809,9.904725074768066,9.902986526489258,9.958178520202637,9.884193420410156,9.924424171447754,9.929144859313965,9.917726516723633,9.918198585510254,9.909465789794922,9.922893524169922,9.907891273498535,9.898180961608887,9.909018516540527,9.89550495147705,9.814641952514648
9.24,9.97278,0.1473,9.888053894042969,9.921818733215332,9.92850399017334,9.922052383422852,9.919519424438477,9.967107772827148,9.911928176879883,9.937915802001953,9.94387435913086,9.927328109741211,9.941119194030762,9.930439949035645,9.942146301269531,9.921015739440918,9.918730735778809,9.924141883850098,9.905935287475586,9.838275909423828
9.25,9.97657,0.13967,9.888053894042969,9.921818733215332,9.92850399017334,9.922052383422852,9.919519424438477,9.967107772827148,9.911928176879883,9.937915802001953,9.94387435913086,9.927328109741211,9.941119194030762,9.930439949035645,9.942146301269531,9.921015739440918,9.918730735778809,9.924141883850098,9.905935287475586,9.838275909423828
9.26,9.98021,0.13178,9.888053894042969,9.921818733215332,9.92850399017334,9.922052383422852,9.919519424438477,9.967107772827148,9.911928176879883,9.937915802001953,9.94387435913086,9.927328109741211,9.941119194030762,9.930439949035645,9.942146301269531,9.921015739440918,9.918730735778809,9.924141883850098,9.905935287475586,9.838275909423828
9.27,9.9837,0.12361,9.888053894042969,9.921818733215332,9.92850399017334,9.922052383422852,9.919519424438477,9.967107772827148,9.911928176879883,9.937915802001953,9.94387435913086,9.927328109741211,9.941119194030762,9.930439949035645,9.942146301269531,9.921015739440918,9.918730735778809,9.924141883850098,9.905935287475586,9.838275909423828
9.28,9.98701,0.11514,9.888053894042969,9.921818733215332,9.92850399017334,9.922052383422852,9.919519424438477,9.967107772827148,9.911928176879883,9.937915802001953,9.94387435913086,9.927328109741211,9.941119194030762,9.930439949035645,9.942146301269531,9.921015739440918,9.918730735778809,9.924141883850098,9.905935287475586,9.838275909423828
9.29,9.98951,0.10814,9.92163372039795,9.937309265136719,9.947518348693848,9.933257102966309,9.920013427734375,9.968782424926758,9.946090698242188,9.951332092285156,9.953412055969238,9.938050270080566,9.965546607971191,9.957403182983398,9.970277786254883,9.93923568725586,9.945794105529785,9.942682266235352,9.920377731323242,9.875761032104492
9.3,9.99301,0.09721,9.92163372039795,9.937309265136719,9.947518348693848,9.933257102966309,9.920013427734375,9.968782424926758,9.946090698242188,9.951332092285156,9.953412055969238,9.938050270080566,9.965546607971191,9.957403182983398,9.970277786254883,9.93923568725586,9.945794105529785,9.942682266235352,9.920377731323242,9.875761032104492
9.31,9.99565,0.08773,9.92163372039795,9.937309265136719,9.947518348693848,9.933257102966309,9.920013427734375,9.968782424926758,9.946090698242188,9.951332092285156,9.953412055969238,9.938050270080566,9.965546607971191,9.957403182983398,9.970277786254883,9.93923568725586,9.945794105529785,9.942682266235352,9.920377731323242,9.875761032104492
9.32,9.99803,0.07788,9.92163372039795,9.937309265136719,9.947518348693848,9.933257102966309,9.920013427734375,9.968782424926758,9.946090698242188,9.951332092285156,9.953412055969238,9.938050270080566,9.965546607971191,9.957403182983398,9.970277786254883,9.93923568725586,9.945794105529785,9.942682266235352,9.920377731323242,9.875761032104492
9.33,10.00013,0.06765,9.92163372039795,9.937309265136719,9.947518348693848,9.933257102966309,9.920013427734375,9.968782424926758,9.946090698242188,9.951332092285156,9.953412055969238,9.938050270080566,9.965546607971191,9.957403182983398,9.970277786254883,9.93923568725586,9.945794105529785,9.942682266235352,9.920377731323242,9.875761032104492
9.34,10.00193,0.05704,9.945117950439453,9.951319694519043,9.956151962280273,9.941980361938477,9.916670799255371,9.968122482299805,9.964427947998047,9.965646743774414,9.95992374420166,9.966540336608887,9.982240676879883,9.982917785644531,9.992997169494629,9.962695121765137,9.967780113220215,9.967161178588867,9.952218055725098,9.919620513916016
9.35,10.00342,0.04604,9.945117950439453,9.951319694519043,9.956151962280273,9.941980361938477,9.916670799255371,9.968122482299805,9.964427947998047,9.965646743774414,9.95992374420166,9.966540336608887,9.982240676879883,9.982917785644531,9.992997169494629,9.962695121765137,9.967780113220215,9.967161178588867,9.952218055725098,9.919620513916016
9.36,10.00459,0.03464,9.945117950439453,9.951319694519043,9.956151962280273,9.941980361938477,9.916670799255371,9.968122482299805,9.964427947998047,9.965646743774414,9.95992374420166,9.966540336608887,9.982240676879883,9.982917785644531,9.992997169494629,9.962695121765137,9.967780113220215,9.967161178588867,9.952218055725098,9.919620513916016
9.37,10.00528,0.02526,9.945117950439453,9.951319694519043,9.956151962280273,9.941980361938477,9.916670799255371,9.968122482299805,9.964427947998047,9.965646743774414,9.95992374420166,9.966540336608887,9.982240676879883,9.982917785644531,9.992997169494629,9.962695121765137,9.967780113220215,9.967161178588867,9.952218055725098,9.919620513916016
9.38,10.00589,0.0107,9.945117950439453,9.951319694519043,9.956151962280273,9.941980361938477,9.916670799255371,9.968122482299805,9.964427947998047,9.965646743774414,9.95992374420166,9.966540336608887,9.982240676879883,9.982917785644531,9.992997169494629,9.962695121765137,9.967780113220215,9.967161178588867,9.952218055725098,9.919620513916016
9.39,10.00602,0.0,9.950662612915039,9.949156761169434,9.951041221618652,9.940591812133789,9.909021377563477,9.962724685668945,9.963775634765625,9.962624549865723,9.955113410949707,9.979141235351562,9.983356475830078,9.990104675292969,9.996331214904785,9.972450256347656,9.970548629760742,9.977832794189453,9.970329284667969,9.942358016967773
9.4,10.00578,0.0,9.950662612915039,9.949156761169434,9.951041221618652,9.940591812133789,9.909021377563477,9.962724685668945,9.963775634765625,9.962624549865723,9.955113410949707,9.979141235351562,9.983356475830078,9.990104675292969,9.996331214904785,9.972450256347656,9.970548629760742,9.977832794189453,9.970329284667969,9.942358016967773
9.41,10.00518,0.0,9.950662612915039,9.949156761169434,9.951041221618652,9.940591812133789,9.909021377563477,9.962724685668945,9.963775634765625,9.962624549865723,9.955113410949707,9.979141235351562,9.983356475830078,9.990104675292969,9.996331214904785,9.972450256347656,9.970548629760742,9.977832794189453,9.970329284667969,9.942358016967773
9.42,10.00421,0.0,9.950662612915039,9.949156761169434,9.951041221618652,9.940591812133789,9.909021377563477,9.962724685668945,9.963775634765625,9.962624549865723,9.955113410949707,9.979141235351562,9.983356475830078,9.990104675292969,9.996331214904785,9.972450256347656,9.970548629760742,9.977832794189453,9.970329284667969,9.942358016967773
9.43,10.00288,0.0,9.950662612915039,9.949156761169434,9.951041221618652,9.940591812133789,9.909021377563477,9.962724685668945,9.963775634765625,9.962624549865723,9.955113410949707,9.979141235351562,9.983356475830078,9.990104675292969,9.996331214904785,9.972450256347656,9.970548629760742,9.977832794189453,9.970329284667969,9.942358016967773
9.44,10.00119,0.0,9.937606811523438,9.935067176818848,9.934724807739258,9.927145957946777,9.890981674194336,9.950264930725098,9.947274208068848,9.943013191223145,9.939046859741211,9.969842910766602,9.969067573547363,9.981690406799316,9.982425689697266,9.963499069213867,9.957273483276367,9.969355583190918,9.96524715423584,9.939057350158691
9.45,9.99958,0.0,9.937606811523438,9.935067176818848,9.934724807739258,9.927145957946777,9.890981674194336,9.950264930725098,9.947274208068848,9.943013191223145,9.939046859741211,9.969842910766602,9.969067573547363,9.981690406799316,9.982425689697266,9.963499069213867,9.957273483276367,9.969355583190918,9.96524715423584,9.939057350158691
9.46,9.99675,0.0,9.937606811523438,9.935067176818848,9.934724807739258,9.927145957946777,9.890981674194336,9.950264930725098,9.947274208068848,9.943013191223145,9.939046859741211,9.969842910766602,9.969067573547363,9.981690406799316,9.982425689697266,9.963499069213867,9.957273483276367,9.969355583190918,9.96524715423584,9.939057350158691
9.47,9.99401,0.0,9.937606811523438,9.935067176818848,9.934724807739258,9.927145957946777,9.890981674194336,9.950264930725098,9.947274208068848,9.943013191223145,9.939046859741211,9.969842910766602,9.969067573547363,9.981690406799316,9.982425689697266,9.963499069213867,9.957273483276367,9.969355583190918,9.96524715423584,9.939057350158691
9.48,9.99096,0.0,9.937606811523438,9.935067176818848,9.934724807739258,9.927145957946777,9.890981674194336,9.950264930725098,9.947274208068848,9.943013191223145,9.939046859741211,9.969842910766602,9.969067573547363,9.981690406799316,9.982425689697266,9.963499069213867,9.957273483276367,9.969355583190918,9.96524715423584,9.939057350158691
9.49,9.98759,0.0,9.91968822479248,9.922093391418457,9.918928146362305,9.910324096679688,9.874253273010254,9.93713092803955,9.929112434387207,9.92316722869873,9.922941207885742,9.944289207458496,9.941815376281738,9.957236289978027,9.955845832824707,9.93797492980957,9.933187484741211,9.944647789001465,9.941426277160645,9.918063163757324
9.5,9.98393,0.0,9.91968822479248,9.922093391418457,9.918928146362305,9.910324096679688,9.874253273010254,9.93713092803955,9.929112434387207,9.92316722869873,9.922941207885742,9.944289207458496,9.941815376281738,9.957236289978027,9.955845832824707,9.93797492980957,9.933187484741211,9.944647789001465,9.941426277160645,9.918063163757324
9.51,9.98,0.0,9.91968822479248,9.922093391418457,9.918928146362305,9.910324096679688,9.874253273010254,9.93713092803955,9.929112434387207,9.92316722869873,9.922941207885742,9.944289207458496,9.941815376281738,9.957236289978027,9.955845832824707,9.93797492980957,9.933187484741211,9.944647789001465,9.941426277160645,9.918063163757324
9.52,9.97581,0.0,9.91968822479248,9.922093391418457,9.918928146362305,9.910324096679688,9.874253273010254,9.93713092803955,9.929112434387207,9.92316722869873,9.922941207885742,9.944289207458496,9.941815376281738,9.957236289978027,9.955845832824707,9.93797492980957,9.933187484741211,9.944647789001465,9.941426277160645,9.918063163757324
9.53,9.97139,0.0,9.91968822479248,9.922093391418457,9.918928146362305,9.910324096679688,9.874253273010254,9.93713092803955,9.929112434387207,9.92316722869873,9.922941207885742,9.944289207458496,9.941815376281738,9.957236289978027,9.955845832824707,9.93797492980957,9.933187484741211,9.944647789001465,9.941426277160645,9.918063163757324
9.54,9.9677,0.0,9.898380279541016,9.90945053100586,9.901805877685547,9.892589569091797,9.859618186950684,9.922892570495605,9.908106803894043,9.90332317352295,9.908258438110352,9.915637016296387,9.911011695861816,9.927417755126953,9.928206443786621,9.90780258178711,9.90722370147705,9.91678237915039,9.915323257446289,9.89541244506836
9.55,9.96194,0.0,9.898380279541016,9.90945053100586,9.901805877685547,9.892589569091797,9.859618186950684,9.922892570495605,9.908106803894043,9.90332317352295,9.908258438110352,9.915637016296387,9.911011695861816,9.927417755126953,9.928206443786621,9.90780258178711,9.90722370147705,9.91678237915039,9.915323257446289,9.89541244506836
9.56,9.95697,0.0,9.898380279541016,9.90945053100586,9.901805877685547,9.892589569091797,9.859618186950684,9.922892570495605,9.908106803894043,9.90332317352295,9.908258438110352,9.915637016296387,9.911011695861816,9.927417755126953,9.928206443786621,9.90780258178711,9.90722370147705,9.91678237915039,9.915323257446289,9.89541244506836
9.57,9.95186,0.0,9.898380279541016,9.90945053100586,9.901805877685547,9.892589569091797,9.859618186950684,9.922892570495605,9.908106803894043,9.90332317352295,9.908258438110352,9.915637016296387,9.911011695861816,9.927417755126953,9.928206443786621,9.90780258178711,9.90722370147705,9.91678237915039,9.915323257446289,9.89541244506836
9.58,9.94664,0.0,9.898380279541016,9.90945053100586,9.901805877685547,9.892589569091797,9.859618186950684,9.922892570495605,9.908106803894043,9.90332317352295,9.908258438110352,9.915637016296387,9.911011695861816,9.927417755126953,9.928206443786621,9.90780258178711,9.90722370147705,9.91678237915039,9.915323257446289,9.89541244506836
9.59,9.94134,0.0,9.87585163116455,9.895345687866211,9.881279945373535,9.873849868774414,9.844949722290039,9.906628608703613,9.887120246887207,9.883564949035645,9.892297744750977,9.889907836914062,9.882686614990234,9.899824142456055,9.905193328857422,9.880112648010254,9.883440971374512,9.892516136169434,9.892948150634766,9.875929832458496
9.6,9.936,0.0,9.87585163116455,9.895345687866211,9.881279945373535,9.873849868774414,9.844949722290039,9.906628608703613,9.887120246887207,9.883564949035645,9.892297744750977,9.889907836914062,9.882686614990234,9.899824142456055,9.905193328857422,9.880112648010254,9.883440971374512,9.892516136169434,9.892948150634766,9.875929832458496
9.61,9.93062,0.0,9.87585163116455,9.895345687866211,9.881279945373535,9.873849868774414,9.844949722290039,9.906628608703613,9.887120246887207,9.883564949035645,9.892297744750977,9.889907836914062,9.882686614990234,9.899824142456055,9.905193328857422,9.880112648010254,9.883440971374512,9.892516136169434,9.892948150634766,9.875929832458496
9.62,9.92633,0.0,9.87585163116455,9.895345687866211,9.881279945373535,9.873849868774414,9.844949722290039,9.906628608703613,9.887120246887207,9.883564949035645,9.892297744750977,9.889907836914062,9.882686614990234,9.899824142456055,9.905193328857422,9.880112648010254,9.883440971374512,9.892516136169434,9.892948150634766,9.875929832458496
9.63,9.9199,0.0,9.87585163116455,9.895345687866211,9.881279945373535,9.873849868774414,9.844949722290039,9.906628608703613,9.887120246887207,9.883564949035645,9.892297744750977,9.889907836914062,9.882686614990234,9.899824142456055,9.905193328857422,9.880112648010254,9.883440971374512,9.892516136169434,9.892948150634766,9.875929832458496
9.64,9.9146,0.0,9.859132766723633,9.887707710266113,9.868513107299805,9.8613862991333,9.83770751953125,9.895750999450684,9.874271392822266,9.871696472167969,9.881650924682617,9.874857902526855,9.865378379821777,9.880757331848145,9.89187240600586,9.860709190368652,9.867985725402832,9.875694274902344,9.880372047424316,9.866035461425781
9.65,9.90937,0.0,9.859132766723633,9.887707710266113,9.868513107299805,9.8613862991333,9.83770751953125,9.895750999450684,9.874271392822266,9.871696472167969,9.881650924682617,9.874857902526855,9.865378379821777,9.880757331848145,9.89187240600586,9.860709190368652,9.867985725402832,9.875694274902344,9.880372047424316,9.866035461425781
9.66,9.90424,0.0,9.859132766723633,9.887707710266113,9.868513107299805,9.8613862991333,9.83770751953125,9.895750999450684,9.874271392822266,9.871696472167969,9.881650924682617,9.874857902526855,9.865378379821777,9.880757331848145,9.89187240600586,9.860709190368652,9.867985725402832,9.875694274902344,9.880372047424316,9.866035461425781
9.67,9.89923,0.0,9.859132766723633,9.887707710266113,9.868513107299805,9.8613862991333,9.83770751953125,9.895750999450684,9.874271392822266,9.871696472167969,9.881650924682617,9.874857902526855,9.865378379821777,9.880757331848145,9.89187240600586,9.860709190368652,9.867985725402832,9.875694274902344,9.880372047424316,9.866035461425781
9.68,9.89436,0.0,9.859132766723633,9.887707710266113,9.868513107299805,9.8613862991333,9.83770751953125,9.895750999450684,9.874271392822266,9.871696472167969,9.881650924682617,9.874857902526855,9.865378379821777,9.880757331848145,9.89187240600586,9.860709190368652,9.867985725402832,9.875694274902344,9.880372047424316,9.866035461425781
9.69,9.88965,0.0,9.845174789428711,9.877242088317871,9.854963302612305,9.849346160888672,9.830999374389648,9.88691234588623,9.861509323120117,9.858869552612305,9.872698783874512,9.862757682800293,9.8521728515625,9.866353034973145,9.881725311279297,9.84758186340332,9.853469848632812,9.863893508911133,9.870269775390625,9.859389305114746
9.7,9.88601,0.0,9.845174789428711,9.877242088317871,9.854963302612305,9.849346160888672,9.830999374389648,9.88691234588623,9.861509323120117,9.858869552612305,9.872698783874512,9.862757682800293,9.8521728515625,9.866353034973145,9.881725311279297,9.84758186340332,9.853469848632812,9.863893508911133,9.870269775390625,9.859389305114746
9.71,9.88076,0.0,9.845174789428711,9.877242088317871,9.854963302612305,9.849346160888672,9.830999374389648,9.88691234588623,9.861509323120117,9.858869552612305,9.872698783874512,9.862757682800293,9.8521728515625,9.866353034973145,9.881725311279297,9.84758186340332,9.853469848632812,9.863893508911133,9.870269775390625,9.859389305114746
9.72,9.87661,0.0,9.845174789428711,9.877242088317871,9.854963302612305,9.849346160888672,9.830999374389648,9.88691234588623,9.861509323120117,9.858869552612305,9.872698783874512,9.862757682800293,9.8521728515625,9.866353034973145,9.881725311279297,9.84758186340332,9.853469848632812,9.863893508911133,9.870269775390625,9.859389305114746
9.73,9.87267,0.0,9.845174789428711,9.877242088317871,9.854963302612305,9.849346160888672,9.830999374389648,9.88691234588623,9.861509323120117,9.858869552612305,9.872698783874512,9.862757682800293,9.8521728515625,9.866353034973145,9.881725311279297,9.84758186340332,9.853469848632812,9.863893508911133,9.870269775390625,9.859389305114746
9.74,9.86896,0.0,9.828404426574707,9.858603477478027,9.837503433227539,9.834887504577637,9.820358276367188,9.873533248901367,9.8431978225708,9.84010124206543,9.857074737548828,9.840240478515625,9.831232070922852,9.843974113464355,9.861725807189941,9.826238632202148,9.82907485961914,9.841670989990234,9.849586486816406,9.844284057617188
9.75,9.86547,0.0,9.828404426574707,9.858603477478027,9.837503433227539,9.834887504577637,9.820358276367188,9.873533248901367,9.8431978225708,9.84010124206543,9.857074737548828,9.840240478515625,9.831232070922852,9.843974113464355,9.861725807189941,9.826238632202148,9.82907485961914,9.841670989990234,9.849586486816406,9.844284057617188
9.76,9.86221,0.0,9.828404426574707,9.858603477478027,9.837503433227539,9.834887504577637,9.820358276367188,9.873533248901367,9.8431978225708,9.84010124206543,9.857074737548828,9.840240478515625,9.831232070922852,9.843974113464355,9.861725807189941,9.826238632202148,9.82907485961914,9.841670989990234,9.849586486816406,9.844284057617188
9.77,9.85919,0.0,9.828404426574707,9.858603477478027,9.837503433227539,9.834887504577637,9.820358276367188,9.873533248901367,9.8431978225708,9.84010124206543,9.857074737548828,9.840240478515625,9.831232070922852,9.843974113464355,9.861725807189941,9.826238632202148,9.82907485961914,9.841670989990234,9.849586486816406,9.844284057617188
9.78,9.8564,0.0,9.828404426574707,9.858603477478027,9.837503433227539,9.834887504577637,9.820358276367188,9.873533248901367,9.8431978225708,9.84010124206543,9.857074737548828,9.840240478515625,9.831232070922852,9.843974113464355,9.861725807189941,9.826238632202148,9.82907485961914,9.841670989990234,9.849586486816406,9.844284057617188
9.79,9.85435,0.0,9.816071510314941,9.84510326385498,9.825023651123047,9.824030876159668,9.812213897705078,9.864668846130371,9.8300199508667,9.827017784118652,9.845927238464355,9.82431411743164,9.816837310791016,9.826376914978027,9.845988273620605,9.809406280517578,9.81094741821289,9.825423240661621,9.833969116210938,9.832804679870605
9.8,9.85153,0.0,9.816071510314941,9.84510326385498,9.825023651123047,9.824030876159668,9.812213897705078,9.864668846130371,9.8300199508667,9.827017784118652,9.845927238464355,9.82431411743164,9.816837310791016,9.826376914978027,9.845988273620605,9.809406280517578,9.81094741821289,9.825423240661621,9.833969116210938,9.832804679870605
9.81,9.84944,0.0,9.816071510314941,9.84510326385498,9.825023651123047,9.824030876159668,9.812213897705078,9.864668846130371,9.8300199508667,9.827017784118652,9.845927238464355,9.82431411743164,9.816837310791016,9.826376914978027,9.845988273620605,9.809406280517578,9.81094741821289,9.825423240661621,9.833969116210938,9.832804679870605
9.82,9.84758,0.0,9.816071510314941,9.84510326385498,9.825023651123047,9.824030876159668,9.812213897705078,9.864668846130371,9.8300199508667,9.827017784118652,9.845927238464355,9.82431411743164,9.816837310791016,9.826376914978027,9.845988273620605,9.809406280517578,9.81094741821289,9.825423240661621,9.833969116210938,9.832804679870605
9.83,9.84593,0.0,9.816071510314941,9.84510326385498,9.825023651123047,9.824030876159668,9.812213897705078,9.864668846130371,9.8300199508667,9.827017784118652,9.845927238464355,9.82431411743164,9.816837310791016,9.826376914978027,9.845988273620605,9.809406280517578,9.81094741821289,9.825423240661621,9.833969116210938,9.832804679870605
9.84,9.84449,0.0,9.807220458984375,9.834818840026855,9.81639289855957,9.815369606018066,9.805766105651855,9.85886001586914,9.8211088180542,9.818903923034668,9.837397575378418,9.817304611206055,9.810916900634766,9.816380500793457,9.838038444519043,9.800407409667969,9.801457405090332,9.817620277404785,9.826386451721191,9.826688766479492
9.85,9.84325,0.0,9.807220458984375,9.834818840026855,9.81639289855957,9.815369606018066,9.805766105651855,9.85886001586914,9.8211088180542,9.818903923034668,9.837397575378418,9.817304611206055,9.810916900634766,9.816380500793457,9.838038444519043,9.800407409667969,9.801457405090332,9.817620277404785,9.826386451721191,9.826688766479492
9.86,9.8422,0.0,9.807220458984375,9.834818840026855,9.81639289855957,9.815369606018066,9.805766105651855,9.85886001586914,9.8211088180542,9.818903923034668,9.837397575378418,9.817304611206055,9.810916900634766,9.816380500793457,9.838038444519043,9.800407409667969,9.801457405090332,9.817620277404785,9.826386451721191,9.826688766479492
9.87,9.84149,0.0,9.807220458984375,9.834818840026855,9.81639289855957,9.815369606018066,9.805766105651855,9.85886001586914,9.8211088180542,9.818903923034668,9.837397575378418,9.817304611206055,9.810916900634766,9.816380500793457,9.838038444519043,9.800407409667969,9.801457405090332,9.817620277404785,9.826386451721191,9.826688766479492
9.88,9.84063,0.0,9.807220458984375,9.834818840026855,9.81639289855957,9.815369606018066,9.805766105651855,9.85886001586914,9.8211088180542,9.818903923034668,9.837397575378418,9.817304611206055,9.810916900634766,9.816380500793457,9.838038444519043,9.800407409667969,9.801457405090332,9.817620277404785,9.826386451721191,9.826688766479492
9.89,9.84009,0.0,9.797589302062988,9.822529792785645,9.803922653198242,9.803996086120605,9.796167373657227,9.849935531616211,9.810996055603027,9.810863494873047,9.827149391174316,9.814077377319336,9.807112693786621,9.810931205749512,9.83250904083252,9.794816970825195,9.796686172485352,9.813618659973145,9.81956672668457,9.820990562438965
9.9,9.8397,0.0,9.797589302062988,9.822529792785645,9.803922653198242,9.803996086120605,9.796167373657227,9.849935531616211,9.810996055603027,9.810863494873047,9.827149391174316,9.814077377319336,9.807112693786621,9.810931205749512,9.83250904083252,9.794816970825195,9.796686172485352,9.813618659973145,9.81956672668457,9.820990562438965
9.91,9.83945,0.0,9.797589302062988,9.822529792785645,9.803922653198242,9.803996086120605,9.796167373657227,9.849935531616211,9.810996055603027,9.810863494873047,9.827149391174316,9.814077377319336,9.807112693786621,9.810931205749512,9.83250904083252,9.794816970825195,9.796686172485352,9.813618659973145,9.81956672668457,9.820990562438965
9.92,9.83932,0.0,9.797589302062988,9.822529792785645,9.803922653198242,9.803996086120605,9.796167373657227,9.849935531616211,9.810996055603027,9.810863494873047,9.827149391174316,9.814077377319336,9.807112693786621,9.810931205749512,9.83250904083252,9.794816970825195,9.796686172485352,9.813618659973145,9.81956672668457,9.820990562438965
9.93,9.83931,0.0,9.797589302062988,9.822529792785645,9.803922653198242,9.803996086120605,9.796167373657227,9.849935531616211,9.810996055603027,9.810863494873047,9.827149391174316,9.814077377319336,9.807112693786621,9.810931205749512,9.83250904083252,9.794816970825195,9.796686172485352,9.813618659973145,9.81956672668457,9.820990562438965
9.94,9.83941,0.0,9.788015365600586,9.809470176696777,9.79135799407959,9.79288387298584,9.785099029541016,9.839985847473145,9.801621437072754,9.802732467651367,9.816835403442383,9.810590744018555,9.80283260345459,9.808182716369629,9.8268461227417,9.792147636413574,9.794295310974121,9.811248779296875,9.81254768371582,9.813244819641113
9.95,9.83956,0.0,9.788015365600586,9.809470176696777,9.79135799407959,9.79288387298584,9.785099029541016,9.839985847473145,9.801621437072754,9.802732467651367,9.816835403442383,9.810590744018555,9.80283260345459,9.808182716369629,9.8268461227417,9.792147636413574,9.794295310974121,9.811248779296875,9.81254768371582,9.813244819641113
9.96,9.83989,0.0,9.788015365600586,9.809470176696777,9.79135799407959,9.79288387298584,9.785099029541016,9.839985847473145,9.801621437072754,9.802732467651367,9.816835403442383,9.810590744018555,9.80283260345459,9.808182716369629,9.8268461227417,9.792147636413574,9.794295310974121,9.811248779296875,9.81254768371582,9.813244819641113
9.97,9.84026,0.0,9.788015365600586,9.809470176696777,9.79135799407959,9.79288387298584,9.785099029541016,9.839985847473145,9.801621437072754,9.802732467651367,9.816835403442383,9.810590744018555,9.80283260345459,9.808182716369629,9.8268461227417,9.792147636413574,9.794295310974121,9.811248779296875,9.81254768371582,9.813244819641113
9.98,9.8407,0.0,9.788015365600586,9.809470176696777,9.79135799407959,9.79288387298584,9.785099029541016,9.839985847473145,9.801621437072754,9.802732467651367,9.816835403442383,9.810590744018555,9.80283260345459,9.808182716369629,9.8268461227417,9.792147636413574,9.794295310974121,9.811248779296875,9.81254768371582,9.813244819641113
9.99,9.84121,0.0,9.781376838684082,9.79968547821045,9.781095504760742,9.785377502441406,9.776896476745605,9.832220077514648,9.795849800109863,9.79786205291748,9.810262680053711,9.80840015411377,9.799969673156738,9.808308601379395,9.823251724243164,9.792562484741211,9.795255661010742,9.81204891204834,9.807397842407227,9.806784629821777
10.0,9.84179,0.0,9.781376838684082,9.79968547821045,9.781095504760742,9.785377502441406,9.776896476745605,9.832220077514648,9.795849800109863,9.79786205291748,9.810262680053711,9.80840015411377,9.799969673156738,9.808308601379395,9.823251724243164,9.792562484741211,9.795255661010742,9.81204891204834,9.807397842407227,9.806784629821777
10.01,9.84242,0.0,9.781376838684082,9.79968547821045,9.781095504760742,9.785377502441406,9.776896476745605,9.832220077514648,9.795849800109863,9.79786205291748,9.810262680053711,9.80840015411377,9.799969673156738,9.808308601379395,9.823251724243164,9.792562484741211,9.795255661010742,9.81204891204834,9.807397842407227,9.806784629821777
10.02,9.84311,0.0,9.781376838684082,9.79968547821045,9.781095504760742,9.785377502441406,9.776896476745605,9.832220077514648,9.795849800109863,9.79786205291748,9.810262680053711,9.80840015411377,9.799969673156738,9.808308601379395,9.823251724243164,9.792562484741211,9.795255661010742,9.81204891204834,9.807397842407227,9.806784629821777
10.03,9.84384,0.0,9.781376838684082,9.79968547821045,9.781095504760742,9.785377502441406,9.776896476745605,9.832220077514648,9.795849800109863,9.79786205291748,9.810262680053711,9.80840015411377,9.799969673156738,9.808308601379395,9.823251724243164,9.792562484741211,9.795255661010742,9.81204891204834,9.807397842407227,9.806784629821777
10.04,9.84446,0.0,9.776771545410156,9.789271354675293,9.772188186645508,9.778803825378418,9.767446517944336,9.82454776763916,9.791470527648926,9.79398250579834,9.803506851196289,9.812251091003418,9.804892539978027,9.81301498413086,9.822668075561523,9.797334671020508,9.800152778625488,9.81668758392334,9.807838439941406,9.803656578063965
10.05,9.84545,0.0,9.776771545410156,9.789271354675293,9.772188186645508,9.778803825378418,9.767446517944336,9.82454776763916,9.791470527648926,9.79398250579834,9.803506851196289,9.812251091003418,9.804892539978027,9.81301498413086,9.822668075561523,9.797334671020508,9.800152778625488,9.81668758392334,9.807838439941406,9.803656578063965
10.06,9.84631,0.0,9.776771545410156,9.789271354675293,9.772188186645508,9.778803825378418,9.767446517944336,9.82454776763916,9.791470527648926,9.79398250579834,9.803506851196289,9.812251091003418,9.804892539978027,9.81301498413086,9.822668075561523,9.797334671020508,9.800152778625488,9.81668758392334,9.807838439941406,9.803656578063965
10.07,9.84722,0.0,9.776771545410156,9.789271354675293,9.772188186645508,9.778803825378418,9.767446517944336,9.82454776763916,9.791470527648926,9.79398250579834,9.803506851196289,9.812251091003418,9.804892539978027,9.81301498413086,9.822668075561523,9.797334671020508,9.800152778625488,9.81668758392334,9.807838439941406,9.803656578063965
10.08,9.84815,0.0,9.776771545410156,9.789271354675293,9.772188186645508,9.778803825378418,9.767446517944336,9.82454776763916,9.791470527648926,9.79398250579834,9.803506851196289,9.812251091003418,9.804892539978027,9.81301498413086,9.822668075561523,9.797334671020508,9.800152778625488,9.81668758392334,9.807838439941406,9.803656578063965
10.09,9.84912,0.0,9.778156280517578,9.78610897064209,9.77161979675293,9.778138160705566,9.767484664916992,9.82259750366211,9.794642448425293,9.797416687011719,9.803532600402832,9.821540832519531,9.817439079284668,9.82206916809082,9.827617645263672,9.806879997253418,9.811100006103516,9.82526969909668,9.813016891479492,9.806140899658203
10.1,9.85012,0.0,9.778156280517578,9.78610897064209,9.77161979675293,9.778138160705566,9.767484664916992,9.82259750366211,9.794642448425293,9.797416687011719,9.803532600402832,9.821540832519531,9.817439079284668,9.82206916809082,9.827617645263672,9.806879997253418,9.811100006103516,9.82526969909668,9.813016891479492,9.806140899658203
10.11,9.85114,0.0,9.778156280517578,9.78610897064209,9.77161979675293,9.778138160705566,9.767484664916992,9.82259750366211,9.794642448425293,9.797416687011719,9.803532600402832,9.821540832519531,9.817439079284668,9.82206916809082,9.827617645263672,9.806879997253418,9.811100006103516,9.82526969909668,9.813016891479492,9.806140899658203
10.12,9.85197,0.0,9.778156280517578,9.78610897064209,9.77161979675293,9.778138160705566,9.767484664916992,9.82259750366211,9.794642448425293,9.797416687011719,9.803532600402832,9.821540832519531,9.817439079284668,9.82206916809082,9.827617645263672,9.806879997253418,9.811100006103516,9.82526969909668,9.813016891479492,9.806140899658203
10.13,9.85323,0.0,9.778156280517578,9.78610897064209,9.77161979675293,9.778138160705566,9.767484664916992,9.82259750366211,9.794642448425293,9.797416687011719,9.803532600402832,9.821540832519531,9.817439079284668,9.82206916809082,9.827617645263672,9.806879997253418,9.811100006103516,9.82526969909668,9.813016891479492,9.806140899658203
10.14,9.8543,0.0,9.793098449707031,9.79587173461914,9.785318374633789,9.789247512817383,9.776885986328125,9.828531265258789,9.819700241088867,9.808025360107422,9.813698768615723,9.830435752868652,9.845945358276367,9.842494010925293,9.849346160888672,9.825485229492188,9.83705997467041,9.843464851379395,9.819239616394043,9.822357177734375
10.15,9.85537,0.0,9.793098449707031,9.79587173461914,9.785318374633789,9.789247512817383,9.776885986328125,9.828531265258789,9.819700241088867,9.808025360107422,9.813698768615723,9.830435752868652,9.845945358276367,9.842494010925293,9.849346160888672,9.825485229492188,9.83705997467041,9.843464851379395,9.819239616394043,9.822357177734375
10.16,9.85643,0.0,9.793098449707031,9.79587173461914,9.785318374633789,9.789247512817383,9.776885986328125,9.828531265258789,9.819700241088867,9.808025360107422,9.813698768615723,9.830435752868652,9.845945358276367,9.842494010925293,9.849346160888672,9.825485229492188,9.83705997467041,9.843464851379395,9.819239616394043,9.822357177734375
10.17,9.85749,0.0,9.793098449707031,9.79587173461914,9.785318374633789,9.789247512817383,9.776885986328125,9.828531265258789,9.819700241088867,9.808025360107422,9.813698768615723,9.830435752868652,9.845945358276367,9.842494010925293,9.849346160888672,9.825485229492188,9.83705997467041,9.843464851379395,9.819239616394043,9.822357177734375
10.18,9.85852,0.0,9.793098449707031,9.79587173461914,9.785318374633789,9.789247512817383,9.776885986328125,9.828531265258789,9.819700241088867,9.808025360107422,9.813698768615723,9.830435752868652,9.845945358276367,9.842494010925293,9.849346160888672,9.825485229492188,9.83705997467041,9.843464851379395,9.819239616394043,9.822357177734375
10.19,9.85953,0.0,9.811493873596191,9.808837890625,9.806868553161621,9.802903175354004,9.784435272216797,9.837977409362793,9.857709884643555,9.830513954162598,9.831509590148926,9.862975120544434,9.893117904663086,9.887722969055176,9.899331092834473,9.86703872680664,9.882719993591309,9.8824462890625,9.846431732177734,9.874380111694336
10.2,9.86031,0.0,9.811493873596191,9.808837890625,9.806868553161621,9.802903175354004,9.784435272216797,9.837977409362793,9.857709884643555,9.830513954162598,9.831509590148926,9.862975120544434,9.893117904663086,9.887722969055176,9.899331092834473,9.86703872680664,9.882719993591309,9.8824462890625,9.846431732177734,9.874380111694336
10.21,9.86142,0.0,9.811493873596191,9.808837890625,9.806868553161621,9.802903175354004,9.784435272216797,9.837977409362793,9.857709884643555,9.830513954162598,9.831509590148926,9.862975120544434,9.893117904663086,9.887722969055176,9.899331092834473,9.86703872680664,9.882719993591309,9.8824462890625,9.846431732177734,9.874380111694336
10.22,9.86229,0.0,9.811493873596191,9.808837890625,9.806868553161621,9.802903175354004,9.784435272216797,9.837977409362793,9.857709884643555,9.830513954162598,9.831509590148926,9.862975120544434,9.893117904663086,9.887722969055176,9.899331092834473,9.86703872680664,9.882719993591309,9.8824462890625,9.846431732177734,9.874380111694336
10.23,9.86309,0.0,9.811493873596191,9.808837890625,9.806868553161621,9.802903175354004,9.784435272216797,9.837977409362793,9.857709884643555,9.830513954162598,9.831509590148926,9.862975120544434,9.893117904663086,9.887722969055176,9.899331092834473,9.86703872680664,9.882719993591309,9.8824462890625,9.846431732177734,9.874380111694336
10.24,9.86381,0.0,9.816280364990234,9.804327011108398,9.813783645629883,9.809364318847656,9.78231143951416,9.841761589050293,9.870870590209961,9.839568138122559,9.834078788757324,9.884450912475586,9.921782493591309,9.914484977722168,9.929811477661133,9.894915580749512,9.902382850646973,9.905291557312012,9.867162704467773,9.914841651916504
10.25,9.86444,0.0,9.816280364990234,9.804327011108398,9.813783645629883,9.809364318847656,9.78231143951416,9.841761589050293,9.870870590209961,9.839568138122559,9.834078788757324,9.884450912475586,9.921782493591309,9.914484977722168,9.929811477661133,9.894915580749512,9.902382850646973,9.905291557312012,9.867162704467773,9.914841651916504
10.26,9.86498,0.0,9.816280364990234,9.804327011108398,9.813783645629883,9.809364318847656,9.78231143951416,9.841761589050293,9.870870590209961,9.839568138122559,9.834078788757324,9.884450912475586,9.921782493591309,9.914484977722168,9.929811477661133,9.894915580749512,9.902382850646973,9.905291557312012,9.867162704467773,9.914841651916504
10.27,9.86541,0.00432,9.816280364990234,9.804327011108398,9.813783645629883,9.809364318847656,9.78231143951416,9.841761589050293,9.870870590209961,9.839568138122559,9.834078788757324,9.884450912475586,9.921782493591309,9.914484977722168,9.929811477661133,9.894915580749512,9.902382850646973,9.905291557312012,9.867162704467773,9.914841651916504
10.28,9.86573,0.01905,9.816280364990234,9.804327011108398,9.813783645629883,9.809364318847656,9.78231143951416,9.841761589050293,9.870870590209961,9.839568138122559,9.834078788757324,9.884450912475586,9.921782493591309,9.914484977722168,9.929811477661133,9.894915580749512,9.902382850646973,9.905291557312012,9.867162704467773,9.914841651916504
10.29,9.86589,0.03099,9.8060884475708,9.791695594787598,9.806474685668945,9.809645652770996,9.778138160705566,9.843801498413086,9.862164497375488,9.834189414978027,9.830432891845703,9.885384559631348,9.924924850463867,9.914886474609375,9.930986404418945,9.898895263671875,9.897636413574219,9.908525466918945,9.869035720825195,9.92919635772705
10.3,9.866,0.04916,9.8060884475708,9.791695594787598,9.806474685668945,9.809645652770996,9.778138160705566,9.843801498413086,9.862164497375488,9.834189414978027,9.830432891845703,9.885384559631348,9.924924850463867,9.914886474609375,9.930986404418945,9.898895263671875,9.897636413574219,9.908525466918945,9.869035720825195,9.92919635772705
10.31,9.86594,0.06443,9.8060884475708,9.791695594787598,9.806474685668945,9.809645652770996,9.778138160705566,9.843801498413086,9.862164497375488,9.834189414978027,9.830432891845703,9.885384559631348,9.924924850463867,9.914886474609375,9.930986404418945,9.898895263671875,9.897636413574219,9.908525466918945,9.869035720825195,9.92919635772705
10.32,9.86575,0.07976,9.8060884475708,9.791695594787598,9.806474685668945,9.809645652770996,9.778138160705566,9.843801498413086,9.862164497375488,9.834189414978027,9.830432891845703,9.885384559631348,9.924924850463867,9.914886474609375,9.930986404418945,9.898895263671875,9.897636413574219,9.908525466918945,9.869035720825195,9.92919635772705
10.33,9.86544,0.09509,9.8060884475708,9.791695594787598,9.806474685668945,9.809645652770996,9.778138160705566,9.843801498413086,9.862164497375488,9.834189414978027,9.830432891845703,9.885384559631348,9.924924850463867,9.914886474609375,9.930986404418945,9.898895263671875,9.897636413574219,9.908525466918945,9.869035720825195,9.92919635772705
10.34,9.86499,0.11036,9.785820007324219,9.773456573486328,9.792557716369629,9.80121898651123,9.76308536529541,9.839292526245117,9.84776782989502,9.818583488464355,9.819173812866211,9.88039779663086,9.920488357543945,9.903399467468262,9.919291496276855,9.891169548034668,9.8858003616333,9.901845932006836,9.864569664001465,9.922099113464355
10.35,9.86442,0.1255,9.785820007324219,9.773456573486328,9.792557716369629,9.80121898651123,9.76308536529541,9.839292526245117,9.84776782989502,9.818583488464355,9.819173812866211,9.88039779663086,9.920488357543945,9.903399467468262,9.919291496276855,9.891169548034668,9.8858003616333,9.901845932006836,9.864569664001465,9.922099113464355
10.36,9.86373,0.14045,9.785820007324219,9.773456573486328,9.792557716369629,9.80121898651123,9.76308536529541,9.839292526245117,9.84776782989502,9.818583488464355,9.819173812866211,9.88039779663086,9.920488357543945,9.903399467468262,9.919291496276855,9.891169548034668,9.8858003616333,9.901845932006836,9.864569664001465,9.922099113464355
10.37,9.8631,0.15222,9.785820007324219,9.773456573486328,9.792557716369629,9.80121898651123,9.76308536529541,9.839292526245117,9.84776782989502,9.818583488464355,9.819173812866211,9.88039779663086,9.920488357543945,9.903399467468262,9.919291496276855,9.891169548034668,9.8858003616333,9.901845932006836,9.864569664001465,9.922099113464355
10.38,9.86204,0.16953,9.785820007324219,9.773456573486328,9.792557716369629,9.80121898651123,9.76308536529541,9.839292526245117,9.84776782989502,9.818583488464355,9.819173812866211,9.88039779663086,9.920488357543945,9.903399467468262,9.919291496276855,9.891169548034668,9.8858003616333,9.901845932006836,9.864569664001465,9.922099113464355
10.39,9.86106,0.18354,9.764084815979004,9.763490676879883,9.780716896057129,9.792741775512695,9.749948501586914,9.836164474487305,9.83095645904541,9.80610466003418,9.809225082397461,9.872097969055176,9.900826454162598,9.883455276489258,9.897775650024414,9.873872756958008,9.86960220336914,9.887240409851074,9.85184383392334,9.899812698364258
10.4,9.86002,0.19711,9.764084815979004,9.763490676879883,9.780716896057129,9.792741775512695,9.749948501586914,9.836164474487305,9.83095645904541,9.80610466003418,9.809225082397461,9.872097969055176,9.900826454162598,9.883455276489258,9.897775650024414,9.873872756958008,9.86960220336914,9.887240409851074,9.85184383392334,9.899812698364258
10.41,9.85893,0.21018,9.764084815979004,9.763490676879883,9.780716896057129,9.792741775512695,9.749948501586914,9.836164474487305,9.83095645904541,9.80610466003418,9.809225082397461,9.872097969055176,9.900826454162598,9.883455276489258,9.897775650024414,9.873872756958008,9.86960220336914,9.887240409851074,9.85184383392334,9.899812698364258
10.42,9.85781,0.22272,9.764084815979004,9.763490676879883,9.780716896057129,9.792741775512695,9.749948501586914,9.836164474487305,9.83095645904541,9.80610466003418,9.809225082397461,9.872097969055176,9.900826454162598,9.883455276489258,9.897775650024414,9.873872756958008,9.86960220336914,9.887240409851074,9.85184383392334,9.899812698364258
10.43,9.85669,0.23468,9.764084815979004,9.763490676879883,9.780716896057129,9.792741775512695,9.749948501586914,9.836164474487305,9.83095645904541,9.80610466003418,9.809225082397461,9.872097969055176,9.900826454162598,9.883455276489258,9.897775650024414,9.873872756958008,9.86960220336914,9.887240409851074,9.85184383392334,9.899812698364258
10.44,9.85559,0.24601,9.740413665771484,9.754561424255371,9.769325256347656,9.783950805664062,9.740141868591309,9.831414222717285,9.814330101013184,9.794588088989258,9.801568031311035,9.861002922058105,9.875276565551758,9.86009407043457,9.872770309448242,9.854155540466309,9.85122013092041,9.870348930358887,9.836190223693848,9.870214462280273
10.45,9.85474,0.25458,9.740413665771484,9.754561424255371,9.769325256347656,9.783950805664062,9.740141868591309,9.831414222717285,9.814330101013184,9.794588088989258,9.801568031311035,9.861002922058105,9.875276565551758,9.86009407043457,9.872770309448242,9.854155540466309,9.85122013092041,9.870348930358887,9.836190223693848,9.870214462280273
10.46,9.85356,0.26664,9.740413665771484,9.754561424255371,9.769325256347656,9.783950805664062,9.740141868591309,9.831414222717285,9.814330101013184,9.794588088989258,9.801568031311035,9.861002922058105,9.875276565551758,9.86009407043457,9.872770309448242,9.854155540466309,9.85122013092041,9.870348930358887,9.836190223693848,9.870214462280273
10.47,9.85268,0.27589,9.740413665771484,9.754561424255371,9.769325256347656,9.783950805664062,9.740141868591309,9.831414222717285,9.814330101013184,9.794588088989258,9.801568031311035,9.861002922058105,9.875276565551758,9.86009407043457,9.872770309448242,9.854155540466309,9.85122013092041,9.870348930358887,9.836190223693848,9.870214462280273
10.48,9.85194,0.2844,9.740413665771484,9.754561424255371,9.769325256347656,9.783950805664062,9.740141868591309,9.831414222717285,9.814330101013184,9.794588088989258,9.801568031311035,9.861002922058105,9.875276565551758,9.86009407043457,9.872770309448242,9.854155540466309,9.85122013092041,9.870348930358887,9.836190223693848,9.870214462280273
10.49,9.85136,0.29216,9.725868225097656,9.752103805541992,9.767278671264648,9.780523300170898,9.736677169799805,9.831384658813477,9.805282592773438,9.790145874023438,9.79993724822998,9.852516174316406,9.854650497436523,9.841596603393555,9.853233337402344,9.839604377746582,9.836231231689453,9.857207298278809,9.823214530944824,9.841496467590332
10.5,9.85098,0.29914,9.725868225097656,9.752103805541992,9.767278671264648,9.780523300170898,9.736677169799805,9.831384658813477,9.805282592773438,9.790145874023438,9.79993724822998,9.852516174316406,9.854650497436523,9.841596603393555,9.853233337402344,9.839604377746582,9.836231231689453,9.857207298278809,9.823214530944824,9.841496467590332
10.51,9.85081,0.30537,9.725868225097656,9.752103805541992,9.767278671264648,9.780523300170898,9.736677169799805,9.831384658813477,9.805282592773438,9.790145874023438,9.79993724822998,9.852516174316406,9.854650497436523,9.841596603393555,9.853233337402344,9.839604377746582,9.836231231689453,9.857207298278809,9.823214530944824,9.841496467590332
10.52,9.8509,0.31083,9.725868225097656,9.752103805541992,9.767278671264648,9.780523300170898,9.736677169799805,9.831384658813477,9.805282592773438,9.790145874023438,9.79993724822998,9.852516174316406,9.854650497436523,9.841596603393555,9.853233337402344,9.839604377746582,9.836231231689453,9.857207298278809,9.823214530944824,9.841496467590332
10.53,9.85126,0.31553,9.725868225097656,9.752103805541992,9.767278671264648,9.780523300170898,9.736677169799805,9.831384658813477,9.805282592773438,9.790145874023438,9.79993724822998,9.852516174316406,9.854650497436523,9.841596603393555,9.853233337402344,9.839604377746582,9.836231231689453,9.857207298278809,9.823214530944824,9.841496467590332
10.54,9.85176,0.31876,9.722403526306152,9.762383460998535,9.774386405944824,9.784990310668945,9.741153717041016,9.839774131774902,9.798301696777344,9.796487808227539,9.806594848632812,9.854593276977539,9.843301773071289,9.830622673034668,9.841317176818848,9.833990097045898,9.828070640563965,9.852351188659668,9.822183609008789,9.817971229553223
10.55,9.85291,0.32274,9.722403526306152,9.762383460998535,9.774386405944824,9.784990310668945,9.741153717041016,9.839774131774902,9.798301696777344,9.796487808227539,9.806594848632812,9.854593276977539,9.843301773071289,9.830622673034668,9.841317176818848,9.833990097045898,9.828070640563965,9.852351188659668,9.822183609008789,9.817971229553223
10.56,9.85425,0.32528,9.722403526306152,9.762383460998535,9.774386405944824,9.784990310668945,9.741153717041016,9.839774131774902,9.798301696777344,9.796487808227539,9.806594848632812,9.854593276977539,9.843301773071289,9.830622673034668,9.841317176818848,9.833990097045898,9.828070640563965,9.852351188659668,9.822183609008789,9.817971229553223
10.57,9.85595,0.32715,9.722403526306152,9.762383460998535,9.774386405944824,9.784990310668945,9.741153717041016,9.839774131774902,9.798301696777344,9.796487808227539,9.806594848632812,9.854593276977539,9.843301773071289,9.830622673034668,9.841317176818848,9.833990097045898,9.828070640563965,9.852351188659668,9.822183609008789,9.817971229553223
10.58,9.85803,0.32837,9.722403526306152,9.762383460998535,9.774386405944824,9.784990310668945,9.741153717041016,9.839774131774902,9.798301696777344,9.796487808227539,9.806594848632812,9.854593276977539,9.843301773071289,9.830622673034668,9.841317176818848,9.833990097045898,9.828070640563965,9.852351188659668,9.822183609008789,9.817971229553223
10.59,9.8605,0.32899,9.73568344116211,9.792939186096191,9.801002502441406,9.804384231567383,9.767129898071289,9.866061210632324,9.80792236328125,9.825621604919434,9.834429740905762,9.876632690429688,9.84997272491455,9.838350296020508,9.849527359008789,9.849230766296387,9.838525772094727,9.86583423614502,9.840699195861816,9.812241554260254
10.6,9.86337,0.32903,9.73568344116211,9.792939186096191,9.801002502441406,9.804384231567383,9.767129898071289,9.866061210632324,9.80792236328125,9.825621604919434,9.834429740905762,9.876632690429688,9.84997272491455,9.838350296020508,9.849527359008789,9.849230766296387,9.838525772094727,9.86583423614502,9.840699195861816,9.812241554260254
10.61,9.86665,0.32855,9.73568344116211,9.792939186096191,9.801002502441406,9.804384231567383,9.767129898071289,9.866061210632324,9.80792236328125,9.825621604919434,9.834429740905762,9.876632690429688,9.84997272491455,9.838350296020508,9.849527359008789,9.849230766296387,9.838525772094727,9.86583423614502,9.840699195861816,9.812241554260254
10.62,9.86956,0.3278,9.73568344116211,9.792939186096191,9.801002502441406,9.804384231567383,9.767129898071289,9.866061210632324,9.80792236328125,9.825621604919434,9.834429740905762,9.876632690429688,9.84997272491455,9.838350296020508,9.849527359008789,9.849230766296387,9.838525772094727,9.86583423614502,9.840699195861816,9.812241554260254
10.63,9.87442,0.32613,9.73568344116211,9.792939186096191,9.801002502441406,9.804384231567383,9.767129898071289,9.866061210632324,9.80792236328125,9.825621604919434,9.834429740905762,9.876632690429688,9.84997272491455,9.838350296020508,9.849527359008789,9.849230766296387,9.838525772094727,9.86583423614502,9.840699195861816,9.812241554260254
10.64,9.8789,0.32428,9.766637802124023,9.8336820602417,9.837831497192383,9.838277816772461,9.810213088989258,9.901899337768555,9.830556869506836,9.864947319030762,9.876110076904297,9.903108596801758,9.86570930480957,9.854080200195312,9.868749618530273,9.873003959655762,9.85934829711914,9.886432647705078,9.864749908447266,9.818094253540039
10.65,9.88378,0.32206,9.766637802124023,9.8336820602417,9.837831497192383,9.838277816772461,9.810213088989258,9.901899337768555,9.830556869506836,9.864947319030762,9.876110076904297,9.903108596801758,9.86570930480957,9.854080200195312,9.868749618530273,9.873003959655762,9.85934829711914,9.886432647705078,9.864749908447266,9.818094253540039
10.66,9.88902,0.31951,9.766637802124023,9.8336820602417,9.837831497192383,9.838277816772461,9.810213088989258,9.901899337768555,9.830556869506836,9.864947319030762,9.876110076904297,9.903108596801758,9.86570930480957,9.854080200195312,9.868749618530273,9.873003959655762,9.85934829711914,9.886432647705078,9.864749908447266,9.818094253540039
10.67,9.89461,0.31667,9.766637802124023,9.8336820602417,9.837831497192383,9.838277816772461,9.810213088989258,9.901899337768555,9.830556869506836,9.864947319030762,9.876110076904297,9.903108596801758,9.86570930480957,9.854080200195312,9.868749618530273,9.873003959655762,9.85934829711914,9.886432647705078,9.864749908447266,9.818094253540039
10.68,9.90054,0.31357,9.766637802124023,9.8336820602417,9.837831497192383,9.838277816772461,9.810213088989258,9.901899337768555,9.830556869506836,9.864947319030762,9.876110076904297,9.903108596801758,9.86570930480957,9.854080200195312,9.868749618530273,9.873003959655762,9.85934829711914,9.886432647705078,9.864749908447266,9.818094253540039
10.69,9.90678,0.31024,9.800529479980469,9.871180534362793,9.876005172729492,9.87739372253418,9.856609344482422,9.938970565795898,9.854331970214844,9.901013374328613,9.91593074798584,9.926409721374512,9.889869689941406,9.878232955932617,9.89428424835205,9.90126895904541,9.882171630859375,9.909671783447266,9.892218589782715,9.829866409301758
10.7,9.91196,0.30744,9.800529479980469,9.871180534362793,9.876005172729492,9.87739372253418,9.856609344482422,9.938970565795898,9.854331970214844,9.901013374328613,9.91593074798584,9.926409721374512,9.889869689941406,9.878232955932617,9.89428424835205,9.90126895904541,9.882171630859375,9.909671783447266,9.892218589782715,9.829866409301758
10.71,9.92005,0.30303,9.800529479980469,9.871180534362793,9.876005172729492,9.87739372253418,9.856609344482422,9.938970565795898,9.854331970214844,9.901013374328613,9.91593074798584,9.926409721374512,9.889869689941406,9.878232955932617,9.89428424835205,9.90126895904541,9.882171630859375,9.909671783447266,9.892218589782715,9.829866409301758
10.72,9.92701,0.2992,9.800529479980469,9.871180534362793,9.876005172729492,9.87739372253418,9.856609344482422,9.938970565795898,9.854331970214844,9.901013374328613,9.91593074798584,9.926409721374512,9.889869689941406,9.878232955932617,9.89428424835205,9.90126895904541,9.882171630859375,9.909671783447266,9.892218589782715,9.829866409301758
10.73,9.93415,0.29525,9.800529479980469,9.871180534362793,9.876005172729492,9.87739372253418,9.856609344482422,9.938970565795898,9.854331970214844,9.901013374328613,9.91593074798584,9.926409721374512,9.889869689941406,9.878232955932617,9.89428424835205,9.90126895904541,9.882171630859375,9.909671783447266,9.892218589782715,9.829866409301758
10.74,9.94143,0.29119,9.836478233337402,9.907447814941406,9.915929794311523,9.915254592895508,9.900866508483887,9.973298072814941,9.88601016998291,9.93615436553955,9.952475547790527,9.946687698364258,9.920269012451172,9.908340454101562,9.92700481414795,9.927862167358398,9.90990924835205,9.932123184204102,9.915958404541016,9.846521377563477
10.75,9.9488,0.28702,9.836478233337402,9.907447814941406,9.915929794311523,9.915254592895508,9.900866508483887,9.973298072814941,9.88601016998291,9.93615436553955,9.952475547790527,9.946687698364258,9.920269012451172,9.908340454101562,9.92700481414795,9.927862167358398,9.90990924835205,9.932123184204102,9.915958404541016,9.846521377563477
10.76,9.95623,0.28277,9.836478233337402,9.907447814941406,9.915929794311523,9.915254592895508,9.900866508483887,9.973298072814941,9.88601016998291,9.93615436553955,9.952475547790527,9.946687698364258,9.920269012451172,9.908340454101562,9.92700481414795,9.927862167358398,9.90990924835205,9.932123184204102,9.915958404541016,9.846521377563477
10.77,9.96367,0.27842,9.836478233337402,9.907447814941406,9.915929794311523,9.915254592895508,9.900866508483887,9.973298072814941,9.88601016998291,9.93615436553955,9.952475547790527,9.946687698364258,9.920269012451172,9.908340454101562,9.92700481414795,9.927862167358398,9.90990924835205,9.932123184204102,9.915958404541016,9.846521377563477
10.78,9.97108,0.27398,9.836478233337402,9.907447814941406,9.915929794311523,9.915254592895508,9.900866508483887,9.973298072814941,9.88601016998291,9.93615436553955,9.952475547790527,9.946687698364258,9.920269012451172,9.908340454101562,9.92700481414795,9.927862167358398,9.90990924835205,9.932123184204102,9.915958404541016,9.846521377563477
10.79,9.97694,0.27036,9.881723403930664,9.950150489807129,9.95681095123291,9.957441329956055,9.9462890625,10.011076927185059,9.922900199890137,9.974764823913574,9.990132331848145,9.970253944396973,9.956491470336914,9.943330764770508,9.963353157043457,9.957354545593262,9.940933227539062,9.959053039550781,9.944690704345703,9.867960929870605
10.8,9.98562,0.26478,9.881723403930664,9.950150489807129,9.95681095123291,9.957441329956055,9.9462890625,10.011076927185059,9.922900199890137,9.974764823913574,9.990132331848145,9.970253944396973,9.956491470336914,9.943330764770508,9.963353157043457,9.957354545593262,9.940933227539062,9.959053039550781,9.944690704345703,9.867960929870605
10.81,9.99268,0.25999,9.881723403930664,9.950150489807129,9.95681095123291,9.957441329956055,9.9462890625,10.011076927185059,9.922900199890137,9.974764823913574,9.990132331848145,9.970253944396973,9.956491470336914,9.943330764770508,9.963353157043457,9.957354545593262,9.940933227539062,9.959053039550781,9.944690704345703,9.867960929870605
10.82,9.99955,0.25504,9.881723403930664,9.950150489807129,9.95681095123291,9.957441329956055,9.9462890625,10.011076927185059,9.922900199890137,9.974764823913574,9.990132331848145,9.970253944396973,9.956491470336914,9.943330764770508,9.963353157043457,9.957354545593262,9.940933227539062,9.959053039550781,9.944690704345703,9.867960929870605
10.83,10.00618,0.24993,9.881723403930664,9.950150489807129,9.95681095123291,9.957441329956055,9.9462890625,10.011076927185059,9.922900199890137,9.974764823913574,9.990132331848145,9.970253944396973,9.956491470336914,9.943330764770508,9.963353157043457,9.957354545593262,9.940933227539062,9.959053039550781,9.944690704345703,9.867960929870605
10.84,10.01253,0.24461,9.916234016418457,9.97673511505127,9.984383583068848,9.986757278442383,9.976871490478516,10.035353660583496,9.94902229309082,9.999064445495605,10.013981819152832,9.98851490020752,9.985095977783203,9.972634315490723,9.991262435913086,9.979366302490234,9.963883399963379,9.978646278381348,9.967606544494629,9.886821746826172
10.85,10.01858,0.23906,9.916234016418457,9.97673511505127,9.984383583068848,9.986757278442383,9.976871490478516,10.035353660583496,9.94902229309082,9.999064445495605,10.013981819152832,9.98851490020752,9.985095977783203,9.972634315490723,9.991262435913086,9.979366302490234,9.963883399963379,9.978646278381348,9.967606544494629,9.886821746826172
10.86,10.02429,0.23325,9.916234016418457,9.97673511505127,9.984383583068848,9.986757278442383,9.976871490478516,10.035353660583496,9.94902229309082,9.999064445495605,10.013981819152832,9.98851490020752,9.985095977783203,9.972634315490723,9.991262435913086,9.979366302490234,9.963883399963379,9.978646278381348,9.967606544494629,9.886821746826172
10.87,10.02859,0.2284,9.916234016418457,9.97673511505127,9.984383583068848,9.986757278442383,9.976871490478516,10.035353660583496,9.94902229309082,9.999064445495605,10.013981819152832,9.98851490020752,9.985095977783203,9.972634315490723,9.991262435913086,9.979366302490234,9.963883399963379,9.978646278381348,9.967606544494629,9.886821746826172
10.88,10.03457,0.22071,9.916234016418457,9.97673511505127,9.984383583068848,9.986757278442383,9.976871490478516,10.035353660583496,9.94902229309082,9.999064445495605,10.013981819152832,9.98851490020752,9.985095977783203,9.972634315490723,9.991262435913086,9.979366302490234,9.963883399963379,9.978646278381348,9.967606544494629,9.886821746826172
10.89,10.03909,0.21393,9.940773010253906,9.986227035522461,9.991555213928223,9.999696731567383,9.984050750732422,10.040358543395996,9.95842170715332,10.004389762878418,10.014313697814941,9.993327140808105,9.996294021606445,9.986279487609863,10.000081062316895,9.983328819274902,9.969962120056152,9.981467247009277,9.977490425109863,9.889421463012695
10.9,10.04317,0.20675,9.940773010253906,9.986227035522461,9.991555213928223,9.999696731567383,9.984050750732422,10.040358543395996,9.95842170715332,10.004389762878418,10.014313697814941,9.993327140808105,9.996294021606445,9.986279487609863,10.000081062316895,9.983328819274902,9.969962120056152,9.981467247009277,9.977490425109863,9.889421463012695
10.91,10.04678,0.19914,9.940773010253906,9.986227035522461,9.991555213928223,9.999696731567383,9.984050750732422,10.040358543395996,9.95842170715332,10.004389762878418,10.014313697814941,9.993327140808105,9.996294021606445,9.986279487609863,10.000081062316895,9.983328819274902,9.969962120056152,9.981467247009277,9.977490425109863,9.889421463012695
10.92,10.04992,0.19109,9.940773010253906,9.986227035522461,9.991555213928223,9.999696731567383,9.984050750732422,10.040358543395996,9.95842170715332,10.004389762878418,10.014313697814941,9.993327140808105,9.996294021606445,9.986279487609863,10.000081062316895,9.983328819274902,9.969962120056152,9.981467247009277,9.977490425109863,9.889421463012695
10.93,10.05257,0.18256,9.940773010253906,9.986227035522461,9.991555213928223,9.999696731567383,9.984050750732422,10.040358543395996,9.95842170715332,10.004389762878418,10.014313697814941,9.993327140808105,9.996294021606445,9.986279487609863,10.000081062316895,9.983328819274902,9.969962120056152,9.981467247009277,9.977490425109863,9.889421463012695
10.94,10.05473,0.17352,9.945035934448242,9.973264694213867,9.983122825622559,9.988840103149414,9.966211318969727,10.01722526550293,9.962672233581543,9.98421859741211,9.993281364440918,9.975804328918457,9.993643760681152,9.986539840698242,9.994427680969238,9.967793464660645,9.967814445495605,9.96853256225586,9.962489128112793,9.87874698638916
10.95,10.05608,0.16592,9.945035934448242,9.973264694213867,9.983122825622559,9.988840103149414,9.966211318969727,10.01722526550293,9.962672233581543,9.98421859741211,9.993281364440918,9.975804328918457,9.993643760681152,9.986539840698242,9.994427680969238,9.967793464660645,9.967814445495605,9.96853256225586,9.962489128112793,9.87874698638916
10.96,10.05752,0.15385,9.945035934448242,9.973264694213867,9.983122825622559,9.988840103149414,9.966211318969727,10.01722526550293,9.962672233581543,9.98421859741211,9.993281364440918,9.975804328918457,9.993643760681152,9.986539840698242,9.994427680969238,9.967793464660645,9.967814445495605,9.96853256225586,9.962489128112793,9.87874698638916
10.97,10.05815,0.14319,9.945035934448242,9.973264694213867,9.983122825622559,9.988840103149414,9.966211318969727,10.01722526550293,9.962672233581543,9.98421859741211,9.993281364440918,9.975804328918457,9.993643760681152,9.986539840698242,9.994427680969238,9.967793464660645,9.967814445495605,9.96853256225586,9.962489128112793,9.87874698638916
10.98,10.05828,0.13197,9.945035934448242,9.973264694213867,9.983122825622559,9.988840103149414,9.966211318969727,10.01722526550293,9.962672233581543,9.98421859741211,9.993281364440918,9.975804328918457,9.993643760681152,9.986539840698242,9.994427680969238,9.967793464660645,9.967814445495605,9.96853256225586,9.962489128112793,9.87874698638916
10.99,10.05791,0.12018,9.966922760009766,9.988999366760254,9.997923851013184,9.981929779052734,9.955009460449219,10.007786750793457,9.995288848876953,9.994902610778809,9.993258476257324,9.977389335632324,10.00517749786377,10.006375312805176,10.016632080078125,9.97388744354248,9.990653991699219,9.977450370788574,9.961976051330566,9.903070449829102
11.0,10.05704,0.10785,9.966922760009766,9.988999366760254,9.997923851013184,9.981929779052734,9.955009460449219,10.007786750793457,9.995288848876953,9.994902610778809,9.993258476257324,9.977389335632324,10.00517749786377,10.006375312805176,10.016632080078125,9.97388744354248,9.990653991699219,9.977450370788574,9.961976051330566,9.903070449829102
11.01,10.05569,0.09495,9.966922760009766,9.988999366760254,9.997923851013184,9.981929779052734,9.955009460449219,10.007786750793457,9.995288848876953,9.994902610778809,9.993258476257324,9.977389335632324,10.00517749786377,10.006375312805176,10.016632080078125,9.97388744354248,9.990653991699219,9.977450370788574,9.961976051330566,9.903070449829102
11.02,10.05387,0.08153,9.966922760009766,9.988999366760254,9.997923851013184,9.981929779052734,9.955009460449219,10.007786750793457,9.995288848876953,9.994902610778809,9.993258476257324,9.977389335632324,10.00517749786377,10.006375312805176,10.016632080078125,9.97388744354248,9.990653991699219,9.977450370788574,9.961976051330566,9.903070449829102
11.03,10.05159,0.06758,9.966922760009766,9.988999366760254,9.997923851013184,9.981929779052734,9.955009460449219,10.007786750793457,9.995288848876953,9.994902610778809,9.993258476257324,9.977389335632324,10.00517749786377,10.006375312805176,10.016632080078125,9.97388744354248,9.990653991699219,9.977450370788574,9.961976051330566,9.903070449829102
11.04,10.04945,0.05609,9.97883129119873,9.993399620056152,9.993725776672363,9.973965644836426,9.943841934204102,9.993338584899902,10.003068923950195,9.99952220916748,9.989177703857422,10.00029182434082,10.012777328491211,10.022345542907715,10.031643867492676,9.990397453308105,10.005261421203613,9.996379852294922,9.98650074005127,9.941530227661133
11.05,10.04572,0.03827,9.97883129119873,9.993399620056152,9.993725776672363,9.973965644836426,9.943841934204102,9.993338584899902,10.003068923950195,9.99952220916748,9.989177703857422,10.00029182434082,10.012777328491211,10.022345542907715,10.031643867492676,9.990397453308105,10.005261421203613,9.996379852294922,9.98650074005127,9.941530227661133
11.06,10.04216,0.02297,9.97883129119873,9.993399620056152,9.993725776672363,9.973965644836426,9.943841934204102,9.993338584899902,10.003068923950195,9.99952220916748,9.989177703857422,10.00029182434082,10.012777328491211,10.022345542907715,10.031643867492676,9.990397453308105,10.005261421203613,9.996379852294922,9.98650074005127,9.941530227661133
11.07,10.03821,0.00729,9.97883129119873,9.993399620056152,9.993725776672363,9.973965644836426,9.943841934204102,9.993338584899902,10.003068923950195,9.99952220916748,9.989177703857422,10.00029182434082,10.012777328491211,10.022345542907715,10.031643867492676,9.990397453308105,10.005261421203613,9.996379852294922,9.98650074005127,9.941530227661133
11.08,10.03389,0.0,9.97883129119873,9.993399620056152,9.993725776672363,9.973965644836426,9.943841934204102,9.993338584899902,10.003068923950195,9.99952220916748,9.989177703857422,10.00029182434082,10.012777328491211,10.022345542907715,10.031643867492676,9.990397453308105,10.005261421203613,9.996379852294922,9.98650074005127,9.941530227661133
11.09,10.02922,0.0,9.975040435791016,9.98162841796875,9.977640151977539,9.959835052490234,9.930882453918457,9.979596138000488,9.990967750549316,9.985998153686523,9.975788116455078,9.999671936035156,9.998580932617188,10.015604972839355,10.021490097045898,9.989909172058105,9.993400573730469,9.99660873413086,9.990301132202148,9.955155372619629
11.1,10.02422,0.0,9.975040435791016,9.98162841796875,9.977640151977539,9.959835052490234,9.930882453918457,9.979596138000488,9.990967750549316,9.985998153686523,9.975788116455078,9.999671936035156,9.998580932617188,10.015604972839355,10.021490097045898,9.989909172058105,9.993400573730469,9.99660873413086,9.990301132202148,9.955155372619629
11.11,10.01891,0.0,9.975040435791016,9.98162841796875,9.977640151977539,9.959835052490234,9.930882453918457,9.979596138000488,9.990967750549316,9.985998153686523,9.975788116455078,9.999671936035156,9.998580932617188,10.015604972839355,10.021490097045898,9.989909172058105,9.993400573730469,9.99660873413086,9.990301132202148,9.955155372619629
11.12,10.01446,0.0,9.975040435791016,9.98162841796875,9.977640151977539,9.959835052490234,9.930882453918457,9.979596138000488,9.990967750549316,9.985998153686523,9.975788116455078,9.999671936035156,9.998580932617188,10.015604972839355,10.021490097045898,9.989909172058105,9.993400573730469,9.99660873413086,9.990301132202148,9.955155372619629
11.13,10.00746,0.0,9.975040435791016,9.98162841796875,9.977640151977539,9.959835052490234,9.930882453918457,9.979596138000488,9.990967750549316,9.985998153686523,9.975788116455078,9.999671936035156,9.998580932617188,10.015604972839355,10.021490097045898,9.989909172058105,9.993400573730469,9.99660873413086,9.990301132202148,9.955155372619629
11.14,10.00136,0.0,9.959074020385742,9.963979721069336,9.956640243530273,9.942203521728516,9.914430618286133,9.963591575622559,9.967788696289062,9.961498260498047,9.957715034484863,9.9733247756958,9.968423843383789,9.988676071166992,9.99256706237793,9.966416358947754,9.964507102966309,9.97417163848877,9.969648361206055,9.943902015686035
11.15,9.99504,0.0,9.959074020385742,9.963979721069336,9.956640243530273,9.942203521728516,9.914430618286133,9.963591575622559,9.967788696289062,9.961498260498047,9.957715034484863,9.9733247756958,9.968423843383789,9.988676071166992,9.99256706237793,9.966416358947754,9.964507102966309,9.97417163848877,9.969648361206055,9.943902015686035
11.16,9.98853,0.0,9.959074020385742,9.963979721069336,9.956640243530273,9.942203521728516,9.914430618286133,9.963591575622559,9.967788696289062,9.961498260498047,9.957715034484863,9.9733247756958,9.968423843383789,9.988676071166992,9.99256706237793,9.966416358947754,9.964507102966309,9.97417163848877,9.969648361206055,9.943902015686035
11.17,9.98184,0.0,9.959074020385742,9.963979721069336,9.956640243530273,9.942203521728516,9.914430618286133,9.963591575622559,9.967788696289062,9.961498260498047,9.957715034484863,9.9733247756958,9.968423843383789,9.988676071166992,9.99256706237793,9.966416358947754,9.964507102966309,9.97417163848877,9.969648361206055,9.943902015686035
11.18,9.97499,0.0,9.959074020385742,9.963979721069336,9.956640243530273,9.942203521728516,9.914430618286133,9.963591575622559,9.967788696289062,9.961498260498047,9.957715034484863,9.9733247756958,9.968423843383789,9.988676071166992,9.99256706237793,9.966416358947754,9.964507102966309,9.97417163848877,9.969648361206055,9.943902015686035
11.19,9.968,0.0,9.932859420776367,9.942328453063965,9.929546356201172,9.918554306030273,9.892888069152832,9.941823959350586,9.938129425048828,9.931805610656738,9.935436248779297,9.937032699584961,9.930434226989746,9.951742172241211,9.957342147827148,9.93004035949707,9.92927360534668,9.940083503723145,9.939814567565918,9.91987419128418
11.2,9.96235,0.0,9.932859420776367,9.942328453063965,9.929546356201172,9.918554306030273,9.892888069152832,9.941823959350586,9.938129425048828,9.931805610656738,9.935436248779297,9.937032699584961,9.930434226989746,9.951742172241211,9.957342147827148,9.93004035949707,9.92927360534668,9.940083503723145,9.939814567565918,9.91987419128418
11.21,9.95372,0.0,9.932859420776367,9.942328453063965,9.929546356201172,9.918554306030273,9.892888069152832,9.941823959350586,9.938129425048828,9.931805610656738,9.935436248779297,9.937032699584961,9.930434226989746,9.951742172241211,9.957342147827148,9.93004035949707,9.92927360534668,9.940083503723145,9.939814567565918,9.91987419128418
11.22,9.94647,0.0,9.932859420776367,9.942328453063965,9.929546356201172,9.918554306030273,9.892888069152832,9.941823959350586,9.938129425048828,9.931805610656738,9.935436248779297,9.937032699584961,9.930434226989746,9.951742172241211,9.957342147827148,9.93004035949707,9.92927360534668,9.940083503723145,9.939814567565918,9.91987419128418
11.23,9.93916,0.0,9.932859420776367,9.942328453063965,9.929546356201172,9.918554306030273,9.892888069152832,9.941823959350586,9.938129425048828,9.931805610656738,9.935436248779297,9.937032699584961,9.930434226989746,9.951742172241211,9.957342147827148,9.93004035949707,9.92927360534668,9.940083503723145,9.939814567565918,9.91987419128418
11.24,9.93181,0.0,9.909026145935059,9.926478385925293,9.908427238464355,9.89919662475586,9.877984046936035,9.924446105957031,9.917437553405762,9.910061836242676,9.918086051940918,9.909310340881348,9.900901794433594,9.91940689086914,9.930379867553711,9.898164749145508,9.901260375976562,9.910659790039062,9.916837692260742,9.900308609008789
11.25,9.92445,0.0,9.909026145935059,9.926478385925293,9.908427238464355,9.89919662475586,9.877984046936035,9.924446105957031,9.917437553405762,9.910061836242676,9.918086051940918,9.909310340881348,9.900901794433594,9.91940689086914,9.930379867553711,9.898164749145508,9.901260375976562,9.910659790039062,9.916837692260742,9.900308609008789
11.26,9.91709,0.0,9.909026145935059,9.926478385925293,9.908427238464355,9.89919662475586,9.877984046936035,9.924446105957031,9.917437553405762,9.910061836242676,9.918086051940918,9.909310340881348,9.900901794433594,9.91940689086914,9.930379867553711,9.898164749145508,9.901260375976562,9.910659790039062,9.916837692260742,9.900308609008789
11.27,9.90975,0.0,9.909026145935059,9.926478385925293,9.908427238464355,9.89919662475586,9.877984046936035,9.924446105957031,9.917437553405762,9.910061836242676,9.918086051940918,9.909310340881348,9.900901794433594,9.91940689086914,9.930379867553711,9.898164749145508,9.901260375976562,9.910659790039062,9.916837692260742,9.900308609008789
11.28,9.90246,0.0,9.909026145935059,9.926478385925293,9.908427238464355,9.89919662475586,9.877984046936035,9.924446105957031,9.917437553405762,9.910061836242676,9.918086051940918,9.909310340881348,9.900901794433594,9.91940689086914,9.930379867553711,9.898164749145508,9.901260375976562,9.910659790039062,9.916837692260742,9.900308609008789
11.29,9.89666,0.0,9.884345054626465,9.90466594696045,9.884588241577148,9.878226280212402,9.861578941345215,9.906251907348633,9.894843101501465,9.884916305541992,9.89858341217041,9.879313468933105,9.870260238647461,9.887651443481445,9.903289794921875,9.86805534362793,9.869928359985352,9.881943702697754,9.891122817993164,9.878305435180664
11.3,9.88804,0.0,9.884345054626465,9.90466594696045,9.884588241577148,9.878226280212402,9.861578941345215,9.906251907348633,9.894843101501465,9.884916305541992,9.89858341217041,9.879313468933105,9.870260238647461,9.887651443481445,9.903289794921875,9.86805534362793,9.869928359985352,9.881943702697754,9.891122817993164,9.878305435180664
11.31,9.88095,0.0,9.884345054626465,9.90466594696045,9.884588241577148,9.878226280212402,9.861578941345215,9.906251907348633,9.894843101501465,9.884916305541992,9.89858341217041,9.879313468933105,9.870260238647461,9.887651443481445,9.903289794921875,9.86805534362793,9.869928359985352,9.881943702697754,9.891122817993164,9.878305435180664
11.32,9.87397,0.0,9.884345054626465,9.90466594696045,9.884588241577148,9.878226280212402,9.861578941345215,9.906251907348633,9.894843101501465,9.884916305541992,9.89858341217041,9.879313468933105,9.870260238647461,9.887651443481445,9.903289794921875,9.86805534362793,9.869928359985352,9.881943702697754,9.891122817993164,9.878305435180664
11.33,9.8671,0.0,9.884345054626465,9.90466594696045,9.884588241577148,9.878226280212402,9.861578941345215,9.906251907348633,9.894843101501465,9.884916305541992,9.89858341217041,9.879313468933105,9.870260238647461,9.887651443481445,9.903289794921875,9.86805534362793,9.869928359985352,9.881943702697754,9.891122817993164,9.878305435180664
11.34,9.86037,0.0,9.860152244567871,9.880245208740234,9.861292839050293,9.85712718963623,9.844038963317871,9.887484550476074,9.868526458740234,9.858745574951172,9.876959800720215,9.84533405303955,9.83898639678955,9.852799415588379,9.871493339538574,9.834611892700195,9.834325790405273,9.849096298217773,9.860469818115234,9.852063179016113
11.35,9.85378,0.0,9.860152244567871,9.880245208740234,9.861292839050293,9.85712718963623,9.844038963317871,9.887484550476074,9.868526458740234,9.858745574951172,9.876959800720215,9.84533405303955,9.83898639678955,9.852799415588379,9.871493339538574,9.834611892700195,9.834325790405273,9.849096298217773,9.860469818115234,9.852063179016113
11.36,9.84736,0.0,9.860152244567871,9.880245208740234,9.861292839050293,9.85712718963623,9.844038963317871,9.887484550476074,9.868526458740234,9.858745574951172,9.876959800720215,9.84533405303955,9.83898639678955,9.852799415588379,9.871493339538574,9.834611892700195,9.834325790405273,9.849096298217773,9.860469818115234,9.852063179016113
11.37,9.84235,0.0,9.860152244567871,9.880245208740234,9.861292839050293,9.85712718963623,9.844038963317871,9.887484550476074,9.868526458740234,9.858745574951172,9.876959800720215,9.84533405303955,9.83898639678955,9.852799415588379,9.871493339538574,9.834611892700195,9.834325790405273,9.849096298217773,9.860469818115234,9.852063179016113
11.38,9.83505,0.0,9.860152244567871,9.880245208740234,9.861292839050293,9.85712718963623,9.844038963317871,9.887484550476074,9.868526458740234,9.858745574951172,9.876959800720215,9.84533405303955,9.83898639678955,9.852799415588379,9.871493339538574,9.834611892700195,9.834325790405273,9.849096298217773,9.860469818115234,9.852063179016113
11.39,9.82919,0.0,9.835261344909668,9.854153633117676,9.836431503295898,9.83472728729248,9.823892593383789,9.868684768676758,9.84218978881836,9.8323974609375,9.855198860168457,9.815106391906738,9.809316635131836,9.820779800415039,9.841876983642578,9.803555488586426,9.802030563354492,9.819581985473633,9.831583023071289,9.826981544494629
11.4,9.82355,0.0,9.835261344909668,9.854153633117676,9.836431503295898,9.83472728729248,9.823892593383789,9.868684768676758,9.84218978881836,9.8323974609375,9.855198860168457,9.815106391906738,9.809316635131836,9.820779800415039,9.841876983642578,9.803555488586426,9.802030563354492,9.819581985473633,9.831583023071289,9.826981544494629
11.41,9.81813,0.0,9.835261344909668,9.854153633117676,9.836431503295898,9.83472728729248,9.823892593383789,9.868684768676758,9.84218978881836,9.8323974609375,9.855198860168457,9.815106391906738,9.809316635131836,9.820779800415039,9.841876983642578,9.803555488586426,9.802030563354492,9.819581985473633,9.831583023071289,9.826981544494629
11.42,9.81294,0.0,9.835261344909668,9.854153633117676,9.836431503295898,9.83472728729248,9.823892593383789,9.868684768676758,9.84218978881836,9.8323974609375,9.855198860168457,9.815106391906738,9.809316635131836,9.820779800415039,9.841876983642578,9.803555488586426,9.802030563354492,9.819581985473633,9.831583023071289,9.826981544494629
11.43,9.808,0.0,9.835261344909668,9.854153633117676,9.836431503295898,9.83472728729248,9.823892593383789,9.868684768676758,9.84218978881836,9.8323974609375,9.855198860168457,9.815106391906738,9.809316635131836,9.820779800415039,9.841876983642578,9.803555488586426,9.802030563354492,9.819581985473633,9.831583023071289,9.826981544494629
11.44,9.80332,0.0,9.811756134033203,9.82901382446289,9.814374923706055,9.813313484191895,9.804163932800293,9.84996223449707,9.817863464355469,9.80887222290039,9.833837509155273,9.789048194885254,9.783102035522461,9.791945457458496,9.814281463623047,9.775315284729004,9.77429485321045,9.792603492736816,9.804594993591309,9.803462028503418
11.45,9.79976,0.0,9.811756134033203,9.82901382446289,9.814374923706055,9.813313484191895,9.804163932800293,9.84996223449707,9.817863464355469,9.80887222290039,9.833837509155273,9.789048194885254,9.783102035522461,9.791945457458496,9.814281463623047,9.775315284729004,9.77429485321045,9.792603492736816,9.804594993591309,9.803462028503418
11.46,9.79475,0.0,9.811756134033203,9.82901382446289,9.814374923706055,9.813313484191895,9.804163932800293,9.84996223449707,9.817863464355469,9.80887222290039,9.833837509155273,9.789048194885254,9.783102035522461,9.791945457458496,9.814281463623047,9.775315284729004,9.77429485321045,9.792603492736816,9.804594993591309,9.803462028503418
11.47,9.79088,0.0,9.811756134033203,9.82901382446289,9.814374923706055,9.813313484191895,9.804163932800293,9.84996223449707,9.817863464355469,9.80887222290039,9.833837509155273,9.789048194885254,9.783102035522461,9.791945457458496,9.814281463623047,9.775315284729004,9.77429485321045,9.792603492736816,9.804594993591309,9.803462028503418
11.48,9.7873,0.0,9.811756134033203,9.82901382446289,9.814374923706055,9.813313484191895,9.804163932800293,9.84996223449707,9.817863464355469,9.80887222290039,9.833837509155273,9.789048194885254,9.783102035522461,9.791945457458496,9.814281463623047,9.775315284729004,9.77429485321045,9.792603492736816,9.804594993591309,9.803462028503418
11.49,9.78401,0.0,9.791813850402832,9.808112144470215,9.795502662658691,9.79379653930664,9.78699779510498,9.833877563476562,9.798833847045898,9.79144287109375,9.815731048583984,9.774497032165527,9.76800537109375,9.77326488494873,9.796942710876465,9.757575035095215,9.75765609741211,9.776269912719727,9.78767204284668,9.787469863891602
11.5,9.781,0.0,9.791813850402832,9.808112144470215,9.795502662658691,9.79379653930664,9.78699779510498,9.833877563476562,9.798833847045898,9.79144287109375,9.815731048583984,9.774497032165527,9.76800537109375,9.77326488494873,9.796942710876465,9.757575035095215,9.75765609741211,9.776269912719727,9.78767204284668,9.787469863891602
11.51,9.7783,0.0,9.791813850402832,9.808112144470215,9.795502662658691,9.79379653930664,9.78699779510498,9.833877563476562,9.798833847045898,9.79144287109375,9.815731048583984,9.774497032165527,9.76800537109375,9.77326488494873,9.796942710876465,9.757575035095215,9.75765609741211,9.776269912719727,9.78767204284668,9.787469863891602
11.52,9.77589,0.0,9.791813850402832,9.808112144470215,9.795502662658691,9.79379653930664,9.78699779510498,9.833877563476562,9.798833847045898,9.79144287109375,9.815731048583984,9.774497032165527,9.76800537109375,9.77326488494873,9.796942710876465,9.757575035095215,9.75765609741211,9.776269912719727,9.78767204284668,9.787469863891602
11.53,9.77377,0.0,9.791813850402832,9.808112144470215,9.795502662658691,9.79379653930664,9.78699779510498,9.833877563476562,9.798833847045898,9.79144287109375,9.815731048583984,9.774497032165527,9.76800537109375,9.77326488494873,9.796942710876465,9.757575035095215,9.75765609741211,9.776269912719727,9.78767204284668,9.787469863891602
11.54,9.77229,0.0,9.772063255310059,9.786773681640625,9.775199890136719,9.774534225463867,9.76836109161377,9.817116737365723,9.77979850769043,9.77384090423584,9.797287940979004,9.7632474899292,9.755993843078613,9.76134204864502,9.783717155456543,9.74630069732666,9.746072769165039,9.765504837036133,9.773849487304688,9.772860527038574
11.55,9.77041,0.0,9.772063255310059,9.786773681640625,9.775199890136719,9.774534225463867,9.76836109161377,9.817116737365723,9.77979850769043,9.77384090423584,9.797287940979004,9.7632474899292,9.755993843078613,9.76134204864502,9.783717155456543,9.74630069732666,9.746072769165039,9.765504837036133,9.773849487304688,9.772860527038574
11.56,9.76916,0.0,9.772063255310059,9.786773681640625,9.775199890136719,9.774534225463867,9.76836109161377,9.817116737365723,9.77979850769043,9.77384090423584,9.797287940979004,9.7632474899292,9.755993843078613,9.76134204864502,9.783717155456543,9.74630069732666,9.746072769165039,9.765504837036133,9.773849487304688,9.772860527038574
11.57,9.76818,0.0,9.772063255310059,9.786773681640625,9.775199890136719,9.774534225463867,9.76836109161377,9.817116737365723,9.77979850769043,9.77384090423584,9.797287940979004,9.7632474899292,9.755993843078613,9.76134204864502,9.783717155456543,9.74630069732666,9.746072769165039,9.765504837036133,9.773849487304688,9.772860527038574
11.58,9.76747,0.0,9.772063255310059,9.786773681640625,9.775199890136719,9.774534225463867,9.76836109161377,9.817116737365723,9.77979850769043,9.77384090423584,9.797287940979004,9.7632474899292,9.755993843078613,9.76134204864502,9.783717155456543,9.74630069732666,9.746072769165039,9.765504837036133,9.773849487304688,9.772860527038574
11.59,9.767,0.0,9.752829551696777,9.764686584472656,9.754453659057617,9.754870414733887,9.748066902160645,9.799394607543945,9.760635375976562,9.756498336791992,9.778351783752441,9.752450942993164,9.745565414428711,9.752120971679688,9.771198272705078,9.737083435058594,9.736570358276367,9.756239891052246,9.76016616821289,9.757234573364258
11.6,9.76678,0.0,9.752829551696777,9.764686584472656,9.754453659057617,9.754870414733887,9.748066902160645,9.799394607543945,9.760635375976562,9.756498336791992,9.778351783752441,9.752450942993164,9.745565414428711,9.752120971679688,9.771198272705078,9.737083435058594,9.736570358276367,9.756239891052246,9.76016616821289,9.757234573364258
11.61,9.76679,0.0,9.752829551696777,9.764686584472656,9.754453659057617,9.754870414733887,9.748066902160645,9.799394607543945,9.760635375976562,9.756498336791992,9.778351783752441,9.752450942993164,9.745565414428711,9.752120971679688,9.771198272705078,9.737083435058594,9.736570358276367,9.756239891052246,9.76016616821289,9.757234573364258
11.62,9.76694,0.0,9.752829551696777,9.764686584472656,9.754453659057617,9.754870414733887,9.748066902160645,9.799394607543945,9.760635375976562,9.756498336791992,9.778351783752441,9.752450942993164,9.745565414428711,9.752120971679688,9.771198272705078,9.737083435058594,9.736570358276367,9.756239891052246,9.76016616821289,9.757234573364258
11.63,9.76741,0.0,9.752829551696777,9.764686584472656,9.754453659057617,9.754870414733887,9.748066902160645,9.799394607543945,9.760635375976562,9.756498336791992,9.778351783752441,9.752450942993164,9.745565414428711,9.752120971679688,9.771198272705078,9.737083435058594,9.736570358276367,9.756239891052246,9.76016616821289,9.757234573364258
11.64,9.76798,0.0,9.735984802246094,9.743317604064941,9.735706329345703,9.736627578735352,9.728992462158203,9.782605171203613,9.744150161743164,9.741742134094238,9.760902404785156,9.740998268127441,9.734471321105957,9.742192268371582,9.756439208984375,9.72708797454834,9.726859092712402,9.745677947998047,9.743741035461426,9.740087509155273
11.65,9.7687,0.0,9.735984802246094,9.743317604064941,9.735706329345703,9.736627578735352,9.728992462158203,9.782605171203613,9.744150161743164,9.741742134094238,9.760902404785156,9.740998268127441,9.734471321105957,9.742192268371582,9.756439208984375,9.72708797454834,9.726859092712402,9.745677947998047,9.743741035461426,9.740087509155273
11.66,9.76954,0.0,9.735984802246094,9.743317604064941,9.735706329345703,9.736627578735352,9.728992462158203,9.782605171203613,9.744150161743164,9.741742134094238,9.760902404785156,9.740998268127441,9.734471321105957,9.742192268371582,9.756439208984375,9.72708797454834,9.726859092712402,9.745677947998047,9.743741035461426,9.740087509155273
11.67,9.77047,0.0,9.735984802246094,9.743317604064941,9.735706329345703,9.736627578735352,9.728992462158203,9.782605171203613,9.744150161743164,9.741742134094238,9.760902404785156,9.740998268127441,9.734471321105957,9.742192268371582,9.756439208984375,9.72708797454834,9.726859092712402,9.745677947998047,9.743741035461426,9.740087509155273
11.68,9.77148,0.0,9.735984802246094,9.743317604064941,9.735706329345703,9.736627578735352,9.728992462158203,9.782605171203613,9.744150161743164,9.741742134094238,9.760902404785156,9.740998268127441,9.734471321105957,9.742192268371582,9.756439208984375,9.72708797454834,9.726859092712402,9.745677947998047,9.743741035461426,9.740087509155273
11.69,9.77253,0.0,9.728652954101562,9.735401153564453,9.727503776550293,9.727630615234375,9.720048904418945,9.774504661560059,9.738368034362793,9.739615440368652,9.754393577575684,9.74267864227295,9.736727714538574,9.74281120300293,9.753704071044922,9.728585243225098,9.730642318725586,9.74778938293457,9.740873336791992,9.734537124633789
11.7,9.77338,0.0,9.728652954101562,9.735401153564453,9.727503776550293,9.727630615234375,9.720048904418945,9.774504661560059,9.738368034362793,9.739615440368652,9.754393577575684,9.74267864227295,9.736727714538574,9.74281120300293,9.753704071044922,9.728585243225098,9.730642318725586,9.74778938293457,9.740873336791992,9.734537124633789
11.71,9.77463,0.0,9.728652954101562,9.735401153564453,9.727503776550293,9.727630615234375,9.720048904418945,9.774504661560059,9.738368034362793,9.739615440368652,9.754393577575684,9.74267864227295,9.736727714538574,9.74281120300293,9.753704071044922,9.728585243225098,9.730642318725586,9.74778938293457,9.740873336791992,9.734537124633789
11.72,9.77562,0.0,9.728652954101562,9.735401153564453,9.727503776550293,9.727630615234375,9.720048904418945,9.774504661560059,9.738368034362793,9.739615440368652,9.754393577575684,9.74267864227295,9.736727714538574,9.74281120300293,9.753704071044922,9.728585243225098,9.730642318725586,9.74778938293457,9.740873336791992,9.734537124633789
11.73,9.77653,0.0,9.728652954101562,9.735401153564453,9.727503776550293,9.727630615234375,9.720048904418945,9.774504661560059,9.738368034362793,9.739615440368652,9.754393577575684,9.74267864227295,9.736727714538574,9.74281120300293,9.753704071044922,9.728585243225098,9.730642318725586,9.74778938293457,9.740873336791992,9.734537124633789
11.74,9.77733,0.0,9.728947639465332,9.729178428649902,9.725567817687988,9.728799819946289,9.724725723266602,9.769590377807617,9.748035430908203,9.739174842834473,9.75666618347168,9.746092796325684,9.753480911254883,9.751825332641602,9.760523796081543,9.736757278442383,9.745837211608887,9.757780075073242,9.738054275512695,9.74223518371582
11.75,9.77797,0.0,9.728947639465332,9.729178428649902,9.725567817687988,9.728799819946289,9.724725723266602,9.769590377807617,9.748035430908203,9.739174842834473,9.75666618347168,9.746092796325684,9.753480911254883,9.751825332641602,9.760523796081543,9.736757278442383,9.745837211608887,9.757780075073242,9.738054275512695,9.74223518371582
11.76,9.77844,0.0,9.728947639465332,9.729178428649902,9.725567817687988,9.728799819946289,9.724725723266602,9.769590377807617,9.748035430908203,9.739174842834473,9.75666618347168,9.746092796325684,9.753480911254883,9.751825332641602,9.760523796081543,9.736757278442383,9.745837211608887,9.757780075073242,9.738054275512695,9.74223518371582
11.77,9.7787,0.0,9.728947639465332,9.729178428649902,9.725567817687988,9.728799819946289,9.724725723266602,9.769590377807617,9.748035430908203,9.739174842834473,9.75666618347168,9.746092796325684,9.753480911254883,9.751825332641602,9.760523796081543,9.736757278442383,9.745837211608887,9.757780075073242,9.738054275512695,9.74223518371582
11.78,9.77871,0.0,9.728947639465332,9.729178428649902,9.725567817687988,9.728799819946289,9.724725723266602,9.769590377807617,9.748035430908203,9.739174842834473,9.75666618347168,9.746092796325684,9.753480911254883,9.751825332641602,9.760523796081543,9.736757278442383,9.745837211608887,9.757780075073242,9.738054275512695,9.74223518371582
11.79,9.77853,0.0,9.746360778808594,9.735518455505371,9.739763259887695,9.736676216125488,9.71955394744873,9.770602226257324,9.780275344848633,9.748638153076172,9.761150360107422,9.757867813110352,9.790225982666016,9.782355308532715,9.795108795166016,9.763282775878906,9.77910327911377,9.780590057373047,9.74782657623291,9.769675254821777
11.8,9.77789,0.0,9.746360778808594,9.735518455505371,9.739763259887695,9.736676216125488,9.71955394744873,9.770602226257324,9.780275344848633,9.748638153076172,9.761150360107422,9.757867813110352,9.790225982666016,9.782355308532715,9.795108795166016,9.763282775878906,9.77910327911377,9.780590057373047,9.74782657623291,9.769675254821777
11.81,9.777,0.0,9.746360778808594,9.735518455505371,9.739763259887695,9.736676216125488,9.71955394744873,9.770602226257324,9.780275344848633,9.748638153076172,9.761150360107422,9.757867813110352,9.790225982666016,9.782355308532715,9.795108795166016,9.763282775878906,9.77910327911377,9.780590057373047,9.74782657623291,9.769675254821777
11.82,9.77575,0.0,9.746360778808594,9.735518455505371,9.739763259887695,9.736676216125488,9.71955394744873,9.770602226257324,9.780275344848633,9.748638153076172,9.761150360107422,9.757867813110352,9.790225982666016,9.782355308532715,9.795108795166016,9.763282775878906,9.77910327911377,9.780590057373047,9.74782657623291,9.769675254821777
11.83,9.77411,0.0,9.746360778808594,9.735518455505371,9.739763259887695,9.736676216125488,9.71955394744873,9.770602226257324,9.780275344848633,9.748638153076172,9.761150360107422,9.757867813110352,9.790225982666016,9.782355308532715,9.795108795166016,9.763282775878906,9.77910327911377,9.780590057373047,9.74782657623291,9.769675254821777
11.84,9.77208,0.0,9.721694946289062,9.699913024902344,9.716588973999023,9.715462684631348,9.683879852294922,9.741552352905273,9.76374340057373,9.728781700134277,9.734170913696289,9.766857147216797,9.803571701049805,9.801061630249023,9.811806678771973,9.77723503112793,9.78648853302002,9.789204597473145,9.754500389099121,9.795663833618164
11.85,9.76961,0.0,9.721694946289062,9.699913024902344,9.716588973999023,9.715462684631348,9.683879852294922,9.741552352905273,9.76374340057373,9.728781700134277,9.734170913696289,9.766857147216797,9.803571701049805,9.801061630249023,9.811806678771973,9.77723503112793,9.78648853302002,9.789204597473145,9.754500389099121,9.795663833618164
11.86,9.76671,0.0,9.721694946289062,9.699913024902344,9.716588973999023,9.715462684631348,9.683879852294922,9.741552352905273,9.76374340057373,9.728781700134277,9.734170913696289,9.766857147216797,9.803571701049805,9.801061630249023,9.811806678771973,9.77723503112793,9.78648853302002,9.789204597473145,9.754500389099121,9.795663833618164
11.87,9.76406,0.0,9.721694946289062,9.699913024902344,9.716588973999023,9.715462684631348,9.683879852294922,9.741552352905273,9.76374340057373,9.728781700134277,9.734170913696289,9.766857147216797,9.803571701049805,9.801061630249023,9.811806678771973,9.77723503112793,9.78648853302002,9.789204597473145,9.754500389099121,9.795663833618164
11.88,9.75951,0.0,9.721694946289062,9.699913024902344,9.716588973999023,9.715462684631348,9.683879852294922,9.741552352905273,9.76374340057373,9.728781700134277,9.734170913696289,9.766857147216797,9.803571701049805,9.801061630249023,9.811806678771973,9.77723503112793,9.78648853302002,9.789204597473145,9.754500389099121,9.795663833618164
11.89,9.7552,0.00709,9.678572654724121,9.65654468536377,9.682432174682617,9.68278694152832,9.646073341369629,9.710148811340332,9.728189468383789,9.695791244506836,9.698131561279297,9.748822212219238,9.783980369567871,9.785248756408691,9.795476913452148,9.760798454284668,9.763445854187012,9.768863677978516,9.736087799072266,9.78852367401123
11.9,9.75041,0.02139,9.678572654724121,9.65654468536377,9.682432174682617,9.68278694152832,9.646073341369629,9.710148811340332,9.728189468383789,9.695791244506836,9.698131561279297,9.748822212219238,9.783980369567871,9.785248756408691,9.795476913452148,9.760798454284668,9.763445854187012,9.768863677978516,9.736087799072266,9.78852367401123
11.91,9.74513,0.03593,9.678572654724121,9.65654468536377,9.682432174682617,9.68278694152832,9.646073341369629,9.710148811340332,9.728189468383789,9.695791244506836,9.698131561279297,9.748822212219238,9.783980369567871,9.785248756408691,9.795476913452148,9.760798454284668,9.763445854187012,9.768863677978516,9.736087799072266,9.78852367401123
11.92,9.73937,0.05065,9.678572654724121,9.65654468536377,9.682432174682617,9.68278694152832,9.646073341369629,9.710148811340332,9.728189468383789,9.695791244506836,9.698131561279297,9.748822212219238,9.783980369567871,9.785248756408691,9.795476913452148,9.760798454284668,9.763445854187012,9.768863677978516,9.736087799072266,9.78852367401123
11.93,9.73313,0.0655,9.678572654724121,9.65654468536377,9.682432174682617,9.68278694152832,9.646073341369629,9.710148811340332,9.728189468383789,9.695791244506836,9.698131561279297,9.748822212219238,9.783980369567871,9.785248756408691,9.795476913452148,9.760798454284668,9.763445854187012,9.768863677978516,9.736087799072266,9.78852367401123
11.94,9.72643,0.08046,9.634763717651367,9.620379447937012,9.649316787719727,9.650496482849121,9.617250442504883,9.68494701385498,9.698336601257324,9.665213584899902,9.66904067993164,9.717011451721191,9.752615928649902,9.751668930053711,9.766057968139648,9.728845596313477,9.731045722961426,9.738682746887207,9.701475143432617,9.763967514038086
11.95,9.72074,0.09246,9.634763717651367,9.620379447937012,9.649316787719727,9.650496482849121,9.617250442504883,9.68494701385498,9.698336601257324,9.665213584899902,9.66904067993164,9.717011451721191,9.752615928649902,9.751668930053711,9.766057968139648,9.728845596313477,9.731045722961426,9.738682746887207,9.701475143432617,9.763967514038086
11.96,9.71167,0.1105,9.634763717651367,9.620379447937012,9.649316787719727,9.650496482849121,9.617250442504883,9.68494701385498,9.698336601257324,9.665213584899902,9.66904067993164,9.717011451721191,9.752615928649902,9.751668930053711,9.766057968139648,9.728845596313477,9.731045722961426,9.738682746887207,9.701475143432617,9.763967514038086
11.97,9.70364,0.12548,9.634763717651367,9.620379447937012,9.649316787719727,9.650496482849121,9.617250442504883,9.68494701385498,9.698336601257324,9.665213584899902,9.66904067993164,9.717011451721191,9.752615928649902,9.751668930053711,9.766057968139648,9.728845596313477,9.731045722961426,9.738682746887207,9.701475143432617,9.763967514038086
11.98,9.69523,0.14038,9.634763717651367,9.620379447937012,9.649316787719727,9.650496482849121,9.617250442504883,9.68494701385498,9.698336601257324,9.665213584899902,9.66904067993164,9.717011451721191,9.752615928649902,9.751668930053711,9.766057968139648,9.728845596313477,9.731045722961426,9.738682746887207,9.701475143432617,9.763967514038086
11.99,9.68643,0.15516,9.58128833770752,9.572463989257812,9.600786209106445,9.610782623291016,9.57905387878418,9.64936637878418,9.648390769958496,9.617959022521973,9.627922058105469,9.658653259277344,9.691475868225098,9.687538146972656,9.703617095947266,9.669537544250488,9.66944408416748,9.682343482971191,9.642348289489746,9.706511497497559
12.0,9.67731,0.16973,9.58128833770752,9.572463989257812,9.600786209106445,9.610782623291016,9.57905387878418,9.64936637878418,9.648390769958496,9.617959022521973,9.627922058105469,9.658653259277344,9.691475868225098,9.687538146972656,9.703617095947266,9.669537544250488,9.66944408416748,9.682343482971191,9.642348289489746,9.706511497497559
12.01,9.66787,0.18409,9.58128833770752,9.572463989257812,9.600786209106445,9.610782623291016,9.57905387878418,9.64936637878418,9.648390769958496,9.617959022521973,9.627922058105469,9.658653259277344,9.691475868225098,9.687538146972656,9.703617095947266,9.669537544250488,9.66944408416748,9.682343482971191,9.642348289489746,9.706511497497559
12.02,9.65815,0.19818,9.58128833770752,9.572463989257812,9.600786209106445,9.610782623291016,9.57905387878418,9.64936637878418,9.648390769958496,9.617959022521973,9.627922058105469,9.658653259277344,9.691475868225098,9.687538146972656,9.703617095947266,9.669537544250488,9.66944408416748,9.682343482971191,9.642348289489746,9.706511497497559
12.03,9.65021,0.20921,9.58128833770752,9.572463989257812,9.600786209106445,9.610782623291016,9.57905387878418,9.64936637878418,9.648390769958496,9.617959022521973,9.627922058105469,9.658653259277344,9.691475868225098,9.687538146972656,9.703617095947266,9.669537544250488,9.66944408416748,9.682343482971191,9.642348289489746,9.706511497497559
12.04,9.6401,0.22269,9.536127090454102,9.541377067565918,9.567704200744629,9.580458641052246,9.549229621887207,9.624456405639648,9.609259605407715,9.583876609802246,9.599801063537598,9.618474960327148,9.642829895019531,9.635165214538574,9.653753280639648,9.623360633850098,9.622281074523926,9.64130973815918,9.603001594543457,9.655228614807129
12.05,9.62773,0.23837,9.536127090454102,9.541377067565918,9.567704200744629,9.580458641052246,9.549229621887207,9.624456405639648,9.609259605407715,9.583876609802246,9.599801063537598,9.618474960327148,9.642829895019531,9.635165214538574,9.653753280639648,9.623360633850098,9.622281074523926,9.64130973815918,9.603001594543457,9.655228614807129
12.06,9.6173,0.25094,9.536127090454102,9.541377067565918,9.567704200744629,9.580458641052246,9.549229621887207,9.624456405639648,9.609259605407715,9.583876609802246,9.599801063537598,9.618474960327148,9.642829895019531,9.635165214538574,9.653753280639648,9.623360633850098,9.622281074523926,9.64130973815918,9.603001594543457,9.655228614807129
12.07,9.6068,0.26305,9.536127090454102,9.541377067565918,9.567704200744629,9.580458641052246,9.549229621887207,9.624456405639648,9.609259605407715,9.583876609802246,9.599801063537598,9.618474960327148,9.642829895019531,9.635165214538574,9.653753280639648,9.623360633850098,9.622281074523926,9.64130973815918,9.603001594543457,9.655228614807129
12.08,9.59627,0.27464,9.536127090454102,9.541377067565918,9.567704200744629,9.580458641052246,9.549229621887207,9.624456405639648,9.609259605407715,9.583876609802246,9.599801063537598,9.618474960327148,9.642829895019531,9.635165214538574,9.653753280639648,9.623360633850098,9.622281074523926,9.64130973815918,9.603001594543457,9.655228614807129
12.09,9.58575,0.2857,9.493349075317383,9.512191772460938,9.530367851257324,9.551790237426758,9.517661094665527,9.59719181060791,9.565279960632324,9.548861503601074,9.569852828979492,9.58438491821289,9.592788696289062,9.586543083190918,9.60472583770752,9.581130027770996,9.57665729522705,9.60435962677002,9.569422721862793,9.599440574645996
12.1,9.5753,0.2962,9.493349075317383,9.512191772460938,9.530367851257324,9.551790237426758,9.517661094665527,9.59719181060791,9.565279960632324,9.548861503601074,9.569852828979492,9.58438491821289,9.592788696289062,9.586543083190918,9.60472583770752,9.581130027770996,9.57665729522705,9.60435962677002,9.569422721862793,9.599440574645996
12.11,9.56495,0.30611,9.493349075317383,9.512191772460938,9.530367851257324,9.551790237426758,9.517661094665527,9.59719181060791,9.565279960632324,9.548861503601074,9.569852828979492,9.58438491821289,9.592788696289062,9.586543083190918,9.60472583770752,9.581130027770996,9.57665729522705,9.60435962677002,9.569422721862793,9.599440574645996
12.12,9.55679,0.31359,9.493349075317383,9.512191772460938,9.530367851257324,9.551790237426758,9.517661094665527,9.59719181060791,9.565279960632324,9.548861503601074,9.569852828979492,9.58438491821289,9.592788696289062,9.586543083190918,9.60472583770752,9.581130027770996,9.57665729522705,9.60435962677002,9.569422721862793,9.599440574645996
12.13,9.54473,0.32409,9.493349075317383,9.512191772460938,9.530367851257324,9.551790237426758,9.517661094665527,9.59719181060791,9.565279960632324,9.548861503601074,9.569852828979492,9.58438491821289,9.592788696289062,9.586543083190918,9.60472583770752,9.581130027770996,9.57665729522705,9.60435962677002,9.569422721862793,9.599440574645996
12.14,9.53495,0.33213,9.45470142364502,9.48401927947998,9.504962921142578,9.523035049438477,9.489314079284668,9.570047378540039,9.5305814743042,9.52141284942627,9.542869567871094,9.555252075195312,9.55077838897705,9.544641494750977,9.563467025756836,9.543413162231445,9.536744117736816,9.565651893615723,9.537049293518066,9.547222137451172
12.15,9.52543,0.33952,9.45470142364502,9.48401927947998,9.504962921142578,9.523035049438477,9.489314079284668,9.570047378540039,9.5305814743042,9.52141284942627,9.542869567871094,9.555252075195312,9.55077838897705,9.544641494750977,9.563467025756836,9.543413162231445,9.536744117736816,9.565651893615723,9.537049293518066,9.547222137451172
12.16,9.51621,0.34626,9.45470142364502,9.48401927947998,9.504962921142578,9.523035049438477,9.489314079284668,9.570047378540039,9.5305814743042,9.52141284942627,9.542869567871094,9.555252075195312,9.55077838897705,9.544641494750977,9.563467025756836,9.543413162231445,9.536744117736816,9.565651893615723,9.537049293518066,9.547222137451172
12.17,9.50733,0.35234,9.45470142364502,9.48401927947998,9.504962921142578,9.523035049438477,9.489314079284668,9.570047378540039,9.5305814743042,9.52141284942627,9.542869567871094,9.555252075195312,9.55077838897705,9.544641494750977,9.563467025756836,9.543413162231445,9.536744117736816,9.565651893615723,9.537049293518066,9.547222137451172
12.18,9.49883,0.35776,9.45470142364502,9.48401927947998,9.504962921142578,9.523035049438477,9.489314079284668,9.570047378540039,9.5305814743042,9.52141284942627,9.542869567871094,9.555252075195312,9.55077838897705,9.544641494750977,9.563467025756836,9.543413162231445,9.536744117736816,9.565651893615723,9.537049293518066,9.547222137451172
12.19,9.49071,0.36253,9.42845630645752,9.46780014038086,9.487655639648438,9.502803802490234,9.470189094543457,9.551594734191895,9.501960754394531,9.504949569702148,9.523452758789062,9.535686492919922,9.51817512512207,9.511746406555176,9.53172779083252,9.514615058898926,9.504520416259766,9.535326957702637,9.513141632080078,9.502695083618164
12.2,9.48453,0.36588,9.42845630645752,9.46780014038086,9.487655639648438,9.502803802490234,9.470189094543457,9.551594734191895,9.501960754394531,9.504949569702148,9.523452758789062,9.535686492919922,9.51817512512207,9.511746406555176,9.53172779083252,9.514615058898926,9.504520416259766,9.535326957702637,9.513141632080078,9.502695083618164
12.21,9.47578,0.37014,9.42845630645752,9.46780014038086,9.487655639648438,9.502803802490234,9.470189094543457,9.551594734191895,9.501960754394531,9.504949569702148,9.523452758789062,9.535686492919922,9.51817512512207,9.511746406555176,9.53172779083252,9.514615058898926,9.504520416259766,9.535326957702637,9.513141632080078,9.502695083618164
12.22,9.46899,0.37299,9.42845630645752,9.46780014038086,9.487655639648438,9.502803802490234,9.470189094543457,9.551594734191895,9.501960754394531,9.504949569702148,9.523452758789062,9.535686492919922,9.51817512512207,9.511746406555176,9.53172779083252,9.514615058898926,9.504520416259766,9.535326957702637,9.513141632080078,9.502695083618164
12.23,9.46268,0.37523,9.42845630645752,9.46780014038086,9.487655639648438,9.502803802490234,9.470189094543457,9.551594734191895,9.501960754394531,9.504949569702148,9.523452758789062,9.535686492919922,9.51817512512207,9.511746406555176,9.53172779083252,9.514615058898926,9.504520416259766,9.535326957702637,9.513141632080078,9.502695083618164
12.24,9.45685,0.37688,9.399441719055176,9.445991516113281,9.46910285949707,9.479530334472656,9.450799942016602,9.530289649963379,9.468381881713867,9.485526084899902,9.501710891723633,9.512551307678223,9.48440933227539,9.479399681091309,9.498778343200684,9.48595142364502,9.46920394897461,9.501710891723633,9.486934661865234,9.45743465423584
12.25,9.45152,0.37794,9.399441719055176,9.445991516113281,9.46910285949707,9.479530334472656,9.450799942016602,9.530289649963379,9.468381881713867,9.485526084899902,9.501710891723633,9.512551307678223,9.48440933227539,9.479399681091309,9.498778343200684,9.48595142364502,9.46920394897461,9.501710891723633,9.486934661865234,9.45743465423584
12.26,9.44668,0.37844,9.399441719055176,9.445991516113281,9.46910285949707,9.479530334472656,9.450799942016602,9.530289649963379,9.468381881713867,9.485526084899902,9.501710891723633,9.512551307678223,9.48440933227539,9.479399681091309,9.498778343200684,9.48595142364502,9.46920394897461,9.501710891723633,9.486934661865234,9.45743465423584
12.27,9.44233,0.37841,9.399441719055176,9.445991516113281,9.46910285949707,9.479530334472656,9.450799942016602,9.530289649963379,9.468381881713867,9.485526084899902,9.501710891723633,9.512551307678223,9.48440933227539,9.479399681091309,9.498778343200684,9.48595142364502,9.46920394897461,9.501710891723633,9.486934661865234,9.45743465423584
12.28,9.43921,0.37801,9.399441719055176,9.445991516113281,9.46910285949707,9.479530334472656,9.450799942016602,9.530289649963379,9.468381881713867,9.485526084899902,9.501710891723633,9.512551307678223,9.48440933227539,9.479399681091309,9.498778343200684,9.48595142364502,9.46920394897461,9.501710891723633,9.486934661865234,9.45743465423584
12.29,9.43573,0.37706,9.374966621398926,9.428338050842285,9.457051277160645,9.460089683532715,9.440213203430176,9.514556884765625,9.439716339111328,9.47091293334961,9.486307144165039,9.492151260375977,9.45905590057373,9.453959465026855,9.472017288208008,9.463265419006348,9.44055461883545,9.474335670471191,9.46429443359375,9.41796588897705
12.3,9.43218,0.37529,9.374966621398926,9.428338050842285,9.457051277160645,9.460089683532715,9.440213203430176,9.514556884765625,9.439716339111328,9.47091293334961,9.486307144165039,9.492151260375977,9.45905590057373,9.453959465026855,9.472017288208008,9.463265419006348,9.44055461883545,9.474335670471191,9.46429443359375,9.41796588897705
12.31,9.42972,0.37332,9.374966621398926,9.428338050842285,9.457051277160645,9.460089683532715,9.440213203430176,9.514556884765625,9.439716339111328,9.47091293334961,9.486307144165039,9.492151260375977,9.45905590057373,9.453959465026855,9.472017288208008,9.463265419006348,9.44055461883545,9.474335670471191,9.46429443359375,9.41796588897705
12.32,9.42769,0.37093,9.374966621398926,9.428338050842285,9.457051277160645,9.460089683532715,9.440213203430176,9.514556884765625,9.439716339111328,9.47091293334961,9.486307144165039,9.492151260375977,9.45905590057373,9.453959465026855,9.472017288208008,9.463265419006348,9.44055461883545,9.474335670471191,9.46429443359375,9.41796588897705
12.33,9.42608,0.36813,9.374966621398926,9.428338050842285,9.457051277160645,9.460089683532715,9.440213203430176,9.514556884765625,9.439716339111328,9.47091293334961,9.486307144165039,9.492151260375977,9.45905590057373,9.453959465026855,9.472017288208008,9.463265419006348,9.44055461883545,9.474335670471191,9.46429443359375,9.41796588897705
12.34,9.42485,0.36495,9.358430862426758,9.416539192199707,9.445269584655762,9.445676803588867,9.433488845825195,9.50130558013916,9.415644645690918,9.455375671386719,9.472529411315918,9.466460227966309,9.434394836425781,9.4291410446167,9.445240020751953,9.439526557922363,9.414949417114258,9.447688102722168,9.437580108642578,9.375579833984375
12.35,9.42398,0.3614,9.358430862426758,9.416539192199707,9.445269584655762,9.445676803588867,9.433488845825195,9.50130558013916,9.415644645690918,9.455375671386719,9.472529411315918,9.466460227966309,9.434394836425781,9.4291410446167,9.445240020751953,9.439526557922363,9.414949417114258,9.447688102722168,9.437580108642578,9.375579833984375
12.36,9.42344,0.35752,9.358430862426758,9.416539192199707,9.445269584655762,9.445676803588867,9.433488845825195,9.50130558013916,9.415644645690918,9.455375671386719,9.472529411315918,9.466460227966309,9.434394836425781,9.4291410446167,9.445240020751953,9.439526557922363,9.414949417114258,9.447688102722168,9.437580108642578,9.375579833984375
12.37,9.42323,0.35418,9.358430862426758,9.416539192199707,9.445269584655762,9.445676803588867,9.433488845825195,9.50130558013916,9.415644645690918,9.455375671386719,9.472529411315918,9.466460227966309,9.434394836425781,9.4291410446167,9.445240020751953,9.439526557922363,9.414949417114258,9.447688102722168,9.437580108642578,9.375579833984375
12.38,9.42323,0.34878,9.358430862426758,9.416539192199707,9.445269584655762,9.445676803588867,9.433488845825195,9.50130558013916,9.415644645690918,9.455375671386719,9.472529411315918,9.466460227966309,9.434394836425781,9.4291410446167,9.445240020751953,9.439526557922363,9.414949417114258,9.447688102722168,9.437580108642578,9.375579833984375
12.39,9.42349,0.34395,9.3516845703125,9.411624908447266,9.438835144042969,9.435524940490723,9.42967700958252,9.49127197265625,9.400803565979004,9.444507598876953,9.462100982666016,9.437997817993164,9.412854194641113,9.408434867858887,9.423460960388184,9.416852951049805,9.394529342651367,9.421713829040527,9.409205436706543,9.335400581359863
12.4,9.42396,0.33884,9.3516845703125,9.411624908447266,9.438835144042969,9.435524940490723,9.42967700958252,9.49127197265625,9.400803565979004,9.444507598876953,9.462100982666016,9.437997817993164,9.412854194641113,9.408434867858887,9.423460960388184,9.416852951049805,9.394529342651367,9.421713829040527,9.409205436706543,9.335400581359863
12.41,9.42458,0.33345,9.3516845703125,9.411624908447266,9.438835144042969,9.435524940490723,9.42967700958252,9.49127197265625,9.400803565979004,9.444507598876953,9.462100982666016,9.437997817993164,9.412854194641113,9.408434867858887,9.423460960388184,9.416852951049805,9.394529342651367,9.421713829040527,9.409205436706543,9.335400581359863
12.42,9.42534,0.32778,9.3516845703125,9.411624908447266,9.438835144042969,9.435524940490723,9.42967700958252,9.49127197265625,9.400803565979004,9.444507598876953,9.462100982666016,9.437997817993164,9.412854194641113,9.408434867858887,9.423460960388184,9.416852951049805,9.394529342651367,9.421713829040527,9.409205436706543,9.335400581359863
12.43,9.42618,0.32183,9.3516845703125,9.411624908447266,9.438835144042969,9.435524940490723,9.42967700958252,9.49127197265625,9.400803565979004,9.444507598876953,9.462100982666016,9.437997817993164,9.412854194641113,9.408434867858887,9.423460960388184,9.416852951049805,9.394529342651367,9.421713829040527,9.409205436706543,9.335400581359863
12.44,9.42709,0.31562,9.349088668823242,9.408400535583496,9.433585166931152,9.425954818725586,9.42615795135498,9.481280326843262,9.388360023498535,9.436033248901367,9.453813552856445,9.414496421813965,9.39419174194336,9.392548561096191,9.406429290771484,9.397644996643066,9.378036499023438,9.399627685546875,9.386457443237305,9.303791999816895
12.45,9.42783,0.31046,9.349088668823242,9.408400535583496,9.433585166931152,9.425954818725586,9.42615795135498,9.481280326843262,9.388360023498535,9.436033248901367,9.453813552856445,9.414496421813965,9.39419174194336,9.392548561096191,9.406429290771484,9.397644996643066,9.378036499023438,9.399627685546875,9.386457443237305,9.303791999816895
12.46,9.42893,0.30238,9.349088668823242,9.408400535583496,9.433585166931152,9.425954818725586,9.42615795135498,9.481280326843262,9.388360023498535,9.436033248901367,9.453813552856445,9.414496421813965,9.39419174194336,9.392548561096191,9.406429290771484,9.397644996643066,9.378036499023438,9.399627685546875,9.386457443237305,9.303791999816895
12.47,9.42981,0.29533,9.349088668823242,9.408400535583496,9.433585166931152,9.425954818725586,9.42615795135498,9.481280326843262,9.388360023498535,9.436033248901367,9.453813552856445,9.414496421813965,9.39419174194336,9.392548561096191,9.406429290771484,9.397644996643066,9.378036499023438,9.399627685546875,9.386457443237305,9.303791999816895
12.48,9.43061,0.28799,9.349088668823242,9.408400535583496,9.433585166931152,9.425954818725586,9.42615795135498,9.481280326843262,9.388360023498535,9.436033248901367,9.453813552856445,9.414496421813965,9.39419174194336,9.392548561096191,9.406429290771484,9.397644996643066,9.378036499023438,9.399627685546875,9.386457443237305,9.303791999816895
12.49,9.43131,0.28035,9.341887474060059,9.396167755126953,9.42065143585205,9.410826683044434,9.41578483581543,9.463567733764648,9.36985969543457,9.419610977172852,9.440596580505371,9.388925552368164,9.369181632995605,9.373419761657715,9.384414672851562,9.374919891357422,9.35621452331543,9.374701499938965,9.363948822021484,9.273818016052246
12.5,9.43187,0.2724,9.341887474060059,9.396167755126953,9.42065143585205,9.410826683044434,9.41578483581543,9.463567733764648,9.36985969543457,9.419610977172852,9.440596580505371,9.388925552368164,9.369181632995605,9.373419761657715,9.384414672851562,9.374919891357422,9.35621452331543,9.374701499938965,9.363948822021484,9.273818016052246
12.51,9.43228,0.26412,9.341887474060059,9.396167755126953,9.42065143585205,9.410826683044434,9.41578483581543,9.463567733764648,9.36985969543457,9.419610977172852,9.440596580505371,9.388925552368164,9.369181632995605,9.373419761657715,9.384414672851562,9.374919891357422,9.35621452331543,9.374701499938965,9.363948822021484,9.273818016052246
12.52,9.43251,0.2555,9.341887474060059,9.396167755126953,9.42065143585205,9.410826683044434,9.41578483581543,9.463567733764648,9.36985969543457,9.419610977172852,9.440596580505371,9.388925552368164,9.369181632995605,9.373419761657715,9.384414672851562,9.374919891357422,9.35621452331543,9.374701499938965,9.363948822021484,9.273818016052246
12.53,9.43255,0.24836,9.341887474060059,9.396167755126953,9.42065143585205,9.410826683044434,9.41578483581543,9.463567733764648,9.36985969543457,9.419610977172852,9.440596580505371,9.388925552368164,9.369181632995605,9.373419761657715,9.384414672851562,9.374919891357422,9.35621452331543,9.374701499938965,9.363948822021484,9.273818016052246
12.54,9.4324,0.23909,9.352619171142578,9.390263557434082,9.416719436645508,9.40086841583252,9.404158592224121,9.452072143554688,9.368206977844238,9.410866737365723,9.427327156066895,9.370085716247559,9.354775428771973,9.361231803894043,9.371298789978027,9.358118057250977,9.342216491699219,9.356366157531738,9.348398208618164,9.2505464553833
12.55,9.43191,0.22745,9.352619171142578,9.390263557434082,9.416719436645508,9.40086841583252,9.404158592224121,9.452072143554688,9.368206977844238,9.410866737365723,9.427327156066895,9.370085716247559,9.354775428771973,9.361231803894043,9.371298789978027,9.358118057250977,9.342216491699219,9.356366157531738,9.348398208618164,9.2505464553833
12.56,9.43123,0.21732,9.352619171142578,9.390263557434082,9.416719436645508,9.40086841583252,9.404158592224121,9.452072143554688,9.368206977844238,9.410866737365723,9.427327156066895,9.370085716247559,9.354775428771973,9.361231803894043,9.371298789978027,9.358118057250977,9.342216491699219,9.356366157531738,9.348398208618164,9.2505464553833
12.57,9.43028,0.20679,9.352619171142578,9.390263557434082,9.416719436645508,9.40086841583252,9.404158592224121,9.452072143554688,9.368206977844238,9.410866737365723,9.427327156066895,9.370085716247559,9.354775428771973,9.361231803894043,9.371298789978027,9.358118057250977,9.342216491699219,9.356366157531738,9.348398208618164,9.2505464553833
12.58,9.42906,0.19583,9.352619171142578,9.390263557434082,9.416719436645508,9.40086841583252,9.404158592224121,9.452072143554688,9.368206977844238,9.410866737365723,9.427327156066895,9.370085716247559,9.354775428771973,9.361231803894043,9.371298789978027,9.358118057250977,9.342216491699219,9.356366157531738,9.348398208618164,9.2505464553833
12.59,9.42756,0.18443,9.359512329101562,9.376877784729004,9.411176681518555,9.386529922485352,9.394393920898438,9.431757926940918,9.370692253112793,9.395233154296875,9.415584564208984,9.345616340637207,9.349264144897461,9.352983474731445,9.359561920166016,9.340349197387695,9.334157943725586,9.34177303314209,9.323465347290039,9.243598937988281
12.6,9.42578,0.1726,9.359512329101562,9.376877784729004,9.411176681518555,9.386529922485352,9.394393920898438,9.431757926940918,9.370692253112793,9.395233154296875,9.415584564208984,9.345616340637207,9.349264144897461,9.352983474731445,9.359561920166016,9.340349197387695,9.334157943725586,9.34177303314209,9.323465347290039,9.243598937988281
12.61,9.4237,0.16032,9.359512329101562,9.376877784729004,9.411176681518555,9.386529922485352,9.394393920898438,9.431757926940918,9.370692253112793,9.395233154296875,9.415584564208984,9.345616340637207,9.349264144897461,9.352983474731445,9.359561920166016,9.340349197387695,9.334157943725586,9.34177303314209,9.323465347290039,9.243598937988281
12.62,9.42184,0.15018,9.359512329101562,9.376877784729004,9.411176681518555,9.386529922485352,9.394393920898438,9.431757926940918,9.370692253112793,9.395233154296875,9.415584564208984,9.345616340637207,9.349264144897461,9.352983474731445,9.359561920166016,9.340349197387695,9.334157943725586,9.34177303314209,9.323465347290039,9.243598937988281
12.63,9.4187,0.13442,9.359512329101562,9.376877784729004,9.411176681518555,9.386529922485352,9.394393920898438,9.431757926940918,9.370692253112793,9.395233154296875,9.415584564208984,9.345616340637207,9.349264144897461,9.352983474731445,9.359561920166016,9.340349197387695,9.334157943725586,9.34177303314209,9.323465347290039,9.243598937988281
12.64,9.41577,0.12079,9.374754905700684,9.375040054321289,9.41408920288086,9.374123573303223,9.376676559448242,9.414515495300293,9.388158798217773,9.390178680419922,9.406659126281738,9.33497428894043,9.362404823303223,9.36481761932373,9.37407112121582,9.341713905334473,9.348136901855469,9.345440864562988,9.315167427062988,9.270476341247559
12.65,9.41256,0.10674,9.374754905700684,9.375040054321289,9.41408920288086,9.374123573303223,9.376676559448242,9.414515495300293,9.388158798217773,9.390178680419922,9.406659126281738,9.33497428894043,9.362404823303223,9.36481761932373,9.37407112121582,9.341713905334473,9.348136901855469,9.345440864562988,9.315167427062988,9.270476341247559
12.66,9.40907,0.09225,9.374754905700684,9.375040054321289,9.41408920288086,9.374123573303223,9.376676559448242,9.414515495300293,9.388158798217773,9.390178680419922,9.406659126281738,9.33497428894043,9.362404823303223,9.36481761932373,9.37407112121582,9.341713905334473,9.348136901855469,9.345440864562988,9.315167427062988,9.270476341247559
12.67,9.40533,0.07735,9.374754905700684,9.375040054321289,9.41408920288086,9.374123573303223,9.376676559448242,9.414515495300293,9.388158798217773,9.390178680419922,9.406659126281738,9.33497428894043,9.362404823303223,9.36481761932373,9.37407112121582,9.341713905334473,9.348136901855469,9.345440864562988,9.315167427062988,9.270476341247559
12.68,9.40133,0.06205,9.374754905700684,9.375040054321289,9.41408920288086,9.374123573303223,9.376676559448242,9.414515495300293,9.388158798217773,9.390178680419922,9.406659126281738,9.33497428894043,9.362404823303223,9.36481761932373,9.37407112121582,9.341713905334473,9.348136901855469,9.345440864562988,9.315167427062988,9.270476341247559
12.69,9.39708,0.04637,9.377869606018066,9.371657371520996,9.399811744689941,9.362748146057129,9.350467681884766,9.392135620117188,9.383594512939453,9.383587837219238,9.391861915588379,9.350837707519531,9.368535041809082,9.378933906555176,9.385520935058594,9.35348892211914,9.358839988708496,9.35917854309082,9.336808204650879,9.307682991027832
12.7,9.39352,0.03361,9.377869606018066,9.371657371520996,9.399811744689941,9.362748146057129,9.350467681884766,9.392135620117188,9.383594512939453,9.383587837219238,9.391861915588379,9.350837707519531,9.368535041809082,9.378933906555176,9.385520935058594,9.35348892211914,9.358839988708496,9.35917854309082,9.336808204650879,9.307682991027832
12.71,9.3879,0.01402,9.377869606018066,9.371657371520996,9.399811744689941,9.362748146057129,9.350467681884766,9.392135620117188,9.383594512939453,9.383587837219238,9.391861915588379,9.350837707519531,9.368535041809082,9.378933906555176,9.385520935058594,9.35348892211914,9.358839988708496,9.35917854309082,9.336808204650879,9.307682991027832
12.72,9.38299,0.0,9.377869606018066,9.371657371520996,9.399811744689941,9.362748146057129,9.350467681884766,9.392135620117188,9.383594512939453,9.383587837219238,9.391861915588379,9.350837707519531,9.368535041809082,9.378933906555176,9.385520935058594,9.35348892211914,9.358839988708496,9.35917854309082,9.336808204650879,9.307682991027832
12.73,9.37788,0.0,9.377869606018066,9.371657371520996,9.399811744689941,9.362748146057129,9.350467681884766,9.392135620117188,9.383594512939453,9.383587837219238,9.391861915588379,9.350837707519531,9.368535041809082,9.378933906555176,9.385520935058594,9.35348892211914,9.358839988708496,9.35917854309082,9.336808204650879,9.307682991027832
12.74,9.37259,0.0,9.361775398254395,9.353696823120117,9.371679306030273,9.343888282775879,9.321455001831055,9.36660099029541,9.359173774719238,9.361443519592285,9.367918968200684,9.347708702087402,9.350728034973145,9.369032859802246,9.37209415435791,9.345924377441406,9.344886779785156,9.352849006652832,9.341464042663574,9.318939208984375
12.75,9.36713,0.0,9.361775398254395,9.353696823120117,9.371679306030273,9.343888282775879,9.321455001831055,9.36660099029541,9.359173774719238,9.361443519592285,9.367918968200684,9.347708702087402,9.350728034973145,9.369032859802246,9.37209415435791,9.345924377441406,9.344886779785156,9.352849006652832,9.341464042663574,9.318939208984375
12.76,9.36152,0.0,9.361775398254395,9.353696823120117,9.371679306030273,9.343888282775879,9.321455001831055,9.36660099029541,9.359173774719238,9.361443519592285,9.367918968200684,9.347708702087402,9.350728034973145,9.369032859802246,9.37209415435791,9.345924377441406,9.344886779785156,9.352849006652832,9.341464042663574,9.318939208984375
12.77,9.35576,0.0,9.361775398254395,9.353696823120117,9.371679306030273,9.343888282775879,9.321455001831055,9.36660099029541,9.359173774719238,9.361443519592285,9.367918968200684,9.347708702087402,9.350728034973145,9.369032859802246,9.37209415435791,9.345924377441406,9.344886779785156,9.352849006652832,9.341464042663574,9.318939208984375
12.78,9.35107,0.0,9.361775398254395,9.353696823120117,9.371679306030273,9.343888282775879,9.321455001831055,9.36660099029541,9.359173774719238,9.361443519592285,9.367918968200684,9.347708702087402,9.350728034973145,9.369032859802246,9.37209415435791,9.345924377441406,9.344886779785156,9.352849006652832,9.341464042663574,9.318939208984375
12.79,9.34509,0.0,9.339083671569824,9.336036682128906,9.344440460205078,9.323708534240723,9.297410011291504,9.345931053161621,9.334647178649902,9.336108207702637,9.346193313598633,9.328648567199707,9.325945854187012,9.346774101257324,9.349357604980469,9.325873374938965,9.321548461914062,9.333828926086426,9.329864501953125,9.310380935668945
12.8,9.33776,0.0,9.339083671569824,9.336036682128906,9.344440460205078,9.323708534240723,9.297410011291504,9.345931053161621,9.334647178649902,9.336108207702637,9.346193313598633,9.328648567199707,9.325945854187012,9.346774101257324,9.349357604980469,9.325873374938965,9.321548461914062,9.333828926086426,9.329864501953125,9.310380935668945
12.81,9.33157,0.0,9.339083671569824,9.336036682128906,9.344440460205078,9.323708534240723,9.297410011291504,9.345931053161621,9.334647178649902,9.336108207702637,9.346193313598633,9.328648567199707,9.325945854187012,9.346774101257324,9.349357604980469,9.325873374938965,9.321548461914062,9.333828926086426,9.329864501953125,9.310380935668945
12.82,9.3253,0.0,9.339083671569824,9.336036682128906,9.344440460205078,9.323708534240723,9.297410011291504,9.345931053161621,9.334647178649902,9.336108207702637,9.346193313598633,9.328648567199707,9.325945854187012,9.346774101257324,9.349357604980469,9.325873374938965,9.321548461914062,9.333828926086426,9.329864501953125,9.310380935668945
12.83,9.31897,0.0,9.339083671569824,9.336036682128906,9.344440460205078,9.323708534240723,9.297410011291504,9.345931053161621,9.334647178649902,9.336108207702637,9.346193313598633,9.328648567199707,9.325945854187012,9.346774101257324,9.349357604980469,9.325873374938965,9.321548461914062,9.333828926086426,9.329864501953125,9.310380935668945
12.84,9.31258,0.0,9.31079387664795,9.312228202819824,9.313612937927246,9.299476623535156,9.273467063903809,9.322325706481934,9.3064546585083,9.306520462036133,9.320561408996582,9.295961380004883,9.293230056762695,9.312275886535645,9.316252708435059,9.292695999145508,9.287567138671875,9.300872802734375,9.301926612854004,9.286185264587402
12.85,9.30616,0.0,9.31079387664795,9.312228202819824,9.313612937927246,9.299476623535156,9.273467063903809,9.322325706481934,9.3064546585083,9.306520462036133,9.320561408996582,9.295961380004883,9.293230056762695,9.312275886535645,9.316252708435059,9.292695999145508,9.287567138671875,9.300872802734375,9.301926612854004,9.286185264587402
12.86,9.2997,0.0,9.31079387664795,9.312228202819824,9.313612937927246,9.299476623535156,9.273467063903809,9.322325706481934,9.3064546585083,9.306520462036133,9.320561408996582,9.295961380004883,9.293230056762695,9.312275886535645,9.316252708435059,9.292695999145508,9.287567138671875,9.300872802734375,9.301926612854004,9.286185264587402
12.87,9.29453,0.0,9.31079387664795,9.312228202819824,9.313612937927246,9.299476623535156,9.273467063903809,9.322325706481934,9.3064546585083,9.306520462036133,9.320561408996582,9.295961380004883,9.293230056762695,9.312275886535645,9.316252708435059,9.292695999145508,9.287567138671875,9.300872802734375,9.301926612854004,9.286185264587402
12.88,9.28674,0.0,9.31079387664795,9.312228202819824,9.313612937927246,9.299476623535156,9.273467063903809,9.322325706481934,9.3064546585083,9.306520462036133,9.320561408996582,9.295961380004883,9.293230056762695,9.312275886535645,9.316252708435059,9.292695999145508,9.287567138671875,9.300872802734375,9.301926612854004,9.286185264587402
12.89,9.28027,0.0,9.285245895385742,9.293119430541992,9.289194107055664,9.278912544250488,9.254141807556152,9.304021835327148,9.282849311828613,9.282015800476074,9.299751281738281,9.267585754394531,9.265055656433105,9.281148910522461,9.287949562072754,9.262646675109863,9.25832462310791,9.27221393585205,9.27688980102539,9.26327896118164
12.9,9.2738,0.0,9.285245895385742,9.293119430541992,9.289194107055664,9.278912544250488,9.254141807556152,9.304021835327148,9.282849311828613,9.282015800476074,9.299751281738281,9.267585754394531,9.265055656433105,9.281148910522461,9.287949562072754,9.262646675109863,9.25832462310791,9.27221393585205,9.27688980102539,9.26327896118164
12.91,9.26737,0.0,9.285245895385742,9.293119430541992,9.289194107055664,9.278912544250488,9.254141807556152,9.304021835327148,9.282849311828613,9.282015800476074,9.299751281738281,9.267585754394531,9.265055656433105,9.281148910522461,9.287949562072754,9.262646675109863,9.25832462310791,9.27221393585205,9.27688980102539,9.26327896118164
12.92,9.26097,0.0,9.285245895385742,9.293119430541992,9.289194107055664,9.278912544250488,9.254141807556152,9.304021835327148,9.282849311828613,9.282015800476074,9.299751281738281,9.267585754394531,9.265055656433105,9.281148910522461,9.287949562072754,9.262646675109863,9.25832462310791,9.27221393585205,9.27688980102539,9.26327896118164
12.93,9.25461,0.0,9.285245895385742,9.293119430541992,9.289194107055664,9.278912544250488,9.254141807556152,9.304021835327148,9.282849311828613,9.282015800476074,9.299751281738281,9.267585754394531,9.265055656433105,9.281148910522461,9.287949562072754,9.262646675109863,9.25832462310791,9.27221393585205,9.27688980102539,9.26327896118164
12.94,9.2483,0.0,9.258705139160156,9.27100658416748,9.265080451965332,9.257732391357422,9.235044479370117,9.285292625427246,9.257486343383789,9.256824493408203,9.278279304504395,9.240128517150879,9.237133979797363,9.251116752624512,9.260903358459473,9.233339309692383,9.229656219482422,9.244010925292969,9.251715660095215,9.241270065307617
12.95,9.24331,0.0,9.258705139160156,9.27100658416748,9.265080451965332,9.257732391357422,9.235044479370117,9.285292625427246,9.257486343383789,9.256824493408203,9.278279304504395,9.240128517150879,9.237133979797363,9.251116752624512,9.260903358459473,9.233339309692383,9.229656219482422,9.244010925292969,9.251715660095215,9.241270065307617
12.96,9.2359,0.0,9.258705139160156,9.27100658416748,9.265080451965332,9.257732391357422,9.235044479370117,9.285292625427246,9.257486343383789,9.256824493408203,9.278279304504395,9.240128517150879,9.237133979797363,9.251116752624512,9.260903358459473,9.233339309692383,9.229656219482422,9.244010925292969,9.251715660095215,9.241270065307617
12.97,9.22982,0.0,9.258705139160156,9.27100658416748,9.265080451965332,9.257732391357422,9.235044479370117,9.285292625427246,9.257486343383789,9.256824493408203,9.278279304504395,9.240128517150879,9.237133979797363,9.251116752624512,9.260903358459473,9.233339309692383,9.229656219482422,9.244010925292969,9.251715660095215,9.241270065307617
12.98,9.22384,0.0,9.258705139160156,9.27100658416748,9.265080451965332,9.257732391357422,9.235044479370117,9.285292625427246,9.257486343383789,9.256824493408203,9.278279304504395,9.240128517150879,9.237133979797363,9.251116752624512,9.260903358459473,9.233339309692383,9.229656219482422,9.244010925292969,9.251715660095215,9.241270065307617
12.99,9.21796,0.0,9.23167896270752,9.246138572692871,9.239355087280273,9.235258102416992,9.214530944824219,9.264684677124023,9.230515480041504,9.230630874633789,9.255008697509766,9.211068153381348,9.207610130310059,9.219977378845215,9.23254108428955,9.202479362487793,9.199307441711426,9.213953018188477,9.223738670349121,9.21782112121582
13.0,9.2122,0.0,9.23167896270752,9.246138572692871,9.239355087280273,9.235258102416992,9.214530944824219,9.264684677124023,9.230515480041504,9.230630874633789,9.255008697509766,9.211068153381348,9.207610130310059,9.219977378845215,9.23254108428955,9.202479362487793,9.199307441711426,9.213953018188477,9.223738670349121,9.21782112121582
13.01,9.20657,0.0,9.23167896270752,9.246138572692871,9.239355087280273,9.235258102416992,9.214530944824219,9.264684677124023,9.230515480041504,9.230630874633789,9.255008697509766,9.211068153381348,9.207610130310059,9.219977378845215,9.23254108428955,9.202479362487793,9.199307441711426,9.213953018188477,9.223738670349121,9.21782112121582
13.02,9.20107,0.0,9.23167896270752,9.246138572692871,9.239355087280273,9.235258102416992,9.214530944824219,9.264684677124023,9.230515480041504,9.230630874633789,9.255008697509766,9.211068153381348,9.207610130310059,9.219977378845215,9.23254108428955,9.202479362487793,9.199307441711426,9.213953018188477,9.223738670349121,9.21782112121582
13.03,9.19678,0.0,9.23167896270752,9.246138572692871,9.239355087280273,9.235258102416992,9.214530944824219,9.264684677124023,9.230515480041504,9.230630874633789,9.255008697509766,9.211068153381348,9.207610130310059,9.219977378845215,9.23254108428955,9.202479362487793,9.199307441711426,9.213953018188477,9.223738670349121,9.21782112121582
13.04,9.19155,0.0,9.202391624450684,9.216649055480957,9.211368560791016,9.209650039672852,9.191261291503906,9.241267204284668,9.201133728027344,9.201306343078613,9.228460311889648,9.177620887756348,9.173762321472168,9.184929847717285,9.200288772583008,9.16800308227539,9.164690971374512,9.179695129394531,9.191478729248047,9.189882278442383
13.05,9.1855,0.0,9.202391624450684,9.216649055480957,9.211368560791016,9.209650039672852,9.191261291503906,9.241267204284668,9.201133728027344,9.201306343078613,9.228460311889648,9.177620887756348,9.173762321472168,9.184929847717285,9.200288772583008,9.16800308227539,9.164690971374512,9.179695129394531,9.191478729248047,9.189882278442383
13.06,9.18065,0.0,9.202391624450684,9.216649055480957,9.211368560791016,9.209650039672852,9.191261291503906,9.241267204284668,9.201133728027344,9.201306343078613,9.228460311889648,9.177620887756348,9.173762321472168,9.184929847717285,9.200288772583008,9.16800308227539,9.164690971374512,9.179695129394531,9.191478729248047,9.189882278442383
13.07,9.176,0.0,9.202391624450684,9.216649055480957,9.211368560791016,9.209650039672852,9.191261291503906,9.241267204284668,9.201133728027344,9.201306343078613,9.228460311889648,9.177620887756348,9.173762321472168,9.184929847717285,9.200288772583008,9.16800308227539,9.164690971374512,9.179695129394531,9.191478729248047,9.189882278442383
13.08,9.17155,0.0,9.202391624450684,9.216649055480957,9.211368560791016,9.209650039672852,9.191261291503906,9.241267204284668,9.201133728027344,9.201306343078613,9.228460311889648,9.177620887756348,9.173762321472168,9.184929847717285,9.200288772583008,9.16800308227539,9.164690971374512,9.179695129394531,9.191478729248047,9.189882278442383
13.09,9.16731,0.0,9.178457260131836,9.193586349487305,9.189194679260254,9.187575340270996,9.171910285949707,9.221646308898926,9.177513122558594,9.178814888000488,9.206298828125,9.151540756225586,9.14778995513916,9.15583610534668,9.173789024353027,9.13951587677002,9.137276649475098,9.152443885803223,9.165202140808105,9.166008949279785
13.1,9.16329,0.0,9.178457260131836,9.193586349487305,9.189194679260254,9.187575340270996,9.171910285949707,9.221646308898926,9.177513122558594,9.178814888000488,9.206298828125,9.151540756225586,9.14778995513916,9.15583610534668,9.173789024353027,9.13951587677002,9.137276649475098,9.152443885803223,9.165202140808105,9.166008949279785
13.11,9.1595,0.0,9.178457260131836,9.193586349487305,9.189194679260254,9.187575340270996,9.171910285949707,9.221646308898926,9.177513122558594,9.178814888000488,9.206298828125,9.151540756225586,9.14778995513916,9.15583610534668,9.173789024353027,9.13951587677002,9.137276649475098,9.152443885803223,9.165202140808105,9.166008949279785
13.12,9.15665,0.0,9.178457260131836,9.193586349487305,9.189194679260254,9.187575340270996,9.171910285949707,9.221646308898926,9.177513122558594,9.178814888000488,9.206298828125,9.151540756225586,9.14778995513916,9.15583610534668,9.173789024353027,9.13951587677002,9.137276649475098,9.152443885803223,9.165202140808105,9.166008949279785
13.13,9.15267,0.0,9.178457260131836,9.193586349487305,9.189194679260254,9.187575340270996,9.171910285949707,9.221646308898926,9.177513122558594,9.178814888000488,9.206298828125,9.151540756225586,9.14778995513916,9.15583610534668,9.173789024353027,9.13951587677002,9.137276649475098,9.152443885803223,9.165202140808105,9.166008949279785
13.14,9.14965,0.0,9.160908699035645,9.17779541015625,9.173011779785156,9.170665740966797,9.157691955566406,9.208076477050781,9.161773681640625,9.164295196533203,9.190853118896484,9.140427589416504,9.135732650756836,9.140792846679688,9.160804748535156,9.125133514404297,9.12414264678955,9.139935493469238,9.152381896972656,9.153435707092285
13.15,9.1469,0.0,9.160908699035645,9.17779541015625,9.173011779785156,9.170665740966797,9.157691955566406,9.208076477050781,9.161773681640625,9.164295196533203,9.190853118896484,9.140427589416504,9.135732650756836,9.140792846679688,9.160804748535156,9.125133514404297,9.12414264678955,9.139935493469238,9.152381896972656,9.153435707092285
13.16,9.14443,0.0,9.160908699035645,9.17779541015625,9.173011779785156,9.170665740966797,9.157691955566406,9.208076477050781,9.161773681640625,9.164295196533203,9.190853118896484,9.140427589416504,9.135732650756836,9.140792846679688,9.160804748535156,9.125133514404297,9.12414264678955,9.139935493469238,9.152381896972656,9.153435707092285
13.17,9.14225,0.0,9.160908699035645,9.17779541015625,9.173011779785156,9.170665740966797,9.157691955566406,9.208076477050781,9.161773681640625,9.164295196533203,9.190853118896484,9.140427589416504,9.135732650756836,9.140792846679688,9.160804748535156,9.125133514404297,9.12414264678955,9.139935493469238,9.152381896972656,9.153435707092285
13.18,9.14038,0.0,9.160908699035645,9.17779541015625,9.173011779785156,9.170665740966797,9.157691955566406,9.208076477050781,9.161773681640625,9.164295196533203,9.190853118896484,9.140427589416504,9.135732650756836,9.140792846679688,9.160804748535156,9.125133514404297,9.12414264678955,9.139935493469238,9.152381896972656,9.153435707092285
13.19,9.13881,0.0,9.14324951171875,9.158674240112305,9.153647422790527,9.152484893798828,9.141308784484863,9.191953659057617,9.144694328308105,9.148475646972656,9.17325496673584,9.131537437438965,9.12639331817627,9.130339622497559,9.150228500366211,9.114959716796875,9.113981246948242,9.13032341003418,9.140670776367188,9.142121315002441
13.2,9.13778,0.0,9.14324951171875,9.158674240112305,9.153647422790527,9.152484893798828,9.141308784484863,9.191953659057617,9.144694328308105,9.148475646972656,9.17325496673584,9.131537437438965,9.12639331817627,9.130339622497559,9.150228500366211,9.114959716796875,9.113981246948242,9.13032341003418,9.140670776367188,9.142121315002441
13.21,9.13662,0.0,9.14324951171875,9.158674240112305,9.153647422790527,9.152484893798828,9.141308784484863,9.191953659057617,9.144694328308105,9.148475646972656,9.17325496673584,9.131537437438965,9.12639331817627,9.130339622497559,9.150228500366211,9.114959716796875,9.113981246948242,9.13032341003418,9.140670776367188,9.142121315002441
13.22,9.13601,0.0,9.14324951171875,9.158674240112305,9.153647422790527,9.152484893798828,9.141308784484863,9.191953659057617,9.144694328308105,9.148475646972656,9.17325496673584,9.131537437438965,9.12639331817627,9.130339622497559,9.150228500366211,9.114959716796875,9.113981246948242,9.13032341003418,9.140670776367188,9.142121315002441
13.23,9.13573,0.0,9.14324951171875,9.158674240112305,9.153647422790527,9.152484893798828,9.141308784484863,9.191953659057617,9.144694328308105,9.148475646972656,9.17325496673584,9.131537437438965,9.12639331817627,9.130339622497559,9.150228500366211,9.114959716796875,9.113981246948242,9.13032341003418,9.140670776367188,9.142121315002441
13.24,9.13579,0.0,9.129289627075195,9.140213012695312,9.135849952697754,9.136368751525879,9.125676155090332,9.17692756652832,9.130962371826172,9.134472846984863,9.156339645385742,9.120948791503906,9.117039680480957,9.120844841003418,9.13797664642334,9.106006622314453,9.103983879089355,9.120609283447266,9.126790046691895,9.12761402130127
13.25,9.13618,0.0,9.129289627075195,9.140213012695312,9.135849952697754,9.136368751525879,9.125676155090332,9.17692756652832,9.130962371826172,9.134472846984863,9.156339645385742,9.120948791503906,9.117039680480957,9.120844841003418,9.13797664642334,9.106006622314453,9.103983879089355,9.120609283447266,9.126790046691895,9.12761402130127
13.26,9.1369,0.0,9.129289627075195,9.140213012695312,9.135849952697754,9.136368751525879,9.125676155090332,9.17692756652832,9.130962371826172,9.134472846984863,9.156339645385742,9.120948791503906,9.117039680480957,9.120844841003418,9.13797664642334,9.106006622314453,9.103983879089355,9.120609283447266,9.126790046691895,9.12761402130127
13.27,9.13797,0.0,9.129289627075195,9.140213012695312,9.135849952697754,9.136368751525879,9.125676155090332,9.17692756652832,9.130962371826172,9.134472846984863,9.156339645385742,9.120948791503906,9.117039680480957,9.120844841003418,9.13797664642334,9.106006622314453,9.103983879089355,9.120609283447266,9.126790046691895,9.12761402130127
13.28,9.13906,0.0,9.129289627075195,9.140213012695312,9.135849952697754,9.136368751525879,9.125676155090332,9.17692756652832,9.130962371826172,9.134472846984863,9.156339645385742,9.120948791503906,9.117039680480957,9.120844841003418,9.13797664642334,9.106006622314453,9.103983879089355,9.120609283447266,9.126790046691895,9.12761402130127
13.29,9.14072,0.0,9.12778091430664,9.139982223510742,9.133358001708984,9.132843971252441,9.12287425994873,9.17673110961914,9.130317687988281,9.137517929077148,9.156243324279785,9.125130653381348,9.120063781738281,9.12463092803955,9.138649940490723,9.110174179077148,9.109602928161621,9.126462936401367,9.125234603881836,9.126315116882324
13.3,9.14315,0.0,9.12778091430664,9.139982223510742,9.133358001708984,9.132843971252441,9.12287425994873,9.17673110961914,9.130317687988281,9.137517929077148,9.156243324279785,9.125130653381348,9.120063781738281,9.12463092803955,9.138649940490723,9.110174179077148,9.109602928161621,9.126462936401367,9.125234603881836,9.126315116882324
13.31,9.14554,0.0,9.12778091430664,9.139982223510742,9.133358001708984,9.132843971252441,9.12287425994873,9.17673110961914,9.130317687988281,9.137517929077148,9.156243324279785,9.125130653381348,9.120063781738281,9.12463092803955,9.138649940490723,9.110174179077148,9.109602928161621,9.126462936401367,9.125234603881836,9.126315116882324
13.32,9.14823,0.0,9.12778091430664,9.139982223510742,9.133358001708984,9.132843971252441,9.12287425994873,9.17673110961914,9.130317687988281,9.137517929077148,9.156243324279785,9.125130653381348,9.120063781738281,9.12463092803955,9.138649940490723,9.110174179077148,9.109602928161621,9.126462936401367,9.125234603881836,9.126315116882324
13.33,9.15123,0.0,9.12778091430664,9.139982223510742,9.133358001708984,9.132843971252441,9.12287425994873,9.17673110961914,9.130317687988281,9.137517929077148,9.156243324279785,9.125130653381348,9.120063781738281,9.12463092803955,9.138649940490723,9.110174179077148,9.109602928161621,9.126462936401367,9.125234603881836,9.126315116882324
13.34,9.15453,0.0,9.145126342773438,9.158356666564941,9.146099090576172,9.149090766906738,9.14116096496582,9.19344711303711,9.151529312133789,9.1598539352417,9.176898002624512,9.143875122070312,9.136971473693848,9.142790794372559,9.156865119934082,9.131689071655273,9.132635116577148,9.150627136230469,9.139942169189453,9.143257141113281
13.35,9.15811,0.0,9.145126342773438,9.158356666564941,9.146099090576172,9.149090766906738,9.14116096496582,9.19344711303711,9.151529312133789,9.1598539352417,9.176898002624512,9.143875122070312,9.136971473693848,9.142790794372559,9.156865119934082,9.131689071655273,9.132635116577148,9.150627136230469,9.139942169189453,9.143257141113281
13.36,9.16196,0.0,9.145126342773438,9.158356666564941,9.146099090576172,9.149090766906738,9.14116096496582,9.19344711303711,9.151529312133789,9.1598539352417,9.176898002624512,9.143875122070312,9.136971473693848,9.142790794372559,9.156865119934082,9.131689071655273,9.132635116577148,9.150627136230469,9.139942169189453,9.143257141113281
13.37,9.16522,0.0,9.145126342773438,9.158356666564941,9.146099090576172,9.149090766906738,9.14116096496582,9.19344711303711,9.151529312133789,9.1598539352417,9.176898002624512,9.143875122070312,9.136971473693848,9.142790794372559,9.156865119934082,9.131689071655273,9.132635116577148,9.150627136230469,9.139942169189453,9.143257141113281
13.38,9.1704,0.0,9.145126342773438,9.158356666564941,9.146099090576172,9.149090766906738,9.14116096496582,9.19344711303711,9.151529312133789,9.1598539352417,9.176898002624512,9.143875122070312,9.136971473693848,9.142790794372559,9.156865119934082,9.131689071655273,9.132635116577148,9.150627136230469,9.139942169189453,9.143257141113281
13.39,9.17497,0.0,9.174922943115234,9.178982734680176,9.168377876281738,9.17609977722168,9.16354751586914,9.218164443969727,9.179594993591309,9.187335968017578,9.202325820922852,9.180475234985352,9.181199073791504,9.17918586730957,9.189404487609863,9.17266845703125,9.168319702148438,9.190885543823242,9.175722122192383,9.174440383911133
13.4,9.17973,0.0,9.174922943115234,9.178982734680176,9.168377876281738,9.17609977722168,9.16354751586914,9.218164443969727,9.179594993591309,9.187335968017578,9.202325820922852,9.180475234985352,9.181199073791504,9.17918586730957,9.189404487609863,9.17266845703125,9.168319702148438,9.190885543823242,9.175722122192383,9.174440383911133
13.41,9.18467,0.0,9.174922943115234,9.178982734680176,9.168377876281738,9.17609977722168,9.16354751586914,9.218164443969727,9.179594993591309,9.187335968017578,9.202325820922852,9.180475234985352,9.181199073791504,9.17918586730957,9.189404487609863,9.17266845703125,9.168319702148438,9.190885543823242,9.175722122192383,9.174440383911133
13.42,9.18976,0.0,9.174922943115234,9.178982734680176,9.168377876281738,9.17609977722168,9.16354751586914,9.218164443969727,9.179594993591309,9.187335968017578,9.202325820922852,9.180475234985352,9.181199073791504,9.17918586730957,9.189404487609863,9.17266845703125,9.168319702148438,9.190885543823242,9.175722122192383,9.174440383911133
13.43,9.19499,0.0,9.174922943115234,9.178982734680176,9.168377876281738,9.17609977722168,9.16354751586914,9.218164443969727,9.179594993591309,9.187335968017578,9.202325820922852,9.180475234985352,9.181199073791504,9.17918586730957,9.189404487609863,9.17266845703125,9.168319702148438,9.190885543823242,9.175722122192383,9.174440383911133
13.44,9.20033,0.0,9.2110013961792,9.202630043029785,9.2008056640625,9.207843780517578,9.192022323608398,9.245535850524902,9.21922779083252,9.215970993041992,9.234516143798828,9.209693908691406,9.232211112976074,9.220608711242676,9.23253345489502,9.213505744934082,9.21301555633545,9.230635643005371,9.202231407165527,9.215055465698242
13.45,9.20465,0.0,9.2110013961792,9.202630043029785,9.2008056640625,9.207843780517578,9.192022323608398,9.245535850524902,9.21922779083252,9.215970993041992,9.234516143798828,9.209693908691406,9.232211112976074,9.220608711242676,9.23253345489502,9.213505744934082,9.21301555633545,9.230635643005371,9.202231407165527,9.215055465698242
13.46,9.21122,0.0,9.2110013961792,9.202630043029785,9.2008056640625,9.207843780517578,9.192022323608398,9.245535850524902,9.21922779083252,9.215970993041992,9.234516143798828,9.209693908691406,9.232211112976074,9.220608711242676,9.23253345489502,9.213505744934082,9.21301555633545,9.230635643005371,9.202231407165527,9.215055465698242
13.47,9.21673,0.0,9.2110013961792,9.202630043029785,9.2008056640625,9.207843780517578,9.192022323608398,9.245535850524902,9.21922779083252,9.215970993041992,9.234516143798828,9.209693908691406,9.232211112976074,9.220608711242676,9.23253345489502,9.213505744934082,9.21301555633545,9.230635643005371,9.202231407165527,9.215055465698242
13.48,9.22223,0.0,9.2110013961792,9.202630043029785,9.2008056640625,9.207843780517578,9.192022323608398,9.245535850524902,9.21922779083252,9.215970993041992,9.234516143798828,9.209693908691406,9.232211112976074,9.220608711242676,9.23253345489502,9.213505744934082,9.21301555633545,9.230635643005371,9.202231407165527,9.215055465698242
13.49,9.22771,0.0,9.235389709472656,9.21034049987793,9.22762393951416,9.225648880004883,9.200345993041992,9.25894546508789,9.263754844665527,9.2370023727417,9.252309799194336,9.236353874206543,9.292058944702148,9.273687362670898,9.293562889099121,9.260540008544922,9.265862464904785,9.271819114685059,9.228334426879883,9.277608871459961
13.5,9.23314,0.0,9.235389709472656,9.21034049987793,9.22762393951416,9.225648880004883,9.200345993041992,9.25894546508789,9.263754844665527,9.2370023727417,9.252309799194336,9.236353874206543,9.292058944702148,9.273687362670898,9.293562889099121,9.260540008544922,9.265862464904785,9.271819114685059,9.228334426879883,9.277608871459961
13.51,9.23849,0.0,9.235389709472656,9.21034049987793,9.22762393951416,9.225648880004883,9.200345993041992,9.25894546508789,9.263754844665527,9.2370023727417,9.252309799194336,9.236353874206543,9.292058944702148,9.273687362670898,9.293562889099121,9.260540008544922,9.265862464904785,9.271819114685059,9.228334426879883,9.277608871459961
13.52,9.24372,0.0,9.235389709472656,9.21034049987793,9.22762393951416,9.225648880004883,9.200345993041992,9.25894546508789,9.263754844665527,9.2370023727417,9.252309799194336,9.236353874206543,9.292058944702148,9.273687362670898,9.293562889099121,9.260540008544922,9.265862464904785,9.271819114685059,9.228334426879883,9.277608871459961
13.53,9.24782,0.0,9.235389709472656,9.21034049987793,9.22762393951416,9.225648880004883,9.200345993041992,9.25894546508789,9.263754844665527,9.2370023727417,9.252309799194336,9.236353874206543,9.292058944702148,9.273687362670898,9.293562889099121,9.260540008544922,9.265862464904785,9.271819114685059,9.228334426879883,9.277608871459961
13.54,9.2528,0.0,9.233190536499023,9.20488452911377,9.229205131530762,9.229866027832031,9.19149112701416,9.258906364440918,9.273752212524414,9.246145248413086,9.250091552734375,9.269596099853516,9.329436302185059,9.313097953796387,9.334442138671875,9.296028137207031,9.297807693481445,9.304482460021973,9.261073112487793,9.331737518310547
13.55,9.25854,0.0,9.233190536499023,9.20488452911377,9.229205131530762,9.229866027832031,9.19149112701416,9.258906364440918,9.273752212524414,9.246145248413086,9.250091552734375,9.269596099853516,9.329436302185059,9.313097953796387,9.334442138671875,9.296028137207031,9.297807693481445,9.304482460021973,9.261073112487793,9.331737518310547
13.56,9.26309,0.0,9.233190536499023,9.20488452911377,9.229205131530762,9.229866027832031,9.19149112701416,9.258906364440918,9.273752212524414,9.246145248413086,9.250091552734375,9.269596099853516,9.329436302185059,9.313097953796387,9.334442138671875,9.296028137207031,9.297807693481445,9.304482460021973,9.261073112487793,9.331737518310547
13.57,9.26741,0.00704,9.233190536499023,9.20488452911377,9.229205131530762,9.229866027832031,9.19149112701416,9.258906364440918,9.273752212524414,9.246145248413086,9.250091552734375,9.269596099853516,9.329436302185059,9.313097953796387,9.334442138671875,9.296028137207031,9.297807693481445,9.304482460021973,9.261073112487793,9.331737518310547
13.58,9.27149,0.02421,9.233190536499023,9.20488452911377,9.229205131530762,9.229866027832031,9.19149112701416,9.258906364440918,9.273752212524414,9.246145248413086,9.250091552734375,9.269596099853516,9.329436302185059,9.313097953796387,9.334442138671875,9.296028137207031,9.297807693481445,9.304482460021973,9.261073112487793,9.331737518310547
13.59,9.2753,0.0415,9.21774959564209,9.193549156188965,9.214228630065918,9.225518226623535,9.179115295410156,9.255268096923828,9.263544082641602,9.241233825683594,9.240039825439453,9.281543731689453,9.334186553955078,9.316404342651367,9.3375825881958,9.30077838897705,9.298903465270996,9.310380935668945,9.273255348205566,9.345281600952148
13.6,9.27883,0.05884,9.21774959564209,9.193549156188965,9.214228630065918,9.225518226623535,9.179115295410156,9.255268096923828,9.263544082641602,9.241233825683594,9.240039825439453,9.281543731689453,9.334186553955078,9.316404342651367,9.3375825881958,9.30077838897705,9.298903465270996,9.310380935668945,9.273255348205566,9.345281600952148
13.61,9.28206,0.0762,9.21774959564209,9.193549156188965,9.214228630065918,9.225518226623535,9.179115295410156,9.255268096923828,9.263544082641602,9.241233825683594,9.240039825439453,9.281543731689453,9.334186553955078,9.316404342651367,9.3375825881958,9.30077838897705,9.298903465270996,9.310380935668945,9.273255348205566,9.345281600952148
13.62,9.28442,0.09005,9.21774959564209,9.193549156188965,9.214228630065918,9.225518226623535,9.179115295410156,9.255268096923828,9.263544082641602,9.241233825683594,9.240039825439453,9.281543731689453,9.334186553955078,9.316404342651367,9.3375825881958,9.30077838897705,9.298903465270996,9.310380935668945,9.273255348205566,9.345281600952148
13.63,9.2876,0.11076,9.21774959564209,9.193549156188965,9.214228630065918,9.225518226623535,9.179115295410156,9.255268096923828,9.263544082641602,9.241233825683594,9.240039825439453,9.281543731689453,9.334186553955078,9.316404342651367,9.3375825881958,9.30077838897705,9.298903465270996,9.310380935668945,9.273255348205566,9.345281600952148
13.64,9.28989,0.12787,9.198819160461426,9.18775463104248,9.200362205505371,9.221051216125488,9.172811508178711,9.254968643188477,9.252433776855469,9.232348442077637,9.23495864868164,9.279706954956055,9.323531150817871,9.30260944366455,9.32229995727539,9.291089057922363,9.289108276367188,9.304875373840332,9.27062702178955,9.331733703613281
13.65,9.29186,0.14478,9.198819160461426,9.18775463104248,9.200362205505371,9.221051216125488,9.172811508178711,9.254968643188477,9.252433776855469,9.232348442077637,9.23495864868164,9.279706954956055,9.323531150817871,9.30260944366455,9.32229995727539,9.291089057922363,9.289108276367188,9.304875373840332,9.27062702178955,9.331733703613281
13.66,9.29352,0.16146,9.198819160461426,9.18775463104248,9.200362205505371,9.221051216125488,9.172811508178711,9.254968643188477,9.252433776855469,9.232348442077637,9.23495864868164,9.279706954956055,9.323531150817871,9.30260944366455,9.32229995727539,9.291089057922363,9.289108276367188,9.304875373840332,9.27062702178955,9.331733703613281
13.67,9.29485,0.17785,9.198819160461426,9.18775463104248,9.200362205505371,9.221051216125488,9.172811508178711,9.254968643188477,9.252433776855469,9.232348442077637,9.23495864868164,9.279706954956055,9.323531150817871,9.30260944366455,9.32229995727539,9.291089057922363,9.289108276367188,9.304875373840332,9.27062702178955,9.331733703613281
13.68,9.29588,0.1939,9.198819160461426,9.18775463104248,9.200362205505371,9.221051216125488,9.172811508178711,9.254968643188477,9.252433776855469,9.232348442077637,9.23495864868164,9.279706954956055,9.323531150817871,9.30260944366455,9.32229995727539,9.291089057922363,9.289108276367188,9.304875373840332,9.27062702178955,9.331733703613281
13.69,9.29662,0.2096,9.175945281982422,9.176950454711914,9.191643714904785,9.212013244628906,9.164569854736328,9.2515287399292,9.243938446044922,9.219335556030273,9.229079246520996,9.272041320800781,9.309253692626953,9.28659439086914,9.304628372192383,9.277864456176758,9.277464866638184,9.29395580291748,9.258530616760254,9.309746742248535
13.7,9.297,0.22179,9.175945281982422,9.176950454711914,9.191643714904785,9.212013244628906,9.164569854736328,9.2515287399292,9.243938446044922,9.219335556030273,9.229079246520996,9.272041320800781,9.309253692626953,9.28659439086914,9.304628372192383,9.277864456176758,9.277464866638184,9.29395580291748,9.258530616760254,9.309746742248535
13.71,9.29726,0.23957,9.175945281982422,9.176950454711914,9.191643714904785,9.212013244628906,9.164569854736328,9.2515287399292,9.243938446044922,9.219335556030273,9.229079246520996,9.272041320800781,9.309253692626953,9.28659439086914,9.304628372192383,9.277864456176758,9.277464866638184,9.29395580291748,9.258530616760254,9.309746742248535
13.72,9.2972,0.25381,9.175945281982422,9.176950454711914,9.191643714904785,9.212013244628906,9.164569854736328,9.2515287399292,9.243938446044922,9.219335556030273,9.229079246520996,9.272041320800781,9.309253692626953,9.28659439086914,9.304628372192383,9.277864456176758,9.277464866638184,9.29395580291748,9.258530616760254,9.309746742248535
13.73,9.29693,0.2675,9.175945281982422,9.176950454711914,9.191643714904785,9.212013244628906,9.164569854736328,9.2515287399292,9.243938446044922,9.219335556030273,9.229079246520996,9.272041320800781,9.309253692626953,9.28659439086914,9.304628372192383,9.277864456176758,9.277464866638184,9.29395580291748,9.258530616760254,9.309746742248535
13.74,9.29645,0.2806,9.160479545593262,9.170226097106934,9.186075210571289,9.206555366516113,9.158761024475098,9.250932693481445,9.236063003540039,9.211090087890625,9.224226951599121,9.259635925292969,9.289013862609863,9.267927169799805,9.2848482131958,9.261658668518066,9.261812210083008,9.279814720153809,9.240537643432617,9.283671379089355
13.75,9.29581,0.29308,9.160479545593262,9.170226097106934,9.186075210571289,9.206555366516113,9.158761024475098,9.250932693481445,9.236063003540039,9.211090087890625,9.224226951599121,9.259635925292969,9.289013862609863,9.267927169799805,9.2848482131958,9.261658668518066,9.261812210083008,9.279814720153809,9.240537643432617,9.283671379089355
13.76,9.29504,0.30491,9.160479545593262,9.170226097106934,9.186075210571289,9.206555366516113,9.158761024475098,9.250932693481445,9.236063003540039,9.211090087890625,9.224226951599121,9.259635925292969,9.289013862609863,9.267927169799805,9.2848482131958,9.261658668518066,9.261812210083008,9.279814720153809,9.240537643432617,9.283671379089355
13.77,9.29416,0.31608,9.160479545593262,9.170226097106934,9.186075210571289,9.206555366516113,9.158761024475098,9.250932693481445,9.236063003540039,9.211090087890625,9.224226951599121,9.259635925292969,9.289013862609863,9.267927169799805,9.2848482131958,9.261658668518066,9.261812210083008,9.279814720153809,9.240537643432617,9.283671379089355
13.78,9.29341,0.32452,9.160479545593262,9.170226097106934,9.186075210571289,9.206555366516113,9.158761024475098,9.250932693481445,9.236063003540039,9.211090087890625,9.224226951599121,9.259635925292969,9.289013862609863,9.267927169799805,9.2848482131958,9.261658668518066,9.261812210083008,9.279814720153809,9.240537643432617,9.283671379089355
13.79,9.29243,0.33445,9.143739700317383,9.161462783813477,9.17973518371582,9.198805809020996,9.149275779724121,9.24798583984375,9.220440864562988,9.200616836547852,9.215778350830078,9.249505996704102,9.267836570739746,9.249680519104004,9.2622709274292,9.246487617492676,9.243350982666016,9.265825271606445,9.225993156433105,9.253968238830566
13.8,9.29126,0.34544,9.143739700317383,9.161462783813477,9.17973518371582,9.198805809020996,9.149275779724121,9.24798583984375,9.220440864562988,9.200616836547852,9.215778350830078,9.249505996704102,9.267836570739746,9.249680519104004,9.2622709274292,9.246487617492676,9.243350982666016,9.265825271606445,9.225993156433105,9.253968238830566
13.81,9.29034,0.35381,9.143739700317383,9.161462783813477,9.17973518371582,9.198805809020996,9.149275779724121,9.24798583984375,9.220440864562988,9.200616836547852,9.215778350830078,9.249505996704102,9.267836570739746,9.249680519104004,9.2622709274292,9.246487617492676,9.243350982666016,9.265825271606445,9.225993156433105,9.253968238830566
13.82,9.28949,0.36148,9.143739700317383,9.161462783813477,9.17973518371582,9.198805809020996,9.149275779724121,9.24798583984375,9.220440864562988,9.200616836547852,9.215778350830078,9.249505996704102,9.267836570739746,9.249680519104004,9.2622709274292,9.246487617492676,9.243350982666016,9.265825271606445,9.225993156433105,9.253968238830566
13.83,9.28876,0.36844,9.143739700317383,9.161462783813477,9.17973518371582,9.198805809020996,9.149275779724121,9.24798583984375,9.220440864562988,9.200616836547852,9.215778350830078,9.249505996704102,9.267836570739746,9.249680519104004,9.2622709274292,9.246487617492676,9.243350982666016,9.265825271606445,9.225993156433105,9.253968238830566
13.84,9.2882,0.37471,9.130393028259277,9.162565231323242,9.180099487304688,9.194448471069336,9.14486312866211,9.248164176940918,9.206756591796875,9.199450492858887,9.214766502380371,9.254314422607422,9.255505561828613,9.240769386291504,9.248641014099121,9.240970611572266,9.23498249053955,9.261731147766113,9.226115226745605,9.229790687561035
13.85,9.28783,0.3803,9.130393028259277,9.162565231323242,9.180099487304688,9.194448471069336,9.14486312866211,9.248164176940918,9.206756591796875,9.199450492858887,9.214766502380371,9.254314422607422,9.255505561828613,9.240769386291504,9.248641014099121,9.240970611572266,9.23498249053955,9.261731147766113,9.226115226745605,9.229790687561035
13.86,9.28769,0.38523,9.130393028259277,9.162565231323242,9.180099487304688,9.194448471069336,9.14486312866211,9.248164176940918,9.206756591796875,9.199450492858887,9.214766502380371,9.254314422607422,9.255505561828613,9.240769386291504,9.248641014099121,9.240970611572266,9.23498249053955,9.261731147766113,9.226115226745605,9.229790687561035
13.87,9.28777,0.3887,9.130393028259277,9.162565231323242,9.180099487304688,9.194448471069336,9.14486312866211,9.248164176940918,9.206756591796875,9.199450492858887,9.214766502380371,9.254314422607422,9.255505561828613,9.240769386291504,9.248641014099121,9.240970611572266,9.23498249053955,9.261731147766113,9.226115226745605,9.229790687561035
13.88,9.28825,0.39318,9.130393028259277,9.162565231323242,9.180099487304688,9.194448471069336,9.14486312866211,9.248164176940918,9.206756591796875,9.199450492858887,9.214766502380371,9.254314422607422,9.255505561828613,9.240769386291504,9.248641014099121,9.240970611572266,9.23498249053955,9.261731147766113,9.226115226745605,9.229790687561035
13.89,9.28901,0.39625,9.131524085998535,9.179150581359863,9.191357612609863,9.201610565185547,9.155759811401367,9.257705688476562,9.205291748046875,9.21310806274414,9.226460456848145,9.268627166748047,9.252339363098145,9.23885440826416,9.244278907775879,9.24314022064209,9.236742973327637,9.263354301452637,9.234036445617676,9.212103843688965
13.9,9.29013,0.39876,9.131524085998535,9.179150581359863,9.191357612609863,9.201610565185547,9.155759811401367,9.257705688476562,9.205291748046875,9.21310806274414,9.226460456848145,9.268627166748047,9.252339363098145,9.23885440826416,9.244278907775879,9.24314022064209,9.236742973327637,9.263354301452637,9.234036445617676,9.212103843688965
13.91,9.29163,0.40073,9.131524085998535,9.179150581359863,9.191357612609863,9.201610565185547,9.155759811401367,9.257705688476562,9.205291748046875,9.21310806274414,9.226460456848145,9.268627166748047,9.252339363098145,9.23885440826416,9.244278907775879,9.24314022064209,9.236742973327637,9.263354301452637,9.234036445617676,9.212103843688965
13.92,9.29355,0.4022,9.131524085998535,9.179150581359863,9.191357612609863,9.201610565185547,9.155759811401367,9.257705688476562,9.205291748046875,9.21310806274414,9.226460456848145,9.268627166748047,9.252339363098145,9.23885440826416,9.244278907775879,9.24314022064209,9.236742973327637,9.263354301452637,9.234036445617676,9.212103843688965
13.93,9.29588,0.4032,9.131524085998535,9.179150581359863,9.191357612609863,9.201610565185547,9.155759811401367,9.257705688476562,9.205291748046875,9.21310806274414,9.226460456848145,9.268627166748047,9.252339363098145,9.23885440826416,9.244278907775879,9.24314022064209,9.236742973327637,9.263354301452637,9.234036445617676,9.212103843688965
13.94,9.29867,0.40376,9.15108585357666,9.213353157043457,9.221183776855469,9.2244291305542,9.185739517211914,9.28185749053955,9.222820281982422,9.241909980773926,9.256007194519043,9.28676986694336,9.256458282470703,9.247100830078125,9.253805160522461,9.256197929382324,9.25046443939209,9.273543357849121,9.247466087341309,9.205145835876465
13.95,9.30122,0.40391,9.15108585357666,9.213353157043457,9.221183776855469,9.2244291305542,9.185739517211914,9.28185749053955,9.222820281982422,9.241909980773926,9.256007194519043,9.28676986694336,9.256458282470703,9.247100830078125,9.253805160522461,9.256197929382324,9.25046443939209,9.273543357849121,9.247466087341309,9.205145835876465
13.96,9.3056,0.40368,9.15108585357666,9.213353157043457,9.221183776855469,9.2244291305542,9.185739517211914,9.28185749053955,9.222820281982422,9.241909980773926,9.256007194519043,9.28676986694336,9.256458282470703,9.247100830078125,9.253805160522461,9.256197929382324,9.25046443939209,9.273543357849121,9.247466087341309,9.205145835876465
13.97,9.30977,0.40311,9.15108585357666,9.213353157043457,9.221183776855469,9.2244291305542,9.185739517211914,9.28185749053955,9.222820281982422,9.241909980773926,9.256007194519043,9.28676986694336,9.256458282470703,9.247100830078125,9.253805160522461,9.256197929382324,9.25046443939209,9.273543357849121,9.247466087341309,9.205145835876465
13.98,9.3144,0.40222,9.15108585357666,9.213353157043457,9.221183776855469,9.2244291305542,9.185739517211914,9.28185749053955,9.222820281982422,9.241909980773926,9.256007194519043,9.28676986694336,9.256458282470703,9.247100830078125,9.253805160522461,9.256197929382324,9.25046443939209,9.273543357849121,9.247466087341309,9.205145835876465
13.99,9.3195,0.40105,9.185209274291992,9.257417678833008,9.263553619384766,9.260384559631348,9.231599807739258,9.319426536560059,9.253328323364258,9.284873962402344,9.299173355102539,9.314231872558594,9.277316093444824,9.271381378173828,9.281352043151855,9.28501033782959,9.275897026062012,9.298404693603516,9.274026870727539,9.216626167297363
14.0,9.32506,0.39961,9.185209274291992,9.257417678833008,9.263553619384766,9.260384559631348,9.231599807739258,9.319426536560059,9.253328323364258,9.284873962402344,9.299173355102539,9.314231872558594,9.277316093444824,9.271381378173828,9.281352043151855,9.28501033782959,9.275897026062012,9.298404693603516,9.274026870727539,9.216626167297363
14.01,9.33106,0.39792,9.185209274291992,9.257417678833008,9.263553619384766,9.260384559631348,9.231599807739258,9.319426536560059,9.253328323364258,9.284873962402344,9.299173355102539,9.314231872558594,9.277316093444824,9.271381378173828,9.281352043151855,9.28501033782959,9.275897026062012,9.298404693603516,9.274026870727539,9.216626167297363
14.02,9.3375,0.39602,9.185209274291992,9.257417678833008,9.263553619384766,9.260384559631348,9.231599807739258,9.319426536560059,9.253328323364258,9.284873962402344,9.299173355102539,9.314231872558594,9.277316093444824,9.271381378173828,9.281352043151855,9.28501033782959,9.275897026062012,9.298404693603516,9.274026870727539,9.216626167297363
14.03,9.34294,0.39435,9.185209274291992,9.257417678833008,9.263553619384766,9.260384559631348,9.231599807739258,9.319426536560059,9.253328323364258,9.284873962402344,9.299173355102539,9.314231872558594,9.277316093444824,9.271381378173828,9.281352043151855,9.28501033782959,9.275897026062012,9.298404693603516,9.274026870727539,9.216626167297363
14.04,9.3501,0.39209,9.23134708404541,9.305721282958984,9.312313079833984,9.305538177490234,9.285042762756348,9.36290168762207,9.291059494018555,9.333526611328125,9.347018241882324,9.351089477539062,9.316080093383789,9.309638023376465,9.323408126831055,9.324602127075195,9.312243461608887,9.333904266357422,9.312277793884277,9.24384593963623
14.05,9.35919,0.38913,9.23134708404541,9.305721282958984,9.312313079833984,9.305538177490234,9.285042762756348,9.36290168762207,9.291059494018555,9.333526611328125,9.347018241882324,9.351089477539062,9.316080093383789,9.309638023376465,9.323408126831055,9.324602127075195,9.312243461608887,9.333904266357422,9.312277793884277,9.24384593963623
14.06,9.36713,0.38648,9.23134708404541,9.305721282958984,9.312313079833984,9.305538177490234,9.285042762756348,9.36290168762207,9.291059494018555,9.333526611328125,9.347018241882324,9.351089477539062,9.316080093383789,9.309638023376465,9.323408126831055,9.324602127075195,9.312243461608887,9.333904266357422,9.312277793884277,9.24384593963623
14.07,9.37538,0.38366,9.23134708404541,9.305721282958984,9.312313079833984,9.305538177490234,9.285042762756348,9.36290168762207,9.291059494018555,9.333526611328125,9.347018241882324,9.351089477539062,9.316080093383789,9.309638023376465,9.323408126831055,9.324602127075195,9.312243461608887,9.333904266357422,9.312277793884277,9.24384593963623
14.08,9.3839,0.38067,9.23134708404541,9.305721282958984,9.312313079833984,9.305538177490234,9.285042762756348,9.36290168762207,9.291059494018555,9.333526611328125,9.347018241882324,9.351089477539062,9.316080093383789,9.309638023376465,9.323408126831055,9.324602127075195,9.312243461608887,9.333904266357422,9.312277793884277,9.24384593963623
14.09,9.39266,0.3775,9.27941608428955,9.354267120361328,9.360933303833008,9.352968215942383,9.34023666381836,9.407576560974121,9.330924034118652,9.381629943847656,9.394240379333496,9.386116027832031,9.358152389526367,9.351055145263672,9.367887496948242,9.3641357421875,9.3497314453125,9.369125366210938,9.350777626037598,9.274898529052734
14.1,9.40162,0.37417,9.27941608428955,9.354267120361328,9.360933303833008,9.352968215942383,9.34023666381836,9.407576560974121,9.330924034118652,9.381629943847656,9.394240379333496,9.386116027832031,9.358152389526367,9.351055145263672,9.367887496948242,9.3641357421875,9.3497314453125,9.369125366210938,9.350777626037598,9.274898529052734
14.11,9.41073,0.37065,9.27941608428955,9.354267120361328,9.360933303833008,9.352968215942383,9.34023666381836,9.407576560974121,9.330924034118652,9.381629943847656,9.394240379333496,9.386116027832031,9.358152389526367,9.351055145263672,9.367887496948242,9.3641357421875,9.3497314453125,9.369125366210938,9.350777626037598,9.274898529052734
14.12,9.41811,0.36769,9.27941608428955,9.354267120361328,9.360933303833008,9.352968215942383,9.34023666381836,9.407576560974121,9.330924034118652,9.381629943847656,9.394240379333496,9.386116027832031,9.358152389526367,9.351055145263672,9.367887496948242,9.3641357421875,9.3497314453125,9.369125366210938,9.350777626037598,9.274898529052734
14.13,9.42928,0.363,9.27941608428955,9.354267120361328,9.360933303833008,9.352968215942383,9.34023666381836,9.407576560974121,9.330924034118652,9.381629943847656,9.394240379333496,9.386116027832031,9.358152389526367,9.351055145263672,9.367887496948242,9.3641357421875,9.3497314453125,9.369125366210938,9.350777626037598,9.274898529052734
14.14,9.43863,0.35885,9.331380844116211,9.400835037231445,9.410959243774414,9.40080451965332,9.393085479736328,9.452006340026855,9.377877235412598,9.428157806396484,9.440522193908691,9.422929763793945,9.407217979431152,9.398438453674316,9.418468475341797,9.407112121582031,9.391683578491211,9.407247543334961,9.392049789428711,9.312714576721191
14.15,9.44796,0.35446,9.331380844116211,9.400835037231445,9.410959243774414,9.40080451965332,9.393085479736328,9.452006340026855,9.377877235412598,9.428157806396484,9.440522193908691,9.422929763793945,9.407217979431152,9.398438453674316,9.418468475341797,9.407112121582031,9.391683578491211,9.407247543334961,9.392049789428711,9.312714576721191
14.16,9.45725,0.3498,9.331380844116211,9.400835037231445,9.410959243774414,9.40080451965332,9.393085479736328,9.452006340026855,9.377877235412598,9.428157806396484,9.440522193908691,9.422929763793945,9.407217979431152,9.398438453674316,9.418468475341797,9.407112121582031,9.391683578491211,9.407247543334961,9.392049789428711,9.312714576721191
14.17,9.46644,0.34485,9.331380844116211,9.400835037231445,9.410959243774414,9.40080451965332,9.393085479736328,9.452006340026855,9.377877235412598,9.428157806396484,9.440522193908691,9.422929763793945,9.407217979431152,9.398438453674316,9.418468475341797,9.407112121582031,9.391683578491211,9.407247543334961,9.392049789428711,9.312714576721191
14.18,9.47549,0.3396,9.331380844116211,9.400835037231445,9.410959243774414,9.40080451965332,9.393085479736328,9.452006340026855,9.377877235412598,9.428157806396484,9.440522193908691,9.422929763793945,9.407217979431152,9.398438453674316,9.418468475341797,9.407112121582031,9.391683578491211,9.407247543334961,9.392049789428711,9.312714576721191
14.19,9.48437,0.33401,9.384902000427246,9.44896411895752,9.453808784484863,9.448518753051758,9.444392204284668,9.49729061126709,9.417479515075684,9.471633911132812,9.484776496887207,9.452289581298828,9.443845748901367,9.436919212341309,9.456648826599121,9.441597938537598,9.42435073852539,9.439881324768066,9.427133560180664,9.3433256149292
14.2,9.49131,0.32929,9.384902000427246,9.44896411895752,9.453808784484863,9.448518753051758,9.444392204284668,9.49729061126709,9.417479515075684,9.471633911132812,9.484776496887207,9.452289581298828,9.443845748901367,9.436919212341309,9.456648826599121,9.441597938537598,9.42435073852539,9.439881324768066,9.427133560180664,9.3433256149292
14.21,9.50142,0.32175,9.384902000427246,9.44896411895752,9.453808784484863,9.448518753051758,9.444392204284668,9.49729061126709,9.417479515075684,9.471633911132812,9.484776496887207,9.452289581298828,9.443845748901367,9.436919212341309,9.456648826599121,9.441597938537598,9.42435073852539,9.439881324768066,9.427133560180664,9.3433256149292
14.22,9.50952,0.31502,9.384902000427246,9.44896411895752,9.453808784484863,9.448518753051758,9.444392204284668,9.49729061126709,9.417479515075684,9.471633911132812,9.484776496887207,9.452289581298828,9.443845748901367,9.436919212341309,9.456648826599121,9.441597938537598,9.42435073852539,9.439881324768066,9.427133560180664,9.3433256149292
14.23,9.51728,0.30788,9.384902000427246,9.44896411895752,9.453808784484863,9.448518753051758,9.444392204284668,9.49729061126709,9.417479515075684,9.471633911132812,9.484776496887207,9.452289581298828,9.443845748901367,9.436919212341309,9.456648826599121,9.441597938537598,9.42435073852539,9.439881324768066,9.427133560180664,9.3433256149292
14.24,9.52468,0.30028,9.43002700805664,9.483957290649414,9.485763549804688,9.485762596130371,9.481049537658691,9.529438972473145,9.449777603149414,9.502420425415039,9.514396667480469,9.479354858398438,9.476304054260254,9.468944549560547,9.48535442352295,9.46902084350586,9.45068645477295,9.465715408325195,9.46049690246582,9.366941452026367
14.25,9.53169,0.29221,9.43002700805664,9.483957290649414,9.485763549804688,9.485762596130371,9.481049537658691,9.529438972473145,9.449777603149414,9.502420425415039,9.514396667480469,9.479354858398438,9.476304054260254,9.468944549560547,9.48535442352295,9.46902084350586,9.45068645477295,9.465715408325195,9.46049690246582,9.366941452026367
14.26,9.53827,0.28366,9.43002700805664,9.483957290649414,9.485763549804688,9.485762596130371,9.481049537658691,9.529438972473145,9.449777603149414,9.502420425415039,9.514396667480469,9.479354858398438,9.476304054260254,9.468944549560547,9.48535442352295,9.46902084350586,9.45068645477295,9.465715408325195,9.46049690246582,9.366941452026367
14.27,9.5444,0.27459,9.43002700805664,9.483957290649414,9.485763549804688,9.485762596130371,9.481049537658691,9.529438972473145,9.449777603149414,9.502420425415039,9.514396667480469,9.479354858398438,9.476304054260254,9.468944549560547,9.48535442352295,9.46902084350586,9.45068645477295,9.465715408325195,9.46049690246582,9.366941452026367
14.28,9.54895,0.26698,9.43002700805664,9.483957290649414,9.485763549804688,9.485762596130371,9.481049537658691,9.529438972473145,9.449777603149414,9.502420425415039,9.514396667480469,9.479354858398438,9.476304054260254,9.468944549560547,9.48535442352295,9.46902084350586,9.45068645477295,9.465715408325195,9.46049690246582,9.366941452026367
14.29,9.55421,0.25697,9.465354919433594,9.5054931640625,9.508788108825684,9.507864952087402,9.501811027526855,9.548386573791504,9.474428176879883,9.520492553710938,9.530440330505371,9.498337745666504,9.499361991882324,9.491899490356445,9.503912925720215,9.485533714294434,9.468602180480957,9.48157024383545,9.483166694641113,9.379683494567871
14.3,9.55984,0.24424,9.465354919433594,9.5054931640625,9.508788108825684,9.507864952087402,9.501811027526855,9.548386573791504,9.474428176879883,9.520492553710938,9.530440330505371,9.498337745666504,9.499361991882324,9.491899490356445,9.503912925720215,9.485533714294434,9.468602180480957,9.48157024383545,9.483166694641113,9.379683494567871
14.31,9.56394,0.23304,9.465354919433594,9.5054931640625,9.508788108825684,9.507864952087402,9.501811027526855,9.548386573791504,9.474428176879883,9.520492553710938,9.530440330505371,9.498337745666504,9.499361991882324,9.491899490356445,9.503912925720215,9.485533714294434,9.468602180480957,9.48157024383545,9.483166694641113,9.379683494567871
14.32,9.5675,0.22128,9.465354919433594,9.5054931640625,9.508788108825684,9.507864952087402,9.501811027526855,9.548386573791504,9.474428176879883,9.520492553710938,9.530440330505371,9.498337745666504,9.499361991882324,9.491899490356445,9.503912925720215,9.485533714294434,9.468602180480957,9.48157024383545,9.483166694641113,9.379683494567871
14.33,9.57051,0.20897,9.465354919433594,9.5054931640625,9.508788108825684,9.507864952087402,9.501811027526855,9.548386573791504,9.474428176879883,9.520492553710938,9.530440330505371,9.498337745666504,9.499361991882324,9.491899490356445,9.503912925720215,9.485533714294434,9.468602180480957,9.48157024383545,9.483166694641113,9.379683494567871
14.34,9.57296,0.19611,9.49129581451416,9.511292457580566,9.51559829711914,9.51389217376709,9.501574516296387,9.541611671447754,9.492488861083984,9.516585350036621,9.52652359008789,9.494465827941895,9.512234687805176,9.503026962280273,9.510622024536133,9.483582496643066,9.48024845123291,9.482933044433594,9.481338500976562,9.3842191696167
14.35,9.57485,0.1827,9.49129581451416,9.511292457580566,9.51559829711914,9.51389217376709,9.501574516296387,9.541611671447754,9.492488861083984,9.516585350036621,9.52652359008789,9.494465827941895,9.512234687805176,9.503026962280273,9.510622024536133,9.483582496643066,9.48024845123291,9.482933044433594,9.481338500976562,9.3842191696167
14.36,9.57617,0.16877,9.49129581451416,9.511292457580566,9.51559829711914,9.51389217376709,9.501574516296387,9.541611671447754,9.492488861083984,9.516585350036621,9.52652359008789,9.494465827941895,9.512234687805176,9.503026962280273,9.510622024536133,9.483582496643066,9.48024845123291,9.482933044433594,9.481338500976562,9.3842191696167
14.37,9.57682,0.15726,9.49129581451416,9.511292457580566,9.51559829711914,9.51389217376709,9.501574516296387,9.541611671447754,9.492488861083984,9.516585350036621,9.52652359008789,9.494465827941895,9.512234687805176,9.503026962280273,9.510622024536133,9.483582496643066,9.48024845123291,9.482933044433594,9.481338500976562,9.3842191696167
14.38,9.57712,0.13938,9.49129581451416,9.511292457580566,9.51559829711914,9.51389217376709,9.501574516296387,9.541611671447754,9.492488861083984,9.516585350036621,9.52652359008789,9.494465827941895,9.512234687805176,9.503026962280273,9.510622024536133,9.483582496643066,9.48024845123291,9.482933044433594,9.481338500976562,9.3842191696167
14.39,9.57677,0.12396,9.497300148010254,9.505370140075684,9.516483306884766,9.493600845336914,9.472765922546387,9.517515182495117,9.508541107177734,9.507153511047363,9.508281707763672,9.49072265625,9.525535583496094,9.525328636169434,9.532646179199219,9.488832473754883,9.500466346740723,9.487958908081055,9.47817325592041,9.410189628601074
14.4,9.57587,0.10809,9.497300148010254,9.505370140075684,9.516483306884766,9.493600845336914,9.472765922546387,9.517515182495117,9.508541107177734,9.507153511047363,9.508281707763672,9.49072265625,9.525535583496094,9.525328636169434,9.532646179199219,9.488832473754883,9.500466346740723,9.487958908081055,9.47817325592041,9.410189628601074
14.41,9.57444,0.0918,9.497300148010254,9.505370140075684,9.516483306884766,9.493600845336914,9.472765922546387,9.517515182495117,9.508541107177734,9.507153511047363,9.508281707763672,9.49072265625,9.525535583496094,9.525328636169434,9.532646179199219,9.488832473754883,9.500466346740723,9.487958908081055,9.47817325592041,9.410189628601074
14.42,9.5725,0.07513,9.497300148010254,9.505370140075684,9.516483306884766,9.493600845336914,9.472765922546387,9.517515182495117,9.508541107177734,9.507153511047363,9.508281707763672,9.49072265625,9.525535583496094,9.525328636169434,9.532646179199219,9.488832473754883,9.500466346740723,9.487958908081055,9.47817325592041,9.410189628601074
14.43,9.57006,0.05811,9.497300148010254,9.505370140075684,9.516483306884766,9.493600845336914,9.472765922546387,9.517515182495117,9.508541107177734,9.507153511047363,9.508281707763672,9.49072265625,9.525535583496094,9.525328636169434,9.532646179199219,9.488832473754883,9.500466346740723,9.487958908081055,9.47817325592041,9.410189628601074
14.44,9.56713,0.04079,9.499652862548828,9.507397651672363,9.506152153015137,9.479247093200684,9.453837394714355,9.498343467712402,9.509756088256836,9.506511688232422,9.496235847473145,9.503453254699707,9.520425796508789,9.534850120544434,9.538955688476562,9.49538803100586,9.509244918823242,9.496979713439941,9.490086555480957,9.440910339355469
14.45,9.56446,0.02675,9.499652862548828,9.507397651672363,9.506152153015137,9.479247093200684,9.453837394714355,9.498343467712402,9.509756088256836,9.506511688232422,9.496235847473145,9.503453254699707,9.520425796508789,9.534850120544434,9.538955688476562,9.49538803100586,9.509244918823242,9.496979713439941,9.490086555480957,9.440910339355469
14.46,9.55993,0.0054,9.499652862548828,9.507397651672363,9.506152153015137,9.479247093200684,9.453837394714355,9.498343467712402,9.509756088256836,9.506511688232422,9.496235847473145,9.503453254699707,9.520425796508789,9.534850120544434,9.538955688476562,9.49538803100586,9.509244918823242,9.496979713439941,9.490086555480957,9.440910339355469
14.47,9.55569,0.0,9.499652862548828,9.507397651672363,9.506152153015137,9.479247093200684,9.453837394714355,9.498343467712402,9.509756088256836,9.506511688232422,9.496235847473145,9.503453254699707,9.520425796508789,9.534850120544434,9.538955688476562,9.49538803100586,9.509244918823242,9.496979713439941,9.490086555480957,9.440910339355469
14.48,9.55107,0.0,9.499652862548828,9.507397651672363,9.506152153015137,9.479247093200684,9.453837394714355,9.498343467712402,9.509756088256836,9.506511688232422,9.496235847473145,9.503453254699707,9.520425796508789,9.534850120544434,9.538955688476562,9.49538803100586,9.509244918823242,9.496979713439941,9.490086555480957,9.440910339355469
14.49,9.54608,0.0,9.494117736816406,9.501299858093262,9.490350723266602,9.4669771194458,9.444572448730469,9.48692512512207,9.498085975646973,9.496747970581055,9.487566947937012,9.502429962158203,9.501322746276855,9.523600578308105,9.525233268737793,9.490907669067383,9.498476028442383,9.495843887329102,9.492328643798828,9.455418586730957
14.5,9.54076,0.0,9.494117736816406,9.501299858093262,9.490350723266602,9.4669771194458,9.444572448730469,9.48692512512207,9.498085975646973,9.496747970581055,9.487566947937012,9.502429962158203,9.501322746276855,9.523600578308105,9.525233268737793,9.490907669067383,9.498476028442383,9.495843887329102,9.492328643798828,9.455418586730957
14.51,9.53513,0.0,9.494117736816406,9.501299858093262,9.490350723266602,9.4669771194458,9.444572448730469,9.48692512512207,9.498085975646973,9.496747970581055,9.487566947937012,9.502429962158203,9.501322746276855,9.523600578308105,9.525233268737793,9.490907669067383,9.498476028442383,9.495843887329102,9.492328643798828,9.455418586730957
14.52,9.52923,0.0,9.494117736816406,9.501299858093262,9.490350723266602,9.4669771194458,9.444572448730469,9.48692512512207,9.498085975646973,9.496747970581055,9.487566947937012,9.502429962158203,9.501322746276855,9.523600578308105,9.525233268737793,9.490907669067383,9.498476028442383,9.495843887329102,9.492328643798828,9.455418586730957
14.53,9.52433,0.0,9.494117736816406,9.501299858093262,9.490350723266602,9.4669771194458,9.444572448730469,9.48692512512207,9.498085975646973,9.496747970581055,9.487566947937012,9.502429962158203,9.501322746276855,9.523600578308105,9.525233268737793,9.490907669067383,9.498476028442383,9.495843887329102,9.492328643798828,9.455418586730957
14.54,9.51801,0.0,9.47703742980957,9.48542594909668,9.46610164642334,9.449850082397461,9.430764198303223,9.472089767456055,9.474386215209961,9.47461986541748,9.470929145812988,9.480260848999023,9.473508834838867,9.497172355651855,9.499608039855957,9.470359802246094,9.4730863571167,9.47854995727539,9.476696968078613,9.448848724365234
14.55,9.51017,0.0,9.47703742980957,9.48542594909668,9.46610164642334,9.449850082397461,9.430764198303223,9.472089767456055,9.474386215209961,9.47461986541748,9.470929145812988,9.480260848999023,9.473508834838867,9.497172355651855,9.499608039855957,9.470359802246094,9.4730863571167,9.47854995727539,9.476696968078613,9.448848724365234
14.56,9.50347,0.0,9.47703742980957,9.48542594909668,9.46610164642334,9.449850082397461,9.430764198303223,9.472089767456055,9.474386215209961,9.47461986541748,9.470929145812988,9.480260848999023,9.473508834838867,9.497172355651855,9.499608039855957,9.470359802246094,9.4730863571167,9.47854995727539,9.476696968078613,9.448848724365234
14.57,9.49664,0.0,9.47703742980957,9.48542594909668,9.46610164642334,9.449850082397461,9.430764198303223,9.472089767456055,9.474386215209961,9.47461986541748,9.470929145812988,9.480260848999023,9.473508834838867,9.497172355651855,9.499608039855957,9.470359802246094,9.4730863571167,9.47854995727539,9.476696968078613,9.448848724365234
14.58,9.48973,0.0,9.47703742980957,9.48542594909668,9.46610164642334,9.449850082397461,9.430764198303223,9.472089767456055,9.474386215209961,9.47461986541748,9.470929145812988,9.480260848999023,9.473508834838867,9.497172355651855,9.499608039855957,9.470359802246094,9.4730863571167,9.47854995727539,9.476696968078613,9.448848724365234
14.59,9.48275,0.0,9.459261894226074,9.473981857299805,9.44831657409668,9.436394691467285,9.420648574829102,9.460845947265625,9.457189559936523,9.456783294677734,9.458294868469238,9.460736274719238,9.452670097351074,9.473553657531738,9.479484558105469,9.449584007263184,9.452888488769531,9.460494041442871,9.462676048278809,9.439870834350586
14.6,9.47575,0.0,9.459261894226074,9.473981857299805,9.44831657409668,9.436394691467285,9.420648574829102,9.460845947265625,9.457189559936523,9.456783294677734,9.458294868469238,9.460736274719238,9.452670097351074,9.473553657531738,9.479484558105469,9.449584007263184,9.452888488769531,9.460494041442871,9.462676048278809,9.439870834350586
14.61,9.46874,0.0,9.459261894226074,9.473981857299805,9.44831657409668,9.436394691467285,9.420648574829102,9.460845947265625,9.457189559936523,9.456783294677734,9.458294868469238,9.460736274719238,9.452670097351074,9.473553657531738,9.479484558105469,9.449584007263184,9.452888488769531,9.460494041442871,9.462676048278809,9.439870834350586
14.62,9.46315,0.0,9.459261894226074,9.473981857299805,9.44831657409668,9.436394691467285,9.420648574829102,9.460845947265625,9.457189559936523,9.456783294677734,9.458294868469238,9.460736274719238,9.452670097351074,9.473553657531738,9.479484558105469,9.449584007263184,9.452888488769531,9.460494041442871,9.462676048278809,9.439870834350586
14.63,9.45482,0.0,9.459261894226074,9.473981857299805,9.44831657409668,9.436394691467285,9.420648574829102,9.460845947265625,9.457189559936523,9.456783294677734,9.458294868469238,9.460736274719238,9.452670097351074,9.473553657531738,9.479484558105469,9.449584007263184,9.452888488769531,9.460494041442871,9.462676048278809,9.439870834350586
14.64,9.44796,0.0,9.44051742553711,9.459437370300293,9.430646896362305,9.423053741455078,9.410449028015137,9.449126243591309,9.44140338897705,9.438581466674805,9.44511890411377,9.440293312072754,9.431511878967285,9.45058822631836,9.460213661193848,9.428447723388672,9.431493759155273,9.440492630004883,9.446427345275879,9.42812728881836
14.65,9.44121,0.0,9.44051742553711,9.459437370300293,9.430646896362305,9.423053741455078,9.410449028015137,9.449126243591309,9.44140338897705,9.438581466674805,9.44511890411377,9.440293312072754,9.431511878967285,9.45058822631836,9.460213661193848,9.428447723388672,9.431493759155273,9.440492630004883,9.446427345275879,9.42812728881836
14.66,9.43457,0.0,9.44051742553711,9.459437370300293,9.430646896362305,9.423053741455078,9.410449028015137,9.449126243591309,9.44140338897705,9.438581466674805,9.44511890411377,9.440293312072754,9.431511878967285,9.45058822631836,9.460213661193848,9.428447723388672,9.431493759155273,9.440492630004883,9.446427345275879,9.42812728881836
14.67,9.42807,0.0,9.44051742553711,9.459437370300293,9.430646896362305,9.423053741455078,9.410449028015137,9.449126243591309,9.44140338897705,9.438581466674805,9.44511890411377,9.440293312072754,9.431511878967285,9.45058822631836,9.460213661193848,9.428447723388672,9.431493759155273,9.440492630004883,9.446427345275879,9.42812728881836
14.68,9.42174,0.0,9.44051742553711,9.459437370300293,9.430646896362305,9.423053741455078,9.410449028015137,9.449126243591309,9.44140338897705,9.438581466674805,9.44511890411377,9.440293312072754,9.431511878967285,9.45058822631836,9.460213661193848,9.428447723388672,9.431493759155273,9.440492630004883,9.446427345275879,9.42812728881836
14.69,9.41558,0.0,9.419999122619629,9.438689231872559,9.411380767822266,9.407906532287598,9.397005081176758,9.435406684875488,9.420538902282715,9.416399002075195,9.428678512573242,9.412930488586426,9.405845642089844,9.42315673828125,9.434808731079102,9.402600288391113,9.403070449829102,9.414738655090332,9.422489166259766,9.409563064575195
14.7,9.41079,0.0,9.419999122619629,9.438689231872559,9.411380767822266,9.407906532287598,9.397005081176758,9.435406684875488,9.420538902282715,9.416399002075195,9.428678512573242,9.412930488586426,9.405845642089844,9.42315673828125,9.434808731079102,9.402600288391113,9.403070449829102,9.414738655090332,9.422489166259766,9.409563064575195
14.71,9.40384,0.0,9.419999122619629,9.438689231872559,9.411380767822266,9.407906532287598,9.397005081176758,9.435406684875488,9.420538902282715,9.416399002075195,9.428678512573242,9.412930488586426,9.405845642089844,9.42315673828125,9.434808731079102,9.402600288391113,9.403070449829102,9.414738655090332,9.422489166259766,9.409563064575195
14.72,9.39828,0.0,9.419999122619629,9.438689231872559,9.411380767822266,9.407906532287598,9.397005081176758,9.435406684875488,9.420538902282715,9.416399002075195,9.428678512573242,9.412930488586426,9.405845642089844,9.42315673828125,9.434808731079102,9.402600288391113,9.403070449829102,9.414738655090332,9.422489166259766,9.409563064575195
14.73,9.39294,0.0,9.419999122619629,9.438689231872559,9.411380767822266,9.407906532287598,9.397005081176758,9.435406684875488,9.420538902282715,9.416399002075195,9.428678512573242,9.412930488586426,9.405845642089844,9.42315673828125,9.434808731079102,9.402600288391113,9.403070449829102,9.414738655090332,9.422489166259766,9.409563064575195
14.74,9.38782,0.0,9.39970588684082,9.418059349060059,9.39324951171875,9.392616271972656,9.382661819458008,9.42254638671875,9.398736000061035,9.395071983337402,9.412215232849121,9.386014938354492,9.380646705627441,9.395578384399414,9.409378051757812,9.376096725463867,9.374813079833984,9.388959884643555,9.39844036102295,9.389941215515137
14.75,9.38294,0.0,9.39970588684082,9.418059349060059,9.39324951171875,9.392616271972656,9.382661819458008,9.42254638671875,9.398736000061035,9.395071983337402,9.412215232849121,9.386014938354492,9.380646705627441,9.395578384399414,9.409378051757812,9.376096725463867,9.374813079833984,9.388959884643555,9.39844036102295,9.389941215515137
14.76,9.37828,0.0,9.39970588684082,9.418059349060059,9.39324951171875,9.392616271972656,9.382661819458008,9.42254638671875,9.398736000061035,9.395071983337402,9.412215232849121,9.386014938354492,9.380646705627441,9.395578384399414,9.409378051757812,9.376096725463867,9.374813079833984,9.388959884643555,9.39844036102295,9.389941215515137
14.77,9.37385,0.0,9.39970588684082,9.418059349060059,9.39324951171875,9.392616271972656,9.382661819458008,9.42254638671875,9.398736000061035,9.395071983337402,9.412215232849121,9.386014938354492,9.380646705627441,9.395578384399414,9.409378051757812,9.376096725463867,9.374813079833984,9.388959884643555,9.39844036102295,9.389941215515137
14.78,9.37047,0.0,9.39970588684082,9.418059349060059,9.39324951171875,9.392616271972656,9.382661819458008,9.42254638671875,9.398736000061035,9.395071983337402,9.412215232849121,9.386014938354492,9.380646705627441,9.395578384399414,9.409378051757812,9.376096725463867,9.374813079833984,9.388959884643555,9.39844036102295,9.389941215515137
14.79,9.36645,0.0,9.378167152404785,9.395299911499023,9.373603820800781,9.375210762023926,9.36628246307373,9.406744003295898,9.376302719116211,9.373324394226074,9.393394470214844,9.358833312988281,9.354936599731445,9.366055488586426,9.382551193237305,9.347613334655762,9.345885276794434,9.361045837402344,9.372725486755371,9.367929458618164
14.8,9.36191,0.0,9.378167152404785,9.395299911499023,9.373603820800781,9.375210762023926,9.36628246307373,9.406744003295898,9.376302719116211,9.373324394226074,9.393394470214844,9.358833312988281,9.354936599731445,9.366055488586426,9.382551193237305,9.347613334655762,9.345885276794434,9.361045837402344,9.372725486755371,9.367929458618164
14.81,9.35836,0.0,9.378167152404785,9.395299911499023,9.373603820800781,9.375210762023926,9.36628246307373,9.406744003295898,9.376302719116211,9.373324394226074,9.393394470214844,9.358833312988281,9.354936599731445,9.366055488586426,9.382551193237305,9.347613334655762,9.345885276794434,9.361045837402344,9.372725486755371,9.367929458618164
14.82,9.35502,0.0,9.378167152404785,9.395299911499023,9.373603820800781,9.375210762023926,9.36628246307373,9.406744003295898,9.376302719116211,9.373324394226074,9.393394470214844,9.358833312988281,9.354936599731445,9.366055488586426,9.382551193237305,9.347613334655762,9.345885276794434,9.361045837402344,9.372725486755371,9.367929458618164
14.83,9.35188,0.0,9.378167152404785,9.395299911499023,9.373603820800781,9.375210762023926,9.36628246307373,9.406744003295898,9.376302719116211,9.373324394226074,9.393394470214844,9.358833312988281,9.354936599731445,9.366055488586426,9.382551193237305,9.347613334655762,9.345885276794434,9.361045837402344,9.372725486755371,9.367929458618164
14.84,9.34893,0.0,9.361663818359375,9.3787202835083,9.360644340515137,9.362138748168945,9.354500770568848,9.396668434143066,9.361257553100586,9.358281135559082,9.380449295043945,9.341726303100586,9.338364601135254,9.345477104187012,9.364291191101074,9.328536033630371,9.3266019821167,9.34270191192627,9.355355262756348,9.352720260620117
14.85,9.34616,0.0,9.361663818359375,9.3787202835083,9.360644340515137,9.362138748168945,9.354500770568848,9.396668434143066,9.361257553100586,9.358281135559082,9.380449295043945,9.341726303100586,9.338364601135254,9.345477104187012,9.364291191101074,9.328536033630371,9.3266019821167,9.34270191192627,9.355355262756348,9.352720260620117
14.86,9.34356,0.0,9.361663818359375,9.3787202835083,9.360644340515137,9.362138748168945,9.354500770568848,9.396668434143066,9.361257553100586,9.358281135559082,9.380449295043945,9.341726303100586,9.338364601135254,9.345477104187012,9.364291191101074,9.328536033630371,9.3266019821167,9.34270191192627,9.355355262756348,9.352720260620117
14.87,9.34161,0.0,9.361663818359375,9.3787202835083,9.360644340515137,9.362138748168945,9.354500770568848,9.396668434143066,9.361257553100586,9.358281135559082,9.380449295043945,9.341726303100586,9.338364601135254,9.345477104187012,9.364291191101074,9.328536033630371,9.3266019821167,9.34270191192627,9.355355262756348,9.352720260620117
14.88,9.33886,0.0,9.361663818359375,9.3787202835083,9.360644340515137,9.362138748168945,9.354500770568848,9.396668434143066,9.361257553100586,9.358281135559082,9.380449295043945,9.341726303100586,9.338364601135254,9.345477104187012,9.364291191101074,9.328536033630371,9.3266019821167,9.34270191192627,9.355355262756348,9.352720260620117
14.89,9.33673,0.0,9.339277267456055,9.354516983032227,9.340402603149414,9.3428373336792,9.336285591125488,9.37964153289795,9.338114738464355,9.337346076965332,9.361983299255371,9.323124885559082,9.31807804107666,9.324520111083984,9.343888282775879,9.30780029296875,9.306126594543457,9.322464942932129,9.335009574890137,9.336016654968262
14.9,9.33474,0.0,9.339277267456055,9.354516983032227,9.340402603149414,9.3428373336792,9.336285591125488,9.37964153289795,9.338114738464355,9.337346076965332,9.361983299255371,9.323124885559082,9.31807804107666,9.324520111083984,9.343888282775879,9.30780029296875,9.306126594543457,9.322464942932129,9.335009574890137,9.336016654968262
14.91,9.3329,0.0,9.339277267456055,9.354516983032227,9.340402603149414,9.3428373336792,9.336285591125488,9.37964153289795,9.338114738464355,9.337346076965332,9.361983299255371,9.323124885559082,9.31807804107666,9.324520111083984,9.343888282775879,9.30780029296875,9.306126594543457,9.322464942932129,9.335009574890137,9.336016654968262
14.92,9.33118,0.0,9.339277267456055,9.354516983032227,9.340402603149414,9.3428373336792,9.336285591125488,9.37964153289795,9.338114738464355,9.337346076965332,9.361983299255371,9.323124885559082,9.31807804107666,9.324520111083984,9.343888282775879,9.30780029296875,9.306126594543457,9.322464942932129,9.335009574890137,9.336016654968262
14.93,9.32959,0.0,9.339277267456055,9.354516983032227,9.340402603149414,9.3428373336792,9.336285591125488,9.37964153289795,9.338114738464355,9.337346076965332,9.361983299255371,9.323124885559082,9.31807804107666,9.324520111083984,9.343888282775879,9.30780029296875,9.306126594543457,9.322464942932129,9.335009574890137,9.336016654968262
14.94,9.32813,0.0,9.319329261779785,9.331707954406738,9.32235336303711,9.324460983276367,9.319196701049805,9.363259315490723,9.318808555603027,9.31844711303711,9.343908309936523,9.303361892700195,9.298225402832031,9.303690910339355,9.3233642578125,9.288394927978516,9.286148071289062,9.302249908447266,9.314236640930176,9.316503524780273
14.95,9.32706,0.0,9.319329261779785,9.331707954406738,9.32235336303711,9.324460983276367,9.319196701049805,9.363259315490723,9.318808555603027,9.31844711303711,9.343908309936523,9.303361892700195,9.298225402832031,9.303690910339355,9.3233642578125,9.288394927978516,9.286148071289062,9.302249908447266,9.314236640930176,9.316503524780273
14.96,9.32559,0.0,9.319329261779785,9.331707954406738,9.32235336303711,9.324460983276367,9.319196701049805,9.363259315490723,9.318808555603027,9.31844711303711,9.343908309936523,9.303361892700195,9.298225402832031,9.303690910339355,9.3233642578125,9.288394927978516,9.286148071289062,9.302249908447266,9.314236640930176,9.316503524780273
14.97,9.32452,0.0,9.319329261779785,9.331707954406738,9.32235336303711,9.324460983276367,9.319196701049805,9.363259315490723,9.318808555603027,9.31844711303711,9.343908309936523,9.303361892700195,9.298225402832031,9.303690910339355,9.3233642578125,9.288394927978516,9.286148071289062,9.302249908447266,9.314236640930176,9.316503524780273
14.98,9.32358,0.0,9.319329261779785,9.331707954406738,9.32235336303711,9.324460983276367,9.319196701049805,9.363259315490723,9.318808555603027,9.31844711303711,9.343908309936523,9.303361892700195,9.298225402832031,9.303690910339355,9.3233642578125,9.288394927978516,9.286148071289062,9.302249908447266,9.314236640930176,9.316503524780273
14.99,9.32278,0.0,9.299386978149414,9.30979061126709,9.30395793914795,9.305886268615723,9.299787521362305,9.346485137939453,9.300213813781738,9.300348281860352,9.324068069458008,9.286369323730469,9.282029151916504,9.287943840026855,9.306325912475586,9.272307395935059,9.270221710205078,9.287190437316895,9.295351028442383,9.297616004943848
15.0,9.32212,0.0,9.299386978149414,9.30979061126709,9.30395793914795,9.305886268615723,9.299787521362305,9.346485137939453,9.300213813781738,9.300348281860352,9.324068069458008,9.286369323730469,9.282029151916504,9.287943840026855,9.306325912475586,9.272307395935059,9.270221710205078,9.287190437316895,9.295351028442383,9.297616004943848
15.01,9.32162,0.0,9.299386978149414,9.30979061126709,9.30395793914795,9.305886268615723,9.299787521362305,9.346485137939453,9.300213813781738,9.300348281860352,9.324068069458008,9.286369323730469,9.282029151916504,9.287943840026855,9.306325912475586,9.272307395935059,9.270221710205078,9.287190437316895,9.295351028442383,9.297616004943848
15.02,9.32129,0.0,9.299386978149414,9.30979061126709,9.30395793914795,9.305886268615723,9.299787521362305,9.346485137939453,9.300213813781738,9.300348281860352,9.324068069458008,9.286369323730469,9.282029151916504,9.287943840026855,9.306325912475586,9.272307395935059,9.270221710205078,9.287190437316895,9.295351028442383,9.297616004943848
15.03,9.32115,0.0,9.299386978149414,9.30979061126709,9.30395793914795,9.305886268615723,9.299787521362305,9.346485137939453,9.300213813781738,9.300348281860352,9.324068069458008,9.286369323730469,9.282029151916504,9.287943840026855,9.306325912475586,9.272307395935059,9.270221710205078,9.287190437316895,9.295351028442383,9.297616004943848
15.04,9.32113,0.0,9.286554336547852,9.295805931091309,9.290083885192871,9.291932106018066,9.284564018249512,9.333950996398926,9.28858470916748,9.290223121643066,9.311269760131836,9.278585433959961,9.27415943145752,9.280420303344727,9.29651927947998,9.264245986938477,9.26386833190918,9.281304359436035,9.28424072265625,9.284200668334961
15.05,9.32138,0.0,9.286554336547852,9.295805931091309,9.290083885192871,9.291932106018066,9.284564018249512,9.333950996398926,9.28858470916748,9.290223121643066,9.311269760131836,9.278585433959961,9.27415943145752,9.280420303344727,9.29651927947998,9.264245986938477,9.26386833190918,9.281304359436035,9.28424072265625,9.284200668334961
15.06,9.32181,0.0,9.286554336547852,9.295805931091309,9.290083885192871,9.291932106018066,9.284564018249512,9.333950996398926,9.28858470916748,9.290223121643066,9.311269760131836,9.278585433959961,9.27415943145752,9.280420303344727,9.29651927947998,9.264245986938477,9.26386833190918,9.281304359436035,9.28424072265625,9.284200668334961
15.07,9.32246,0.0,9.286554336547852,9.295805931091309,9.290083885192871,9.291932106018066,9.284564018249512,9.333950996398926,9.28858470916748,9.290223121643066,9.311269760131836,9.278585433959961,9.27415943145752,9.280420303344727,9.29651927947998,9.264245986938477,9.26386833190918,9.281304359436035,9.28424072265625,9.284200668334961
15.08,9.32334,0.0,9.286554336547852,9.295805931091309,9.290083885192871,9.291932106018066,9.284564018249512,9.333950996398926,9.28858470916748,9.290223121643066,9.311269760131836,9.278585433959961,9.27415943145752,9.280420303344727,9.29651927947998,9.264245986938477,9.26386833190918,9.281304359436035,9.28424072265625,9.284200668334961
15.09,9.32447,0.0,9.287261009216309,9.298315048217773,9.289423942565918,9.290273666381836,9.282401084899902,9.334601402282715,9.291141510009766,9.296284675598145,9.313127517700195,9.286795616149902,9.282374382019043,9.2877836227417,9.301761627197266,9.272688865661621,9.273944854736328,9.291871070861816,9.287930488586426,9.284671783447266
15.1,9.32584,0.0,9.287261009216309,9.298315048217773,9.289423942565918,9.290273666381836,9.282401084899902,9.334601402282715,9.291141510009766,9.296284675598145,9.313127517700195,9.286795616149902,9.282374382019043,9.2877836227417,9.301761627197266,9.272688865661621,9.273944854736328,9.291871070861816,9.287930488586426,9.284671783447266
15.11,9.32748,0.0,9.287261009216309,9.298315048217773,9.289423942565918,9.290273666381836,9.282401084899902,9.334601402282715,9.291141510009766,9.296284675598145,9.313127517700195,9.286795616149902,9.282374382019043,9.2877836227417,9.301761627197266,9.272688865661621,9.273944854736328,9.291871070861816,9.287930488586426,9.284671783447266
15.12,9.32898,0.0,9.287261009216309,9.298315048217773,9.289423942565918,9.290273666381836,9.282401084899902,9.334601402282715,9.291141510009766,9.296284675598145,9.313127517700195,9.286795616149902,9.282374382019043,9.2877836227417,9.301761627197266,9.272688865661621,9.273944854736328,9.291871070861816,9.287930488586426,9.284671783447266
15.13,9.33156,0.0,9.287261009216309,9.298315048217773,9.289423942565918,9.290273666381836,9.282401084899902,9.334601402282715,9.291141510009766,9.296284675598145,9.313127517700195,9.286795616149902,9.282374382019043,9.2877836227417,9.301761627197266,9.272688865661621,9.273944854736328,9.291871070861816,9.287930488586426,9.284671783447266
15.14,9.33401,0.0,9.299226760864258,9.308825492858887,9.297773361206055,9.300479888916016,9.29282283782959,9.344961166381836,9.305636405944824,9.312756538391113,9.327192306518555,9.309318542480469,9.304454803466797,9.308040618896484,9.319327354431152,9.295459747314453,9.29720401763916,9.315157890319824,9.304518699645996,9.301344871520996
15.15,9.33674,0.0,9.299226760864258,9.308825492858887,9.297773361206055,9.300479888916016,9.29282283782959,9.344961166381836,9.305636405944824,9.312756538391113,9.327192306518555,9.309318542480469,9.304454803466797,9.308040618896484,9.319327354431152,9.295459747314453,9.29720401763916,9.315157890319824,9.304518699645996,9.301344871520996
15.16,9.33974,0.0,9.299226760864258,9.308825492858887,9.297773361206055,9.300479888916016,9.29282283782959,9.344961166381836,9.305636405944824,9.312756538391113,9.327192306518555,9.309318542480469,9.304454803466797,9.308040618896484,9.319327354431152,9.295459747314453,9.29720401763916,9.315157890319824,9.304518699645996,9.301344871520996
15.17,9.34301,0.0,9.299226760864258,9.308825492858887,9.297773361206055,9.300479888916016,9.29282283782959,9.344961166381836,9.305636405944824,9.312756538391113,9.327192306518555,9.309318542480469,9.304454803466797,9.308040618896484,9.319327354431152,9.295459747314453,9.29720401763916,9.315157890319824,9.304518699645996,9.301344871520996
15.18,9.34655,0.0,9.299226760864258,9.308825492858887,9.297773361206055,9.300479888916016,9.29282283782959,9.344961166381836,9.305636405944824,9.312756538391113,9.327192306518555,9.309318542480469,9.304454803466797,9.308040618896484,9.319327354431152,9.295459747314453,9.29720401763916,9.315157890319824,9.304518699645996,9.301344871520996
15.19,9.35034,0.0,9.319293022155762,9.32050895690918,9.312925338745117,9.31966781616211,9.311552047729492,9.360995292663574,9.327723503112793,9.33080005645752,9.346184730529785,9.331859588623047,9.33642864227295,9.334916114807129,9.343070983886719,9.324845314025879,9.32521915435791,9.343605995178223,9.324384689331055,9.324562072753906
15.2,9.35354,0.0,9.319293022155762,9.32050895690918,9.312925338745117,9.31966781616211,9.311552047729492,9.360995292663574,9.327723503112793,9.33080005645752,9.346184730529785,9.331859588623047,9.33642864227295,9.334916114807129,9.343070983886719,9.324845314025879,9.32521915435791,9.343605995178223,9.324384689331055,9.324562072753906
15.21,9.35862,0.0,9.319293022155762,9.32050895690918,9.312925338745117,9.31966781616211,9.311552047729492,9.360995292663574,9.327723503112793,9.33080005645752,9.346184730529785,9.331859588623047,9.33642864227295,9.334916114807129,9.343070983886719,9.324845314025879,9.32521915435791,9.343605995178223,9.324384689331055,9.324562072753906
15.22,9.36308,0.0,9.319293022155762,9.32050895690918,9.312925338745117,9.31966781616211,9.311552047729492,9.360995292663574,9.327723503112793,9.33080005645752,9.346184730529785,9.331859588623047,9.33642864227295,9.334916114807129,9.343070983886719,9.324845314025879,9.32521915435791,9.343605995178223,9.324384689331055,9.324562072753906
15.23,9.36773,0.0,9.319293022155762,9.32050895690918,9.312925338745117,9.31966781616211,9.311552047729492,9.360995292663574,9.327723503112793,9.33080005645752,9.346184730529785,9.331859588623047,9.33642864227295,9.334916114807129,9.343070983886719,9.324845314025879,9.32521915435791,9.343605995178223,9.324384689331055,9.324562072753906
15.24,9.37254,0.0,9.355262756347656,9.344016075134277,9.350625991821289,9.349645614624023,9.334978103637695,9.386533737182617,9.381511688232422,9.360852241516113,9.377484321594238,9.355587005615234,9.391356468200684,9.381099700927734,9.394316673278809,9.367853164672852,9.375381469726562,9.38498592376709,9.3452787399292,9.373202323913574
15.25,9.37749,0.0,9.355262756347656,9.344016075134277,9.350625991821289,9.349645614624023,9.334978103637695,9.386533737182617,9.381511688232422,9.360852241516113,9.377484321594238,9.355587005615234,9.391356468200684,9.381099700927734,9.394316673278809,9.367853164672852,9.375381469726562,9.38498592376709,9.3452787399292,9.373202323913574
15.26,9.38254,0.0,9.355262756347656,9.344016075134277,9.350625991821289,9.349645614624023,9.334978103637695,9.386533737182617,9.381511688232422,9.360852241516113,9.377484321594238,9.355587005615234,9.391356468200684,9.381099700927734,9.394316673278809,9.367853164672852,9.375381469726562,9.38498592376709,9.3452787399292,9.373202323913574
15.27,9.38766,0.0,9.355262756347656,9.344016075134277,9.350625991821289,9.349645614624023,9.334978103637695,9.386533737182617,9.381511688232422,9.360852241516113,9.377484321594238,9.355587005615234,9.391356468200684,9.381099700927734,9.394316673278809,9.367853164672852,9.375381469726562,9.38498592376709,9.3452787399292,9.373202323913574
15.28,9.3918,0.0,9.355262756347656,9.344016075134277,9.350625991821289,9.349645614624023,9.334978103637695,9.386533737182617,9.381511688232422,9.360852241516113,9.377484321594238,9.355587005615234,9.391356468200684,9.381099700927734,9.394316673278809,9.367853164672852,9.375381469726562,9.38498592376709,9.3452787399292,9.373202323913574
15.29,9.39698,0.0,9.380351066589355,9.358931541442871,9.37258243560791,9.372142791748047,9.34302806854248,9.403114318847656,9.41364860534668,9.387688636779785,9.39841365814209,9.397467613220215,9.444855690002441,9.430925369262695,9.447527885437012,9.417282104492188,9.421931266784668,9.43066692352295,9.38597583770752,9.43738079071045
15.3,9.40317,0.0,9.380351066589355,9.358931541442871,9.37258243560791,9.372142791748047,9.34302806854248,9.403114318847656,9.41364860534668,9.387688636779785,9.39841365814209,9.397467613220215,9.444855690002441,9.430925369262695,9.447527885437012,9.417282104492188,9.421931266784668,9.43066692352295,9.38597583770752,9.43738079071045
15.31,9.40827,0.0,9.380351066589355,9.358931541442871,9.37258243560791,9.372142791748047,9.34302806854248,9.403114318847656,9.41364860534668,9.387688636779785,9.39841365814209,9.397467613220215,9.444855690002441,9.430925369262695,9.447527885437012,9.417282104492188,9.421931266784668,9.43066692352295,9.38597583770752,9.43738079071045
15.32,9.41327,0.0,9.380351066589355,9.358931541442871,9.37258243560791,9.372142791748047,9.34302806854248,9.403114318847656,9.41364860534668,9.387688636779785,9.39841365814209,9.397467613220215,9.444855690002441,9.430925369262695,9.447527885437012,9.417282104492188,9.421931266784668,9.43066692352295,9.38597583770752,9.43738079071045
15.33,9.41814,0.0,9.380351066589355,9.358931541442871,9.37258243560791,9.372142791748047,9.34302806854248,9.403114318847656,9.41364860534668,9.387688636779785,9.39841365814209,9.397467613220215,9.444855690002441,9.430925369262695,9.447527885437012,9.417282104492188,9.421931266784668,9.43066692352295,9.38597583770752,9.43738079071045
15.34,9.42284,0.0,9.38298225402832,9.357582092285156,9.378072738647461,9.383256912231445,9.341756820678711,9.411148071289062,9.423369407653809,9.398588180541992,9.401827812194824,9.43522834777832,9.482898712158203,9.463920593261719,9.481230735778809,9.452719688415527,9.449756622314453,9.4622802734375,9.424309730529785,9.481964111328125
15.35,9.42735,0.01298,9.38298225402832,9.357582092285156,9.378072738647461,9.383256912231445,9.341756820678711,9.411148071289062,9.423369407653809,9.398588180541992,9.401827812194824,9.43522834777832,9.482898712158203,9.463920593261719,9.481230735778809,9.452719688415527,9.449756622314453,9.4622802734375,9.424309730529785,9.481964111328125
15.36,9.43164,0.02791,9.38298225402832,9.357582092285156,9.378072738647461,9.383256912231445,9.341756820678711,9.411148071289062,9.423369407653809,9.398588180541992,9.401827812194824,9.43522834777832,9.482898712158203,9.463920593261719,9.481230735778809,9.452719688415527,9.449756622314453,9.4622802734375,9.424309730529785,9.481964111328125
15.37,9.43488,0.03988,9.38298225402832,9.357582092285156,9.378072738647461,9.383256912231445,9.341756820678711,9.411148071289062,9.423369407653809,9.398588180541992,9.401827812194824,9.43522834777832,9.482898712158203,9.463920593261719,9.481230735778809,9.452719688415527,9.449756622314453,9.4622802734375,9.424309730529785,9.481964111328125
15.38,9.4394,0.05788,9.38298225402832,9.357582092285156,9.378072738647461,9.383256912231445,9.341756820678711,9.411148071289062,9.423369407653809,9.398588180541992,9.401827812194824,9.43522834777832,9.482898712158203,9.463920593261719,9.481230735778809,9.452719688415527,9.449756622314453,9.4622802734375,9.424309730529785,9.481964111328125
15.39,9.44284,0.07287,9.37091064453125,9.356267929077148,9.370584487915039,9.387994766235352,9.340155601501465,9.416793823242188,9.416902542114258,9.396236419677734,9.401019096374512,9.445735931396484,9.48702335357666,9.469219207763672,9.485145568847656,9.458993911743164,9.454700469970703,9.46978759765625,9.43419361114502,9.490756034851074
15.4,9.44594,0.0878,9.37091064453125,9.356267929077148,9.370584487915039,9.387994766235352,9.340155601501465,9.416793823242188,9.416902542114258,9.396236419677734,9.401019096374512,9.445735931396484,9.48702335357666,9.469219207763672,9.485145568847656,9.458993911743164,9.454700469970703,9.46978759765625,9.43419361114502,9.490756034851074
15.41,9.4487,0.10266,9.37091064453125,9.356267929077148,9.370584487915039,9.387994766235352,9.340155601501465,9.416793823242188,9.416902542114258,9.396236419677734,9.401019096374512,9.445735931396484,9.48702335357666,9.469219207763672,9.485145568847656,9.458993911743164,9.454700469970703,9.46978759765625,9.43419361114502,9.490756034851074
15.42,9.45111,0.11742,9.37091064453125,9.356267929077148,9.370584487915039,9.387994766235352,9.340155601501465,9.416793823242188,9.416902542114258,9.396236419677734,9.401019096374512,9.445735931396484,9.48702335357666,9.469219207763672,9.485145568847656,9.458993911743164,9.454700469970703,9.46978759765625,9.43419361114502,9.490756034851074
15.43,9.45314,0.13203,9.37091064453125,9.356267929077148,9.370584487915039,9.387994766235352,9.340155601501465,9.416793823242188,9.416902542114258,9.396236419677734,9.401019096374512,9.445735931396484,9.48702335357666,9.469219207763672,9.485145568847656,9.458993911743164,9.454700469970703,9.46978759765625,9.43419361114502,9.490756034851074
15.44,9.45481,0.14646,9.352134704589844,9.345601081848145,9.359650611877441,9.382529258728027,9.329687118530273,9.413751602172852,9.41149616241455,9.383564949035645,9.394184112548828,9.437715530395508,9.476844787597656,9.459903717041016,9.475370407104492,9.449880599975586,9.447403907775879,9.461504936218262,9.425660133361816,9.476166725158691
15.45,9.45587,0.15786,9.352134704589844,9.345601081848145,9.359650611877441,9.382529258728027,9.329687118530273,9.413751602172852,9.41149616241455,9.383564949035645,9.394184112548828,9.437715530395508,9.476844787597656,9.459903717041016,9.475370407104492,9.449880599975586,9.447403907775879,9.461504936218262,9.425660133361816,9.476166725158691
15.46,9.45702,0.17469,9.352134704589844,9.345601081848145,9.359650611877441,9.382529258728027,9.329687118530273,9.413751602172852,9.41149616241455,9.383564949035645,9.394184112548828,9.437715530395508,9.476844787597656,9.459903717041016,9.475370407104492,9.449880599975586,9.447403907775879,9.461504936218262,9.425660133361816,9.476166725158691
15.47,9.45759,0.18843,9.352134704589844,9.345601081848145,9.359650611877441,9.382529258728027,9.329687118530273,9.413751602172852,9.41149616241455,9.383564949035645,9.394184112548828,9.437715530395508,9.476844787597656,9.459903717041016,9.475370407104492,9.449880599975586,9.447403907775879,9.461504936218262,9.425660133361816,9.476166725158691
15.48,9.45781,0.20188,9.352134704589844,9.345601081848145,9.359650611877441,9.382529258728027,9.329687118530273,9.413751602172852,9.41149616241455,9.383564949035645,9.394184112548828,9.437715530395508,9.476844787597656,9.459903717041016,9.475370407104492,9.449880599975586,9.447403907775879,9.461504936218262,9.425660133361816,9.476166725158691
15.49,9.45771,0.21501,9.333707809448242,9.336064338684082,9.356918334960938,9.374279022216797,9.322000503540039,9.413323402404785,9.405102729797363,9.376232147216797,9.388758659362793,9.431058883666992,9.465527534484863,9.448530197143555,9.462292671203613,9.43840217590332,9.43681526184082,9.452130317687988,9.413297653198242,9.458639144897461
15.5,9.4573,0.22781,9.333707809448242,9.336064338684082,9.356918334960938,9.374279022216797,9.322000503540039,9.413323402404785,9.405102729797363,9.376232147216797,9.388758659362793,9.431058883666992,9.465527534484863,9.448530197143555,9.462292671203613,9.43840217590332,9.43681526184082,9.452130317687988,9.413297653198242,9.458639144897461
15.51,9.45661,0.24024,9.333707809448242,9.336064338684082,9.356918334960938,9.374279022216797,9.322000503540039,9.413323402404785,9.405102729797363,9.376232147216797,9.388758659362793,9.431058883666992,9.465527534484863,9.448530197143555,9.462292671203613,9.43840217590332,9.43681526184082,9.452130317687988,9.413297653198242,9.458639144897461
15.52,9.45568,0.2523,9.333707809448242,9.336064338684082,9.356918334960938,9.374279022216797,9.322000503540039,9.413323402404785,9.405102729797363,9.376232147216797,9.388758659362793,9.431058883666992,9.465527534484863,9.448530197143555,9.462292671203613,9.43840217590332,9.43681526184082,9.452130317687988,9.413297653198242,9.458639144897461
15.53,9.45478,0.26166,9.333707809448242,9.336064338684082,9.356918334960938,9.374279022216797,9.322000503540039,9.413323402404785,9.405102729797363,9.376232147216797,9.388758659362793,9.431058883666992,9.465527534484863,9.448530197143555,9.462292671203613,9.43840217590332,9.43681526184082,9.452130317687988,9.413297653198242,9.458639144897461
15.54,9.45349,0.27299,9.323200225830078,9.33743953704834,9.356560707092285,9.372499465942383,9.320456504821777,9.41666030883789,9.398876190185547,9.37548542022705,9.387497901916504,9.42934513092041,9.453350067138672,9.435272216796875,9.448404312133789,9.427245140075684,9.427980422973633,9.445230484008789,9.405097961425781,9.440402030944824
15.55,9.45176,0.28604,9.323200225830078,9.33743953704834,9.356560707092285,9.372499465942383,9.320456504821777,9.41666030883789,9.398876190185547,9.37548542022705,9.387497901916504,9.42934513092041,9.453350067138672,9.435272216796875,9.448404312133789,9.427245140075684,9.427980422973633,9.445230484008789,9.405097961425781,9.440402030944824
15.56,9.45022,0.29643,9.323200225830078,9.33743953704834,9.356560707092285,9.372499465942383,9.320456504821777,9.41666030883789,9.398876190185547,9.37548542022705,9.387497901916504,9.42934513092041,9.453350067138672,9.435272216796875,9.448404312133789,9.427245140075684,9.427980422973633,9.445230484008789,9.405097961425781,9.440402030944824
15.57,9.44863,0.30637,9.323200225830078,9.33743953704834,9.356560707092285,9.372499465942383,9.320456504821777,9.41666030883789,9.398876190185547,9.37548542022705,9.387497901916504,9.42934513092041,9.453350067138672,9.435272216796875,9.448404312133789,9.427245140075684,9.427980422973633,9.445230484008789,9.405097961425781,9.440402030944824
15.58,9.44703,0.31586,9.323200225830078,9.33743953704834,9.356560707092285,9.372499465942383,9.320456504821777,9.41666030883789,9.398876190185547,9.37548542022705,9.387497901916504,9.42934513092041,9.453350067138672,9.435272216796875,9.448404312133789,9.427245140075684,9.427980422973633,9.445230484008789,9.405097961425781,9.440402030944824
15.59,9.44549,0.3249,9.315383911132812,9.34205150604248,9.358428001403809,9.372851371765137,9.32121467590332,9.421314239501953,9.393267631530762,9.376784324645996,9.390449523925781,9.432384490966797,9.442792892456055,9.425326347351074,9.436680793762207,9.421720504760742,9.421402931213379,9.441994667053223,9.40334415435791,9.420973777770996
15.6,9.44405,0.33347,9.315383911132812,9.34205150604248,9.358428001403809,9.372851371765137,9.32121467590332,9.421314239501953,9.393267631530762,9.376784324645996,9.390449523925781,9.432384490966797,9.442792892456055,9.425326347351074,9.436680793762207,9.421720504760742,9.421402931213379,9.441994667053223,9.40334415435791,9.420973777770996
15.61,9.443,0.34,9.315383911132812,9.34205150604248,9.358428001403809,9.372851371765137,9.32121467590332,9.421314239501953,9.393267631530762,9.376784324645996,9.390449523925781,9.432384490966797,9.442792892456055,9.425326347351074,9.436680793762207,9.421720504760742,9.421402931213379,9.441994667053223,9.40334415435791,9.420973777770996
15.62,9.44185,0.34774,9.315383911132812,9.34205150604248,9.358428001403809,9.372851371765137,9.32121467590332,9.421314239501953,9.393267631530762,9.376784324645996,9.390449523925781,9.432384490966797,9.442792892456055,9.425326347351074,9.436680793762207,9.421720504760742,9.421402931213379,9.441994667053223,9.40334415435791,9.420973777770996
15.63,9.44079,0.35643,9.315383911132812,9.34205150604248,9.358428001403809,9.372851371765137,9.32121467590332,9.421314239501953,9.393267631530762,9.376784324645996,9.390449523925781,9.432384490966797,9.442792892456055,9.425326347351074,9.436680793762207,9.421720504760742,9.421402931213379,9.441994667053223,9.40334415435791,9.420973777770996
15.64,9.44021,0.36317,9.30840015411377,9.346271514892578,9.368078231811523,9.374048233032227,9.32583999633789,9.42748737335205,9.390263557434082,9.38106632232666,9.397601127624512,9.441834449768066,9.438570022583008,9.423360824584961,9.431686401367188,9.424349784851074,9.42001724243164,9.443136215209961,9.407337188720703,9.407413482666016
15.65,9.43997,0.36946,9.30840015411377,9.346271514892578,9.368078231811523,9.374048233032227,9.32583999633789,9.42748737335205,9.390263557434082,9.38106632232666,9.397601127624512,9.441834449768066,9.438570022583008,9.423360824584961,9.431686401367188,9.424349784851074,9.42001724243164,9.443136215209961,9.407337188720703,9.407413482666016
15.66,9.4401,0.37531,9.30840015411377,9.346271514892578,9.368078231811523,9.374048233032227,9.32583999633789,9.42748737335205,9.390263557434082,9.38106632232666,9.397601127624512,9.441834449768066,9.438570022583008,9.423360824584961,9.431686401367188,9.424349784851074,9.42001724243164,9.443136215209961,9.407337188720703,9.407413482666016
15.67,9.44065,0.38071,9.30840015411377,9.346271514892578,9.368078231811523,9.374048233032227,9.32583999633789,9.42748737335205,9.390263557434082,9.38106632232666,9.397601127624512,9.441834449768066,9.438570022583008,9.423360824584961,9.431686401367188,9.424349784851074,9.42001724243164,9.443136215209961,9.407337188720703,9.407413482666016
15.68,9.44164,0.38568,9.30840015411377,9.346271514892578,9.368078231811523,9.374048233032227,9.32583999633789,9.42748737335205,9.390263557434082,9.38106632232666,9.397601127624512,9.441834449768066,9.438570022583008,9.423360824584961,9.431686401367188,9.424349784851074,9.42001724243164,9.443136215209961,9.407337188720703,9.407413482666016
15.69,9.44312,0.39023,9.32429313659668,9.374948501586914,9.393491744995117,9.392980575561523,9.348959922790527,9.451934814453125,9.400687217712402,9.406516075134277,9.424050331115723,9.458382606506348,9.437909126281738,9.428048133850098,9.4364652633667,9.435708045959473,9.427764892578125,9.453360557556152,9.419856071472168,9.400715827941895
15.7,9.44466,0.39356,9.32429313659668,9.374948501586914,9.393491744995117,9.392980575561523,9.348959922790527,9.451934814453125,9.400687217712402,9.406516075134277,9.424050331115723,9.458382606506348,9.437909126281738,9.428048133850098,9.4364652633667,9.435708045959473,9.427764892578125,9.453360557556152,9.419856071472168,9.400715827941895
15.71,9.44761,0.39807,9.32429313659668,9.374948501586914,9.393491744995117,9.392980575561523,9.348959922790527,9.451934814453125,9.400687217712402,9.406516075134277,9.424050331115723,9.458382606506348,9.437909126281738,9.428048133850098,9.4364652633667,9.435708045959473,9.427764892578125,9.453360557556152,9.419856071472168,9.400715827941895
15.72,9.45067,0.40138,9.32429313659668,9.374948501586914,9.393491744995117,9.392980575561523,9.348959922790527,9.451934814453125,9.400687217712402,9.406516075134277,9.424050331115723,9.458382606506348,9.437909126281738,9.428048133850098,9.4364652633667,9.435708045959473,9.427764892578125,9.453360557556152,9.419856071472168,9.400715827941895
15.73,9.4543,0.40429,9.32429313659668,9.374948501586914,9.393491744995117,9.392980575561523,9.348959922790527,9.451934814453125,9.400687217712402,9.406516075134277,9.424050331115723,9.458382606506348,9.437909126281738,9.428048133850098,9.4364652633667,9.435708045959473,9.427764892578125,9.453360557556152,9.419856071472168,9.400715827941895
15.74,9.4585,0.4068,9.351028442382812,9.412172317504883,9.426201820373535,9.423131942749023,9.38587474822998,9.483808517456055,9.419716835021973,9.442574501037598,9.459420204162598,9.485204696655273,9.451225280761719,9.443660736083984,9.452535629272461,9.457679748535156,9.446483612060547,9.474349975585938,9.445133209228516,9.404873847961426
15.75,9.46327,0.40893,9.351028442382812,9.412172317504883,9.426201820373535,9.423131942749023,9.38587474822998,9.483808517456055,9.419716835021973,9.442574501037598,9.459420204162598,9.485204696655273,9.451225280761719,9.443660736083984,9.452535629272461,9.457679748535156,9.446483612060547,9.474349975585938,9.445133209228516,9.404873847961426
15.76,9.46862,0.41067,9.351028442382812,9.412172317504883,9.426201820373535,9.423131942749023,9.38587474822998,9.483808517456055,9.419716835021973,9.442574501037598,9.459420204162598,9.485204696655273,9.451225280761719,9.443660736083984,9.452535629272461,9.457679748535156,9.446483612060547,9.474349975585938,9.445133209228516,9.404873847961426
15.77,9.47454,0.41203,9.351028442382812,9.412172317504883,9.426201820373535,9.423131942749023,9.38587474822998,9.483808517456055,9.419716835021973,9.442574501037598,9.459420204162598,9.485204696655273,9.451225280761719,9.443660736083984,9.452535629272461,9.457679748535156,9.446483612060547,9.474349975585938,9.445133209228516,9.404873847961426
15.78,9.47968,0.41284,9.351028442382812,9.412172317504883,9.426201820373535,9.423131942749023,9.38587474822998,9.483808517456055,9.419716835021973,9.442574501037598,9.459420204162598,9.485204696655273,9.451225280761719,9.443660736083984,9.452535629272461,9.457679748535156,9.446483612060547,9.474349975585938,9.445133209228516,9.404873847961426
15.79,9.48659,0.41351,9.388534545898438,9.457297325134277,9.46950626373291,9.46313190460205,9.434296607971191,9.522124290466309,9.450610160827637,9.48723316192627,9.503397941589355,9.519665718078613,9.482268333435059,9.472001075744629,9.483860969543457,9.489623069763184,9.477066040039062,9.503107070922852,9.479735374450684,9.421712875366211
15.8,9.49557,0.41381,9.388534545898438,9.457297325134277,9.46950626373291,9.46313190460205,9.434296607971191,9.522124290466309,9.450610160827637,9.48723316192627,9.503397941589355,9.519665718078613,9.482268333435059,9.472001075744629,9.483860969543457,9.489623069763184,9.477066040039062,9.503107070922852,9.479735374450684,9.421712875366211
15.81,9.50359,0.41363,9.388534545898438,9.457297325134277,9.46950626373291,9.46313190460205,9.434296607971191,9.522124290466309,9.450610160827637,9.48723316192627,9.503397941589355,9.519665718078613,9.482268333435059,9.472001075744629,9.483860969543457,9.489623069763184,9.477066040039062,9.503107070922852,9.479735374450684,9.421712875366211
15.82,9.51208,0.41307,9.388534545898438,9.457297325134277,9.46950626373291,9.46313190460205,9.434296607971191,9.522124290466309,9.450610160827637,9.48723316192627,9.503397941589355,9.519665718078613,9.482268333435059,9.472001075744629,9.483860969543457,9.489623069763184,9.477066040039062,9.503107070922852,9.479735374450684,9.421712875366211
15.83,9.52099,0.41212,9.388534545898438,9.457297325134277,9.46950626373291,9.46313190460205,9.434296607971191,9.522124290466309,9.450610160827637,9.48723316192627,9.503397941589355,9.519665718078613,9.482268333435059,9.472001075744629,9.483860969543457,9.489623069763184,9.477066040039062,9.503107070922852,9.479735374450684,9.421712875366211
15.84,9.5303,0.41076,9.433981895446777,9.508370399475098,9.522378921508789,9.509921073913574,9.489882469177246,9.568293571472168,9.493950843811035,9.53870964050293,9.553816795349121,9.561336517333984,9.528050422668457,9.517827987670898,9.533486366271973,9.534241676330566,9.520931243896484,9.542989730834961,9.522500991821289,9.454582214355469
15.85,9.53995,0.409,9.433981895446777,9.508370399475098,9.522378921508789,9.509921073913574,9.489882469177246,9.568293571472168,9.493950843811035,9.53870964050293,9.553816795349121,9.561336517333984,9.528050422668457,9.517827987670898,9.533486366271973,9.534241676330566,9.520931243896484,9.542989730834961,9.522500991821289,9.454582214355469
15.86,9.54789,0.4073,9.433981895446777,9.508370399475098,9.522378921508789,9.509921073913574,9.489882469177246,9.568293571472168,9.493950843811035,9.53870964050293,9.553816795349121,9.561336517333984,9.528050422668457,9.517827987670898,9.533486366271973,9.534241676330566,9.520931243896484,9.542989730834961,9.522500991821289,9.454582214355469
15.87,9.55805,0.40479,9.433981895446777,9.508370399475098,9.522378921508789,9.509921073913574,9.489882469177246,9.568293571472168,9.493950843811035,9.53870964050293,9.553816795349121,9.561336517333984,9.528050422668457,9.517827987670898,9.533486366271973,9.534241676330566,9.520931243896484,9.542989730834961,9.522500991821289,9.454582214355469
15.88,9.57051,0.40121,9.433981895446777,9.508370399475098,9.522378921508789,9.509921073913574,9.489882469177246,9.568293571472168,9.493950843811035,9.53870964050293,9.553816795349121,9.561336517333984,9.528050422668457,9.517827987670898,9.533486366271973,9.534241676330566,9.520931243896484,9.542989730834961,9.522500991821289,9.454582214355469
15.89,9.58108,0.39775,9.484476089477539,9.558905601501465,9.570438385009766,9.561010360717773,9.548493385314941,9.613659858703613,9.537041664123535,9.586997985839844,9.60287857055664,9.591316223144531,9.567276954650879,9.558691024780273,9.57776927947998,9.571091651916504,9.558855056762695,9.576504707336426,9.555705070495605,9.486292839050293
15.9,9.59174,0.39383,9.484476089477539,9.558905601501465,9.570438385009766,9.561010360717773,9.548493385314941,9.613659858703613,9.537041664123535,9.586997985839844,9.60287857055664,9.591316223144531,9.567276954650879,9.558691024780273,9.57776927947998,9.571091651916504,9.558855056762695,9.576504707336426,9.555705070495605,9.486292839050293
15.91,9.60244,0.38946,9.484476089477539,9.558905601501465,9.570438385009766,9.561010360717773,9.548493385314941,9.613659858703613,9.537041664123535,9.586997985839844,9.60287857055664,9.591316223144531,9.567276954650879,9.558691024780273,9.57776927947998,9.571091651916504,9.558855056762695,9.576504707336426,9.555705070495605,9.486292839050293
15.92,9.61314,0.38461,9.484476089477539,9.558905601501465,9.570438385009766,9.561010360717773,9.548493385314941,9.613659858703613,9.537041664123535,9.586997985839844,9.60287857055664,9.591316223144531,9.567276954650879,9.558691024780273,9.57776927947998,9.571091651916504,9.558855056762695,9.576504707336426,9.555705070495605,9.486292839050293
15.93,9.62377,0.37929,9.484476089477539,9.558905601501465,9.570438385009766,9.561010360717773,9.548493385314941,9.613659858703613,9.537041664123535,9.586997985839844,9.60287857055664,9.591316223144531,9.567276954650879,9.558691024780273,9.57776927947998,9.571091651916504,9.558855056762695,9.576504707336426,9.555705070495605,9.486292839050293
15.94,9.63429,0.37347,9.534997940063477,9.604658126831055,9.614307403564453,9.608338356018066,9.599028587341309,9.656109809875488,9.578391075134277,9.629570960998535,9.646367073059082,9.616562843322754,9.60451602935791,9.596936225891113,9.618185997009277,9.604804992675781,9.59117603302002,9.606762886047363,9.58816146850586,9.514959335327148
15.95,9.64259,0.36846,9.534997940063477,9.604658126831055,9.614307403564453,9.608338356018066,9.599028587341309,9.656109809875488,9.578391075134277,9.629570960998535,9.646367073059082,9.616562843322754,9.60451602935791,9.596936225891113,9.618185997009277,9.604804992675781,9.59117603302002,9.606762886047363,9.58816146850586,9.514959335327148
15.96,9.65477,0.36034,9.534997940063477,9.604658126831055,9.614307403564453,9.608338356018066,9.599028587341309,9.656109809875488,9.578391075134277,9.629570960998535,9.646367073059082,9.616562843322754,9.60451602935791,9.596936225891113,9.618185997009277,9.604804992675781,9.59117603302002,9.606762886047363,9.58816146850586,9.514959335327148
15.97,9.66464,0.35301,9.534997940063477,9.604658126831055,9.614307403564453,9.608338356018066,9.599028587341309,9.656109809875488,9.578391075134277,9.629570960998535,9.646367073059082,9.616562843322754,9.60451602935791,9.596936225891113,9.618185997009277,9.604804992675781,9.59117603302002,9.606762886047363,9.58816146850586,9.514959335327148
15.98,9.67418,0.34516,9.534997940063477,9.604658126831055,9.614307403564453,9.608338356018066,9.599028587341309,9.656109809875488,9.578391075134277,9.629570960998535,9.646367073059082,9.616562843322754,9.60451602935791,9.596936225891113,9.618185997009277,9.604804992675781,9.59117603302002,9.606762886047363,9.58816146850586,9.514959335327148
15.99,9.68337,0.3368,9.581195831298828,9.644356727600098,9.653144836425781,9.648514747619629,9.640949249267578,9.692931175231934,9.614748001098633,9.667184829711914,9.681242942810059,9.647503852844238,9.644780158996582,9.634613990783691,9.655522346496582,9.63851261138916,9.62159538269043,9.637114524841309,9.62666130065918,9.543172836303711
16.0,9.69215,0.32791,9.581195831298828,9.644356727600098,9.653144836425781,9.648514747619629,9.640949249267578,9.692931175231934,9.614748001098633,9.667184829711914,9.681242942810059,9.647503852844238,9.644780158996582,9.634613990783691,9.655522346496582,9.63851261138916,9.62159538269043,9.637114524841309,9.62666130065918,9.543172836303711
16.01,9.69887,0.32043,9.581195831298828,9.644356727600098,9.653144836425781,9.648514747619629,9.640949249267578,9.692931175231934,9.614748001098633,9.667184829711914,9.681242942810059,9.647503852844238,9.644780158996582,9.634613990783691,9.655522346496582,9.63851261138916,9.62159538269043,9.637114524841309,9.62666130065918,9.543172836303711
16.02,9.70836,0.30857,9.581195831298828,9.644356727600098,9.653144836425781,9.648514747619629,9.640949249267578,9.692931175231934,9.614748001098633,9.667184829711914,9.681242942810059,9.647503852844238,9.644780158996582,9.634613990783691,9.655522346496582,9.63851261138916,9.62159538269043,9.637114524841309,9.62666130065918,9.543172836303711
16.03,9.71429,0.30026,9.581195831298828,9.644356727600098,9.653144836425781,9.648514747619629,9.640949249267578,9.692931175231934,9.614748001098633,9.667184829711914,9.681242942810059,9.647503852844238,9.644780158996582,9.634613990783691,9.655522346496582,9.63851261138916,9.62159538269043,9.637114524841309,9.62666130065918,9.543172836303711
16.04,9.72254,0.28717,9.629289627075195,9.685790061950684,9.685245513916016,9.686567306518555,9.67819881439209,9.725512504577637,9.648723602294922,9.701651573181152,9.711601257324219,9.678297996520996,9.676756858825684,9.664946556091309,9.684430122375488,9.664542198181152,9.648744583129883,9.662982940673828,9.661554336547852,9.564541816711426
16.05,9.72879,0.27572,9.629289627075195,9.685790061950684,9.685245513916016,9.686567306518555,9.67819881439209,9.725512504577637,9.648723602294922,9.701651573181152,9.711601257324219,9.678297996520996,9.676756858825684,9.664946556091309,9.684430122375488,9.664542198181152,9.648744583129883,9.662982940673828,9.661554336547852,9.564541816711426
16.06,9.73447,0.26377,9.629289627075195,9.685790061950684,9.685245513916016,9.686567306518555,9.67819881439209,9.725512504577637,9.648723602294922,9.701651573181152,9.711601257324219,9.678297996520996,9.676756858825684,9.664946556091309,9.684430122375488,9.664542198181152,9.648744583129883,9.662982940673828,9.661554336547852,9.564541816711426
16.07,9.73953,0.25135,9.629289627075195,9.685790061950684,9.685245513916016,9.686567306518555,9.67819881439209,9.725512504577637,9.648723602294922,9.701651573181152,9.711601257324219,9.678297996520996,9.676756858825684,9.664946556091309,9.684430122375488,9.664542198181152,9.648744583129883,9.662982940673828,9.661554336547852,9.564541816711426
16.08,9.74315,0.24108,9.629289627075195,9.685790061950684,9.685245513916016,9.686567306518555,9.67819881439209,9.725512504577637,9.648723602294922,9.701651573181152,9.711601257324219,9.678297996520996,9.676756858825684,9.664946556091309,9.684430122375488,9.664542198181152,9.648744583129883,9.662982940673828,9.661554336547852,9.564541816711426
16.09,9.74782,0.22514,9.658041954040527,9.70062255859375,9.697613716125488,9.702959060668945,9.692617416381836,9.735979080200195,9.664801597595215,9.710505485534668,9.71966552734375,9.691826820373535,9.689939498901367,9.681865692138672,9.694744110107422,9.674654960632324,9.66036319732666,9.672537803649902,9.678720474243164,9.56882381439209
16.1,9.75042,0.21417,9.658041954040527,9.70062255859375,9.697613716125488,9.702959060668945,9.692617416381836,9.735979080200195,9.664801597595215,9.710505485534668,9.71966552734375,9.691826820373535,9.689939498901367,9.681865692138672,9.694744110107422,9.674654960632324,9.66036319732666,9.672537803649902,9.678720474243164,9.56882381439209
16.11,9.75357,0.19724,9.658041954040527,9.70062255859375,9.697613716125488,9.702959060668945,9.692617416381836,9.735979080200195,9.664801597595215,9.710505485534668,9.71966552734375,9.691826820373535,9.689939498901367,9.681865692138672,9.694744110107422,9.674654960632324,9.66036319732666,9.672537803649902,9.678720474243164,9.56882381439209
16.12,9.75516,0.18565,9.658041954040527,9.70062255859375,9.697613716125488,9.702959060668945,9.692617416381836,9.735979080200195,9.664801597595215,9.710505485534668,9.71966552734375,9.691826820373535,9.689939498901367,9.681865692138672,9.694744110107422,9.674654960632324,9.66036319732666,9.672537803649902,9.678720474243164,9.56882381439209
16.13,9.75679,0.16784,9.658041954040527,9.70062255859375,9.697613716125488,9.702959060668945,9.692617416381836,9.735979080200195,9.664801597595215,9.710505485534668,9.71966552734375,9.691826820373535,9.689939498901367,9.681865692138672,9.694744110107422,9.674654960632324,9.66036319732666,9.672537803649902,9.678720474243164,9.56882381439209
16.14,9.75746,0.15264,9.673503875732422,9.692794799804688,9.696654319763184,9.697883605957031,9.680791854858398,9.718167304992676,9.678677558898926,9.693879127502441,9.706585884094238,9.674050331115723,9.691329956054688,9.686614990234375,9.694512367248535,9.664531707763672,9.663909912109375,9.664202690124512,9.662556648254395,9.565295219421387
16.15,9.75751,0.13716,9.673503875732422,9.692794799804688,9.696654319763184,9.697883605957031,9.680791854858398,9.718167304992676,9.678677558898926,9.693879127502441,9.706585884094238,9.674050331115723,9.691329956054688,9.686614990234375,9.694512367248535,9.664531707763672,9.663909912109375,9.664202690124512,9.662556648254395,9.565295219421387
16.16,9.75696,0.12142,9.673503875732422,9.692794799804688,9.696654319763184,9.697883605957031,9.680791854858398,9.718167304992676,9.678677558898926,9.693879127502441,9.706585884094238,9.674050331115723,9.691329956054688,9.686614990234375,9.694512367248535,9.664531707763672,9.663909912109375,9.664202690124512,9.662556648254395,9.565295219421387
16.17,9.7561,0.10866,9.673503875732422,9.692794799804688,9.696654319763184,9.697883605957031,9.680791854858398,9.718167304992676,9.678677558898926,9.693879127502441,9.706585884094238,9.674050331115723,9.691329956054688,9.686614990234375,9.694512367248535,9.664531707763672,9.663909912109375,9.664202690124512,9.662556648254395,9.565295219421387
16.18,9.75412,0.08929,9.673503875732422,9.692794799804688,9.696654319763184,9.697883605957031,9.680791854858398,9.718167304992676,9.678677558898926,9.693879127502441,9.706585884094238,9.674050331115723,9.691329956054688,9.686614990234375,9.694512367248535,9.664531707763672,9.663909912109375,9.664202690124512,9.662556648254395,9.565295219421387
16.19,9.75235,0.07625,9.667858123779297,9.672773361206055,9.686661720275879,9.665351867675781,9.63975715637207,9.682622909545898,9.68008041381836,9.672666549682617,9.674369812011719,9.654136657714844,9.688036918640137,9.693184852600098,9.699167251586914,9.653613090515137,9.665702819824219,9.651652336120605,9.643101692199707,9.577091217041016
16.2,9.74907,0.05654,9.667858123779297,9.672773361206055,9.686661720275879,9.665351867675781,9.63975715637207,9.682622909545898,9.68008041381836,9.672666549682617,9.674369812011719,9.654136657714844,9.688036918640137,9.693184852600098,9.699167251586914,9.653613090515137,9.665702819824219,9.651652336120605,9.643101692199707,9.577091217041016
16.21,9.74576,0.04003,9.667858123779297,9.672773361206055,9.686661720275879,9.665351867675781,9.63975715637207,9.682622909545898,9.68008041381836,9.672666549682617,9.674369812011719,9.654136657714844,9.688036918640137,9.693184852600098,9.699167251586914,9.653613090515137,9.665702819824219,9.651652336120605,9.643101692199707,9.577091217041016
16.22,9.74197,0.02346,9.667858123779297,9.672773361206055,9.686661720275879,9.665351867675781,9.63975715637207,9.682622909545898,9.68008041381836,9.672666549682617,9.674369812011719,9.654136657714844,9.688036918640137,9.693184852600098,9.699167251586914,9.653613090515137,9.665702819824219,9.651652336120605,9.643101692199707,9.577091217041016
16.23,9.73772,0.00689,9.667858123779297,9.672773361206055,9.686661720275879,9.665351867675781,9.63975715637207,9.682622909545898,9.68008041381836,9.672666549682617,9.674369812011719,9.654136657714844,9.688036918640137,9.693184852600098,9.699167251586914,9.653613090515137,9.665702819824219,9.651652336120605,9.643101692199707,9.577091217041016
16.24,9.734,0.0,9.665029525756836,9.673645973205566,9.673371315002441,9.64472484588623,9.618638038635254,9.660696983337402,9.675750732421875,9.670309066772461,9.660099983215332,9.661108016967773,9.674034118652344,9.69215202331543,9.697665214538574,9.651283264160156,9.667071342468262,9.653863906860352,9.649499893188477,9.60069465637207
16.25,9.72793,0.0,9.665029525756836,9.673645973205566,9.673371315002441,9.64472484588623,9.618638038635254,9.660696983337402,9.675750732421875,9.670309066772461,9.660099983215332,9.661108016967773,9.674034118652344,9.69215202331543,9.697665214538574,9.651283264160156,9.667071342468262,9.653863906860352,9.649499893188477,9.60069465637207
16.26,9.72357,0.0,9.665029525756836,9.673645973205566,9.673371315002441,9.64472484588623,9.618638038635254,9.660696983337402,9.675750732421875,9.670309066772461,9.660099983215332,9.661108016967773,9.674034118652344,9.69215202331543,9.697665214538574,9.651283264160156,9.667071342468262,9.653863906860352,9.649499893188477,9.60069465637207
16.27,9.71659,0.0,9.665029525756836,9.673645973205566,9.673371315002441,9.64472484588623,9.618638038635254,9.660696983337402,9.675750732421875,9.670309066772461,9.660099983215332,9.661108016967773,9.674034118652344,9.69215202331543,9.697665214538574,9.651283264160156,9.667071342468262,9.653863906860352,9.649499893188477,9.60069465637207
16.28,9.71167,0.0,9.665029525756836,9.673645973205566,9.673371315002441,9.64472484588623,9.618638038635254,9.660696983337402,9.675750732421875,9.670309066772461,9.660099983215332,9.661108016967773,9.674034118652344,9.69215202331543,9.697665214538574,9.651283264160156,9.667071342468262,9.653863906860352,9.649499893188477,9.60069465637207
16.29,9.70388,0.0,9.656713485717773,9.668303489685059,9.653486251831055,9.62897777557373,9.609045028686523,9.646203994750977,9.663058280944824,9.660333633422852,9.650367736816406,9.65986442565918,9.654560089111328,9.679298400878906,9.685701370239258,9.645968437194824,9.657163619995117,9.654230117797852,9.652405738830566,9.614840507507324
16.3,9.69713,0.0,9.656713485717773,9.668303489685059,9.653486251831055,9.62897777557373,9.609045028686523,9.646203994750977,9.663058280944824,9.660333633422852,9.650367736816406,9.65986442565918,9.654560089111328,9.679298400878906,9.685701370239258,9.645968437194824,9.657163619995117,9.654230117797852,9.652405738830566,9.614840507507324
16.31,9.6901,0.0,9.656713485717773,9.668303489685059,9.653486251831055,9.62897777557373,9.609045028686523,9.646203994750977,9.663058280944824,9.660333633422852,9.650367736816406,9.65986442565918,9.654560089111328,9.679298400878906,9.685701370239258,9.645968437194824,9.657163619995117,9.654230117797852,9.652405738830566,9.614840507507324
16.32,9.68283,0.0,9.656713485717773,9.668303489685059,9.653486251831055,9.62897777557373,9.609045028686523,9.646203994750977,9.663058280944824,9.660333633422852,9.650367736816406,9.65986442565918,9.654560089111328,9.679298400878906,9.685701370239258,9.645968437194824,9.657163619995117,9.654230117797852,9.652405738830566,9.614840507507324
16.33,9.67686,0.0,9.656713485717773,9.668303489685059,9.653486251831055,9.62897777557373,9.609045028686523,9.646203994750977,9.663058280944824,9.660333633422852,9.650367736816406,9.65986442565918,9.654560089111328,9.679298400878906,9.685701370239258,9.645968437194824,9.657163619995117,9.654230117797852,9.652405738830566,9.614840507507324
16.34,9.66768,0.0,9.642945289611816,9.65311336517334,9.63206958770752,9.614396095275879,9.599912643432617,9.634119987487793,9.645726203918457,9.640643119812012,9.637507438659668,9.643064498901367,9.633675575256348,9.657429695129395,9.664875030517578,9.631486892700195,9.635621070861816,9.641873359680176,9.641642570495605,9.613459587097168
16.35,9.66143,0.0,9.642945289611816,9.65311336517334,9.63206958770752,9.614396095275879,9.599912643432617,9.634119987487793,9.645726203918457,9.640643119812012,9.637507438659668,9.643064498901367,9.633675575256348,9.657429695129395,9.664875030517578,9.631486892700195,9.635621070861816,9.641873359680176,9.641642570495605,9.613459587097168
16.36,9.65189,0.0,9.642945289611816,9.65311336517334,9.63206958770752,9.614396095275879,9.599912643432617,9.634119987487793,9.645726203918457,9.640643119812012,9.637507438659668,9.643064498901367,9.633675575256348,9.657429695129395,9.664875030517578,9.631486892700195,9.635621070861816,9.641873359680176,9.641642570495605,9.613459587097168
16.37,9.64543,0.0,9.642945289611816,9.65311336517334,9.63206958770752,9.614396095275879,9.599912643432617,9.634119987487793,9.645726203918457,9.640643119812012,9.637507438659668,9.643064498901367,9.633675575256348,9.657429695129395,9.664875030517578,9.631486892700195,9.635621070861816,9.641873359680176,9.641642570495605,9.613459587097168
16.38,9.63562,0.0,9.642945289611816,9.65311336517334,9.63206958770752,9.614396095275879,9.599912643432617,9.634119987487793,9.645726203918457,9.640643119812012,9.637507438659668,9.643064498901367,9.633675575256348,9.657429695129395,9.664875030517578,9.631486892700195,9.635621070861816,9.641873359680176,9.641642570495605,9.613459587097168
16.39,9.62735,0.0,9.622044563293457,9.631409645080566,9.608560562133789,9.597612380981445,9.584064483642578,9.619354248046875,9.620976448059082,9.61328411102295,9.618800163269043,9.612448692321777,9.605167388916016,9.627585411071777,9.635647773742676,9.605619430541992,9.604174613952637,9.616522789001465,9.618474960327148,9.596565246582031
16.4,9.61904,0.0,9.622044563293457,9.631409645080566,9.608560562133789,9.597612380981445,9.584064483642578,9.619354248046875,9.620976448059082,9.61328411102295,9.618800163269043,9.612448692321777,9.605167388916016,9.627585411071777,9.635647773742676,9.605619430541992,9.604174613952637,9.616522789001465,9.618474960327148,9.596565246582031
16.41,9.61069,0.0,9.622044563293457,9.631409645080566,9.608560562133789,9.597612380981445,9.584064483642578,9.619354248046875,9.620976448059082,9.61328411102295,9.618800163269043,9.612448692321777,9.605167388916016,9.627585411071777,9.635647773742676,9.605619430541992,9.604174613952637,9.616522789001465,9.618474960327148,9.596565246582031
16.42,9.60232,0.0,9.622044563293457,9.631409645080566,9.608560562133789,9.597612380981445,9.584064483642578,9.619354248046875,9.620976448059082,9.61328411102295,9.618800163269043,9.612448692321777,9.605167388916016,9.627585411071777,9.635647773742676,9.605619430541992,9.604174613952637,9.616522789001465,9.618474960327148,9.596565246582031
16.43,9.59396,0.0,9.622044563293457,9.631409645080566,9.608560562133789,9.597612380981445,9.584064483642578,9.619354248046875,9.620976448059082,9.61328411102295,9.618800163269043,9.612448692321777,9.605167388916016,9.627585411071777,9.635647773742676,9.605619430541992,9.604174613952637,9.616522789001465,9.618474960327148,9.596565246582031
16.44,9.58561,0.0,9.601838111877441,9.612896919250488,9.589584350585938,9.581910133361816,9.569149017333984,9.606559753417969,9.599250793457031,9.591136932373047,9.602458953857422,9.58508014678955,9.580309867858887,9.598538398742676,9.608438491821289,9.578206062316895,9.575806617736816,9.590583801269531,9.595355987548828,9.577921867370605
16.45,9.5773,0.0,9.601838111877441,9.612896919250488,9.589584350585938,9.581910133361816,9.569149017333984,9.606559753417969,9.599250793457031,9.591136932373047,9.602458953857422,9.58508014678955,9.580309867858887,9.598538398742676,9.608438491821289,9.578206062316895,9.575806617736816,9.590583801269531,9.595355987548828,9.577921867370605
16.46,9.56905,0.0,9.601838111877441,9.612896919250488,9.589584350585938,9.581910133361816,9.569149017333984,9.606559753417969,9.599250793457031,9.591136932373047,9.602458953857422,9.58508014678955,9.580309867858887,9.598538398742676,9.608438491821289,9.578206062316895,9.575806617736816,9.590583801269531,9.595355987548828,9.577921867370605
16.47,9.56087,0.0,9.601838111877441,9.612896919250488,9.589584350585938,9.581910133361816,9.569149017333984,9.606559753417969,9.599250793457031,9.591136932373047,9.602458953857422,9.58508014678955,9.580309867858887,9.598538398742676,9.608438491821289,9.578206062316895,9.575806617736816,9.590583801269531,9.595355987548828,9.577921867370605
16.48,9.55278,0.0,9.601838111877441,9.612896919250488,9.589584350585938,9.581910133361816,9.569149017333984,9.606559753417969,9.599250793457031,9.591136932373047,9.602458953857422,9.58508014678955,9.580309867858887,9.598538398742676,9.608438491821289,9.578206062316895,9.575806617736816,9.590583801269531,9.595355987548828,9.577921867370605
16.49,9.54639,0.0,9.578300476074219,9.5907564163208,9.568416595458984,9.564037322998047,9.552602767944336,9.591093063354492,9.576231956481934,9.568087577819824,9.583911895751953,9.558059692382812,9.553811073303223,9.567879676818848,9.580639839172363,9.54879093170166,9.546591758728027,9.561718940734863,9.570304870605469,9.557718276977539
16.5,9.53694,0.0,9.578300476074219,9.5907564163208,9.568416595458984,9.564037322998047,9.552602767944336,9.591093063354492,9.576231956481934,9.568087577819824,9.583911895751953,9.558059692382812,9.553811073303223,9.567879676818848,9.580639839172363,9.54879093170166,9.546591758728027,9.561718940734863,9.570304870605469,9.557718276977539
16.51,9.52922,0.0,9.578300476074219,9.5907564163208,9.568416595458984,9.564037322998047,9.552602767944336,9.591093063354492,9.576231956481934,9.568087577819824,9.583911895751953,9.558059692382812,9.553811073303223,9.567879676818848,9.580639839172363,9.54879093170166,9.546591758728027,9.561718940734863,9.570304870605469,9.557718276977539
16.52,9.52165,0.0,9.578300476074219,9.5907564163208,9.568416595458984,9.564037322998047,9.552602767944336,9.591093063354492,9.576231956481934,9.568087577819824,9.583911895751953,9.558059692382812,9.553811073303223,9.567879676818848,9.580639839172363,9.54879093170166,9.546591758728027,9.561718940734863,9.570304870605469,9.557718276977539
16.53,9.51425,0.0,9.578300476074219,9.5907564163208,9.568416595458984,9.564037322998047,9.552602767944336,9.591093063354492,9.576231956481934,9.568087577819824,9.583911895751953,9.558059692382812,9.553811073303223,9.567879676818848,9.580639839172363,9.54879093170166,9.546591758728027,9.561718940734863,9.570304870605469,9.557718276977539
16.54,9.50703,0.0,9.558245658874512,9.572469711303711,9.551671981811523,9.548306465148926,9.538047790527344,9.577540397644043,9.556321144104004,9.549771308898926,9.567133903503418,9.534783363342285,9.53216552734375,9.54033088684082,9.556877136230469,9.52257251739502,9.521401405334473,9.536258697509766,9.548455238342285,9.538862228393555
16.55,9.50002,0.0,9.558245658874512,9.572469711303711,9.551671981811523,9.548306465148926,9.538047790527344,9.577540397644043,9.556321144104004,9.549771308898926,9.567133903503418,9.534783363342285,9.53216552734375,9.54033088684082,9.556877136230469,9.52257251739502,9.521401405334473,9.536258697509766,9.548455238342285,9.538862228393555
16.56,9.49321,0.0,9.558245658874512,9.572469711303711,9.551671981811523,9.548306465148926,9.538047790527344,9.577540397644043,9.556321144104004,9.549771308898926,9.567133903503418,9.534783363342285,9.53216552734375,9.54033088684082,9.556877136230469,9.52257251739502,9.521401405334473,9.536258697509766,9.548455238342285,9.538862228393555
16.57,9.48662,0.0,9.558245658874512,9.572469711303711,9.551671981811523,9.548306465148926,9.538047790527344,9.577540397644043,9.556321144104004,9.549771308898926,9.567133903503418,9.534783363342285,9.53216552734375,9.54033088684082,9.556877136230469,9.52257251739502,9.521401405334473,9.536258697509766,9.548455238342285,9.538862228393555
16.58,9.48152,0.0,9.558245658874512,9.572469711303711,9.551671981811523,9.548306465148926,9.538047790527344,9.577540397644043,9.556321144104004,9.549771308898926,9.567133903503418,9.534783363342285,9.53216552734375,9.54033088684082,9.556877136230469,9.52257251739502,9.521401405334473,9.536258697509766,9.548455238342285,9.538862228393555
16.59,9.47417,0.0,9.525554656982422,9.538999557495117,9.522976875305176,9.52354907989502,9.514094352722168,9.554738998413086,9.525248527526855,9.51739501953125,9.54196548461914,9.502318382263184,9.497400283813477,9.507266998291016,9.525552749633789,9.489992141723633,9.487242698669434,9.502873420715332,9.5172700881958,9.513211250305176
16.6,9.46833,0.0,9.525554656982422,9.538999557495117,9.522976875305176,9.52354907989502,9.514094352722168,9.554738998413086,9.525248527526855,9.51739501953125,9.54196548461914,9.502318382263184,9.497400283813477,9.507266998291016,9.525552749633789,9.489992141723633,9.487242698669434,9.502873420715332,9.5172700881958,9.513211250305176
16.61,9.46275,0.0,9.525554656982422,9.538999557495117,9.522976875305176,9.52354907989502,9.514094352722168,9.554738998413086,9.525248527526855,9.51739501953125,9.54196548461914,9.502318382263184,9.497400283813477,9.507266998291016,9.525552749633789,9.489992141723633,9.487242698669434,9.502873420715332,9.5172700881958,9.513211250305176
16.62,9.45744,0.0,9.525554656982422,9.538999557495117,9.522976875305176,9.52354907989502,9.514094352722168,9.554738998413086,9.525248527526855,9.51739501953125,9.54196548461914,9.502318382263184,9.497400283813477,9.507266998291016,9.525552749633789,9.489992141723633,9.487242698669434,9.502873420715332,9.5172700881958,9.513211250305176
16.63,9.45242,0.0,9.525554656982422,9.538999557495117,9.522976875305176,9.52354907989502,9.514094352722168,9.554738998413086,9.525248527526855,9.51739501953125,9.54196548461914,9.502318382263184,9.497400283813477,9.507266998291016,9.525552749633789,9.489992141723633,9.487242698669434,9.502873420715332,9.5172700881958,9.513211250305176
16.64,9.44769,0.0,9.494976997375488,9.506799697875977,9.49462604522705,9.497674942016602,9.488007545471191,9.530391693115234,9.49291706085205,9.48603630065918,9.514204978942871,9.462606430053711,9.458633422851562,9.469433784484863,9.488710403442383,9.4524564743042,9.448838233947754,9.465836524963379,9.479881286621094,9.479057312011719
16.65,9.44325,0.0,9.494976997375488,9.506799697875977,9.49462604522705,9.497674942016602,9.488007545471191,9.530391693115234,9.49291706085205,9.48603630065918,9.514204978942871,9.462606430053711,9.458633422851562,9.469433784484863,9.488710403442383,9.4524564743042,9.448838233947754,9.465836524963379,9.479881286621094,9.479057312011719
16.66,9.43911,0.0,9.494976997375488,9.506799697875977,9.49462604522705,9.497674942016602,9.488007545471191,9.530391693115234,9.49291706085205,9.48603630065918,9.514204978942871,9.462606430053711,9.458633422851562,9.469433784484863,9.488710403442383,9.4524564743042,9.448838233947754,9.465836524963379,9.479881286621094,9.479057312011719
16.67,9.43527,0.0,9.494976997375488,9.506799697875977,9.49462604522705,9.497674942016602,9.488007545471191,9.530391693115234,9.49291706085205,9.48603630065918,9.514204978942871,9.462606430053711,9.458633422851562,9.469433784484863,9.488710403442383,9.4524564743042,9.448838233947754,9.465836524963379,9.479881286621094,9.479057312011719
16.68,9.43173,0.0,9.494976997375488,9.506799697875977,9.49462604522705,9.497674942016602,9.488007545471191,9.530391693115234,9.49291706085205,9.48603630065918,9.514204978942871,9.462606430053711,9.458633422851562,9.469433784484863,9.488710403442383,9.4524564743042,9.448838233947754,9.465836524963379,9.479881286621094,9.479057312011719
16.69,9.4285,0.0,9.466599464416504,9.478052139282227,9.471237182617188,9.473230361938477,9.465656280517578,9.507718086242676,9.4652099609375,9.460016250610352,9.489204406738281,9.429457664489746,9.426995277404785,9.432929992675781,9.454618453979492,9.416555404663086,9.414527893066406,9.430228233337402,9.446857452392578,9.448172569274902
16.7,9.42557,0.0,9.466599464416504,9.478052139282227,9.471237182617188,9.473230361938477,9.465656280517578,9.507718086242676,9.4652099609375,9.460016250610352,9.489204406738281,9.429457664489746,9.426995277404785,9.432929992675781,9.454618453979492,9.416555404663086,9.414527893066406,9.430228233337402,9.446857452392578,9.448172569274902
16.71,9.42294,0.0,9.466599464416504,9.478052139282227,9.471237182617188,9.473230361938477,9.465656280517578,9.507718086242676,9.4652099609375,9.460016250610352,9.489204406738281,9.429457664489746,9.426995277404785,9.432929992675781,9.454618453979492,9.416555404663086,9.414527893066406,9.430228233337402,9.446857452392578,9.448172569274902
16.72,9.42062,0.0,9.466599464416504,9.478052139282227,9.471237182617188,9.473230361938477,9.465656280517578,9.507718086242676,9.4652099609375,9.460016250610352,9.489204406738281,9.429457664489746,9.426995277404785,9.432929992675781,9.454618453979492,9.416555404663086,9.414527893066406,9.430228233337402,9.446857452392578,9.448172569274902
16.73,9.41858,0.0,9.466599464416504,9.478052139282227,9.471237182617188,9.473230361938477,9.465656280517578,9.507718086242676,9.4652099609375,9.460016250610352,9.489204406738281,9.429457664489746,9.426995277404785,9.432929992675781,9.454618453979492,9.416555404663086,9.414527893066406,9.430228233337402,9.446857452392578,9.448172569274902
16.74,9.41717,0.0,9.446752548217773,9.461172103881836,9.457204818725586,9.455728530883789,9.450715065002441,9.494972229003906,9.4489107131958,9.445576667785645,9.475138664245605,9.419113159179688,9.41395092010498,9.417357444763184,9.441152572631836,9.401707649230957,9.401496887207031,9.417985916137695,9.433931350708008,9.435818672180176
16.75,9.41538,0.0,9.446752548217773,9.461172103881836,9.457204818725586,9.455728530883789,9.450715065002441,9.494972229003906,9.4489107131958,9.445576667785645,9.475138664245605,9.419113159179688,9.41395092010498,9.417357444763184,9.441152572631836,9.401707649230957,9.401496887207031,9.417985916137695,9.433931350708008,9.435818672180176
16.76,9.41421,0.0,9.446752548217773,9.461172103881836,9.457204818725586,9.455728530883789,9.450715065002441,9.494972229003906,9.4489107131958,9.445576667785645,9.475138664245605,9.419113159179688,9.41395092010498,9.417357444763184,9.441152572631836,9.401707649230957,9.401496887207031,9.417985916137695,9.433931350708008,9.435818672180176
16.77,9.4133,0.0,9.446752548217773,9.461172103881836,9.457204818725586,9.455728530883789,9.450715065002441,9.494972229003906,9.4489107131958,9.445576667785645,9.475138664245605,9.419113159179688,9.41395092010498,9.417357444763184,9.441152572631836,9.401707649230957,9.401496887207031,9.417985916137695,9.433931350708008,9.435818672180176
16.78,9.41265,0.0,9.446752548217773,9.461172103881836,9.457204818725586,9.455728530883789,9.450715065002441,9.494972229003906,9.4489107131958,9.445576667785645,9.475138664245605,9.419113159179688,9.41395092010498,9.417357444763184,9.441152572631836,9.401707649230957,9.401496887207031,9.417985916137695,9.433931350708008,9.435818672180176
16.79,9.41226,0.0,9.426132202148438,9.438481330871582,9.436816215515137,9.435070991516113,9.430914878845215,9.477210998535156,9.428983688354492,9.427253723144531,9.45602035522461,9.40809440612793,9.401705741882324,9.405930519104004,9.429187774658203,9.390887260437012,9.389863967895508,9.408403396606445,9.420248031616211,9.422233581542969
16.8,9.4121,0.0,9.426132202148438,9.438481330871582,9.436816215515137,9.435070991516113,9.430914878845215,9.477210998535156,9.428983688354492,9.427253723144531,9.45602035522461,9.40809440612793,9.401705741882324,9.405930519104004,9.429187774658203,9.390887260437012,9.389863967895508,9.408403396606445,9.420248031616211,9.422233581542969
16.81,9.41219,0.0,9.426132202148438,9.438481330871582,9.436816215515137,9.435070991516113,9.430914878845215,9.477210998535156,9.428983688354492,9.427253723144531,9.45602035522461,9.40809440612793,9.401705741882324,9.405930519104004,9.429187774658203,9.390887260437012,9.389863967895508,9.408403396606445,9.420248031616211,9.422233581542969
16.82,9.41249,0.0,9.426132202148438,9.438481330871582,9.436816215515137,9.435070991516113,9.430914878845215,9.477210998535156,9.428983688354492,9.427253723144531,9.45602035522461,9.40809440612793,9.401705741882324,9.405930519104004,9.429187774658203,9.390887260437012,9.389863967895508,9.408403396606445,9.420248031616211,9.422233581542969
16.83,9.41288,0.0,9.426132202148438,9.438481330871582,9.436816215515137,9.435070991516113,9.430914878845215,9.477210998535156,9.428983688354492,9.427253723144531,9.45602035522461,9.40809440612793,9.401705741882324,9.405930519104004,9.429187774658203,9.390887260437012,9.389863967895508,9.408403396606445,9.420248031616211,9.422233581542969
16.84,9.41371,0.0,9.404067993164062,9.408668518066406,9.410902976989746,9.411104202270508,9.406238555908203,9.45451831817627,9.405750274658203,9.40414047241211,9.431803703308105,9.388206481933594,9.383103370666504,9.388534545898438,9.40781307220459,9.373970031738281,9.371073722839355,9.390438079833984,9.396331787109375,9.399229049682617
16.85,9.41461,0.0,9.404067993164062,9.408668518066406,9.410902976989746,9.411104202270508,9.406238555908203,9.45451831817627,9.405750274658203,9.40414047241211,9.431803703308105,9.388206481933594,9.383103370666504,9.388534545898438,9.40781307220459,9.373970031738281,9.371073722839355,9.390438079833984,9.396331787109375,9.399229049682617
16.86,9.41568,0.0,9.404067993164062,9.408668518066406,9.410902976989746,9.411104202270508,9.406238555908203,9.45451831817627,9.405750274658203,9.40414047241211,9.431803703308105,9.388206481933594,9.383103370666504,9.388534545898438,9.40781307220459,9.373970031738281,9.371073722839355,9.390438079833984,9.396331787109375,9.399229049682617
16.87,9.41692,0.0,9.404067993164062,9.408668518066406,9.410902976989746,9.411104202270508,9.406238555908203,9.45451831817627,9.405750274658203,9.40414047241211,9.431803703308105,9.388206481933594,9.383103370666504,9.388534545898438,9.40781307220459,9.373970031738281,9.371073722839355,9.390438079833984,9.396331787109375,9.399229049682617
16.88,9.4183,0.0,9.404067993164062,9.408668518066406,9.410902976989746,9.411104202270508,9.406238555908203,9.45451831817627,9.405750274658203,9.40414047241211,9.431803703308105,9.388206481933594,9.383103370666504,9.388534545898438,9.40781307220459,9.373970031738281,9.371073722839355,9.390438079833984,9.396331787109375,9.399229049682617
16.89,9.41982,0.0,9.392318725585938,9.397782325744629,9.400869369506836,9.398089408874512,9.392805099487305,9.443476676940918,9.394203186035156,9.397320747375488,9.419699668884277,9.373828887939453,9.3706693649292,9.3744535446167,9.391375541687012,9.361223220825195,9.359126091003418,9.376801490783691,9.378376007080078,9.37945556640625
16.9,9.42147,0.0,9.392318725585938,9.397782325744629,9.400869369506836,9.398089408874512,9.392805099487305,9.443476676940918,9.394203186035156,9.397320747375488,9.419699668884277,9.373828887939453,9.3706693649292,9.3744535446167,9.391375541687012,9.361223220825195,9.359126091003418,9.376801490783691,9.378376007080078,9.37945556640625
16.91,9.42323,0.0,9.392318725585938,9.397782325744629,9.400869369506836,9.398089408874512,9.392805099487305,9.443476676940918,9.394203186035156,9.397320747375488,9.419699668884277,9.373828887939453,9.3706693649292,9.3744535446167,9.391375541687012,9.361223220825195,9.359126091003418,9.376801490783691,9.378376007080078,9.37945556640625
16.92,9.4251,0.0,9.392318725585938,9.397782325744629,9.400869369506836,9.398089408874512,9.392805099487305,9.443476676940918,9.394203186035156,9.397320747375488,9.419699668884277,9.373828887939453,9.3706693649292,9.3744535446167,9.391375541687012,9.361223220825195,9.359126091003418,9.376801490783691,9.378376007080078,9.37945556640625
16.93,9.42705,0.0,9.392318725585938,9.397782325744629,9.400869369506836,9.398089408874512,9.392805099487305,9.443476676940918,9.394203186035156,9.397320747375488,9.419699668884277,9.373828887939453,9.3706693649292,9.3744535446167,9.391375541687012,9.361223220825195,9.359126091003418,9.376801490783691,9.378376007080078,9.37945556640625
16.94,9.42908,0.0,9.41130542755127,9.424577713012695,9.415678024291992,9.415453910827637,9.411554336547852,9.463522911071777,9.418331146240234,9.42404842376709,9.447751998901367,9.40401840209961,9.396048545837402,9.403302192687988,9.420948028564453,9.393049240112305,9.395273208618164,9.416224479675293,9.405242919921875,9.40438461303711
16.95,9.43119,0.0,9.41130542755127,9.424577713012695,9.415678024291992,9.415453910827637,9.411554336547852,9.463522911071777,9.418331146240234,9.42404842376709,9.447751998901367,9.40401840209961,9.396048545837402,9.403302192687988,9.420948028564453,9.393049240112305,9.395273208618164,9.416224479675293,9.405242919921875,9.40438461303711
16.96,9.43334,0.0,9.41130542755127,9.424577713012695,9.415678024291992,9.415453910827637,9.411554336547852,9.463522911071777,9.418331146240234,9.42404842376709,9.447751998901367,9.40401840209961,9.396048545837402,9.403302192687988,9.420948028564453,9.393049240112305,9.395273208618164,9.416224479675293,9.405242919921875,9.40438461303711
16.97,9.43555,0.0,9.41130542755127,9.424577713012695,9.415678024291992,9.415453910827637,9.411554336547852,9.463522911071777,9.418331146240234,9.42404842376709,9.447751998901367,9.40401840209961,9.396048545837402,9.403302192687988,9.420948028564453,9.393049240112305,9.395273208618164,9.416224479675293,9.405242919921875,9.40438461303711
16.98,9.43779,0.0,9.41130542755127,9.424577713012695,9.415678024291992,9.415453910827637,9.411554336547852,9.463522911071777,9.418331146240234,9.42404842376709,9.447751998901367,9.40401840209961,9.396048545837402,9.403302192687988,9.420948028564453,9.393049240112305,9.395273208618164,9.416224479675293,9.405242919921875,9.40438461303711
16.99,9.43961,0.0,9.422430992126465,9.419541358947754,9.418108940124512,9.42315673828125,9.413963317871094,9.46682357788086,9.429319381713867,9.431922912597656,9.44930362701416,9.435894966125488,9.436935424804688,9.434155464172363,9.444785118103027,9.425796508789062,9.422769546508789,9.44593334197998,9.433164596557617,9.428011894226074
17.0,9.44235,0.0,9.422430992126465,9.419541358947754,9.418108940124512,9.42315673828125,9.413963317871094,9.46682357788086,9.429319381713867,9.431922912597656,9.44930362701416,9.435894966125488,9.436935424804688,9.434155464172363,9.444785118103027,9.425796508789062,9.422769546508789,9.44593334197998,9.433164596557617,9.428011894226074
17.01,9.44465,0.0,9.422430992126465,9.419541358947754,9.418108940124512,9.42315673828125,9.413963317871094,9.46682357788086,9.429319381713867,9.431922912597656,9.44930362701416,9.435894966125488,9.436935424804688,9.434155464172363,9.444785118103027,9.425796508789062,9.422769546508789,9.44593334197998,9.433164596557617,9.428011894226074
17.02,9.44695,0.0,9.422430992126465,9.419541358947754,9.418108940124512,9.42315673828125,9.413963317871094,9.46682357788086,9.429319381713867,9.431922912597656,9.44930362701416,9.435894966125488,9.436935424804688,9.434155464172363,9.444785118103027,9.425796508789062,9.422769546508789,9.44593334197998,9.433164596557617,9.428011894226074
17.03,9.44924,0.0,9.422430992126465,9.419541358947754,9.418108940124512,9.42315673828125,9.413963317871094,9.46682357788086,9.429319381713867,9.431922912597656,9.44930362701416,9.435894966125488,9.436935424804688,9.434155464172363,9.444785118103027,9.425796508789062,9.422769546508789,9.44593334197998,9.433164596557617,9.428011894226074
17.04,9.45152,0.0,9.432589530944824,9.420880317687988,9.425971984863281,9.432311058044434,9.419549942016602,9.470301628112793,9.442303657531738,9.437149047851562,9.455527305603027,9.441801071166992,9.460319519042969,9.45181941986084,9.459521293640137,9.440140724182129,9.441350936889648,9.456700325012207,9.433786392211914,9.441264152526855
17.05,9.45378,0.0,9.432589530944824,9.420880317687988,9.425971984863281,9.432311058044434,9.419549942016602,9.470301628112793,9.442303657531738,9.437149047851562,9.455527305603027,9.441801071166992,9.460319519042969,9.45181941986084,9.459521293640137,9.440140724182129,9.441350936889648,9.456700325012207,9.433786392211914,9.441264152526855
17.06,9.45601,0.0,9.432589530944824,9.420880317687988,9.425971984863281,9.432311058044434,9.419549942016602,9.470301628112793,9.442303657531738,9.437149047851562,9.455527305603027,9.441801071166992,9.460319519042969,9.45181941986084,9.459521293640137,9.440140724182129,9.441350936889648,9.456700325012207,9.433786392211914,9.441264152526855
17.07,9.4582,0.0,9.432589530944824,9.420880317687988,9.425971984863281,9.432311058044434,9.419549942016602,9.470301628112793,9.442303657531738,9.437149047851562,9.455527305603027,9.441801071166992,9.460319519042969,9.45181941986084,9.459521293640137,9.440140724182129,9.441350936889648,9.456700325012207,9.433786392211914,9.441264152526855
17.08,9.45992,0.0,9.432589530944824,9.420880317687988,9.425971984863281,9.432311058044434,9.419549942016602,9.470301628112793,9.442303657531738,9.437149047851562,9.455527305603027,9.441801071166992,9.460319519042969,9.45181941986084,9.459521293640137,9.440140724182129,9.441350936889648,9.456700325012207,9.433786392211914,9.441264152526855
17.09,9.46244,0.0,9.44290828704834,9.420028686523438,9.439719200134277,9.435946464538574,9.410974502563477,9.468744277954102,9.47442626953125,9.445388793945312,9.459256172180176,9.454187393188477,9.499080657958984,9.487031936645508,9.500804901123047,9.46957778930664,9.47753620147705,9.479819297790527,9.444950103759766,9.480032920837402
17.1,9.46449,0.0,9.44290828704834,9.420028686523438,9.439719200134277,9.435946464538574,9.410974502563477,9.468744277954102,9.47442626953125,9.445388793945312,9.459256172180176,9.454187393188477,9.499080657958984,9.487031936645508,9.500804901123047,9.46957778930664,9.47753620147705,9.479819297790527,9.444950103759766,9.480032920837402
17.11,9.46648,0.0,9.44290828704834,9.420028686523438,9.439719200134277,9.435946464538574,9.410974502563477,9.468744277954102,9.47442626953125,9.445388793945312,9.459256172180176,9.454187393188477,9.499080657958984,9.487031936645508,9.500804901123047,9.46957778930664,9.47753620147705,9.479819297790527,9.444950103759766,9.480032920837402
17.12,9.4684,0.0,9.44290828704834,9.420028686523438,9.439719200134277,9.435946464538574,9.410974502563477,9.468744277954102,9.47442626953125,9.445388793945312,9.459256172180176,9.454187393188477,9.499080657958984,9.487031936645508,9.500804901123047,9.46957778930664,9.47753620147705,9.479819297790527,9.444950103759766,9.480032920837402
17.13,9.47025,0.0,9.44290828704834,9.420028686523438,9.439719200134277,9.435946464538574,9.410974502563477,9.468744277954102,9.47442626953125,9.445388793945312,9.459256172180176,9.454187393188477,9.499080657958984,9.487031936645508,9.500804901123047,9.46957778930664,9.47753620147705,9.479819297790527,9.444950103759766,9.480032920837402
17.14,9.47203,0.0,9.438414573669434,9.414203643798828,9.436925888061523,9.434565544128418,9.398690223693848,9.465253829956055,9.478707313537598,9.451061248779297,9.45434856414795,9.474562644958496,9.521406173706055,9.512207984924316,9.527557373046875,9.492448806762695,9.497262001037598,9.501364707946777,9.46325969696045,9.516884803771973
17.15,9.4734,0.0,9.438414573669434,9.414203643798828,9.436925888061523,9.434565544128418,9.398690223693848,9.465253829956055,9.478707313537598,9.451061248779297,9.45434856414795,9.474562644958496,9.521406173706055,9.512207984924316,9.527557373046875,9.492448806762695,9.497262001037598,9.501364707946777,9.46325969696045,9.516884803771973
17.16,9.47536,0.00137,9.438414573669434,9.414203643798828,9.436925888061523,9.434565544128418,9.398690223693848,9.465253829956055,9.478707313537598,9.451061248779297,9.45434856414795,9.474562644958496,9.521406173706055,9.512207984924316,9.527557373046875,9.492448806762695,9.497262001037598,9.501364707946777,9.46325969696045,9.516884803771973
17.17,9.47691,0.01667,9.438414573669434,9.414203643798828,9.436925888061523,9.434565544128418,9.398690223693848,9.465253829956055,9.478707313537598,9.451061248779297,9.45434856414795,9.474562644958496,9.521406173706055,9.512207984924316,9.527557373046875,9.492448806762695,9.497262001037598,9.501364707946777,9.46325969696045,9.516884803771973
17.18,9.47837,0.03202,9.438414573669434,9.414203643798828,9.436925888061523,9.434565544128418,9.398690223693848,9.465253829956055,9.478707313537598,9.451061248779297,9.45434856414795,9.474562644958496,9.521406173706055,9.512207984924316,9.527557373046875,9.492448806762695,9.497262001037598,9.501364707946777,9.46325969696045,9.516884803771973
17.19,9.47975,0.04736,9.413450241088867,9.39370346069336,9.413910865783691,9.42165470123291,9.383237838745117,9.453372955322266,9.460209846496582,9.43760871887207,9.439380645751953,9.478530883789062,9.521859169006348,9.510444641113281,9.526633262634277,9.493037223815918,9.493668556213379,9.503485679626465,9.467705726623535,9.527777671813965
17.2,9.48105,0.06267,9.413450241088867,9.39370346069336,9.413910865783691,9.42165470123291,9.383237838745117,9.453372955322266,9.460209846496582,9.43760871887207,9.439380645751953,9.478530883789062,9.521859169006348,9.510444641113281,9.526633262634277,9.493037223815918,9.493668556213379,9.503485679626465,9.467705726623535,9.527777671813965
17.21,9.48228,0.07788,9.413450241088867,9.39370346069336,9.413910865783691,9.42165470123291,9.383237838745117,9.453372955322266,9.460209846496582,9.43760871887207,9.439380645751953,9.478530883789062,9.521859169006348,9.510444641113281,9.526633262634277,9.493037223815918,9.493668556213379,9.503485679626465,9.467705726623535,9.527777671813965
17.22,9.48342,0.09296,9.413450241088867,9.39370346069336,9.413910865783691,9.42165470123291,9.383237838745117,9.453372955322266,9.460209846496582,9.43760871887207,9.439380645751953,9.478530883789062,9.521859169006348,9.510444641113281,9.526633262634277,9.493037223815918,9.493668556213379,9.503485679626465,9.467705726623535,9.527777671813965
17.23,9.48449,0.10784,9.413450241088867,9.39370346069336,9.413910865783691,9.42165470123291,9.383237838745117,9.453372955322266,9.460209846496582,9.43760871887207,9.439380645751953,9.478530883789062,9.521859169006348,9.510444641113281,9.526633262634277,9.493037223815918,9.493668556213379,9.503485679626465,9.467705726623535,9.527777671813965
17.24,9.4853,0.11958,9.394905090332031,9.385403633117676,9.402796745300293,9.414112091064453,9.373584747314453,9.450761795043945,9.452826499938965,9.427973747253418,9.431012153625488,9.476078033447266,9.518624305725098,9.501605987548828,9.519362449645996,9.488157272338867,9.487696647644043,9.500219345092773,9.465066909790039,9.520263671875
17.25,9.48644,0.13684,9.394905090332031,9.385403633117676,9.402796745300293,9.414112091064453,9.373584747314453,9.450761795043945,9.452826499938965,9.427973747253418,9.431012153625488,9.476078033447266,9.518624305725098,9.501605987548828,9.519362449645996,9.488157272338867,9.487696647644043,9.500219345092773,9.465066909790039,9.520263671875
17.26,9.48732,0.15086,9.394905090332031,9.385403633117676,9.402796745300293,9.414112091064453,9.373584747314453,9.450761795043945,9.452826499938965,9.427973747253418,9.431012153625488,9.476078033447266,9.518624305725098,9.501605987548828,9.519362449645996,9.488157272338867,9.487696647644043,9.500219345092773,9.465066909790039,9.520263671875
17.27,9.48816,0.16449,9.394905090332031,9.385403633117676,9.402796745300293,9.414112091064453,9.373584747314453,9.450761795043945,9.452826499938965,9.427973747253418,9.431012153625488,9.476078033447266,9.518624305725098,9.501605987548828,9.519362449645996,9.488157272338867,9.487696647644043,9.500219345092773,9.465066909790039,9.520263671875
17.28,9.48895,0.17769,9.394905090332031,9.385403633117676,9.402796745300293,9.414112091064453,9.373584747314453,9.450761795043945,9.452826499938965,9.427973747253418,9.431012153625488,9.476078033447266,9.518624305725098,9.501605987548828,9.519362449645996,9.488157272338867,9.487696647644043,9.500219345092773,9.465066909790039,9.520263671875
17.29,9.48972,0.19042,9.382115364074707,9.386518478393555,9.400115013122559,9.411809921264648,9.371983528137207,9.455562591552734,9.450164794921875,9.427814483642578,9.432418823242188,9.476816177368164,9.508734703063965,9.491409301757812,9.50971508026123,9.481678009033203,9.482376098632812,9.497085571289062,9.459590911865234,9.508636474609375
17.3,9.49048,0.2026,9.382115364074707,9.386518478393555,9.400115013122559,9.411809921264648,9.371983528137207,9.455562591552734,9.450164794921875,9.427814483642578,9.432418823242188,9.476816177368164,9.508734703063965,9.491409301757812,9.50971508026123,9.481678009033203,9.482376098632812,9.497085571289062,9.459590911865234,9.508636474609375
17.31,9.49123,0.21424,9.382115364074707,9.386518478393555,9.400115013122559,9.411809921264648,9.371983528137207,9.455562591552734,9.450164794921875,9.427814483642578,9.432418823242188,9.476816177368164,9.508734703063965,9.491409301757812,9.50971508026123,9.481678009033203,9.482376098632812,9.497085571289062,9.459590911865234,9.508636474609375
17.32,9.49199,0.22529,9.382115364074707,9.386518478393555,9.400115013122559,9.411809921264648,9.371983528137207,9.455562591552734,9.450164794921875,9.427814483642578,9.432418823242188,9.476816177368164,9.508734703063965,9.491409301757812,9.50971508026123,9.481678009033203,9.482376098632812,9.497085571289062,9.459590911865234,9.508636474609375
17.33,9.49261,0.23367,9.382115364074707,9.386518478393555,9.400115013122559,9.411809921264648,9.371983528137207,9.455562591552734,9.450164794921875,9.427814483642578,9.432418823242188,9.476816177368164,9.508734703063965,9.491409301757812,9.50971508026123,9.481678009033203,9.482376098632812,9.497085571289062,9.459590911865234,9.508636474609375
17.34,9.4936,0.24547,9.380903244018555,9.396737098693848,9.405863761901855,9.42021656036377,9.379051208496094,9.469744682312012,9.449934959411621,9.43620491027832,9.442561149597168,9.485833168029785,9.500935554504395,9.483299255371094,9.499958038330078,9.481597900390625,9.477777481079102,9.498656272888184,9.463757514953613,9.495582580566406
17.35,9.49448,0.25455,9.380903244018555,9.396737098693848,9.405863761901855,9.42021656036377,9.379051208496094,9.469744682312012,9.449934959411621,9.43620491027832,9.442561149597168,9.485833168029785,9.500935554504395,9.483299255371094,9.499958038330078,9.481597900390625,9.477777481079102,9.498656272888184,9.463757514953613,9.495582580566406
17.36,9.49544,0.26294,9.380903244018555,9.396737098693848,9.405863761901855,9.42021656036377,9.379051208496094,9.469744682312012,9.449934959411621,9.43620491027832,9.442561149597168,9.485833168029785,9.500935554504395,9.483299255371094,9.499958038330078,9.481597900390625,9.477777481079102,9.498656272888184,9.463757514953613,9.495582580566406
17.37,9.49648,0.27062,9.380903244018555,9.396737098693848,9.405863761901855,9.42021656036377,9.379051208496094,9.469744682312012,9.449934959411621,9.43620491027832,9.442561149597168,9.485833168029785,9.500935554504395,9.483299255371094,9.499958038330078,9.481597900390625,9.477777481079102,9.498656272888184,9.463757514953613,9.495582580566406
17.38,9.49763,0.27758,9.380903244018555,9.396737098693848,9.405863761901855,9.42021656036377,9.379051208496094,9.469744682312012,9.449934959411621,9.43620491027832,9.442561149597168,9.485833168029785,9.500935554504395,9.483299255371094,9.499958038330078,9.481597900390625,9.477777481079102,9.498656272888184,9.463757514953613,9.495582580566406
17.39,9.49891,0.28381,9.380062103271484,9.40406322479248,9.411738395690918,9.429353713989258,9.386683464050293,9.482867240905762,9.44412612915039,9.444799423217773,9.452445030212402,9.496235847473145,9.493653297424316,9.477087020874023,9.491828918457031,9.483216285705566,9.47268009185791,9.499778747558594,9.4713773727417,9.480996131896973
17.4,9.50003,0.28828,9.380062103271484,9.40406322479248,9.411738395690918,9.429353713989258,9.386683464050293,9.482867240905762,9.44412612915039,9.444799423217773,9.452445030212402,9.496235847473145,9.493653297424316,9.477087020874023,9.491828918457031,9.483216285705566,9.47268009185791,9.499778747558594,9.4713773727417,9.480996131896973
17.41,9.5019,0.29411,9.380062103271484,9.40406322479248,9.411738395690918,9.429353713989258,9.386683464050293,9.482867240905762,9.44412612915039,9.444799423217773,9.452445030212402,9.496235847473145,9.493653297424316,9.477087020874023,9.491828918457031,9.483216285705566,9.47268009185791,9.499778747558594,9.4713773727417,9.480996131896973
17.42,9.50365,0.2982,9.380062103271484,9.40406322479248,9.411738395690918,9.429353713989258,9.386683464050293,9.482867240905762,9.44412612915039,9.444799423217773,9.452445030212402,9.496235847473145,9.493653297424316,9.477087020874023,9.491828918457031,9.483216285705566,9.47268009185791,9.499778747558594,9.4713773727417,9.480996131896973
17.43,9.50559,0.30159,9.380062103271484,9.40406322479248,9.411738395690918,9.429353713989258,9.386683464050293,9.482867240905762,9.44412612915039,9.444799423217773,9.452445030212402,9.496235847473145,9.493653297424316,9.477087020874023,9.491828918457031,9.483216285705566,9.47268009185791,9.499778747558594,9.4713773727417,9.480996131896973
17.44,9.50772,0.30431,9.382314682006836,9.419386863708496,9.42509651184082,9.441174507141113,9.399964332580566,9.498491287231445,9.441327095031738,9.459243774414062,9.465031623840332,9.508338928222656,9.491303443908691,9.474566459655762,9.486910820007324,9.485577583312988,9.47131061553955,9.50047779083252,9.480669975280762,9.462530136108398
17.45,9.51008,0.30637,9.382314682006836,9.419386863708496,9.42509651184082,9.441174507141113,9.399964332580566,9.498491287231445,9.441327095031738,9.459243774414062,9.465031623840332,9.508338928222656,9.491303443908691,9.474566459655762,9.486910820007324,9.485577583312988,9.47131061553955,9.50047779083252,9.480669975280762,9.462530136108398
17.46,9.51266,0.3078,9.382314682006836,9.419386863708496,9.42509651184082,9.441174507141113,9.399964332580566,9.498491287231445,9.441327095031738,9.459243774414062,9.465031623840332,9.508338928222656,9.491303443908691,9.474566459655762,9.486910820007324,9.485577583312988,9.47131061553955,9.50047779083252,9.480669975280762,9.462530136108398
17.47,9.51547,0.30864,9.382314682006836,9.419386863708496,9.42509651184082,9.441174507141113,9.399964332580566,9.498491287231445,9.441327095031738,9.459243774414062,9.465031623840332,9.508338928222656,9.491303443908691,9.474566459655762,9.486910820007324,9.485577583312988,9.47131061553955,9.50047779083252,9.480669975280762,9.462530136108398
17.48,9.51853,0.30891,9.382314682006836,9.419386863708496,9.42509651184082,9.441174507141113,9.399964332580566,9.498491287231445,9.441327095031738,9.459243774414062,9.465031623840332,9.508338928222656,9.491303443908691,9.474566459655762,9.486910820007324,9.485577583312988,9.47131061553955,9.50047779083252,9.480669975280762,9.462530136108398
17.49,9.52116,0.30874,9.39243221282959,9.446866035461426,9.44671630859375,9.462140083312988,9.426947593688965,9.520084381103516,9.448689460754395,9.48013973236084,9.489384651184082,9.524748802185059,9.49809455871582,9.482617378234863,9.493354797363281,9.496354103088379,9.483283042907715,9.509818077087402,9.495396614074707,9.45134449005127
17.5,9.5254,0.30787,9.39243221282959,9.446866035461426,9.44671630859375,9.462140083312988,9.426947593688965,9.520084381103516,9.448689460754395,9.48013973236084,9.489384651184082,9.524748802185059,9.49809455871582,9.482617378234863,9.493354797363281,9.496354103088379,9.483283042907715,9.509818077087402,9.495396614074707,9.45134449005127
17.51,9.52921,0.30664,9.39243221282959,9.446866035461426,9.44671630859375,9.462140083312988,9.426947593688965,9.520084381103516,9.448689460754395,9.48013973236084,9.489384651184082,9.524748802185059,9.49809455871582,9.482617378234863,9.493354797363281,9.496354103088379,9.483283042907715,9.509818077087402,9.495396614074707,9.45134449005127
17.52,9.53327,0.30497,9.39243221282959,9.446866035461426,9.44671630859375,9.462140083312988,9.426947593688965,9.520084381103516,9.448689460754395,9.48013973236084,9.489384651184082,9.524748802185059,9.49809455871582,9.482617378234863,9.493354797363281,9.496354103088379,9.483283042907715,9.509818077087402,9.495396614074707,9.45134449005127
17.53,9.53758,0.30291,9.39243221282959,9.446866035461426,9.44671630859375,9.462140083312988,9.426947593688965,9.520084381103516,9.448689460754395,9.48013973236084,9.489384651184082,9.524748802185059,9.49809455871582,9.482617378234863,9.493354797363281,9.496354103088379,9.483283042907715,9.509818077087402,9.495396614074707,9.45134449005127
17.54,9.54213,0.30048,9.415473937988281,9.483132362365723,9.47920036315918,9.491002082824707,9.464046478271484,9.548758506774902,9.472302436828613,9.510642051696777,9.522601127624512,9.542165756225586,9.512353897094727,9.500760078430176,9.512868881225586,9.51423454284668,9.504098892211914,9.5242919921875,9.511479377746582,9.450838088989258
17.55,9.54691,0.29773,9.415473937988281,9.483132362365723,9.47920036315918,9.491002082824707,9.464046478271484,9.548758506774902,9.472302436828613,9.510642051696777,9.522601127624512,9.542165756225586,9.512353897094727,9.500760078430176,9.512868881225586,9.51423454284668,9.504098892211914,9.5242919921875,9.511479377746582,9.450838088989258
17.56,9.5519,0.29467,9.415473937988281,9.483132362365723,9.47920036315918,9.491002082824707,9.464046478271484,9.548758506774902,9.472302436828613,9.510642051696777,9.522601127624512,9.542165756225586,9.512353897094727,9.500760078430176,9.512868881225586,9.51423454284668,9.504098892211914,9.5242919921875,9.511479377746582,9.450838088989258
17.57,9.5571,0.29135,9.415473937988281,9.483132362365723,9.47920036315918,9.491002082824707,9.464046478271484,9.548758506774902,9.472302436828613,9.510642051696777,9.522601127624512,9.542165756225586,9.512353897094727,9.500760078430176,9.512868881225586,9.51423454284668,9.504098892211914,9.5242919921875,9.511479377746582,9.450838088989258
17.58,9.5614,0.28851,9.415473937988281,9.483132362365723,9.47920036315918,9.491002082824707,9.464046478271484,9.548758506774902,9.472302436828613,9.510642051696777,9.522601127624512,9.542165756225586,9.512353897094727,9.500760078430176,9.512868881225586,9.51423454284668,9.504098892211914,9.5242919921875,9.511479377746582,9.450838088989258
17.59,9.56805,0.28398,9.44790267944336,9.517146110534668,9.515382766723633,9.5233154296875,9.504706382751465,9.5796537399292,9.500428199768066,9.5430908203125,9.555262565612793,9.558538436889648,9.534188270568848,9.52536678314209,9.539361953735352,9.53703784942627,9.525146484375,9.541851043701172,9.529601097106934,9.459731101989746
17.6,9.57374,0.27998,9.44790267944336,9.517146110534668,9.515382766723633,9.5233154296875,9.504706382751465,9.5796537399292,9.500428199768066,9.5430908203125,9.555262565612793,9.558538436889648,9.534188270568848,9.52536678314209,9.539361953735352,9.53703784942627,9.525146484375,9.541851043701172,9.529601097106934,9.459731101989746
17.61,9.57956,0.2758,9.44790267944336,9.517146110534668,9.515382766723633,9.5233154296875,9.504706382751465,9.5796537399292,9.500428199768066,9.5430908203125,9.555262565612793,9.558538436889648,9.534188270568848,9.52536678314209,9.539361953735352,9.53703784942627,9.525146484375,9.541851043701172,9.529601097106934,9.459731101989746
17.62,9.58547,0.27143,9.44790267944336,9.517146110534668,9.515382766723633,9.5233154296875,9.504706382751465,9.5796537399292,9.500428199768066,9.5430908203125,9.555262565612793,9.558538436889648,9.534188270568848,9.52536678314209,9.539361953735352,9.53703784942627,9.525146484375,9.541851043701172,9.529601097106934,9.459731101989746
17.63,9.59144,0.2669,9.44790267944336,9.517146110534668,9.515382766723633,9.5233154296875,9.504706382751465,9.5796537399292,9.500428199768066,9.5430908203125,9.555262565612793,9.558538436889648,9.534188270568848,9.52536678314209,9.539361953735352,9.53703784942627,9.525146484375,9.541851043701172,9.529601097106934,9.459731101989746
17.64,9.59745,0.2622,9.486605644226074,9.554729461669922,9.552767753601074,9.557927131652832,9.546615600585938,9.612955093383789,9.531804084777832,9.577754020690918,9.590422630310059,9.578688621520996,9.561508178710938,9.555164337158203,9.570881843566895,9.562896728515625,9.551006317138672,9.566092491149902,9.552351951599121,9.477689743041992
17.65,9.60226,0.25832,9.486605644226074,9.554729461669922,9.552767753601074,9.557927131652832,9.546615600585938,9.612955093383789,9.531804084777832,9.577754020690918,9.590422630310059,9.578688621520996,9.561508178710938,9.555164337158203,9.570881843566895,9.562896728515625,9.551006317138672,9.566092491149902,9.552351951599121,9.477689743041992
17.66,9.60945,0.25229,9.486605644226074,9.554729461669922,9.552767753601074,9.557927131652832,9.546615600585938,9.612955093383789,9.531804084777832,9.577754020690918,9.590422630310059,9.578688621520996,9.561508178710938,9.555164337158203,9.570881843566895,9.562896728515625,9.551006317138672,9.566092491149902,9.552351951599121,9.477689743041992
17.67,9.61537,0.24707,9.486605644226074,9.554729461669922,9.552767753601074,9.557927131652832,9.546615600585938,9.612955093383789,9.531804084777832,9.577754020690918,9.590422630310059,9.578688621520996,9.561508178710938,9.555164337158203,9.570881843566895,9.562896728515625,9.551006317138672,9.566092491149902,9.552351951599121,9.477689743041992
17.68,9.62119,0.24165,9.486605644226074,9.554729461669922,9.552767753601074,9.557927131652832,9.546615600585938,9.612955093383789,9.531804084777832,9.577754020690918,9.590422630310059,9.578688621520996,9.561508178710938,9.555164337158203,9.570881843566895,9.562896728515625,9.551006317138672,9.566092491149902,9.552351951599121,9.477689743041992
17.69,9.62689,0.23603,9.525168418884277,9.58621597290039,9.581782341003418,9.588079452514648,9.57746696472168,9.638225555419922,9.558040618896484,9.605223655700684,9.614718437194824,9.600409507751465,9.591195106506348,9.582749366760254,9.597799301147461,9.585953712463379,9.573490142822266,9.586856842041016,9.578864097595215,9.494534492492676
17.7,9.63242,0.23018,9.525168418884277,9.58621597290039,9.581782341003418,9.588079452514648,9.57746696472168,9.638225555419922,9.558040618896484,9.605223655700684,9.614718437194824,9.600409507751465,9.591195106506348,9.582749366760254,9.597799301147461,9.585953712463379,9.573490142822266,9.586856842041016,9.578864097595215,9.494534492492676
17.71,9.63774,0.22409,9.525168418884277,9.58621597290039,9.581782341003418,9.588079452514648,9.57746696472168,9.638225555419922,9.558040618896484,9.605223655700684,9.614718437194824,9.600409507751465,9.591195106506348,9.582749366760254,9.597799301147461,9.585953712463379,9.573490142822266,9.586856842041016,9.578864097595215,9.494534492492676
17.72,9.64284,0.21772,9.525168418884277,9.58621597290039,9.581782341003418,9.588079452514648,9.57746696472168,9.638225555419922,9.558040618896484,9.605223655700684,9.614718437194824,9.600409507751465,9.591195106506348,9.582749366760254,9.597799301147461,9.585953712463379,9.573490142822266,9.586856842041016,9.578864097595215,9.494534492492676
17.73,9.64767,0.21107,9.525168418884277,9.58621597290039,9.581782341003418,9.588079452514648,9.57746696472168,9.638225555419922,9.558040618896484,9.605223655700684,9.614718437194824,9.600409507751465,9.591195106506348,9.582749366760254,9.597799301147461,9.585953712463379,9.573490142822266,9.586856842041016,9.578864097595215,9.494534492492676
17.74,9.65132,0.20551,9.550664901733398,9.600544929504395,9.598663330078125,9.602673530578613,9.59095287322998,9.64837646484375,9.57543659210205,9.618321418762207,9.624743461608887,9.617050170898438,9.611695289611816,9.6068696975708,9.619342803955078,9.602691650390625,9.590505599975586,9.600729942321777,9.597915649414062,9.509041786193848
17.75,9.65641,0.19677,9.550664901733398,9.600544929504395,9.598663330078125,9.602673530578613,9.59095287322998,9.64837646484375,9.57543659210205,9.618321418762207,9.624743461608887,9.617050170898438,9.611695289611816,9.6068696975708,9.619342803955078,9.602691650390625,9.590505599975586,9.600729942321777,9.597915649414062,9.509041786193848
17.76,9.66026,0.18909,9.550664901733398,9.600544929504395,9.598663330078125,9.602673530578613,9.59095287322998,9.64837646484375,9.57543659210205,9.618321418762207,9.624743461608887,9.617050170898438,9.611695289611816,9.6068696975708,9.619342803955078,9.602691650390625,9.590505599975586,9.600729942321777,9.597915649414062,9.509041786193848
17.77,9.66372,0.18101,9.550664901733398,9.600544929504395,9.598663330078125,9.602673530578613,9.59095287322998,9.64837646484375,9.57543659210205,9.618321418762207,9.624743461608887,9.617050170898438,9.611695289611816,9.6068696975708,9.619342803955078,9.602691650390625,9.590505599975586,9.600729942321777,9.597915649414062,9.509041786193848
17.78,9.66678,0.1725,9.550664901733398,9.600544929504395,9.598663330078125,9.602673530578613,9.59095287322998,9.64837646484375,9.57543659210205,9.618321418762207,9.624743461608887,9.617050170898438,9.611695289611816,9.6068696975708,9.619342803955078,9.602691650390625,9.590505599975586,9.600729942321777,9.597915649414062,9.509041786193848
17.79,9.66941,0.16357,9.554280281066895,9.58659839630127,9.586097717285156,9.594260215759277,9.580655097961426,9.631133079528809,9.565840721130371,9.601400375366211,9.606644630432129,9.604805946350098,9.603497505187988,9.603656768798828,9.607861518859863,9.589421272277832,9.580338478088379,9.587080955505371,9.58796215057373,9.498370170593262
17.8,9.67159,0.15418,9.554280281066895,9.58659839630127,9.586097717285156,9.594260215759277,9.580655097961426,9.631133079528809,9.565840721130371,9.601400375366211,9.606644630432129,9.604805946350098,9.603497505187988,9.603656768798828,9.607861518859863,9.589421272277832,9.580338478088379,9.587080955505371,9.58796215057373,9.498370170593262
17.81,9.6733,0.14432,9.554280281066895,9.58659839630127,9.586097717285156,9.594260215759277,9.580655097961426,9.631133079528809,9.565840721130371,9.601400375366211,9.606644630432129,9.604805946350098,9.603497505187988,9.603656768798828,9.607861518859863,9.589421272277832,9.580338478088379,9.587080955505371,9.58796215057373,9.498370170593262
17.82,9.67453,0.13396,9.554280281066895,9.58659839630127,9.586097717285156,9.594260215759277,9.580655097961426,9.631133079528809,9.565840721130371,9.601400375366211,9.606644630432129,9.604805946350098,9.603497505187988,9.603656768798828,9.607861518859863,9.589421272277832,9.580338478088379,9.587080955505371,9.58796215057373,9.498370170593262
17.83,9.67516,0.12532,9.554280281066895,9.58659839630127,9.586097717285156,9.594260215759277,9.580655097961426,9.631133079528809,9.565840721130371,9.601400375366211,9.606644630432129,9.604805946350098,9.603497505187988,9.603656768798828,9.607861518859863,9.589421272277832,9.580338478088379,9.587080955505371,9.58796215057373,9.498370170593262
17.84,9.6755,0.11176,9.55943775177002,9.578937530517578,9.584138870239258,9.577566146850586,9.561389923095703,9.609603881835938,9.576897621154785,9.586628913879395,9.590725898742676,9.582164764404297,9.597299575805664,9.602866172790527,9.605112075805664,9.57478141784668,9.581759452819824,9.575139045715332,9.565852165222168,9.494404792785645
17.85,9.67523,0.0999,9.55943775177002,9.578937530517578,9.584138870239258,9.577566146850586,9.561389923095703,9.609603881835938,9.576897621154785,9.586628913879395,9.590725898742676,9.582164764404297,9.597299575805664,9.602866172790527,9.605112075805664,9.57478141784668,9.581759452819824,9.575139045715332,9.565852165222168,9.494404792785645
17.86,9.67444,0.08754,9.55943775177002,9.578937530517578,9.584138870239258,9.577566146850586,9.561389923095703,9.609603881835938,9.576897621154785,9.586628913879395,9.590725898742676,9.582164764404297,9.597299575805664,9.602866172790527,9.605112075805664,9.57478141784668,9.581759452819824,9.575139045715332,9.565852165222168,9.494404792785645
17.87,9.67314,0.07469,9.55943775177002,9.578937530517578,9.584138870239258,9.577566146850586,9.561389923095703,9.609603881835938,9.576897621154785,9.586628913879395,9.590725898742676,9.582164764404297,9.597299575805664,9.602866172790527,9.605112075805664,9.57478141784668,9.581759452819824,9.575139045715332,9.565852165222168,9.494404792785645
17.88,9.67133,0.06136,9.55943775177002,9.578937530517578,9.584138870239258,9.577566146850586,9.561389923095703,9.609603881835938,9.576897621154785,9.586628913879395,9.590725898742676,9.582164764404297,9.597299575805664,9.602866172790527,9.605112075805664,9.57478141784668,9.581759452819824,9.575139045715332,9.565852165222168,9.494404792785645
17.89,9.66901,0.04754,9.568306922912598,9.582626342773438,9.58492374420166,9.563398361206055,9.54690933227539,9.592610359191895,9.589125633239746,9.589033126831055,9.582626342773438,9.582084655761719,9.59814739227295,9.610700607299805,9.614479064941406,9.576150894165039,9.59123420715332,9.578274726867676,9.565177917480469,9.518399238586426
17.9,9.66681,0.03622,9.568306922912598,9.582626342773438,9.58492374420166,9.563398361206055,9.54690933227539,9.592610359191895,9.589125633239746,9.589033126831055,9.582626342773438,9.582084655761719,9.59814739227295,9.610700607299805,9.614479064941406,9.576150894165039,9.59123420715332,9.578274726867676,9.565177917480469,9.518399238586426
17.91,9.66291,0.0187,9.568306922912598,9.582626342773438,9.58492374420166,9.563398361206055,9.54690933227539,9.592610359191895,9.589125633239746,9.589033126831055,9.582626342773438,9.582084655761719,9.59814739227295,9.610700607299805,9.614479064941406,9.576150894165039,9.59123420715332,9.578274726867676,9.565177917480469,9.518399238586426
17.92,9.65914,0.00368,9.568306922912598,9.582626342773438,9.58492374420166,9.563398361206055,9.54690933227539,9.592610359191895,9.589125633239746,9.589033126831055,9.582626342773438,9.582084655761719,9.59814739227295,9.610700607299805,9.614479064941406,9.576150894165039,9.59123420715332,9.578274726867676,9.565177917480469,9.518399238586426
17.93,9.65491,0.0,9.568306922912598,9.582626342773438,9.58492374420166,9.563398361206055,9.54690933227539,9.592610359191895,9.589125633239746,9.589033126831055,9.582626342773438,9.582084655761719,9.59814739227295,9.610700607299805,9.614479064941406,9.576150894165039,9.59123420715332,9.578274726867676,9.565177917480469,9.518399238586426
17.94,9.65024,0.0,9.571497917175293,9.58333683013916,9.577181816101074,9.554798126220703,9.539989471435547,9.58239459991455,9.5872163772583,9.589046478271484,9.578149795532227,9.594529151916504,9.594614028930664,9.613566398620605,9.617271423339844,9.5830659866333,9.59443187713623,9.589803695678711,9.579668998718262,9.545923233032227
17.95,9.64515,0.0,9.571497917175293,9.58333683013916,9.577181816101074,9.554798126220703,9.539989471435547,9.58239459991455,9.5872163772583,9.589046478271484,9.578149795532227,9.594529151916504,9.594614028930664,9.613566398620605,9.617271423339844,9.5830659866333,9.59443187713623,9.589803695678711,9.579668998718262,9.545923233032227
17.96,9.63965,0.0,9.571497917175293,9.58333683013916,9.577181816101074,9.554798126220703,9.539989471435547,9.58239459991455,9.5872163772583,9.589046478271484,9.578149795532227,9.594529151916504,9.594614028930664,9.613566398620605,9.617271423339844,9.5830659866333,9.59443187713623,9.589803695678711,9.579668998718262,9.545923233032227
17.97,9.63378,0.0,9.571497917175293,9.58333683013916,9.577181816101074,9.554798126220703,9.539989471435547,9.58239459991455,9.5872163772583,9.589046478271484,9.578149795532227,9.594529151916504,9.594614028930664,9.613566398620605,9.617271423339844,9.5830659866333,9.59443187713623,9.589803695678711,9.579668998718262,9.545923233032227
17.98,9.62755,0.0,9.571497917175293,9.58333683013916,9.577181816101074,9.554798126220703,9.539989471435547,9.58239459991455,9.5872163772583,9.589046478271484,9.578149795532227,9.594529151916504,9.594614028930664,9.613566398620605,9.617271423339844,9.5830659866333,9.59443187713623,9.589803695678711,9.579668998718262,9.545923233032227
17.99,9.62234,0.0,9.564027786254883,9.572521209716797,9.561504364013672,9.544638633728027,9.531021118164062,9.571091651916504,9.572166442871094,9.574422836303711,9.566819190979004,9.5858154296875,9.57899284362793,9.600035667419434,9.602923393249512,9.575392723083496,9.57927131652832,9.584022521972656,9.57701301574707,9.551878929138184
18.0,9.61415,0.0,9.564027786254883,9.572521209716797,9.561504364013672,9.544638633728027,9.531021118164062,9.571091651916504,9.572166442871094,9.574422836303711,9.566819190979004,9.5858154296875,9.57899284362793,9.600035667419434,9.602923393249512,9.575392723083496,9.57927131652832,9.584022521972656,9.57701301574707,9.551878929138184
18.01,9.60702,0.0,9.564027786254883,9.572521209716797,9.561504364013672,9.544638633728027,9.531021118164062,9.571091651916504,9.572166442871094,9.574422836303711,9.566819190979004,9.5858154296875,9.57899284362793,9.600035667419434,9.602923393249512,9.575392723083496,9.57927131652832,9.584022521972656,9.57701301574707,9.551878929138184
18.02,9.59964,0.0,9.564027786254883,9.572521209716797,9.561504364013672,9.544638633728027,9.531021118164062,9.571091651916504,9.572166442871094,9.574422836303711,9.566819190979004,9.5858154296875,9.57899284362793,9.600035667419434,9.602923393249512,9.575392723083496,9.57927131652832,9.584022521972656,9.57701301574707,9.551878929138184
18.03,9.59205,0.0,9.564027786254883,9.572521209716797,9.561504364013672,9.544638633728027,9.531021118164062,9.571091651916504,9.572166442871094,9.574422836303711,9.566819190979004,9.5858154296875,9.57899284362793,9.600035667419434,9.602923393249512,9.575392723083496,9.57927131652832,9.584022521972656,9.57701301574707,9.551878929138184
18.04,9.58427,0.0,9.547978401184082,9.556291580200195,9.541311264038086,9.531119346618652,9.516563415527344,9.557500839233398,9.551712036132812,9.55177116394043,9.551446914672852,9.562602043151855,9.555726051330566,9.576910972595215,9.58025074005127,9.555686950683594,9.554549217224121,9.565046310424805,9.561568260192871,9.541143417358398
18.05,9.57634,0.0,9.547978401184082,9.556291580200195,9.541311264038086,9.531119346618652,9.516563415527344,9.557500839233398,9.551712036132812,9.55177116394043,9.551446914672852,9.562602043151855,9.555726051330566,9.576910972595215,9.58025074005127,9.555686950683594,9.554549217224121,9.565046310424805,9.561568260192871,9.541143417358398
18.06,9.56827,0.0,9.547978401184082,9.556291580200195,9.541311264038086,9.531119346618652,9.516563415527344,9.557500839233398,9.551712036132812,9.55177116394043,9.551446914672852,9.562602043151855,9.555726051330566,9.576910972595215,9.58025074005127,9.555686950683594,9.554549217224121,9.565046310424805,9.561568260192871,9.541143417358398
18.07,9.56011,0.0,9.547978401184082,9.556291580200195,9.541311264038086,9.531119346618652,9.516563415527344,9.557500839233398,9.551712036132812,9.55177116394043,9.551446914672852,9.562602043151855,9.555726051330566,9.576910972595215,9.58025074005127,9.555686950683594,9.554549217224121,9.565046310424805,9.561568260192871,9.541143417358398
18.08,9.55352,0.0,9.547978401184082,9.556291580200195,9.541311264038086,9.531119346618652,9.516563415527344,9.557500839233398,9.551712036132812,9.55177116394043,9.551446914672852,9.562602043151855,9.555726051330566,9.576910972595215,9.58025074005127,9.555686950683594,9.554549217224121,9.565046310424805,9.561568260192871,9.541143417358398
18.09,9.54359,0.0,9.526925086975098,9.53553295135498,9.520051956176758,9.514093399047852,9.498879432678223,9.541254043579102,9.528185844421387,9.526312828063965,9.533167839050293,9.530458450317383,9.525605201721191,9.544883728027344,9.549591064453125,9.524920463562012,9.522132873535156,9.534754753112793,9.534894943237305,9.51889705657959
18.1,9.5353,0.0,9.526925086975098,9.53553295135498,9.520051956176758,9.514093399047852,9.498879432678223,9.541254043579102,9.528185844421387,9.526312828063965,9.533167839050293,9.530458450317383,9.525605201721191,9.544883728027344,9.549591064453125,9.524920463562012,9.522132873535156,9.534754753112793,9.534894943237305,9.51889705657959
18.11,9.52703,0.0,9.526925086975098,9.53553295135498,9.520051956176758,9.514093399047852,9.498879432678223,9.541254043579102,9.528185844421387,9.526312828063965,9.533167839050293,9.530458450317383,9.525605201721191,9.544883728027344,9.549591064453125,9.524920463562012,9.522132873535156,9.534754753112793,9.534894943237305,9.51889705657959
18.12,9.51879,0.0,9.526925086975098,9.53553295135498,9.520051956176758,9.514093399047852,9.498879432678223,9.541254043579102,9.528185844421387,9.526312828063965,9.533167839050293,9.530458450317383,9.525605201721191,9.544883728027344,9.549591064453125,9.524920463562012,9.522132873535156,9.534754753112793,9.534894943237305,9.51889705657959
18.13,9.51062,0.0,9.526925086975098,9.53553295135498,9.520051956176758,9.514093399047852,9.498879432678223,9.541254043579102,9.528185844421387,9.526312828063965,9.533167839050293,9.530458450317383,9.525605201721191,9.544883728027344,9.549591064453125,9.524920463562012,9.522132873535156,9.534754753112793,9.534894943237305,9.51889705657959
18.14,9.50254,0.0,9.504446983337402,9.51477336883545,9.498310089111328,9.496159553527832,9.481673240661621,9.524293899536133,9.505850791931152,9.502703666687012,9.51447868347168,9.499404907226562,9.49555778503418,9.510815620422363,9.518743515014648,9.491891860961914,9.489501953125,9.502516746520996,9.506936073303223,9.495104789733887
18.15,9.49616,0.0,9.504446983337402,9.51477336883545,9.498310089111328,9.496159553527832,9.481673240661621,9.524293899536133,9.505850791931152,9.502703666687012,9.51447868347168,9.499404907226562,9.49555778503418,9.510815620422363,9.518743515014648,9.491891860961914,9.489501953125,9.502516746520996,9.506936073303223,9.495104789733887
18.16,9.48676,0.0,9.504446983337402,9.51477336883545,9.498310089111328,9.496159553527832,9.481673240661621,9.524293899536133,9.505850791931152,9.502703666687012,9.51447868347168,9.499404907226562,9.49555778503418,9.510815620422363,9.518743515014648,9.491891860961914,9.489501953125,9.502516746520996,9.506936073303223,9.495104789733887
18.17,9.4791,0.0,9.504446983337402,9.51477336883545,9.498310089111328,9.496159553527832,9.481673240661621,9.524293899536133,9.505850791931152,9.502703666687012,9.51447868347168,9.499404907226562,9.49555778503418,9.510815620422363,9.518743515014648,9.491891860961914,9.489501953125,9.502516746520996,9.506936073303223,9.495104789733887
18.18,9.47162,0.0,9.504446983337402,9.51477336883545,9.498310089111328,9.496159553527832,9.481673240661621,9.524293899536133,9.505850791931152,9.502703666687012,9.51447868347168,9.499404907226562,9.49555778503418,9.510815620422363,9.518743515014648,9.491891860961914,9.489501953125,9.502516746520996,9.506936073303223,9.495104789733887
18.19,9.46434,0.0,9.482657432556152,9.494681358337402,9.479522705078125,9.478436470031738,9.465164184570312,9.508573532104492,9.48403549194336,9.48086929321289,9.496519088745117,9.471450805664062,9.467799186706543,9.479705810546875,9.491424560546875,9.46200942993164,9.459941864013672,9.473868370056152,9.48169231414795,9.472564697265625
18.2,9.45728,0.0,9.482657432556152,9.494681358337402,9.479522705078125,9.478436470031738,9.465164184570312,9.508573532104492,9.48403549194336,9.48086929321289,9.496519088745117,9.471450805664062,9.467799186706543,9.479705810546875,9.491424560546875,9.46200942993164,9.459941864013672,9.473868370056152,9.48169231414795,9.472564697265625
18.21,9.45045,0.0,9.482657432556152,9.494681358337402,9.479522705078125,9.478436470031738,9.465164184570312,9.508573532104492,9.48403549194336,9.48086929321289,9.496519088745117,9.471450805664062,9.467799186706543,9.479705810546875,9.491424560546875,9.46200942993164,9.459941864013672,9.473868370056152,9.48169231414795,9.472564697265625
18.22,9.44387,0.0,9.482657432556152,9.494681358337402,9.479522705078125,9.478436470031738,9.465164184570312,9.508573532104492,9.48403549194336,9.48086929321289,9.496519088745117,9.471450805664062,9.467799186706543,9.479705810546875,9.491424560546875,9.46200942993164,9.459941864013672,9.473868370056152,9.48169231414795,9.472564697265625
18.23,9.43755,0.0,9.482657432556152,9.494681358337402,9.479522705078125,9.478436470031738,9.465164184570312,9.508573532104492,9.48403549194336,9.48086929321289,9.496519088745117,9.471450805664062,9.467799186706543,9.479705810546875,9.491424560546875,9.46200942993164,9.459941864013672,9.473868370056152,9.48169231414795,9.472564697265625
18.24,9.4327,0.0,9.460261344909668,9.473121643066406,9.459985733032227,9.459775924682617,9.447894096374512,9.492050170898438,9.461525917053223,9.459063529968262,9.477806091308594,9.445093154907227,9.440801620483398,9.450470924377441,9.465155601501465,9.433473587036133,9.432025909423828,9.446508407592773,9.456336975097656,9.450818061828613
18.25,9.42575,0.0,9.460261344909668,9.473121643066406,9.459985733032227,9.459775924682617,9.447894096374512,9.492050170898438,9.461525917053223,9.459063529968262,9.477806091308594,9.445093154907227,9.440801620483398,9.450470924377441,9.465155601501465,9.433473587036133,9.432025909423828,9.446508407592773,9.456336975097656,9.450818061828613
18.26,9.42029,0.0,9.460261344909668,9.473121643066406,9.459985733032227,9.459775924682617,9.447894096374512,9.492050170898438,9.461525917053223,9.459063529968262,9.477806091308594,9.445093154907227,9.440801620483398,9.450470924377441,9.465155601501465,9.433473587036133,9.432025909423828,9.446508407592773,9.456336975097656,9.450818061828613
18.27,9.41512,0.0,9.460261344909668,9.473121643066406,9.459985733032227,9.459775924682617,9.447894096374512,9.492050170898438,9.461525917053223,9.459063529968262,9.477806091308594,9.445093154907227,9.440801620483398,9.450470924377441,9.465155601501465,9.433473587036133,9.432025909423828,9.446508407592773,9.456336975097656,9.450818061828613
18.28,9.41026,0.0,9.460261344909668,9.473121643066406,9.459985733032227,9.459775924682617,9.447894096374512,9.492050170898438,9.461525917053223,9.459063529968262,9.477806091308594,9.445093154907227,9.440801620483398,9.450470924377441,9.465155601501465,9.433473587036133,9.432025909423828,9.446508407592773,9.456336975097656,9.450818061828613
18.29,9.40571,0.0,9.434844970703125,9.447768211364746,9.436873435974121,9.438819885253906,9.427597999572754,9.472257614135742,9.436142921447754,9.43381404876709,9.45616340637207,9.417078018188477,9.412362098693848,9.421212196350098,9.43801212310791,9.404631614685059,9.40308666229248,9.418205261230469,9.429312705993652,9.426959037780762
18.3,9.40147,0.0,9.434844970703125,9.447768211364746,9.436873435974121,9.438819885253906,9.427597999572754,9.472257614135742,9.436142921447754,9.43381404876709,9.45616340637207,9.417078018188477,9.412362098693848,9.421212196350098,9.43801212310791,9.404631614685059,9.40308666229248,9.418205261230469,9.429312705993652,9.426959037780762
18.31,9.39753,0.0,9.434844970703125,9.447768211364746,9.436873435974121,9.438819885253906,9.427597999572754,9.472257614135742,9.436142921447754,9.43381404876709,9.45616340637207,9.417078018188477,9.412362098693848,9.421212196350098,9.43801212310791,9.404631614685059,9.40308666229248,9.418205261230469,9.429312705993652,9.426959037780762
18.32,9.39391,0.0,9.434844970703125,9.447768211364746,9.436873435974121,9.438819885253906,9.427597999572754,9.472257614135742,9.436142921447754,9.43381404876709,9.45616340637207,9.417078018188477,9.412362098693848,9.421212196350098,9.43801212310791,9.404631614685059,9.40308666229248,9.418205261230469,9.429312705993652,9.426959037780762
18.33,9.39122,0.0,9.434844970703125,9.447768211364746,9.436873435974121,9.438819885253906,9.427597999572754,9.472257614135742,9.436142921447754,9.43381404876709,9.45616340637207,9.417078018188477,9.412362098693848,9.421212196350098,9.43801212310791,9.404631614685059,9.40308666229248,9.418205261230469,9.429312705993652,9.426959037780762
18.34,9.38756,0.0,9.410996437072754,9.424283981323242,9.416218757629395,9.418685913085938,9.408272743225098,9.453866004943848,9.41290283203125,9.411032676696777,9.435961723327637,9.392552375793457,9.387092590332031,9.395628929138184,9.413911819458008,9.379408836364746,9.377840042114258,9.393561363220215,9.405182838439941,9.405167579650879
18.35,9.38483,0.0,9.410996437072754,9.424283981323242,9.416218757629395,9.418685913085938,9.408272743225098,9.453866004943848,9.41290283203125,9.411032676696777,9.435961723327637,9.392552375793457,9.387092590332031,9.395628929138184,9.413911819458008,9.379408836364746,9.377840042114258,9.393561363220215,9.405182838439941,9.405167579650879
18.36,9.38237,0.0,9.410996437072754,9.424283981323242,9.416218757629395,9.418685913085938,9.408272743225098,9.453866004943848,9.41290283203125,9.411032676696777,9.435961723327637,9.392552375793457,9.387092590332031,9.395628929138184,9.413911819458008,9.379408836364746,9.377840042114258,9.393561363220215,9.405182838439941,9.405167579650879
18.37,9.3802,0.0,9.410996437072754,9.424283981323242,9.416218757629395,9.418685913085938,9.408272743225098,9.453866004943848,9.41290283203125,9.411032676696777,9.435961723327637,9.392552375793457,9.387092590332031,9.395628929138184,9.413911819458008,9.379408836364746,9.377840042114258,9.393561363220215,9.405182838439941,9.405167579650879
18.38,9.37828,0.0,9.410996437072754,9.424283981323242,9.416218757629395,9.418685913085938,9.408272743225098,9.453866004943848,9.41290283203125,9.411032676696777,9.435961723327637,9.392552375793457,9.387092590332031,9.395628929138184,9.413911819458008,9.379408836364746,9.377840042114258,9.393561363220215,9.405182838439941,9.405167579650879
18.39,9.37661,0.0,9.391678810119629,9.404264450073242,9.398355484008789,9.399755477905273,9.391048431396484,9.437490463256836,9.394423484802246,9.394124031066895,9.418133735656738,9.375959396362305,9.370376586914062,9.376237869262695,9.395792007446289,9.360373497009277,9.359976768493652,9.375957489013672,9.386603355407715,9.387992858886719
18.4,9.37544,0.0,9.391678810119629,9.404264450073242,9.398355484008789,9.399755477905273,9.391048431396484,9.437490463256836,9.394423484802246,9.394124031066895,9.418133735656738,9.375959396362305,9.370376586914062,9.376237869262695,9.395792007446289,9.360373497009277,9.359976768493652,9.375957489013672,9.386603355407715,9.387992858886719
18.41,9.37395,0.0,9.391678810119629,9.404264450073242,9.398355484008789,9.399755477905273,9.391048431396484,9.437490463256836,9.394423484802246,9.394124031066895,9.418133735656738,9.375959396362305,9.370376586914062,9.376237869262695,9.395792007446289,9.360373497009277,9.359976768493652,9.375957489013672,9.386603355407715,9.387992858886719
18.42,9.37293,0.0,9.391678810119629,9.404264450073242,9.398355484008789,9.399755477905273,9.391048431396484,9.437490463256836,9.394423484802246,9.394124031066895,9.418133735656738,9.375959396362305,9.370376586914062,9.376237869262695,9.395792007446289,9.360373497009277,9.359976768493652,9.375957489013672,9.386603355407715,9.387992858886719
18.43,9.37209,0.0,9.391678810119629,9.404264450073242,9.398355484008789,9.399755477905273,9.391048431396484,9.437490463256836,9.394423484802246,9.394124031066895,9.418133735656738,9.375959396362305,9.370376586914062,9.376237869262695,9.395792007446289,9.360373497009277,9.359976768493652,9.375957489013672,9.386603355407715,9.387992858886719
18.44,9.37142,0.0,9.373961448669434,9.385802268981934,9.380317687988281,9.381875038146973,9.373831748962402,9.422064781188965,9.377769470214844,9.378657341003418,9.401604652404785,9.365859985351562,9.359980583190918,9.364890098571777,9.384225845336914,9.349468231201172,9.349068641662598,9.365928649902344,9.374324798583984,9.374689102172852
18.45,9.37089,0.0,9.373961448669434,9.385802268981934,9.380317687988281,9.381875038146973,9.373831748962402,9.422064781188965,9.377769470214844,9.378657341003418,9.401604652404785,9.365859985351562,9.359980583190918,9.364890098571777,9.384225845336914,9.349468231201172,9.349068641662598,9.365928649902344,9.374324798583984,9.374689102172852
18.46,9.37048,0.0,9.373961448669434,9.385802268981934,9.380317687988281,9.381875038146973,9.373831748962402,9.422064781188965,9.377769470214844,9.378657341003418,9.401604652404785,9.365859985351562,9.359980583190918,9.364890098571777,9.384225845336914,9.349468231201172,9.349068641662598,9.365928649902344,9.374324798583984,9.374689102172852
18.47,9.37018,0.0,9.373961448669434,9.385802268981934,9.380317687988281,9.381875038146973,9.373831748962402,9.422064781188965,9.377769470214844,9.378657341003418,9.401604652404785,9.365859985351562,9.359980583190918,9.364890098571777,9.384225845336914,9.349468231201172,9.349068641662598,9.365928649902344,9.374324798583984,9.374689102172852
18.48,9.36996,0.0,9.373961448669434,9.385802268981934,9.380317687988281,9.381875038146973,9.373831748962402,9.422064781188965,9.377769470214844,9.378657341003418,9.401604652404785,9.365859985351562,9.359980583190918,9.364890098571777,9.384225845336914,9.349468231201172,9.349068641662598,9.365928649902344,9.374324798583984,9.374689102172852
18.49,9.36983,0.0,9.356290817260742,9.365189552307129,9.361571311950684,9.363533020019531,9.35501766204834,9.404620170593262,9.35987377166748,9.362110137939453,9.383241653442383,9.354374885559082,9.348665237426758,9.354230880737305,9.370636940002441,9.33877944946289,9.33810043334961,9.354854583740234,9.359695434570312,9.35928726196289
18.5,9.36968,0.0,9.356290817260742,9.365189552307129,9.361571311950684,9.363533020019531,9.35501766204834,9.404620170593262,9.35987377166748,9.362110137939453,9.383241653442383,9.354374885559082,9.348665237426758,9.354230880737305,9.370636940002441,9.33877944946289,9.33810043334961,9.354854583740234,9.359695434570312,9.35928726196289
18.51,9.36959,0.0,9.356290817260742,9.365189552307129,9.361571311950684,9.363533020019531,9.35501766204834,9.404620170593262,9.35987377166748,9.362110137939453,9.383241653442383,9.354374885559082,9.348665237426758,9.354230880737305,9.370636940002441,9.33877944946289,9.33810043334961,9.354854583740234,9.359695434570312,9.35928726196289
18.52,9.3695,0.0,9.356290817260742,9.365189552307129,9.361571311950684,9.363533020019531,9.35501766204834,9.404620170593262,9.35987377166748,9.362110137939453,9.383241653442383,9.354374885559082,9.348665237426758,9.354230880737305,9.370636940002441,9.33877944946289,9.33810043334961,9.354854583740234,9.359695434570312,9.35928726196289
18.53,9.36939,0.0,9.356290817260742,9.365189552307129,9.361571311950684,9.363533020019531,9.35501766204834,9.404620170593262,9.35987377166748,9.362110137939453,9.383241653442383,9.354374885559082,9.348665237426758,9.354230880737305,9.370636940002441,9.33877944946289,9.33810043334961,9.354854583740234,9.359695434570312,9.35928726196289
18.54,9.36925,0.0,9.335309028625488,9.340306282043457,9.337869644165039,9.341419219970703,9.331700325012207,9.383015632629395,9.338701248168945,9.341931343078613,9.36135196685791,9.337606430053711,9.331924438476562,9.339973449707031,9.352296829223633,9.324250221252441,9.323144912719727,9.339792251586914,9.339794158935547,9.338345527648926
18.55,9.36906,0.0,9.335309028625488,9.340306282043457,9.337869644165039,9.341419219970703,9.331700325012207,9.383015632629395,9.338701248168945,9.341931343078613,9.36135196685791,9.337606430053711,9.331924438476562,9.339973449707031,9.352296829223633,9.324250221252441,9.323144912719727,9.339792251586914,9.339794158935547,9.338345527648926
18.56,9.3688,0.0,9.335309028625488,9.340306282043457,9.337869644165039,9.341419219970703,9.331700325012207,9.383015632629395,9.338701248168945,9.341931343078613,9.36135196685791,9.337606430053711,9.331924438476562,9.339973449707031,9.352296829223633,9.324250221252441,9.323144912719727,9.339792251586914,9.339794158935547,9.338345527648926
18.57,9.36845,0.0,9.335309028625488,9.340306282043457,9.337869644165039,9.341419219970703,9.331700325012207,9.383015632629395,9.338701248168945,9.341931343078613,9.36135196685791,9.337606430053711,9.331924438476562,9.339973449707031,9.352296829223633,9.324250221252441,9.323144912719727,9.339792251586914,9.339794158935547,9.338345527648926
18.58,9.36811,0.0,9.335309028625488,9.340306282043457,9.337869644165039,9.341419219970703,9.331700325012207,9.383015632629395,9.338701248168945,9.341931343078613,9.36135196685791,9.337606430053711,9.331924438476562,9.339973449707031,9.352296829223633,9.324250221252441,9.323144912719727,9.339792251586914,9.339794158935547,9.338345527648926
18.59,9.36746,0.0,9.32072925567627,9.325047492980957,9.321846008300781,9.325620651245117,9.314835548400879,9.367940902709961,9.32519817352295,9.330303192138672,9.347185134887695,9.328710556030273,9.322980880737305,9.332096099853516,9.340694427490234,9.31643295288086,9.316574096679688,9.332430839538574,9.32800006866455,9.32361888885498
18.6,9.3668,0.0,9.32072925567627,9.325047492980957,9.321846008300781,9.325620651245117,9.314835548400879,9.367940902709961,9.32519817352295,9.330303192138672,9.347185134887695,9.328710556030273,9.322980880737305,9.332096099853516,9.340694427490234,9.31643295288086,9.316574096679688,9.332430839538574,9.32800006866455,9.32361888885498
18.61,9.366,0.0,9.32072925567627,9.325047492980957,9.321846008300781,9.325620651245117,9.314835548400879,9.367940902709961,9.32519817352295,9.330303192138672,9.347185134887695,9.328710556030273,9.322980880737305,9.332096099853516,9.340694427490234,9.31643295288086,9.316574096679688,9.332430839538574,9.32800006866455,9.32361888885498
18.62,9.36507,0.0,9.32072925567627,9.325047492980957,9.321846008300781,9.325620651245117,9.314835548400879,9.367940902709961,9.32519817352295,9.330303192138672,9.347185134887695,9.328710556030273,9.322980880737305,9.332096099853516,9.340694427490234,9.31643295288086,9.316574096679688,9.332430839538574,9.32800006866455,9.32361888885498
18.63,9.364,0.0,9.32072925567627,9.325047492980957,9.321846008300781,9.325620651245117,9.314835548400879,9.367940902709961,9.32519817352295,9.330303192138672,9.347185134887695,9.328710556030273,9.322980880737305,9.332096099853516,9.340694427490234,9.31643295288086,9.316574096679688,9.332430839538574,9.32800006866455,9.32361888885498
18.64,9.36278,0.0,9.311037063598633,9.312943458557129,9.309144973754883,9.313481330871582,9.302821159362793,9.355352401733398,9.317001342773438,9.32352066040039,9.336190223693848,9.329221725463867,9.324441909790039,9.331270217895508,9.336904525756836,9.316186904907227,9.31792163848877,9.332602500915527,9.324971199035645,9.317286491394043
18.65,9.3617,0.0,9.311037063598633,9.312943458557129,9.309144973754883,9.313481330871582,9.302821159362793,9.355352401733398,9.317001342773438,9.32352066040039,9.336190223693848,9.329221725463867,9.324441909790039,9.331270217895508,9.336904525756836,9.316186904907227,9.31792163848877,9.332602500915527,9.324971199035645,9.317286491394043
18.66,9.3599,0.0,9.311037063598633,9.312943458557129,9.309144973754883,9.313481330871582,9.302821159362793,9.355352401733398,9.317001342773438,9.32352066040039,9.336190223693848,9.329221725463867,9.324441909790039,9.331270217895508,9.336904525756836,9.316186904907227,9.31792163848877,9.332602500915527,9.324971199035645,9.317286491394043
18.67,9.35824,0.0,9.311037063598633,9.312943458557129,9.309144973754883,9.313481330871582,9.302821159362793,9.355352401733398,9.317001342773438,9.32352066040039,9.336190223693848,9.329221725463867,9.324441909790039,9.331270217895508,9.336904525756836,9.316186904907227,9.31792163848877,9.332602500915527,9.324971199035645,9.317286491394043
18.68,9.35644,0.0,9.311037063598633,9.312943458557129,9.309144973754883,9.313481330871582,9.302821159362793,9.355352401733398,9.317001342773438,9.32352066040039,9.336190223693848,9.329221725463867,9.324441909790039,9.331270217895508,9.336904525756836,9.316186904907227,9.31792163848877,9.332602500915527,9.324971199035645,9.317286491394043
18.69,9.35449,0.0,9.311558723449707,9.305450439453125,9.309770584106445,9.308906555175781,9.298707008361816,9.347355842590332,9.33060073852539,9.321590423583984,9.33315658569336,9.329124450683594,9.342910766601562,9.342734336853027,9.349920272827148,9.324377059936523,9.333663940429688,9.340902328491211,9.319581985473633,9.324867248535156
18.7,9.35241,0.0,9.311558723449707,9.305450439453125,9.309770584106445,9.308906555175781,9.298707008361816,9.347355842590332,9.33060073852539,9.321590423583984,9.33315658569336,9.329124450683594,9.342910766601562,9.342734336853027,9.349920272827148,9.324377059936523,9.333663940429688,9.340902328491211,9.319581985473633,9.324867248535156
18.71,9.3502,0.0,9.311558723449707,9.305450439453125,9.309770584106445,9.308906555175781,9.298707008361816,9.347355842590332,9.33060073852539,9.321590423583984,9.33315658569336,9.329124450683594,9.342910766601562,9.342734336853027,9.349920272827148,9.324377059936523,9.333663940429688,9.340902328491211,9.319581985473633,9.324867248535156
18.72,9.34787,0.0,9.311558723449707,9.305450439453125,9.309770584106445,9.308906555175781,9.298707008361816,9.347355842590332,9.33060073852539,9.321590423583984,9.33315658569336,9.329124450683594,9.342910766601562,9.342734336853027,9.349920272827148,9.324377059936523,9.333663940429688,9.340902328491211,9.319581985473633,9.324867248535156
18.73,9.34542,0.0,9.311558723449707,9.305450439453125,9.309770584106445,9.308906555175781,9.298707008361816,9.347355842590332,9.33060073852539,9.321590423583984,9.33315658569336,9.329124450683594,9.342910766601562,9.342734336853027,9.349920272827148,9.324377059936523,9.333663940429688,9.340902328491211,9.319581985473633,9.324867248535156
18.74,9.34339,0.0,9.308405876159668,9.291259765625,9.309426307678223,9.29766845703125,9.282066345214844,9.334576606750488,9.346446990966797,9.319046020507812,9.325304985046387,9.33166790008545,9.372483253479004,9.368409156799316,9.380866050720215,9.343067169189453,9.358386993408203,9.356507301330566,9.316975593566895,9.357784271240234
18.75,9.34022,0.0,9.308405876159668,9.291259765625,9.309426307678223,9.29766845703125,9.282066345214844,9.334576606750488,9.346446990966797,9.319046020507812,9.325304985046387,9.33166790008545,9.372483253479004,9.368409156799316,9.380866050720215,9.343067169189453,9.358386993408203,9.356507301330566,9.316975593566895,9.357784271240234
18.76,9.33748,0.0,9.308405876159668,9.291259765625,9.309426307678223,9.29766845703125,9.282066345214844,9.334576606750488,9.346446990966797,9.319046020507812,9.325304985046387,9.33166790008545,9.372483253479004,9.368409156799316,9.380866050720215,9.343067169189453,9.358386993408203,9.356507301330566,9.316975593566895,9.357784271240234
18.77,9.33467,0.0,9.308405876159668,9.291259765625,9.309426307678223,9.29766845703125,9.282066345214844,9.334576606750488,9.346446990966797,9.319046020507812,9.325304985046387,9.33166790008545,9.372483253479004,9.368409156799316,9.380866050720215,9.343067169189453,9.358386993408203,9.356507301330566,9.316975593566895,9.357784271240234
18.78,9.33179,0.0,9.308405876159668,9.291259765625,9.309426307678223,9.29766845703125,9.282066345214844,9.334576606750488,9.346446990966797,9.319046020507812,9.325304985046387,9.33166790008545,9.372483253479004,9.368409156799316,9.380866050720215,9.343067169189453,9.358386993408203,9.356507301330566,9.316975593566895,9.357784271240234
18.79,9.32886,0.0,9.289290428161621,9.267800331115723,9.288002967834473,9.2818021774292,9.257258415222168,9.31492805480957,9.332639694213867,9.307330131530762,9.305773735046387,9.338483810424805,9.381446838378906,9.379070281982422,9.392267227172852,9.354085922241211,9.362634658813477,9.365182876586914,9.323426246643066,9.383147239685059
18.8,9.32589,0.0,9.289290428161621,9.267800331115723,9.288002967834473,9.2818021774292,9.257258415222168,9.31492805480957,9.332639694213867,9.307330131530762,9.305773735046387,9.338483810424805,9.381446838378906,9.379070281982422,9.392267227172852,9.354085922241211,9.362634658813477,9.365182876586914,9.323426246643066,9.383147239685059
18.81,9.32288,0.01265,9.289290428161621,9.267800331115723,9.288002967834473,9.2818021774292,9.257258415222168,9.31492805480957,9.332639694213867,9.307330131530762,9.305773735046387,9.338483810424805,9.381446838378906,9.379070281982422,9.392267227172852,9.354085922241211,9.362634658813477,9.365182876586914,9.323426246643066,9.383147239685059
18.82,9.31985,0.0267,9.289290428161621,9.267800331115723,9.288002967834473,9.2818021774292,9.257258415222168,9.31492805480957,9.332639694213867,9.307330131530762,9.305773735046387,9.338483810424805,9.381446838378906,9.379070281982422,9.392267227172852,9.354085922241211,9.362634658813477,9.365182876586914,9.323426246643066,9.383147239685059
18.83,9.31741,0.03795,9.289290428161621,9.267800331115723,9.288002967834473,9.2818021774292,9.257258415222168,9.31492805480957,9.332639694213867,9.307330131530762,9.305773735046387,9.338483810424805,9.381446838378906,9.379070281982422,9.392267227172852,9.354085922241211,9.362634658813477,9.365182876586914,9.323426246643066,9.383147239685059
18.84,9.31376,0.0548,9.255513191223145,9.237223625183105,9.253573417663574,9.259654998779297,9.229133605957031,9.292110443115234,9.300651550292969,9.280659675598145,9.278257369995117,9.323683738708496,9.362635612487793,9.359026908874512,9.371814727783203,9.338091850280762,9.340448379516602,9.350325584411621,9.310528755187988,9.374024391174316
18.85,9.31071,0.06881,9.255513191223145,9.237223625183105,9.253573417663574,9.259654998779297,9.229133605957031,9.292110443115234,9.300651550292969,9.280659675598145,9.278257369995117,9.323683738708496,9.362635612487793,9.359026908874512,9.371814727783203,9.338091850280762,9.340448379516602,9.350325584411621,9.310528755187988,9.374024391174316
18.86,9.30768,0.08276,9.255513191223145,9.237223625183105,9.253573417663574,9.259654998779297,9.229133605957031,9.292110443115234,9.300651550292969,9.280659675598145,9.278257369995117,9.323683738708496,9.362635612487793,9.359026908874512,9.371814727783203,9.338091850280762,9.340448379516602,9.350325584411621,9.310528755187988,9.374024391174316
18.87,9.30468,0.09663,9.255513191223145,9.237223625183105,9.253573417663574,9.259654998779297,9.229133605957031,9.292110443115234,9.300651550292969,9.280659675598145,9.278257369995117,9.323683738708496,9.362635612487793,9.359026908874512,9.371814727783203,9.338091850280762,9.340448379516602,9.350325584411621,9.310528755187988,9.374024391174316
18.88,9.3017,0.1104,9.255513191223145,9.237223625183105,9.253573417663574,9.259654998779297,9.229133605957031,9.292110443115234,9.300651550292969,9.280659675598145,9.278257369995117,9.323683738708496,9.362635612487793,9.359026908874512,9.371814727783203,9.338091850280762,9.340448379516602,9.350325584411621,9.310528755187988,9.374024391174316
18.89,9.29875,0.12405,9.224173545837402,9.216980934143066,9.229663848876953,9.24138355255127,9.210461616516113,9.277375221252441,9.280036926269531,9.259641647338867,9.261096954345703,9.305692672729492,9.342472076416016,9.33292007446289,9.347813606262207,9.316293716430664,9.318459510803223,9.3310546875,9.292008399963379,9.352846145629883
18.9,9.29642,0.13485,9.224173545837402,9.216980934143066,9.229663848876953,9.24138355255127,9.210461616516113,9.277375221252441,9.280036926269531,9.259641647338867,9.261096954345703,9.305692672729492,9.342472076416016,9.33292007446289,9.347813606262207,9.316293716430664,9.318459510803223,9.3310546875,9.292008399963379,9.352846145629883
18.91,9.29298,0.15086,9.224173545837402,9.216980934143066,9.229663848876953,9.24138355255127,9.210461616516113,9.277375221252441,9.280036926269531,9.259641647338867,9.261096954345703,9.305692672729492,9.342472076416016,9.33292007446289,9.347813606262207,9.316293716430664,9.318459510803223,9.3310546875,9.292008399963379,9.352846145629883
18.92,9.29017,0.164,9.224173545837402,9.216980934143066,9.229663848876953,9.24138355255127,9.210461616516113,9.277375221252441,9.280036926269531,9.259641647338867,9.261096954345703,9.305692672729492,9.342472076416016,9.33292007446289,9.347813606262207,9.316293716430664,9.318459510803223,9.3310546875,9.292008399963379,9.352846145629883
18.93,9.2874,0.17693,9.224173545837402,9.216980934143066,9.229663848876953,9.24138355255127,9.210461616516113,9.277375221252441,9.280036926269531,9.259641647338867,9.261096954345703,9.305692672729492,9.342472076416016,9.33292007446289,9.347813606262207,9.316293716430664,9.318459510803223,9.3310546875,9.292008399963379,9.352846145629883
18.94,9.2847,0.18964,9.20034408569336,9.203158378601074,9.214359283447266,9.229357719421387,9.198328971862793,9.269308090209961,9.266667366027832,9.245015144348145,9.249984741210938,9.291905403137207,9.322278022766113,9.307303428649902,9.323590278625488,9.296158790588379,9.297440528869629,9.31287956237793,9.274091720581055,9.327604293823242
18.95,9.28205,0.20211,9.20034408569336,9.203158378601074,9.214359283447266,9.229357719421387,9.198328971862793,9.269308090209961,9.266667366027832,9.245015144348145,9.249984741210938,9.291905403137207,9.322278022766113,9.307303428649902,9.323590278625488,9.296158790588379,9.297440528869629,9.31287956237793,9.274091720581055,9.327604293823242
18.96,9.27947,0.21432,9.20034408569336,9.203158378601074,9.214359283447266,9.229357719421387,9.198328971862793,9.269308090209961,9.266667366027832,9.245015144348145,9.249984741210938,9.291905403137207,9.322278022766113,9.307303428649902,9.323590278625488,9.296158790588379,9.297440528869629,9.31287956237793,9.274091720581055,9.327604293823242
18.97,9.27694,0.22625,9.20034408569336,9.203158378601074,9.214359283447266,9.229357719421387,9.198328971862793,9.269308090209961,9.266667366027832,9.245015144348145,9.249984741210938,9.291905403137207,9.322278022766113,9.307303428649902,9.323590278625488,9.296158790588379,9.297440528869629,9.31287956237793,9.274091720581055,9.327604293823242
18.98,9.27449,0.2379,9.20034408569336,9.203158378601074,9.214359283447266,9.229357719421387,9.198328971862793,9.269308090209961,9.266667366027832,9.245015144348145,9.249984741210938,9.291905403137207,9.322278022766113,9.307303428649902,9.323590278625488,9.296158790588379,9.297440528869629,9.31287956237793,9.274091720581055,9.327604293823242
18.99,9.27257,0.247,9.177900314331055,9.187566757202148,9.203985214233398,9.21863842010498,9.184386253356934,9.26240062713623,9.252324104309082,9.230780601501465,9.23908519744873,9.279496192932129,9.302591323852539,9.286937713623047,9.303166389465332,9.280600547790527,9.277183532714844,9.297507286071777,9.258008003234863,9.301918029785156
19.0,9.26978,0.26028,9.177900314331055,9.187566757202148,9.203985214233398,9.21863842010498,9.184386253356934,9.26240062713623,9.252324104309082,9.230780601501465,9.23908519744873,9.279496192932129,9.302591323852539,9.286937713623047,9.303166389465332,9.280600547790527,9.277183532714844,9.297507286071777,9.258008003234863,9.301918029785156
19.01,9.26753,0.27098,9.177900314331055,9.187566757202148,9.203985214233398,9.21863842010498,9.184386253356934,9.26240062713623,9.252324104309082,9.230780601501465,9.23908519744873,9.279496192932129,9.302591323852539,9.286937713623047,9.303166389465332,9.280600547790527,9.277183532714844,9.297507286071777,9.258008003234863,9.301918029785156
19.02,9.26535,0.28135,9.177900314331055,9.187566757202148,9.203985214233398,9.21863842010498,9.184386253356934,9.26240062713623,9.252324104309082,9.230780601501465,9.23908519744873,9.279496192932129,9.302591323852539,9.286937713623047,9.303166389465332,9.280600547790527,9.277183532714844,9.297507286071777,9.258008003234863,9.301918029785156
19.03,9.26325,0.29138,9.177900314331055,9.187566757202148,9.203985214233398,9.21863842010498,9.184386253356934,9.26240062713623,9.252324104309082,9.230780601501465,9.23908519744873,9.279496192932129,9.302591323852539,9.286937713623047,9.303166389465332,9.280600547790527,9.277183532714844,9.297507286071777,9.258008003234863,9.301918029785156
19.04,9.26123,0.30105,9.15750503540039,9.174044609069824,9.191770553588867,9.209492683410645,9.170602798461914,9.255406379699707,9.230225563049316,9.215919494628906,9.227407455444336,9.26076602935791,9.275218963623047,9.261346817016602,9.275028228759766,9.258468627929688,9.250747680664062,9.276371002197266,9.236345291137695,9.267130851745605
19.05,9.2593,0.31036,9.15750503540039,9.174044609069824,9.191770553588867,9.209492683410645,9.170602798461914,9.255406379699707,9.230225563049316,9.215919494628906,9.227407455444336,9.26076602935791,9.275218963623047,9.261346817016602,9.275028228759766,9.258468627929688,9.250747680664062,9.276371002197266,9.236345291137695,9.267130851745605
19.06,9.25744,0.3193,9.15750503540039,9.174044609069824,9.191770553588867,9.209492683410645,9.170602798461914,9.255406379699707,9.230225563049316,9.215919494628906,9.227407455444336,9.26076602935791,9.275218963623047,9.261346817016602,9.275028228759766,9.258468627929688,9.250747680664062,9.276371002197266,9.236345291137695,9.267130851745605
19.07,9.25568,0.32787,9.15750503540039,9.174044609069824,9.191770553588867,9.209492683410645,9.170602798461914,9.255406379699707,9.230225563049316,9.215919494628906,9.227407455444336,9.26076602935791,9.275218963623047,9.261346817016602,9.275028228759766,9.258468627929688,9.250747680664062,9.276371002197266,9.236345291137695,9.267130851745605
19.08,9.25434,0.33444,9.15750503540039,9.174044609069824,9.191770553588867,9.209492683410645,9.170602798461914,9.255406379699707,9.230225563049316,9.215919494628906,9.227407455444336,9.26076602935791,9.275218963623047,9.261346817016602,9.275028228759766,9.258468627929688,9.250747680664062,9.276371002197266,9.236345291137695,9.267130851745605
19.09,9.25245,0.34385,9.137353897094727,9.163357734680176,9.182863235473633,9.20036792755127,9.1593017578125,9.247963905334473,9.208795547485352,9.202738761901855,9.218571662902832,9.245994567871094,9.251755714416504,9.238539695739746,9.248778343200684,9.2387113571167,9.2285795211792,9.256919860839844,9.219605445861816,9.232651710510254
19.1,9.251,0.35126,9.137353897094727,9.163357734680176,9.182863235473633,9.20036792755127,9.1593017578125,9.247963905334473,9.208795547485352,9.202738761901855,9.218571662902832,9.245994567871094,9.251755714416504,9.238539695739746,9.248778343200684,9.2387113571167,9.2285795211792,9.256919860839844,9.219605445861816,9.232651710510254
19.11,9.24965,0.35827,9.137353897094727,9.163357734680176,9.182863235473633,9.20036792755127,9.1593017578125,9.247963905334473,9.208795547485352,9.202738761901855,9.218571662902832,9.245994567871094,9.251755714416504,9.238539695739746,9.248778343200684,9.2387113571167,9.2285795211792,9.256919860839844,9.219605445861816,9.232651710510254
19.12,9.24842,0.36489,9.137353897094727,9.163357734680176,9.182863235473633,9.20036792755127,9.1593017578125,9.247963905334473,9.208795547485352,9.202738761901855,9.218571662902832,9.245994567871094,9.251755714416504,9.238539695739746,9.248778343200684,9.2387113571167,9.2285795211792,9.256919860839844,9.219605445861816,9.232651710510254
19.13,9.24732,0.3711,9.137353897094727,9.163357734680176,9.182863235473633,9.20036792755127,9.1593017578125,9.247963905334473,9.208795547485352,9.202738761901855,9.218571662902832,9.245994567871094,9.251755714416504,9.238539695739746,9.248778343200684,9.2387113571167,9.2285795211792,9.256919860839844,9.219605445861816,9.232651710510254
19.14,9.24635,0.37691,9.125212669372559,9.163290977478027,9.18315601348877,9.195476531982422,9.1537446975708,9.244372367858887,9.198829650878906,9.198562622070312,9.216140747070312,9.241589546203613,9.239694595336914,9.226710319519043,9.23659896850586,9.228775024414062,9.219761848449707,9.24704360961914,9.2124605178833,9.206206321716309
19.15,9.24567,0.38127,9.125212669372559,9.163290977478027,9.18315601348877,9.195476531982422,9.1537446975708,9.244372367858887,9.198829650878906,9.198562622070312,9.216140747070312,9.241589546203613,9.239694595336914,9.226710319519043,9.23659896850586,9.228775024414062,9.219761848449707,9.24704360961914,9.2124605178833,9.206206321716309
19.16,9.24483,0.38732,9.125212669372559,9.163290977478027,9.18315601348877,9.195476531982422,9.1537446975708,9.244372367858887,9.198829650878906,9.198562622070312,9.216140747070312,9.241589546203613,9.239694595336914,9.226710319519043,9.23659896850586,9.228775024414062,9.219761848449707,9.24704360961914,9.2124605178833,9.206206321716309
19.17,9.2443,0.39191,9.125212669372559,9.163290977478027,9.18315601348877,9.195476531982422,9.1537446975708,9.244372367858887,9.198829650878906,9.198562622070312,9.216140747070312,9.241589546203613,9.239694595336914,9.226710319519043,9.23659896850586,9.228775024414062,9.219761848449707,9.24704360961914,9.2124605178833,9.206206321716309
19.18,9.24393,0.39609,9.125212669372559,9.163290977478027,9.18315601348877,9.195476531982422,9.1537446975708,9.244372367858887,9.198829650878906,9.198562622070312,9.216140747070312,9.241589546203613,9.239694595336914,9.226710319519043,9.23659896850586,9.228775024414062,9.219761848449707,9.24704360961914,9.2124605178833,9.206206321716309
19.19,9.24372,0.39986,9.117951393127441,9.164375305175781,9.182947158813477,9.19204044342041,9.151307106018066,9.240553855895996,9.189630508422852,9.196860313415527,9.213512420654297,9.235498428344727,9.225342750549316,9.215304374694824,9.224916458129883,9.217927932739258,9.209916114807129,9.233907699584961,9.202113151550293,9.18114948272705
19.2,9.24368,0.40322,9.117951393127441,9.164375305175781,9.182947158813477,9.19204044342041,9.151307106018066,9.240553855895996,9.189630508422852,9.196860313415527,9.213512420654297,9.235498428344727,9.225342750549316,9.215304374694824,9.224916458129883,9.217927932739258,9.209916114807129,9.233907699584961,9.202113151550293,9.18114948272705
19.21,9.24381,0.40617,9.117951393127441,9.164375305175781,9.182947158813477,9.19204044342041,9.151307106018066,9.240553855895996,9.189630508422852,9.196860313415527,9.213512420654297,9.235498428344727,9.225342750549316,9.215304374694824,9.224916458129883,9.217927932739258,9.209916114807129,9.233907699584961,9.202113151550293,9.18114948272705
19.22,9.24412,0.4087,9.117951393127441,9.164375305175781,9.182947158813477,9.19204044342041,9.151307106018066,9.240553855895996,9.189630508422852,9.196860313415527,9.213512420654297,9.235498428344727,9.225342750549316,9.215304374694824,9.224916458129883,9.217927932739258,9.209916114807129,9.233907699584961,9.202113151550293,9.18114948272705
19.23,9.24461,0.41083,9.117951393127441,9.164375305175781,9.182947158813477,9.19204044342041,9.151307106018066,9.240553855895996,9.189630508422852,9.196860313415527,9.213512420654297,9.235498428344727,9.225342750549316,9.215304374694824,9.224916458129883,9.217927932739258,9.209916114807129,9.233907699584961,9.202113151550293,9.18114948272705
19.24,9.24514,0.41223,9.108610153198242,9.159890174865723,9.182750701904297,9.185081481933594,9.148526191711426,9.23448371887207,9.179755210876465,9.193881034851074,9.20879077911377,9.226181983947754,9.210334777832031,9.2040433883667,9.213293075561523,9.20686149597168,9.196651458740234,9.218157768249512,9.189740180969238,9.157236099243164
19.25,9.24614,0.41385,9.108610153198242,9.159890174865723,9.182750701904297,9.185081481933594,9.148526191711426,9.23448371887207,9.179755210876465,9.193881034851074,9.20879077911377,9.226181983947754,9.210334777832031,9.2040433883667,9.213293075561523,9.20686149597168,9.196651458740234,9.218157768249512,9.189740180969238,9.157236099243164
19.26,9.24717,0.41475,9.108610153198242,9.159890174865723,9.182750701904297,9.185081481933594,9.148526191711426,9.23448371887207,9.179755210876465,9.193881034851074,9.20879077911377,9.226181983947754,9.210334777832031,9.2040433883667,9.213293075561523,9.20686149597168,9.196651458740234,9.218157768249512,9.189740180969238,9.157236099243164
19.27,9.24837,0.41525,9.108610153198242,9.159890174865723,9.182750701904297,9.185081481933594,9.148526191711426,9.23448371887207,9.179755210876465,9.193881034851074,9.20879077911377,9.226181983947754,9.210334777832031,9.2040433883667,9.213293075561523,9.20686149597168,9.196651458740234,9.218157768249512,9.189740180969238,9.157236099243164
19.28,9.24974,0.41534,9.108610153198242,9.159890174865723,9.182750701904297,9.185081481933594,9.148526191711426,9.23448371887207,9.179755210876465,9.193881034851074,9.20879077911377,9.226181983947754,9.210334777832031,9.2040433883667,9.213293075561523,9.20686149597168,9.196651458740234,9.218157768249512,9.189740180969238,9.157236099243164
19.29,9.25128,0.41503,9.110837936401367,9.170182228088379,9.192611694335938,9.187429428100586,9.156567573547363,9.239432334899902,9.178290367126465,9.203319549560547,9.21532154083252,9.225290298461914,9.204747200012207,9.201661109924316,9.212150573730469,9.205129623413086,9.192872047424316,9.214216232299805,9.1882963180542,9.142743110656738
19.3,9.25297,0.41433,9.110837936401367,9.170182228088379,9.192611694335938,9.187429428100586,9.156567573547363,9.239432334899902,9.178290367126465,9.203319549560547,9.21532154083252,9.225290298461914,9.204747200012207,9.201661109924316,9.212150573730469,9.205129623413086,9.192872047424316,9.214216232299805,9.1882963180542,9.142743110656738
19.31,9.2548,0.41323,9.110837936401367,9.170182228088379,9.192611694335938,9.187429428100586,9.156567573547363,9.239432334899902,9.178290367126465,9.203319549560547,9.21532154083252,9.225290298461914,9.204747200012207,9.201661109924316,9.212150573730469,9.205129623413086,9.192872047424316,9.214216232299805,9.1882963180542,9.142743110656738
19.32,9.25677,0.41175,9.110837936401367,9.170182228088379,9.192611694335938,9.187429428100586,9.156567573547363,9.239432334899902,9.178290367126465,9.203319549560547,9.21532154083252,9.225290298461914,9.204747200012207,9.201661109924316,9.212150573730469,9.205129623413086,9.192872047424316,9.214216232299805,9.1882963180542,9.142743110656738
19.33,9.25844,0.41029,9.110837936401367,9.170182228088379,9.192611694335938,9.187429428100586,9.156567573547363,9.239432334899902,9.178290367126465,9.203319549560547,9.21532154083252,9.225290298461914,9.204747200012207,9.201661109924316,9.212150573730469,9.205129623413086,9.192872047424316,9.214216232299805,9.1882963180542,9.142743110656738
19.34,9.26106,0.40765,9.124076843261719,9.19314956665039,9.208168029785156,9.201181411743164,9.17902946472168,9.253935813903809,9.184525489807129,9.224149703979492,9.23364543914795,9.234464645385742,9.207819938659668,9.207968711853027,9.220192909240723,9.21155071258545,9.199780464172363,9.220866203308105,9.197225570678711,9.140515327453613
19.35,9.26335,0.40503,9.124076843261719,9.19314956665039,9.208168029785156,9.201181411743164,9.17902946472168,9.253935813903809,9.184525489807129,9.224149703979492,9.23364543914795,9.234464645385742,9.207819938659668,9.207968711853027,9.220192909240723,9.21155071258545,9.199780464172363,9.220866203308105,9.197225570678711,9.140515327453613
19.36,9.26571,0.40205,9.124076843261719,9.19314956665039,9.208168029785156,9.201181411743164,9.17902946472168,9.253935813903809,9.184525489807129,9.224149703979492,9.23364543914795,9.234464645385742,9.207819938659668,9.207968711853027,9.220192909240723,9.21155071258545,9.199780464172363,9.220866203308105,9.197225570678711,9.140515327453613
19.37,9.26813,0.39872,9.124076843261719,9.19314956665039,9.208168029785156,9.201181411743164,9.17902946472168,9.253935813903809,9.184525489807129,9.224149703979492,9.23364543914795,9.234464645385742,9.207819938659668,9.207968711853027,9.220192909240723,9.21155071258545,9.199780464172363,9.220866203308105,9.197225570678711,9.140515327453613
19.38,9.27059,0.39503,9.124076843261719,9.19314956665039,9.208168029785156,9.201181411743164,9.17902946472168,9.253935813903809,9.184525489807129,9.224149703979492,9.23364543914795,9.234464645385742,9.207819938659668,9.207968711853027,9.220192909240723,9.21155071258545,9.199780464172363,9.220866203308105,9.197225570678711,9.140515327453613
19.39,9.27306,0.39099,9.148414611816406,9.221747398376465,9.230470657348633,9.222868919372559,9.208358764648438,9.274141311645508,9.202658653259277,9.248944282531738,9.258049964904785,9.2526273727417,9.226486206054688,9.22520923614502,9.240267753601074,9.22965145111084,9.217823028564453,9.237140655517578,9.218664169311523,9.147541999816895
19.4,9.27504,0.38752,9.148414611816406,9.221747398376465,9.230470657348633,9.222868919372559,9.208358764648438,9.274141311645508,9.202658653259277,9.248944282531738,9.258049964904785,9.2526273727417,9.226486206054688,9.22520923614502,9.240267753601074,9.22965145111084,9.217823028564453,9.237140655517578,9.218664169311523,9.147541999816895
19.41,9.27799,0.38191,9.148414611816406,9.221747398376465,9.230470657348633,9.222868919372559,9.208358764648438,9.274141311645508,9.202658653259277,9.248944282531738,9.258049964904785,9.2526273727417,9.226486206054688,9.22520923614502,9.240267753601074,9.22965145111084,9.217823028564453,9.237140655517578,9.218664169311523,9.147541999816895
19.42,9.2804,0.37688,9.148414611816406,9.221747398376465,9.230470657348633,9.222868919372559,9.208358764648438,9.274141311645508,9.202658653259277,9.248944282531738,9.258049964904785,9.2526273727417,9.226486206054688,9.22520923614502,9.240267753601074,9.22965145111084,9.217823028564453,9.237140655517578,9.218664169311523,9.147541999816895
19.43,9.28275,0.37153,9.148414611816406,9.221747398376465,9.230470657348633,9.222868919372559,9.208358764648438,9.274141311645508,9.202658653259277,9.248944282531738,9.258049964904785,9.2526273727417,9.226486206054688,9.22520923614502,9.240267753601074,9.22965145111084,9.217823028564453,9.237140655517578,9.218664169311523,9.147541999816895
19.44,9.28502,0.36587,9.171952247619629,9.242735862731934,9.249096870422363,9.24233627319336,9.233152389526367,9.291313171386719,9.21743392944336,9.26601505279541,9.276522636413574,9.264416694641113,9.242748260498047,9.242258071899414,9.257087707519531,9.245295524597168,9.230378150939941,9.248562812805176,9.234228134155273,9.153087615966797
19.45,9.28719,0.3599,9.171952247619629,9.242735862731934,9.249096870422363,9.24233627319336,9.233152389526367,9.291313171386719,9.21743392944336,9.26601505279541,9.276522636413574,9.264416694641113,9.242748260498047,9.242258071899414,9.257087707519531,9.245295524597168,9.230378150939941,9.248562812805176,9.234228134155273,9.153087615966797
19.46,9.28925,0.35363,9.171952247619629,9.242735862731934,9.249096870422363,9.24233627319336,9.233152389526367,9.291313171386719,9.21743392944336,9.26601505279541,9.276522636413574,9.264416694641113,9.242748260498047,9.242258071899414,9.257087707519531,9.245295524597168,9.230378150939941,9.248562812805176,9.234228134155273,9.153087615966797
19.47,9.29117,0.34707,9.171952247619629,9.242735862731934,9.249096870422363,9.24233627319336,9.233152389526367,9.291313171386719,9.21743392944336,9.26601505279541,9.276522636413574,9.264416694641113,9.242748260498047,9.242258071899414,9.257087707519531,9.245295524597168,9.230378150939941,9.248562812805176,9.234228134155273,9.153087615966797
19.48,9.29294,0.34021,9.171952247619629,9.242735862731934,9.249096870422363,9.24233627319336,9.233152389526367,9.291313171386719,9.21743392944336,9.26601505279541,9.276522636413574,9.264416694641113,9.242748260498047,9.242258071899414,9.257087707519531,9.245295524597168,9.230378150939941,9.248562812805176,9.234228134155273,9.153087615966797
19.49,9.29423,0.33452,9.19517707824707,9.25844955444336,9.262500762939453,9.258584976196289,9.253741264343262,9.304535865783691,9.227022171020508,9.277050971984863,9.28933334350586,9.26579475402832,9.24874496459961,9.251038551330566,9.26269245147705,9.250907897949219,9.23358154296875,9.250548362731934,9.239511489868164,9.15127944946289
19.5,9.29597,0.32563,9.19517707824707,9.25844955444336,9.262500762939453,9.258584976196289,9.253741264343262,9.304535865783691,9.227022171020508,9.277050971984863,9.28933334350586,9.26579475402832,9.24874496459961,9.251038551330566,9.26269245147705,9.250907897949219,9.23358154296875,9.250548362731934,9.239511489868164,9.15127944946289
19.51,9.2972,0.31791,9.19517707824707,9.25844955444336,9.262500762939453,9.258584976196289,9.253741264343262,9.304535865783691,9.227022171020508,9.277050971984863,9.28933334350586,9.26579475402832,9.24874496459961,9.251038551330566,9.26269245147705,9.250907897949219,9.23358154296875,9.250548362731934,9.239511489868164,9.15127944946289
19.52,9.29824,0.3099,9.19517707824707,9.25844955444336,9.262500762939453,9.258584976196289,9.253741264343262,9.304535865783691,9.227022171020508,9.277050971984863,9.28933334350586,9.26579475402832,9.24874496459961,9.251038551330566,9.26269245147705,9.250907897949219,9.23358154296875,9.250548362731934,9.239511489868164,9.15127944946289
19.53,9.29906,0.30161,9.19517707824707,9.25844955444336,9.262500762939453,9.258584976196289,9.253741264343262,9.304535865783691,9.227022171020508,9.277050971984863,9.28933334350586,9.26579475402832,9.24874496459961,9.251038551330566,9.26269245147705,9.250907897949219,9.23358154296875,9.250548362731934,9.239511489868164,9.15127944946289
19.54,9.29967,0.29303,9.210062980651855,9.262307167053223,9.264060020446777,9.262614250183105,9.257112503051758,9.30339527130127,9.227819442749023,9.27396011352539,9.287582397460938,9.260923385620117,9.248193740844727,9.251350402832031,9.258358001708984,9.246352195739746,9.229696273803711,9.244160652160645,9.239641189575195,9.140490531921387
19.55,9.30005,0.28416,9.210062980651855,9.262307167053223,9.264060020446777,9.262614250183105,9.257112503051758,9.30339527130127,9.227819442749023,9.27396011352539,9.287582397460938,9.260923385620117,9.248193740844727,9.251350402832031,9.258358001708984,9.246352195739746,9.229696273803711,9.244160652160645,9.239641189575195,9.140490531921387
19.56,9.3002,0.275,9.210062980651855,9.262307167053223,9.264060020446777,9.262614250183105,9.257112503051758,9.30339527130127,9.227819442749023,9.27396011352539,9.287582397460938,9.260923385620117,9.248193740844727,9.251350402832031,9.258358001708984,9.246352195739746,9.229696273803711,9.244160652160645,9.239641189575195,9.140490531921387
19.57,9.30012,0.26554,9.210062980651855,9.262307167053223,9.264060020446777,9.262614250183105,9.257112503051758,9.30339527130127,9.227819442749023,9.27396011352539,9.287582397460938,9.260923385620117,9.248193740844727,9.251350402832031,9.258358001708984,9.246352195739746,9.229696273803711,9.244160652160645,9.239641189575195,9.140490531921387
19.58,9.29989,0.25776,9.210062980651855,9.262307167053223,9.264060020446777,9.262614250183105,9.257112503051758,9.30339527130127,9.227819442749023,9.27396011352539,9.287582397460938,9.260923385620117,9.248193740844727,9.251350402832031,9.258358001708984,9.246352195739746,9.229696273803711,9.244160652160645,9.239641189575195,9.140490531921387
19.59,9.29926,0.24571,9.213515281677246,9.253939628601074,9.257118225097656,9.248902320861816,9.240713119506836,9.28704833984375,9.221017837524414,9.261357307434082,9.268281936645508,9.252763748168945,9.242146492004395,9.248735427856445,9.249863624572754,9.234478950500488,9.221714973449707,9.230615615844727,9.23363208770752,9.124245643615723
19.6,9.29848,0.23533,9.213515281677246,9.253939628601074,9.257118225097656,9.248902320861816,9.240713119506836,9.28704833984375,9.221017837524414,9.261357307434082,9.268281936645508,9.252763748168945,9.242146492004395,9.248735427856445,9.249863624572754,9.234478950500488,9.221714973449707,9.230615615844727,9.23363208770752,9.124245643615723
19.61,9.29747,0.22464,9.213515281677246,9.253939628601074,9.257118225097656,9.248902320861816,9.240713119506836,9.28704833984375,9.221017837524414,9.261357307434082,9.268281936645508,9.252763748168945,9.242146492004395,9.248735427856445,9.249863624572754,9.234478950500488,9.221714973449707,9.230615615844727,9.23363208770752,9.124245643615723
19.62,9.29623,0.21361,9.213515281677246,9.253939628601074,9.257118225097656,9.248902320861816,9.240713119506836,9.28704833984375,9.221017837524414,9.261357307434082,9.268281936645508,9.252763748168945,9.242146492004395,9.248735427856445,9.249863624572754,9.234478950500488,9.221714973449707,9.230615615844727,9.23363208770752,9.124245643615723
19.63,9.29476,0.20226,9.213515281677246,9.253939628601074,9.257118225097656,9.248902320861816,9.240713119506836,9.28704833984375,9.221017837524414,9.261357307434082,9.268281936645508,9.252763748168945,9.242146492004395,9.248735427856445,9.249863624572754,9.234478950500488,9.221714973449707,9.230615615844727,9.23363208770752,9.124245643615723
19.64,9.29307,0.19057,9.233530044555664,9.26241397857666,9.266892433166504,9.243863105773926,9.239275932312012,9.278563499450684,9.24260425567627,9.26559066772461,9.268057823181152,9.249868392944336,9.246153831481934,9.255703926086426,9.2555570602417,9.230724334716797,9.233152389526367,9.2298583984375,9.22587776184082,9.128518104553223
19.65,9.29156,0.18097,9.233530044555664,9.26241397857666,9.266892433166504,9.243863105773926,9.239275932312012,9.278563499450684,9.24260425567627,9.26559066772461,9.268057823181152,9.249868392944336,9.246153831481934,9.255703926086426,9.2555570602417,9.230724334716797,9.233152389526367,9.2298583984375,9.22587776184082,9.128518104553223
19.66,9.28905,0.16617,9.233530044555664,9.26241397857666,9.266892433166504,9.243863105773926,9.239275932312012,9.278563499450684,9.24260425567627,9.26559066772461,9.268057823181152,9.249868392944336,9.246153831481934,9.255703926086426,9.2555570602417,9.230724334716797,9.233152389526367,9.2298583984375,9.22587776184082,9.128518104553223
19.67,9.28673,0.15345,9.233530044555664,9.26241397857666,9.266892433166504,9.243863105773926,9.239275932312012,9.278563499450684,9.24260425567627,9.26559066772461,9.268057823181152,9.249868392944336,9.246153831481934,9.255703926086426,9.2555570602417,9.230724334716797,9.233152389526367,9.2298583984375,9.22587776184082,9.128518104553223
19.68,9.2842,0.14038,9.233530044555664,9.26241397857666,9.266892433166504,9.243863105773926,9.239275932312012,9.278563499450684,9.24260425567627,9.26559066772461,9.268057823181152,9.249868392944336,9.246153831481934,9.255703926086426,9.2555570602417,9.230724334716797,9.233152389526367,9.2298583984375,9.22587776184082,9.128518104553223
19.69,9.28148,0.12696,9.247086524963379,9.261006355285645,9.274375915527344,9.2330904006958,9.232580184936523,9.267533302307129,9.264178276062012,9.266393661499023,9.266366004943848,9.24343490600586,9.25905704498291,9.271973609924316,9.275321006774902,9.238816261291504,9.250543594360352,9.238569259643555,9.218883514404297,9.16377067565918
19.7,9.27857,0.1132,9.247086524963379,9.261006355285645,9.274375915527344,9.2330904006958,9.232580184936523,9.267533302307129,9.264178276062012,9.266393661499023,9.266366004943848,9.24343490600586,9.25905704498291,9.271973609924316,9.275321006774902,9.238816261291504,9.250543594360352,9.238569259643555,9.218883514404297,9.16377067565918
19.71,9.27548,0.09909,9.247086524963379,9.261006355285645,9.274375915527344,9.2330904006958,9.232580184936523,9.267533302307129,9.264178276062012,9.266393661499023,9.266366004943848,9.24343490600586,9.25905704498291,9.271973609924316,9.275321006774902,9.238816261291504,9.250543594360352,9.238569259643555,9.218883514404297,9.16377067565918
19.72,9.27221,0.08465,9.247086524963379,9.261006355285645,9.274375915527344,9.2330904006958,9.232580184936523,9.267533302307129,9.264178276062012,9.266393661499023,9.266366004943848,9.24343490600586,9.25905704498291,9.271973609924316,9.275321006774902,9.238816261291504,9.250543594360352,9.238569259643555,9.218883514404297,9.16377067565918
19.73,9.26876,0.06988,9.247086524963379,9.261006355285645,9.274375915527344,9.2330904006958,9.232580184936523,9.267533302307129,9.264178276062012,9.266393661499023,9.266366004943848,9.24343490600586,9.25905704498291,9.271973609924316,9.275321006774902,9.238816261291504,9.250543594360352,9.238569259643555,9.218883514404297,9.16377067565918
19.74,9.26587,0.05785,9.252501487731934,9.2560453414917,9.261609077453613,9.225312232971191,9.217866897583008,9.253572463989258,9.259517669677734,9.260926246643066,9.256682395935059,9.247949600219727,9.259520530700684,9.278657913208008,9.280569076538086,9.246804237365723,9.253832817077637,9.248661041259766,9.228986740112305,9.198806762695312
19.75,9.26134,0.03943,9.252501487731934,9.2560453414917,9.261609077453613,9.225312232971191,9.217866897583008,9.253572463989258,9.259517669677734,9.260926246643066,9.256682395935059,9.247949600219727,9.259520530700684,9.278657913208008,9.280569076538086,9.246804237365723,9.253832817077637,9.248661041259766,9.228986740112305,9.198806762695312
19.76,9.25739,0.02376,9.252501487731934,9.2560453414917,9.261609077453613,9.225312232971191,9.217866897583008,9.253572463989258,9.259517669677734,9.260926246643066,9.256682395935059,9.247949600219727,9.259520530700684,9.278657913208008,9.280569076538086,9.246804237365723,9.253832817077637,9.248661041259766,9.228986740112305,9.198806762695312
19.77,9.25327,0.00785,9.252501487731934,9.2560453414917,9.261609077453613,9.225312232971191,9.217866897583008,9.253572463989258,9.259517669677734,9.260926246643066,9.256682395935059,9.247949600219727,9.259520530700684,9.278657913208008,9.280569076538086,9.246804237365723,9.253832817077637,9.248661041259766,9.228986740112305,9.198806762695312
19.78,9.24899,0.0,9.252501487731934,9.2560453414917,9.261609077453613,9.225312232971191,9.217866897583008,9.253572463989258,9.259517669677734,9.260926246643066,9.256682395935059,9.247949600219727,9.259520530700684,9.278657913208008,9.280569076538086,9.246804237365723,9.253832817077637,9.248661041259766,9.228986740112305,9.198806762695312
19.79,9.24455,0.0,9.240128517150879,9.237648010253906,9.233128547668457,9.210982322692871,9.196052551269531,9.234274864196777,9.235783576965332,9.239734649658203,9.23645305633545,9.237777709960938,9.238973617553711,9.262250900268555,9.261212348937988,9.235334396362305,9.235167503356934,9.240694999694824,9.22749137878418,9.20618724822998
19.8,9.23995,0.0,9.240128517150879,9.237648010253906,9.233128547668457,9.210982322692871,9.196052551269531,9.234274864196777,9.235783576965332,9.239734649658203,9.23645305633545,9.237777709960938,9.238973617553711,9.262250900268555,9.261212348937988,9.235334396362305,9.235167503356934,9.240694999694824,9.22749137878418,9.20618724822998
19.81,9.2352,0.0,9.240128517150879,9.237648010253906,9.233128547668457,9.210982322692871,9.196052551269531,9.234274864196777,9.235783576965332,9.239734649658203,9.23645305633545,9.237777709960938,9.238973617553711,9.262250900268555,9.261212348937988,9.235334396362305,9.235167503356934,9.240694999694824,9.22749137878418,9.20618724822998
19.82,9.23029,0.0,9.240128517150879,9.237648010253906,9.233128547668457,9.210982322692871,9.196052551269531,9.234274864196777,9.235783576965332,9.239734649658203,9.23645305633545,9.237777709960938,9.238973617553711,9.262250900268555,9.261212348937988,9.235334396362305,9.235167503356934,9.240694999694824,9.22749137878418,9.20618724822998
19.83,9.22625,0.0,9.240128517150879,9.237648010253906,9.233128547668457,9.210982322692871,9.196052551269531,9.234274864196777,9.235783576965332,9.239734649658203,9.23645305633545,9.237777709960938,9.238973617553711,9.262250900268555,9.261212348937988,9.235334396362305,9.235167503356934,9.240694999694824,9.22749137878418,9.20618724822998
19.84,9.22001,0.0,9.221512794494629,9.219684600830078,9.208643913269043,9.195341110229492,9.177480697631836,9.21739387512207,9.214278221130371,9.21752643585205,9.217314720153809,9.217206954956055,9.214823722839355,9.234925270080566,9.234353065490723,9.212310791015625,9.209623336791992,9.219573974609375,9.213822364807129,9.195130348205566
19.85,9.21463,0.0,9.221512794494629,9.219684600830078,9.208643913269043,9.195341110229492,9.177480697631836,9.21739387512207,9.214278221130371,9.21752643585205,9.217314720153809,9.217206954956055,9.214823722839355,9.234925270080566,9.234353065490723,9.212310791015625,9.209623336791992,9.219573974609375,9.213822364807129,9.195130348205566
19.86,9.20909,0.0,9.221512794494629,9.219684600830078,9.208643913269043,9.195341110229492,9.177480697631836,9.21739387512207,9.214278221130371,9.21752643585205,9.217314720153809,9.217206954956055,9.214823722839355,9.234925270080566,9.234353065490723,9.212310791015625,9.209623336791992,9.219573974609375,9.213822364807129,9.195130348205566
19.87,9.2034,0.0,9.221512794494629,9.219684600830078,9.208643913269043,9.195341110229492,9.177480697631836,9.21739387512207,9.214278221130371,9.21752643585205,9.217314720153809,9.217206954956055,9.214823722839355,9.234925270080566,9.234353065490723,9.212310791015625,9.209623336791992,9.219573974609375,9.213822364807129,9.195130348205566
19.88,9.19755,0.0,9.221512794494629,9.219684600830078,9.208643913269043,9.195341110229492,9.177480697631836,9.21739387512207,9.214278221130371,9.21752643585205,9.217314720153809,9.217206954956055,9.214823722839355,9.234925270080566,9.234353065490723,9.212310791015625,9.209623336791992,9.219573974609375,9.213822364807129,9.195130348205566
19.89,9.19155,0.0,9.193129539489746,9.19287395477295,9.17961597442627,9.173223495483398,9.15401840209961,9.195651054382324,9.186567306518555,9.18698787689209,9.193020820617676,9.183347702026367,9.180684089660645,9.19834041595459,9.199410438537598,9.17853832244873,9.174237251281738,9.18592643737793,9.185617446899414,9.168523788452148
19.9,9.18663,0.0,9.193129539489746,9.19287395477295,9.17961597442627,9.173223495483398,9.15401840209961,9.195651054382324,9.186567306518555,9.18698787689209,9.193020820617676,9.183347702026367,9.180684089660645,9.19834041595459,9.199410438537598,9.17853832244873,9.174237251281738,9.18592643737793,9.185617446899414,9.168523788452148
19.91,9.17908,0.0,9.193129539489746,9.19287395477295,9.17961597442627,9.173223495483398,9.15401840209961,9.195651054382324,9.186567306518555,9.18698787689209,9.193020820617676,9.183347702026367,9.180684089660645,9.19834041595459,9.199410438537598,9.17853832244873,9.174237251281738,9.18592643737793,9.185617446899414,9.168523788452148
19.92,9.17261,0.0,9.193129539489746,9.19287395477295,9.17961597442627,9.173223495483398,9.15401840209961,9.195651054382324,9.186567306518555,9.18698787689209,9.193020820617676,9.183347702026367,9.180684089660645,9.19834041595459,9.199410438537598,9.17853832244873,9.174237251281738,9.18592643737793,9.185617446899414,9.168523788452148
19.93,9.166,0.0,9.193129539489746,9.19287395477295,9.17961597442627,9.173223495483398,9.15401840209961,9.195651054382324,9.186567306518555,9.18698787689209,9.193020820617676,9.183347702026367,9.180684089660645,9.19834041595459,9.199410438537598,9.17853832244873,9.174237251281738,9.18592643737793,9.185617446899414,9.168523788452148
19.94,9.15925,0.0,9.160264015197754,9.161026000976562,9.148666381835938,9.147220611572266,9.127304077148438,9.170604705810547,9.153759002685547,9.152610778808594,9.165007591247559,9.14066219329834,9.138760566711426,9.155110359191895,9.157842636108398,9.136767387390137,9.131842613220215,9.144336700439453,9.147324562072754,9.132525444030762
19.95,9.15236,0.0,9.160264015197754,9.161026000976562,9.148666381835938,9.147220611572266,9.127304077148438,9.170604705810547,9.153759002685547,9.152610778808594,9.165007591247559,9.14066219329834,9.138760566711426,9.155110359191895,9.157842636108398,9.136767387390137,9.131842613220215,9.144336700439453,9.147324562072754,9.132525444030762
19.96,9.14533,0.0,9.160264015197754,9.161026000976562,9.148666381835938,9.147220611572266,9.127304077148438,9.170604705810547,9.153759002685547,9.152610778808594,9.165007591247559,9.14066219329834,9.138760566711426,9.155110359191895,9.157842636108398,9.136767387390137,9.131842613220215,9.144336700439453,9.147324562072754,9.132525444030762
19.97,9.13818,0.0,9.160264015197754,9.161026000976562,9.148666381835938,9.147220611572266,9.127304077148438,9.170604705810547,9.153759002685547,9.152610778808594,9.165007591247559,9.14066219329834,9.138760566711426,9.155110359191895,9.157842636108398,9.136767387390137,9.131842613220215,9.144336700439453,9.147324562072754,9.132525444030762
19.98,9.13091,0.0,9.160264015197754,9.161026000976562,9.148666381835938,9.147220611572266,9.127304077148438,9.170604705810547,9.153759002685547,9.152610778808594,9.165007591247559,9.14066219329834,9.138760566711426,9.155110359191895,9.157842636108398,9.136767387390137,9.131842613220215,9.144336700439453,9.147324562072754,9.132525444030762
19.99,9.12501,0.0,9.124009132385254,9.125454902648926,9.115790367126465,9.118014335632324,9.098224639892578,9.142754554748535,9.11754035949707,9.115710258483887,9.134308815002441,9.094451904296875,9.092461585998535,9.108515739440918,9.113143920898438,9.090895652770996,9.086066246032715,9.099395751953125,9.104471206665039,9.092732429504395
20.0,9.11605,0.0,9.124009132385254,9.125454902648926,9.115790367126465,9.118014335632324,9.098224639892578,9.142754554748535,9.11754035949707,9.115710258483887,9.134308815002441,9.094451904296875,9.092461585998535,9.108515739440918,9.113143920898438,9.090895652770996,9.086066246032715,9.099395751953125,9.104471206665039,9.092732429504395
20.01,9.10849,0.0,9.124009132385254,9.125454902648926,9.115790367126465,9.118014335632324,9.098224639892578,9.142754554748535,9.11754035949707,9.115710258483887,9.134308815002441,9.094451904296875,9.092461585998535,9.108515739440918,9.113143920898438,9.090895652770996,9.086066246032715,9.099395751953125,9.104471206665039,9.092732429504395
20.02,9.10086,0.0,9.124009132385254,9.125454902648926,9.115790367126465,9.118014335632324,9.098224639892578,9.142754554748535,9.11754035949707,9.115710258483887,9.134308815002441,9.094451904296875,9.092461585998535,9.108515739440918,9.113143920898438,9.090895652770996,9.086066246032715,9.099395751953125,9.104471206665039,9.092732429504395
20.03,9.09317,0.0,9.124009132385254,9.125454902648926,9.115790367126465,9.118014335632324,9.098224639892578,9.142754554748535,9.11754035949707,9.115710258483887,9.134308815002441,9.094451904296875,9.092461585998535,9.108515739440918,9.113143920898438,9.090895652770996,9.086066246032715,9.099395751953125,9.104471206665039,9.092732429504395
20.04,9.08543,0.0,9.093292236328125,9.09803295135498,9.089971542358398,9.093039512634277,9.074243545532227,9.120443344116211,9.087685585021973,9.086638450622559,9.1092529296875,9.058125495910645,9.056129455566406,9.069761276245117,9.077714920043945,9.052848815917969,9.04946517944336,9.063562393188477,9.07081413269043,9.0604829788208
20.05,9.07767,0.0,9.093292236328125,9.09803295135498,9.089971542358398,9.093039512634277,9.074243545532227,9.120443344116211,9.087685585021973,9.086638450622559,9.1092529296875,9.058125495910645,9.056129455566406,9.069761276245117,9.077714920043945,9.052848815917969,9.04946517944336,9.063562393188477,9.07081413269043,9.0604829788208
20.06,9.0699,0.0,9.093292236328125,9.09803295135498,9.089971542358398,9.093039512634277,9.074243545532227,9.120443344116211,9.087685585021973,9.086638450622559,9.1092529296875,9.058125495910645,9.056129455566406,9.069761276245117,9.077714920043945,9.052848815917969,9.04946517944336,9.063562393188477,9.07081413269043,9.0604829788208
20.07,9.06214,0.0,9.093292236328125,9.09803295135498,9.089971542358398,9.093039512634277,9.074243545532227,9.120443344116211,9.087685585021973,9.086638450622559,9.1092529296875,9.058125495910645,9.056129455566406,9.069761276245117,9.077714920043945,9.052848815917969,9.04946517944336,9.063562393188477,9.07081413269043,9.0604829788208
20.08,9.05595,0.0,9.093292236328125,9.09803295135498,9.089971542358398,9.093039512634277,9.074243545532227,9.120443344116211,9.087685585021973,9.086638450622559,9.1092529296875,9.058125495910645,9.056129455566406,9.069761276245117,9.077714920043945,9.052848815917969,9.04946517944336,9.063562393188477,9.07081413269043,9.0604829788208
20.09,9.04672,0.0,9.060799598693848,9.065457344055176,9.060707092285156,9.064467430114746,9.048171043395996,9.093594551086426,9.05563735961914,9.055632591247559,9.079998016357422,9.023053169250488,9.021292686462402,9.030799865722656,9.042220115661621,9.014556884765625,9.012322425842285,9.02623176574707,9.035745620727539,9.028837203979492
20.1,9.03911,0.0,9.060799598693848,9.065457344055176,9.060707092285156,9.064467430114746,9.048171043395996,9.093594551086426,9.05563735961914,9.055632591247559,9.079998016357422,9.023053169250488,9.021292686462402,9.030799865722656,9.042220115661621,9.014556884765625,9.012322425842285,9.02623176574707,9.035745620727539,9.028837203979492
20.11,9.03158,0.0,9.060799598693848,9.065457344055176,9.060707092285156,9.064467430114746,9.048171043395996,9.093594551086426,9.05563735961914,9.055632591247559,9.079998016357422,9.023053169250488,9.021292686462402,9.030799865722656,9.042220115661621,9.014556884765625,9.012322425842285,9.02623176574707,9.035745620727539,9.028837203979492
20.12,9.02415,0.0,9.060799598693848,9.065457344055176,9.060707092285156,9.064467430114746,9.048171043395996,9.093594551086426,9.05563735961914,9.055632591247559,9.079998016357422,9.023053169250488,9.021292686462402,9.030799865722656,9.042220115661621,9.014556884765625,9.012322425842285,9.02623176574707,9.035745620727539,9.028837203979492
20.13,9.01685,0.0,9.060799598693848,9.065457344055176,9.060707092285156,9.064467430114746,9.048171043395996,9.093594551086426,9.05563735961914,9.055632591247559,9.079998016357422,9.023053169250488,9.021292686462402,9.030799865722656,9.042220115661621,9.014556884765625,9.012322425842285,9.02623176574707,9.035745620727539,9.028837203979492
20.14,9.0097,0.0,9.031980514526367,9.037579536437988,9.035762786865234,9.039304733276367,9.024676322937012,9.070863723754883,9.027806282043457,9.02851676940918,9.055082321166992,8.995733261108398,8.993289947509766,9.000454902648926,9.014615058898926,8.984935760498047,8.983063697814941,8.997171401977539,9.008286476135254,9.003449440002441
20.15,9.00409,0.0,9.031980514526367,9.037579536437988,9.035762786865234,9.039304733276367,9.024676322937012,9.070863723754883,9.027806282043457,9.02851676940918,9.055082321166992,8.995733261108398,8.993289947509766,9.000454902648926,9.014615058898926,8.984935760498047,8.983063697814941,8.997171401977539,9.008286476135254,9.003449440002441
20.16,8.9959,0.0,9.031980514526367,9.037579536437988,9.035762786865234,9.039304733276367,9.024676322937012,9.070863723754883,9.027806282043457,9.02851676940918,9.055082321166992,8.995733261108398,8.993289947509766,9.000454902648926,9.014615058898926,8.984935760498047,8.983063697814941,8.997171401977539,9.008286476135254,9.003449440002441
20.17,8.98929,0.0,9.031980514526367,9.037579536437988,9.035762786865234,9.039304733276367,9.024676322937012,9.070863723754883,9.027806282043457,9.02851676940918,9.055082321166992,8.995733261108398,8.993289947509766,9.000454902648926,9.014615058898926,8.984935760498047,8.983063697814941,8.997171401977539,9.008286476135254,9.003449440002441
20.18,8.9829,0.0,9.031980514526367,9.037579536437988,9.035762786865234,9.039304733276367,9.024676322937012,9.070863723754883,9.027806282043457,9.02851676940918,9.055082321166992,8.995733261108398,8.993289947509766,9.000454902648926,9.014615058898926,8.984935760498047,8.983063697814941,8.997171401977539,9.008286476135254,9.003449440002441
20.19,8.97672,0.0,9.003462791442871,9.008227348327637,9.009404182434082,9.013379096984863,8.999683380126953,9.046568870544434,8.999186515808105,9.000938415527344,9.028914451599121,8.968839645385742,8.965291023254395,8.972525596618652,8.987213134765625,8.957005500793457,8.955310821533203,8.969728469848633,8.979937553405762,8.978219985961914
20.2,8.9708,0.0,9.003462791442871,9.008227348327637,9.009404182434082,9.013379096984863,8.999683380126953,9.046568870544434,8.999186515808105,9.000938415527344,9.028914451599121,8.968839645385742,8.965291023254395,8.972525596618652,8.987213134765625,8.957005500793457,8.955310821533203,8.969728469848633,8.979937553405762,8.978219985961914
20.21,8.96512,0.0,9.003462791442871,9.008227348327637,9.009404182434082,9.013379096984863,8.999683380126953,9.046568870544434,8.999186515808105,9.000938415527344,9.028914451599121,8.968839645385742,8.965291023254395,8.972525596618652,8.987213134765625,8.957005500793457,8.955310821533203,8.969728469848633,8.979937553405762,8.978219985961914
20.22,8.9597,0.0,9.003462791442871,9.008227348327637,9.009404182434082,9.013379096984863,8.999683380126953,9.046568870544434,8.999186515808105,9.000938415527344,9.028914451599121,8.968839645385742,8.965291023254395,8.972525596618652,8.987213134765625,8.957005500793457,8.955310821533203,8.969728469848633,8.979937553405762,8.978219985961914
20.23,8.95454,0.0,9.003462791442871,9.008227348327637,9.009404182434082,9.013379096984863,8.999683380126953,9.046568870544434,8.999186515808105,9.000938415527344,9.028914451599121,8.968839645385742,8.965291023254395,8.972525596618652,8.987213134765625,8.957005500793457,8.955310821533203,8.969728469848633,8.979937553405762,8.978219985961914
20.24,8.95061,0.0,8.972081184387207,8.973969459533691,8.978301048278809,8.98337173461914,8.970733642578125,9.018302917480469,8.967984199523926,8.970112800598145,8.999042510986328,8.939676284790039,8.935219764709473,8.943586349487305,8.957865715026855,8.92791748046875,8.925957679748535,8.940963745117188,8.949197769165039,8.950079917907715
20.25,8.94504,0.0,8.972081184387207,8.973969459533691,8.978301048278809,8.98337173461914,8.970733642578125,9.018302917480469,8.967984199523926,8.970112800598145,8.999042510986328,8.939676284790039,8.935219764709473,8.943586349487305,8.957865715026855,8.92791748046875,8.925957679748535,8.940963745117188,8.949197769165039,8.950079917907715
20.26,8.9407,0.0,8.972081184387207,8.973969459533691,8.978301048278809,8.98337173461914,8.970733642578125,9.018302917480469,8.967984199523926,8.970112800598145,8.999042510986328,8.939676284790039,8.935219764709473,8.943586349487305,8.957865715026855,8.92791748046875,8.925957679748535,8.940963745117188,8.949197769165039,8.950079917907715
20.27,8.93663,0.0,8.972081184387207,8.973969459533691,8.978301048278809,8.98337173461914,8.970733642578125,9.018302917480469,8.967984199523926,8.970112800598145,8.999042510986328,8.939676284790039,8.935219764709473,8.943586349487305,8.957865715026855,8.92791748046875,8.925957679748535,8.940963745117188,8.949197769165039,8.950079917907715
20.28,8.93282,0.0,8.972081184387207,8.973969459533691,8.978301048278809,8.98337173461914,8.970733642578125,9.018302917480469,8.967984199523926,8.970112800598145,8.999042510986328,8.939676284790039,8.935219764709473,8.943586349487305,8.957865715026855,8.92791748046875,8.925957679748535,8.940963745117188,8.949197769165039,8.950079917907715
20.29,8.92927,0.0,8.944072723388672,8.943692207336426,8.950052261352539,8.955109596252441,8.94316291809082,8.991432189941406,8.93972110748291,8.943090438842773,8.970993995666504,8.913406372070312,8.909282684326172,8.917463302612305,8.930458068847656,8.901822090148926,8.900074005126953,8.915202140808105,8.920941352844238,8.921823501586914
20.3,8.92597,0.0,8.944072723388672,8.943692207336426,8.950052261352539,8.955109596252441,8.94316291809082,8.991432189941406,8.93972110748291,8.943090438842773,8.970993995666504,8.913406372070312,8.909282684326172,8.917463302612305,8.930458068847656,8.901822090148926,8.900074005126953,8.915202140808105,8.920941352844238,8.921823501586914
20.31,8.9229,0.0,8.944072723388672,8.943692207336426,8.950052261352539,8.955109596252441,8.94316291809082,8.991432189941406,8.93972110748291,8.943090438842773,8.970993995666504,8.913406372070312,8.909282684326172,8.917463302612305,8.930458068847656,8.901822090148926,8.900074005126953,8.915202140808105,8.920941352844238,8.921823501586914
20.32,8.92007,0.0,8.944072723388672,8.943692207336426,8.950052261352539,8.955109596252441,8.94316291809082,8.991432189941406,8.93972110748291,8.943090438842773,8.970993995666504,8.913406372070312,8.909282684326172,8.917463302612305,8.930458068847656,8.901822090148926,8.900074005126953,8.915202140808105,8.920941352844238,8.921823501586914
20.33,8.91795,0.0,8.944072723388672,8.943692207336426,8.950052261352539,8.955109596252441,8.94316291809082,8.991432189941406,8.93972110748291,8.943090438842773,8.970993995666504,8.913406372070312,8.909282684326172,8.917463302612305,8.930458068847656,8.901822090148926,8.900074005126953,8.915202140808105,8.920941352844238,8.921823501586914
20.34,8.91501,0.0,8.918304443359375,8.915597915649414,8.923921585083008,8.928191184997559,8.916860580444336,8.966114044189453,8.9148530960083,8.919242858886719,8.945100784301758,8.893290519714355,8.888629913330078,8.896381378173828,8.907188415527344,8.880716323852539,8.879905700683594,8.89462947845459,8.897326469421387,8.897544860839844
20.35,8.91275,0.0,8.918304443359375,8.915597915649414,8.923921585083008,8.928191184997559,8.916860580444336,8.966114044189453,8.9148530960083,8.919242858886719,8.945100784301758,8.893290519714355,8.888629913330078,8.896381378173828,8.907188415527344,8.880716323852539,8.879905700683594,8.89462947845459,8.897326469421387,8.897544860839844
20.36,8.91065,0.0,8.918304443359375,8.915597915649414,8.923921585083008,8.928191184997559,8.916860580444336,8.966114044189453,8.9148530960083,8.919242858886719,8.945100784301758,8.893290519714355,8.888629913330078,8.896381378173828,8.907188415527344,8.880716323852539,8.879905700683594,8.89462947845459,8.897326469421387,8.897544860839844
20.37,8.90869,0.0,8.918304443359375,8.915597915649414,8.923921585083008,8.928191184997559,8.916860580444336,8.966114044189453,8.9148530960083,8.919242858886719,8.945100784301758,8.893290519714355,8.888629913330078,8.896381378173828,8.907188415527344,8.880716323852539,8.879905700683594,8.89462947845459,8.897326469421387,8.897544860839844
20.38,8.90685,0.0,8.918304443359375,8.915597915649414,8.923921585083008,8.928191184997559,8.916860580444336,8.966114044189453,8.9148530960083,8.919242858886719,8.945100784301758,8.893290519714355,8.888629913330078,8.896381378173828,8.907188415527344,8.880716323852539,8.879905700683594,8.89462947845459,8.897326469421387,8.897544860839844
20.39,8.9051,0.0,8.895980834960938,8.892171859741211,8.900449752807617,8.903926849365234,8.892512321472168,8.943197250366211,8.893559455871582,8.899500846862793,8.922204971313477,8.879953384399414,8.875486373901367,8.88250732421875,8.890739440917969,8.86701774597168,8.866863250732422,8.881402015686035,8.880633354187012,8.877877235412598
20.4,8.90376,0.0,8.895980834960938,8.892171859741211,8.900449752807617,8.903926849365234,8.892512321472168,8.943197250366211,8.893559455871582,8.899500846862793,8.922204971313477,8.879953384399414,8.875486373901367,8.88250732421875,8.890739440917969,8.86701774597168,8.866863250732422,8.881402015686035,8.880633354187012,8.877877235412598
20.41,8.90181,0.0,8.895980834960938,8.892171859741211,8.900449752807617,8.903926849365234,8.892512321472168,8.943197250366211,8.893559455871582,8.899500846862793,8.922204971313477,8.879953384399414,8.875486373901367,8.88250732421875,8.890739440917969,8.86701774597168,8.866863250732422,8.881402015686035,8.880633354187012,8.877877235412598
20.42,8.90022,0.0,8.895980834960938,8.892171859741211,8.900449752807617,8.903926849365234,8.892512321472168,8.943197250366211,8.893559455871582,8.899500846862793,8.922204971313477,8.879953384399414,8.875486373901367,8.88250732421875,8.890739440917969,8.86701774597168,8.866863250732422,8.881402015686035,8.880633354187012,8.877877235412598
20.43,8.89863,0.0,8.895980834960938,8.892171859741211,8.900449752807617,8.903926849365234,8.892512321472168,8.943197250366211,8.893559455871582,8.899500846862793,8.922204971313477,8.879953384399414,8.875486373901367,8.88250732421875,8.890739440917969,8.86701774597168,8.866863250732422,8.881402015686035,8.880633354187012,8.877877235412598
20.44,8.89704,0.0,8.872215270996094,8.865751266479492,8.874102592468262,8.878861427307129,8.866514205932617,8.917777061462402,8.870534896850586,8.8775053024292,8.89720630645752,8.865229606628418,8.860685348510742,8.868659973144531,8.872665405273438,8.852935791015625,8.85287094116211,8.866522789001465,8.86185359954834,8.857276916503906
20.45,8.8954,0.0,8.872215270996094,8.865751266479492,8.874102592468262,8.878861427307129,8.866514205932617,8.917777061462402,8.870534896850586,8.8775053024292,8.89720630645752,8.865229606628418,8.860685348510742,8.868659973144531,8.872665405273438,8.852935791015625,8.85287094116211,8.866522789001465,8.86185359954834,8.857276916503906
20.46,8.89372,0.0,8.872215270996094,8.865751266479492,8.874102592468262,8.878861427307129,8.866514205932617,8.917777061462402,8.870534896850586,8.8775053024292,8.89720630645752,8.865229606628418,8.860685348510742,8.868659973144531,8.872665405273438,8.852935791015625,8.85287094116211,8.866522789001465,8.86185359954834,8.857276916503906
20.47,8.89196,0.0,8.872215270996094,8.865751266479492,8.874102592468262,8.878861427307129,8.866514205932617,8.917777061462402,8.870534896850586,8.8775053024292,8.89720630645752,8.865229606628418,8.860685348510742,8.868659973144531,8.872665405273438,8.852935791015625,8.85287094116211,8.866522789001465,8.86185359954834,8.857276916503906
20.48,8.89012,0.0,8.872215270996094,8.865751266479492,8.874102592468262,8.878861427307129,8.866514205932617,8.917777061462402,8.870534896850586,8.8775053024292,8.89720630645752,8.865229606628418,8.860685348510742,8.868659973144531,8.872665405273438,8.852935791015625,8.85287094116211,8.866522789001465,8.86185359954834,8.857276916503906
20.49,8.88856,0.0,8.848974227905273,8.840249061584473,8.84847354888916,8.854687690734863,8.840204238891602,8.892622947692871,8.847542762756348,8.855236053466797,8.872345924377441,8.847938537597656,8.844178199768066,8.853509902954102,8.853389739990234,8.83775806427002,8.837311744689941,8.849959373474121,8.842439651489258,8.834823608398438
20.5,8.88609,0.0,8.848974227905273,8.840249061584473,8.84847354888916,8.854687690734863,8.840204238891602,8.892622947692871,8.847542762756348,8.855236053466797,8.872345924377441,8.847938537597656,8.844178199768066,8.853509902954102,8.853389739990234,8.83775806427002,8.837311744689941,8.849959373474121,8.842439651489258,8.834823608398438
20.51,8.88388,0.0,8.848974227905273,8.840249061584473,8.84847354888916,8.854687690734863,8.840204238891602,8.892622947692871,8.847542762756348,8.855236053466797,8.872345924377441,8.847938537597656,8.844178199768066,8.853509902954102,8.853389739990234,8.83775806427002,8.837311744689941,8.849959373474121,8.842439651489258,8.834823608398438
20.52,8.88152,0.0,8.848974227905273,8.840249061584473,8.84847354888916,8.854687690734863,8.840204238891602,8.892622947692871,8.847542762756348,8.855236053466797,8.872345924377441,8.847938537597656,8.844178199768066,8.853509902954102,8.853389739990234,8.83775806427002,8.837311744689941,8.849959373474121,8.842439651489258,8.834823608398438
20.53,8.879,0.0,8.848974227905273,8.840249061584473,8.84847354888916,8.854687690734863,8.840204238891602,8.892622947692871,8.847542762756348,8.855236053466797,8.872345924377441,8.847938537597656,8.844178199768066,8.853509902954102,8.853389739990234,8.83775806427002,8.837311744689941,8.849959373474121,8.842439651489258,8.834823608398438
20.54,8.87631,0.0,8.829456329345703,8.820235252380371,8.82724380493164,8.833602905273438,8.817645072937012,8.871776580810547,8.829080581665039,8.837836265563965,8.851987838745117,8.835312843322754,8.831509590148926,8.841998100280762,8.838027000427246,8.825897216796875,8.826058387756348,8.837957382202148,8.827011108398438,8.816556930541992
20.55,8.87344,0.0,8.829456329345703,8.820235252380371,8.82724380493164,8.833602905273438,8.817645072937012,8.871776580810547,8.829080581665039,8.837836265563965,8.851987838745117,8.835312843322754,8.831509590148926,8.841998100280762,8.838027000427246,8.825897216796875,8.826058387756348,8.837957382202148,8.827011108398438,8.816556930541992
20.56,8.87038,0.0,8.829456329345703,8.820235252380371,8.82724380493164,8.833602905273438,8.817645072937012,8.871776580810547,8.829080581665039,8.837836265563965,8.851987838745117,8.835312843322754,8.831509590148926,8.841998100280762,8.838027000427246,8.825897216796875,8.826058387756348,8.837957382202148,8.827011108398438,8.816556930541992
20.57,8.86714,0.0,8.829456329345703,8.820235252380371,8.82724380493164,8.833602905273438,8.817645072937012,8.871776580810547,8.829080581665039,8.837836265563965,8.851987838745117,8.835312843322754,8.831509590148926,8.841998100280762,8.838027000427246,8.825897216796875,8.826058387756348,8.837957382202148,8.827011108398438,8.816556930541992
20.58,8.8644,0.0,8.829456329345703,8.820235252380371,8.82724380493164,8.833602905273438,8.817645072937012,8.871776580810547,8.829080581665039,8.837836265563965,8.851987838745117,8.835312843322754,8.831509590148926,8.841998100280762,8.838027000427246,8.825897216796875,8.826058387756348,8.837957382202148,8.827011108398438,8.816556930541992
20.59,8.86006,0.0,8.82213020324707,8.809897422790527,8.818954467773438,8.82053279876709,8.803858757019043,8.858452796936035,8.8284912109375,8.831965446472168,8.840666770935059,8.829773902893066,8.832752227783203,8.840906143188477,8.838318824768066,8.823358535766602,8.82809829711914,8.83545207977295,8.817431449890137,8.811564445495605
20.6,8.85622,0.0,8.82213020324707,8.809897422790527,8.818954467773438,8.82053279876709,8.803858757019043,8.858452796936035,8.8284912109375,8.831965446472168,8.840666770935059,8.829773902893066,8.832752227783203,8.840906143188477,8.838318824768066,8.823358535766602,8.82809829711914,8.83545207977295,8.817431449890137,8.811564445495605
20.61,8.85219,0.0,8.82213020324707,8.809897422790527,8.818954467773438,8.82053279876709,8.803858757019043,8.858452796936035,8.8284912109375,8.831965446472168,8.840666770935059,8.829773902893066,8.832752227783203,8.840906143188477,8.838318824768066,8.823358535766602,8.82809829711914,8.83545207977295,8.817431449890137,8.811564445495605
20.62,8.84795,0.0,8.82213020324707,8.809897422790527,8.818954467773438,8.82053279876709,8.803858757019043,8.858452796936035,8.8284912109375,8.831965446472168,8.840666770935059,8.829773902893066,8.832752227783203,8.840906143188477,8.838318824768066,8.823358535766602,8.82809829711914,8.83545207977295,8.817431449890137,8.811564445495605
20.63,8.84352,0.0,8.82213020324707,8.809897422790527,8.818954467773438,8.82053279876709,8.803858757019043,8.858452796936035,8.8284912109375,8.831965446472168,8.840666770935059,8.829773902893066,8.832752227783203,8.840906143188477,8.838318824768066,8.823358535766602,8.82809829711914,8.83545207977295,8.817431449890137,8.811564445495605
20.64,8.8389,0.0,8.803173065185547,8.784395217895508,8.8065824508667,8.797918319702148,8.783501625061035,8.83767318725586,8.823955535888672,8.81966495513916,8.823832511901855,8.822556495666504,8.843281745910645,8.84638500213623,8.848394393920898,8.825287818908691,8.832059860229492,8.834210395812988,8.806050300598145,8.825119018554688
20.65,8.83506,0.0,8.803173065185547,8.784395217895508,8.8065824508667,8.797918319702148,8.783501625061035,8.83767318725586,8.823955535888672,8.81966495513916,8.823832511901855,8.822556495666504,8.843281745910645,8.84638500213623,8.848394393920898,8.825287818908691,8.832059860229492,8.834210395812988,8.806050300598145,8.825119018554688
20.66,8.82908,0.0,8.803173065185547,8.784395217895508,8.8065824508667,8.797918319702148,8.783501625061035,8.83767318725586,8.823955535888672,8.81966495513916,8.823832511901855,8.822556495666504,8.843281745910645,8.84638500213623,8.848394393920898,8.825287818908691,8.832059860229492,8.834210395812988,8.806050300598145,8.825119018554688
20.67,8.8239,0.0,8.803173065185547,8.784395217895508,8.8065824508667,8.797918319702148,8.783501625061035,8.83767318725586,8.823955535888672,8.81966495513916,8.823832511901855,8.822556495666504,8.843281745910645,8.84638500213623,8.848394393920898,8.825287818908691,8.832059860229492,8.834210395812988,8.806050300598145,8.825119018554688
20.68,8.81854,0.0,8.803173065185547,8.784395217895508,8.8065824508667,8.797918319702148,8.783501625061035,8.83767318725586,8.823955535888672,8.81966495513916,8.823832511901855,8.822556495666504,8.843281745910645,8.84638500213623,8.848394393920898,8.825287818908691,8.832059860229492,8.834210395812988,8.806050300598145,8.825119018554688
20.69,8.81302,0.0,8.777711868286133,8.757580757141113,8.775030136108398,8.774105072021484,8.755411148071289,8.812230110168457,8.795561790466309,8.79909896850586,8.796364784240723,8.809858322143555,8.830252647399902,8.831510543823242,8.83471965789795,8.812677383422852,8.814855575561523,8.819674491882324,8.793646812438965,8.822101593017578
20.7,8.80734,0.0,8.777711868286133,8.757580757141113,8.775030136108398,8.774105072021484,8.755411148071289,8.812230110168457,8.795561790466309,8.79909896850586,8.796364784240723,8.809858322143555,8.830252647399902,8.831510543823242,8.83471965789795,8.812677383422852,8.814855575561523,8.819674491882324,8.793646812438965,8.822101593017578
20.71,8.8015,0.0,8.777711868286133,8.757580757141113,8.775030136108398,8.774105072021484,8.755411148071289,8.812230110168457,8.795561790466309,8.79909896850586,8.796364784240723,8.809858322143555,8.830252647399902,8.831510543823242,8.83471965789795,8.812677383422852,8.814855575561523,8.819674491882324,8.793646812438965,8.822101593017578
20.72,8.79553,0.0,8.777711868286133,8.757580757141113,8.775030136108398,8.774105072021484,8.755411148071289,8.812230110168457,8.795561790466309,8.79909896850586,8.796364784240723,8.809858322143555,8.830252647399902,8.831510543823242,8.83471965789795,8.812677383422852,8.814855575561523,8.819674491882324,8.793646812438965,8.822101593017578
20.73,8.78941,0.00798,8.777711868286133,8.757580757141113,8.775030136108398,8.774105072021484,8.755411148071289,8.812230110168457,8.795561790466309,8.79909896850586,8.796364784240723,8.809858322143555,8.830252647399902,8.831510543823242,8.83471965789795,8.812677383422852,8.814855575561523,8.819674491882324,8.793646812438965,8.822101593017578
20.74,8.78443,0.01373,8.741941452026367,8.727906227111816,8.736100196838379,8.747069358825684,8.725265502929688,8.785776138305664,8.75728702545166,8.76942253112793,8.766205787658691,8.786563873291016,8.796789169311523,8.799653053283691,8.80097770690918,8.786067008972168,8.782486915588379,8.793584823608398,8.774064064025879,8.79361629486084
20.75,8.77681,0.02189,8.741941452026367,8.727906227111816,8.736100196838379,8.747069358825684,8.725265502929688,8.785776138305664,8.75728702545166,8.76942253112793,8.766205787658691,8.786563873291016,8.796789169311523,8.799653053283691,8.80097770690918,8.786067008972168,8.782486915588379,8.793584823608398,8.774064064025879,8.79361629486084
20.76,8.77035,0.02826,8.741941452026367,8.727906227111816,8.736100196838379,8.747069358825684,8.725265502929688,8.785776138305664,8.75728702545166,8.76942253112793,8.766205787658691,8.786563873291016,8.796789169311523,8.799653053283691,8.80097770690918,8.786067008972168,8.782486915588379,8.793584823608398,8.774064064025879,8.79361629486084
20.77,8.76378,0.03421,8.741941452026367,8.727906227111816,8.736100196838379,8.747069358825684,8.725265502929688,8.785776138305664,8.75728702545166,8.76942253112793,8.766205787658691,8.786563873291016,8.796789169311523,8.799653053283691,8.80097770690918,8.786067008972168,8.782486915588379,8.793584823608398,8.774064064025879,8.79361629486084
20.78,8.75712,0.03972,8.741941452026367,8.727906227111816,8.736100196838379,8.747069358825684,8.725265502929688,8.785776138305664,8.75728702545166,8.76942253112793,8.766205787658691,8.786563873291016,8.796789169311523,8.799653053283691,8.80097770690918,8.786067008972168,8.782486915588379,8.793584823608398,8.774064064025879,8.79361629486084
20.79,8.75039,0.04478,8.707551956176758,8.70067310333252,8.704065322875977,8.71953296661377,8.699002265930176,8.762105941772461,8.725043296813965,8.741218566894531,8.739766120910645,8.755874633789062,8.759747505187988,8.761603355407715,8.762223243713379,8.751546859741211,8.746808052062988,8.760237693786621,8.744491577148438,8.752265930175781
20.8,8.74359,0.0494,8.707551956176758,8.70067310333252,8.704065322875977,8.71953296661377,8.699002265930176,8.762105941772461,8.725043296813965,8.741218566894531,8.739766120910645,8.755874633789062,8.759747505187988,8.761603355407715,8.762223243713379,8.751546859741211,8.746808052062988,8.760237693786621,8.744491577148438,8.752265930175781
20.81,8.73673,0.05354,8.707551956176758,8.70067310333252,8.704065322875977,8.71953296661377,8.699002265930176,8.762105941772461,8.725043296813965,8.741218566894531,8.739766120910645,8.755874633789062,8.759747505187988,8.761603355407715,8.762223243713379,8.751546859741211,8.746808052062988,8.760237693786621,8.744491577148438,8.752265930175781
20.82,8.72981,0.05723,8.707551956176758,8.70067310333252,8.704065322875977,8.71953296661377,8.699002265930176,8.762105941772461,8.725043296813965,8.741218566894531,8.739766120910645,8.755874633789062,8.759747505187988,8.761603355407715,8.762223243713379,8.751546859741211,8.746808052062988,8.760237693786621,8.744491577148438,8.752265930175781
20.83,8.72425,0.05984,8.707551956176758,8.70067310333252,8.704065322875977,8.71953296661377,8.699002265930176,8.762105941772461,8.725043296813965,8.741218566894531,8.739766120910645,8.755874633789062,8.759747505187988,8.761603355407715,8.762223243713379,8.751546859741211,8.746808052062988,8.760237693786621,8.744491577148438,8.752265930175781
20.84,8.71587,0.06321,8.672720909118652,8.671359062194824,8.669336318969727,8.69165325164795,8.67393684387207,8.73502254486084,8.687188148498535,8.708300590515137,8.710418701171875,8.716670036315918,8.714654922485352,8.71488094329834,8.712420463562012,8.707409858703613,8.702752113342285,8.717386245727539,8.705248832702637,8.69867992401123
20.85,8.70886,0.06552,8.672720909118652,8.671359062194824,8.669336318969727,8.69165325164795,8.67393684387207,8.73502254486084,8.687188148498535,8.708300590515137,8.710418701171875,8.716670036315918,8.714654922485352,8.71488094329834,8.712420463562012,8.707409858703613,8.702752113342285,8.717386245727539,8.705248832702637,8.69867992401123
20.86,8.70184,0.06739,8.672720909118652,8.671359062194824,8.669336318969727,8.69165325164795,8.67393684387207,8.73502254486084,8.687188148498535,8.708300590515137,8.710418701171875,8.716670036315918,8.714654922485352,8.71488094329834,8.712420463562012,8.707409858703613,8.702752113342285,8.717386245727539,8.705248832702637,8.69867992401123
20.87,8.6948,0.06883,8.672720909118652,8.671359062194824,8.669336318969727,8.69165325164795,8.67393684387207,8.73502254486084,8.687188148498535,8.708300590515137,8.710418701171875,8.716670036315918,8.714654922485352,8.71488094329834,8.712420463562012,8.707409858703613,8.702752113342285,8.717386245727539,8.705248832702637,8.69867992401123
20.88,8.68777,0.06985,8.672720909118652,8.671359062194824,8.669336318969727,8.69165325164795,8.67393684387207,8.73502254486084,8.687188148498535,8.708300590515137,8.710418701171875,8.716670036315918,8.714654922485352,8.71488094329834,8.712420463562012,8.707409858703613,8.702752113342285,8.717386245727539,8.705248832702637,8.69867992401123
20.89,8.68075,0.07049,8.651275634765625,8.654315948486328,8.650373458862305,8.671337127685547,8.654289245605469,8.714446067810059,8.666367530822754,8.686380386352539,8.69012451171875,8.686395645141602,8.682662010192871,8.682303428649902,8.678799629211426,8.675090789794922,8.67381763458252,8.68598461151123,8.67451286315918,8.654990196228027
20.9,8.67515,0.07072,8.651275634765625,8.654315948486328,8.650373458862305,8.671337127685547,8.654289245605469,8.714446067810059,8.666367530822754,8.686380386352539,8.69012451171875,8.686395645141602,8.682662010192871,8.682303428649902,8.678799629211426,8.675090789794922,8.67381763458252,8.68598461151123,8.67451286315918,8.654990196228027
20.91,8.66677,0.07066,8.651275634765625,8.654315948486328,8.650373458862305,8.671337127685547,8.654289245605469,8.714446067810059,8.666367530822754,8.686380386352539,8.69012451171875,8.686395645141602,8.682662010192871,8.682303428649902,8.678799629211426,8.675090789794922,8.67381763458252,8.68598461151123,8.67451286315918,8.654990196228027
20.92,8.65982,0.07025,8.651275634765625,8.654315948486328,8.650373458862305,8.671337127685547,8.654289245605469,8.714446067810059,8.666367530822754,8.686380386352539,8.69012451171875,8.686395645141602,8.682662010192871,8.682303428649902,8.678799629211426,8.675090789794922,8.67381763458252,8.68598461151123,8.67451286315918,8.654990196228027
20.93,8.6529,0.06954,8.651275634765625,8.654315948486328,8.650373458862305,8.671337127685547,8.654289245605469,8.714446067810059,8.666367530822754,8.686380386352539,8.69012451171875,8.686395645141602,8.682662010192871,8.682303428649902,8.678799629211426,8.675090789794922,8.67381763458252,8.68598461151123,8.67451286315918,8.654990196228027
20.94,8.64602,0.06855,8.626399040222168,8.628795623779297,8.624709129333496,8.646921157836914,8.630301475524902,8.687304496765137,8.637834548950195,8.658256530761719,8.664353370666504,8.654600143432617,8.648273468017578,8.650152206420898,8.642391204833984,8.641165733337402,8.641702651977539,8.652181625366211,8.640300750732422,8.613813400268555
20.95,8.63919,0.06732,8.626399040222168,8.628795623779297,8.624709129333496,8.646921157836914,8.630301475524902,8.687304496765137,8.637834548950195,8.658256530761719,8.664353370666504,8.654600143432617,8.648273468017578,8.650152206420898,8.642391204833984,8.641165733337402,8.641702651977539,8.652181625366211,8.640300750732422,8.613813400268555
20.96,8.63241,0.06588,8.626399040222168,8.628795623779297,8.624709129333496,8.646921157836914,8.630301475524902,8.687304496765137,8.637834548950195,8.658256530761719,8.664353370666504,8.654600143432617,8.648273468017578,8.650152206420898,8.642391204833984,8.641165733337402,8.641702651977539,8.652181625366211,8.640300750732422,8.613813400268555
20.97,8.62568,0.06425,8.626399040222168,8.628795623779297,8.624709129333496,8.646921157836914,8.630301475524902,8.687304496765137,8.637834548950195,8.658256530761719,8.664353370666504,8.654600143432617,8.648273468017578,8.650152206420898,8.642391204833984,8.641165733337402,8.641702651977539,8.652181625366211,8.640300750732422,8.613813400268555
20.98,8.619,0.06245,8.626399040222168,8.628795623779297,8.624709129333496,8.646921157836914,8.630301475524902,8.687304496765137,8.637834548950195,8.658256530761719,8.664353370666504,8.654600143432617,8.648273468017578,8.650152206420898,8.642391204833984,8.641165733337402,8.641702651977539,8.652181625366211,8.640300750732422,8.613813400268555
20.99,8.6137,0.06092,8.604308128356934,8.60446548461914,8.601643562316895,8.623758316040039,8.604732513427734,8.658580780029297,8.612541198730469,8.62977409362793,8.637741088867188,8.621126174926758,8.612995147705078,8.61885929107666,8.607860565185547,8.608047485351562,8.610071182250977,8.617591857910156,8.606616973876953,8.574190139770508
21.0,8.60582,0.0585,8.604308128356934,8.60446548461914,8.601643562316895,8.623758316040039,8.604732513427734,8.658580780029297,8.612541198730469,8.62977409362793,8.637741088867188,8.621126174926758,8.612995147705078,8.61885929107666,8.607860565185547,8.608047485351562,8.610071182250977,8.617591857910156,8.606616973876953,8.574190139770508
21.01,8.59932,0.05638,8.604308128356934,8.60446548461914,8.601643562316895,8.623758316040039,8.604732513427734,8.658580780029297,8.612541198730469,8.62977409362793,8.637741088867188,8.621126174926758,8.612995147705078,8.61885929107666,8.607860565185547,8.608047485351562,8.610071182250977,8.617591857910156,8.606616973876953,8.574190139770508
21.02,8.59288,0.05421,8.604308128356934,8.60446548461914,8.601643562316895,8.623758316040039,8.604732513427734,8.658580780029297,8.612541198730469,8.62977409362793,8.637741088867188,8.621126174926758,8.612995147705078,8.61885929107666,8.607860565185547,8.608047485351562,8.610071182250977,8.617591857910156,8.606616973876953,8.574190139770508
21.03,8.58649,0.05201,8.604308128356934,8.60446548461914,8.601643562316895,8.623758316040039,8.604732513427734,8.658580780029297,8.612541198730469,8.62977409362793,8.637741088867188,8.621126174926758,8.612995147705078,8.61885929107666,8.607860565185547,8.608047485351562,8.610071182250977,8.617591857910156,8.606616973876953,8.574190139770508
21.04,8.58017,0.04979,8.583819389343262,8.579877853393555,8.582014083862305,8.599244117736816,8.577302932739258,8.630352973937988,8.590660095214844,8.603174209594727,8.612011909484863,8.589067459106445,8.582207679748535,8.593931198120117,8.581246376037598,8.580162048339844,8.582613945007324,8.587912559509277,8.575178146362305,8.542768478393555
21.05,8.57389,0.04758,8.583819389343262,8.579877853393555,8.582014083862305,8.599244117736816,8.577302932739258,8.630352973937988,8.590660095214844,8.603174209594727,8.612011909484863,8.589067459106445,8.582207679748535,8.593931198120117,8.581246376037598,8.580162048339844,8.582613945007324,8.587912559509277,8.575178146362305,8.542768478393555
21.06,8.56767,0.04539,8.583819389343262,8.579877853393555,8.582014083862305,8.599244117736816,8.577302932739258,8.630352973937988,8.590660095214844,8.603174209594727,8.612011909484863,8.589067459106445,8.582207679748535,8.593931198120117,8.581246376037598,8.580162048339844,8.582613945007324,8.587912559509277,8.575178146362305,8.542768478393555
21.07,8.56149,0.04324,8.583819389343262,8.579877853393555,8.582014083862305,8.599244117736816,8.577302932739258,8.630352973937988,8.590660095214844,8.603174209594727,8.612011909484863,8.589067459106445,8.582207679748535,8.593931198120117,8.581246376037598,8.580162048339844,8.582613945007324,8.587912559509277,8.575178146362305,8.542768478393555
21.08,8.55658,0.04156,8.583819389343262,8.579877853393555,8.582014083862305,8.599244117736816,8.577302932739258,8.630352973937988,8.590660095214844,8.603174209594727,8.612011909484863,8.589067459106445,8.582207679748535,8.593931198120117,8.581246376037598,8.580162048339844,8.582613945007324,8.587912559509277,8.575178146362305,8.542768478393555
21.09,8.54926,0.03911,8.56003189086914,8.550487518310547,8.557642936706543,8.570988655090332,8.548465728759766,8.600035667419434,8.565505027770996,8.576851844787598,8.584466934204102,8.562114715576172,8.556415557861328,8.570611953735352,8.556644439697266,8.553691864013672,8.556543350219727,8.561127662658691,8.545944213867188,8.520155906677246
21.1,8.5432,0.03715,8.56003189086914,8.550487518310547,8.557642936706543,8.570988655090332,8.548465728759766,8.600035667419434,8.565505027770996,8.576851844787598,8.584466934204102,8.562114715576172,8.556415557861328,8.570611953735352,8.556644439697266,8.553691864013672,8.556543350219727,8.561127662658691,8.545944213867188,8.520155906677246
21.11,8.53716,0.03527,8.56003189086914,8.550487518310547,8.557642936706543,8.570988655090332,8.548465728759766,8.600035667419434,8.565505027770996,8.576851844787598,8.584466934204102,8.562114715576172,8.556415557861328,8.570611953735352,8.556644439697266,8.553691864013672,8.556543350219727,8.561127662658691,8.545944213867188,8.520155906677246
21.12,8.53114,0.03347,8.56003189086914,8.550487518310547,8.557642936706543,8.570988655090332,8.548465728759766,8.600035667419434,8.565505027770996,8.576851844787598,8.584466934204102,8.562114715576172,8.556415557861328,8.570611953735352,8.556644439697266,8.553691864013672,8.556543350219727,8.561127662658691,8.545944213867188,8.520155906677246
21.13,8.52514,0.03176,8.56003189086914,8.550487518310547,8.557642936706543,8.570988655090332,8.548465728759766,8.600035667419434,8.565505027770996,8.576851844787598,8.584466934204102,8.562114715576172,8.556415557861328,8.570611953735352,8.556644439697266,8.553691864013672,8.556543350219727,8.561127662658691,8.545944213867188,8.520155906677246
21.14,8.51914,0.03014,8.531923294067383,8.51741886138916,8.527892112731934,8.540783882141113,8.51766586303711,8.565832138061523,8.533651351928711,8.54556655883789,8.551000595092773,8.52875804901123,8.523794174194336,8.53683853149414,8.5225830078125,8.519926071166992,8.521644592285156,8.525484085083008,8.51281452178955,8.490267753601074
21.15,8.51434,0.02891,8.531923294067383,8.51741886138916,8.527892112731934,8.540783882141113,8.51766586303711,8.565832138061523,8.533651351928711,8.54556655883789,8.551000595092773,8.52875804901123,8.523794174194336,8.53683853149414,8.5225830078125,8.519926071166992,8.521644592285156,8.525484085083008,8.51281452178955,8.490267753601074
21.16,8.50713,0.02718,8.531923294067383,8.51741886138916,8.527892112731934,8.540783882141113,8.51766586303711,8.565832138061523,8.533651351928711,8.54556655883789,8.551000595092773,8.52875804901123,8.523794174194336,8.53683853149414,8.5225830078125,8.519926071166992,8.521644592285156,8.525484085083008,8.51281452178955,8.490267753601074
21.17,8.5011,0.02582,8.531923294067383,8.51741886138916,8.527892112731934,8.540783882141113,8.51766586303711,8.565832138061523,8.533651351928711,8.54556655883789,8.551000595092773,8.52875804901123,8.523794174194336,8.53683853149414,8.5225830078125,8.519926071166992,8.521644592285156,8.525484085083008,8.51281452178955,8.490267753601074
21.18,8.49505,0.02456,8.531923294067383,8.51741886138916,8.527892112731934,8.540783882141113,8.51766586303711,8.565832138061523,8.533651351928711,8.54556655883789,8.551000595092773,8.52875804901123,8.523794174194336,8.53683853149414,8.5225830078125,8.519926071166992,8.521644592285156,8.525484085083008,8.51281452178955,8.490267753601074
21.19,8.48897,0.02337,8.50187873840332,8.487290382385254,8.498485565185547,8.511378288269043,8.48764419555664,8.535489082336426,8.50301742553711,8.514311790466309,8.521390914916992,8.499485969543457,8.493217468261719,8.506970405578613,8.49176025390625,8.490423202514648,8.491108894348145,8.496283531188965,8.484447479248047,8.461865425109863
21.2,8.48284,0.02226,8.50187873840332,8.487290382385254,8.498485565185547,8.511378288269043,8.48764419555664,8.535489082336426,8.50301742553711,8.514311790466309,8.521390914916992,8.499485969543457,8.493217468261719,8.506970405578613,8.49176025390625,8.490423202514648,8.491108894348145,8.496283531188965,8.484447479248047,8.461865425109863
21.21,8.47667,0.02122,8.50187873840332,8.487290382385254,8.498485565185547,8.511378288269043,8.48764419555664,8.535489082336426,8.50301742553711,8.514311790466309,8.521390914916992,8.499485969543457,8.493217468261719,8.506970405578613,8.49176025390625,8.490423202514648,8.491108894348145,8.496283531188965,8.484447479248047,8.461865425109863
21.22,8.47044,0.02024,8.50187873840332,8.487290382385254,8.498485565185547,8.511378288269043,8.48764419555664,8.535489082336426,8.50301742553711,8.514311790466309,8.521390914916992,8.499485969543457,8.493217468261719,8.506970405578613,8.49176025390625,8.490423202514648,8.491108894348145,8.496283531188965,8.484447479248047,8.461865425109863
21.23,8.46416,0.01932,8.50187873840332,8.487290382385254,8.498485565185547,8.511378288269043,8.48764419555664,8.535489082336426,8.50301742553711,8.514311790466309,8.521390914916992,8.499485969543457,8.493217468261719,8.506970405578613,8.49176025390625,8.490423202514648,8.491108894348145,8.496283531188965,8.484447479248047,8.461865425109863
21.24,8.45908,0.01863,8.46872329711914,8.452699661254883,8.465239524841309,8.47889518737793,8.454647064208984,8.501936912536621,8.468484878540039,8.47929573059082,8.487983703613281,8.463994979858398,8.457338333129883,8.472086906433105,8.455547332763672,8.45552921295166,8.455796241760254,8.461376190185547,8.449189186096191,8.427062034606934
21.25,8.45137,0.01764,8.46872329711914,8.452699661254883,8.465239524841309,8.47889518737793,8.454647064208984,8.501936912536621,8.468484878540039,8.47929573059082,8.487983703613281,8.463994979858398,8.457338333129883,8.472086906433105,8.455547332763672,8.45552921295166,8.455796241760254,8.461376190185547,8.449189186096191,8.427062034606934
21.26,8.44487,0.01687,8.46872329711914,8.452699661254883,8.465239524841309,8.47889518737793,8.454647064208984,8.501936912536621,8.468484878540039,8.47929573059082,8.487983703613281,8.463994979858398,8.457338333129883,8.472086906433105,8.455547332763672,8.45552921295166,8.455796241760254,8.461376190185547,8.449189186096191,8.427062034606934
21.27,8.43828,0.01614,8.46872329711914,8.452699661254883,8.465239524841309,8.47889518737793,8.454647064208984,8.501936912536621,8.468484878540039,8.47929573059082,8.487983703613281,8.463994979858398,8.457338333129883,8.472086906433105,8.455547332763672,8.45552921295166,8.455796241760254,8.461376190185547,8.449189186096191,8.427062034606934
21.28,8.43161,0.01544,8.46872329711914,8.452699661254883,8.465239524841309,8.47889518737793,8.454647064208984,8.501936912536621,8.468484878540039,8.47929573059082,8.487983703613281,8.463994979858398,8.457338333129883,8.472086906433105,8.455547332763672,8.45552921295166,8.455796241760254,8.461376190185547,8.449189186096191,8.427062034606934
21.29,8.42485,0.01477,8.433149337768555,8.415986061096191,8.430954933166504,8.444681167602539,8.419729232788086,8.466973304748535,8.432197570800781,8.441930770874023,8.452803611755371,8.424386024475098,8.418136596679688,8.43467903137207,8.417448997497559,8.418020248413086,8.417745590209961,8.423490524291992,8.411083221435547,8.388849258422852
21.3,8.41801,0.01413,8.433149337768555,8.415986061096191,8.430954933166504,8.444681167602539,8.419729232788086,8.466973304748535,8.432197570800781,8.441930770874023,8.452803611755371,8.424386024475098,8.418136596679688,8.43467903137207,8.417448997497559,8.418020248413086,8.417745590209961,8.423490524291992,8.411083221435547,8.388849258422852
21.31,8.41107,0.01352,8.433149337768555,8.415986061096191,8.430954933166504,8.444681167602539,8.419729232788086,8.466973304748535,8.432197570800781,8.441930770874023,8.452803611755371,8.424386024475098,8.418136596679688,8.43467903137207,8.417448997497559,8.418020248413086,8.417745590209961,8.423490524291992,8.411083221435547,8.388849258422852
21.32,8.40405,0.01293,8.433149337768555,8.415986061096191,8.430954933166504,8.444681167602539,8.419729232788086,8.466973304748535,8.432197570800781,8.441930770874023,8.452803611755371,8.424386024475098,8.418136596679688,8.43467903137207,8.417448997497559,8.418020248413086,8.417745590209961,8.423490524291992,8.411083221435547,8.388849258422852
21.33,8.39837,0.01248,8.433149337768555,8.415986061096191,8.430954933166504,8.444681167602539,8.419729232788086,8.466973304748535,8.432197570800781,8.441930770874023,8.452803611755371,8.424386024475098,8.418136596679688,8.43467903137207,8.417448997497559,8.418020248413086,8.417745590209961,8.423490524291992,8.411083221435547,8.388849258422852
21.34,8.38975,0.01183,8.401666641235352,8.383920669555664,8.401898384094238,8.41234016418457,8.388052940368652,8.435728073120117,8.401062965393066,8.410743713378906,8.421432495117188,8.390556335449219,8.385270118713379,8.402098655700684,8.385095596313477,8.384896278381348,8.3853178024292,8.390893936157227,8.376970291137695,8.356348991394043
21.35,8.38248,0.01133,8.401666641235352,8.383920669555664,8.401898384094238,8.41234016418457,8.388052940368652,8.435728073120117,8.401062965393066,8.410743713378906,8.421432495117188,8.390556335449219,8.385270118713379,8.402098655700684,8.385095596313477,8.384896278381348,8.3853178024292,8.390893936157227,8.376970291137695,8.356348991394043
21.36,8.37513,0.01085,8.401666641235352,8.383920669555664,8.401898384094238,8.41234016418457,8.388052940368652,8.435728073120117,8.401062965393066,8.410743713378906,8.421432495117188,8.390556335449219,8.385270118713379,8.402098655700684,8.385095596313477,8.384896278381348,8.3853178024292,8.390893936157227,8.376970291137695,8.356348991394043
21.37,8.36771,0.0104,8.401666641235352,8.383920669555664,8.401898384094238,8.41234016418457,8.388052940368652,8.435728073120117,8.401062965393066,8.410743713378906,8.421432495117188,8.390556335449219,8.385270118713379,8.402098655700684,8.385095596313477,8.384896278381348,8.3853178024292,8.390893936157227,8.376970291137695,8.356348991394043
21.38,8.36022,0.00999,8.401666641235352,8.383920669555664,8.401898384094238,8.41234016418457,8.388052940368652,8.435728073120117,8.401062965393066,8.410743713378906,8.421432495117188,8.390556335449219,8.385270118713379,8.402098655700684,8.385095596313477,8.384896278381348,8.3853178024292,8.390893936157227,8.376970291137695,8.356348991394043
21.39,8.35267,0.00961,8.370847702026367,8.353602409362793,8.370320320129395,8.381389617919922,8.357490539550781,8.405118942260742,8.36824893951416,8.380327224731445,8.39054012298584,8.361358642578125,8.355219841003418,8.370990753173828,8.353446960449219,8.353708267211914,8.354762077331543,8.36115550994873,8.346985816955566,8.325859069824219
21.4,8.3466,0.00933,8.370847702026367,8.353602409362793,8.370320320129395,8.381389617919922,8.357490539550781,8.405118942260742,8.36824893951416,8.380327224731445,8.39054012298584,8.361358642578125,8.355219841003418,8.370990753173828,8.353446960449219,8.353708267211914,8.354762077331543,8.36115550994873,8.346985816955566,8.325859069824219
21.41,8.33745,0.00897,8.370847702026367,8.353602409362793,8.370320320129395,8.381389617919922,8.357490539550781,8.405118942260742,8.36824893951416,8.380327224731445,8.39054012298584,8.361358642578125,8.355219841003418,8.370990753173828,8.353446960449219,8.353708267211914,8.354762077331543,8.36115550994873,8.346985816955566,8.325859069824219
21.42,8.32978,0.00872,8.370847702026367,8.353602409362793,8.370320320129395,8.381389617919922,8.357490539550781,8.405118942260742,8.36824893951416,8.380327224731445,8.39054012298584,8.361358642578125,8.355219841003418,8.370990753173828,8.353446960449219,8.353708267211914,8.354762077331543,8.36115550994873,8.346985816955566,8.325859069824219
21.43,8.32209,0.00852,8.370847702026367,8.353602409362793,8.370320320129395,8.381389617919922,8.357490539550781,8.405118942260742,8.36824893951416,8.380327224731445,8.39054012298584,8.361358642578125,8.355219841003418,8.370990753173828,8.353446960449219,8.353708267211914,8.354762077331543,8.36115550994873,8.346985816955566,8.325859069824219
21.44,8.31439,0.00837,8.341717720031738,8.325096130371094,8.341174125671387,8.352293014526367,8.328455924987793,8.374950408935547,8.33875846862793,8.351140975952148,8.360458374023438,8.333976745605469,8.327397346496582,8.34101676940918,8.323742866516113,8.324308395385742,8.32609748840332,8.331659317016602,8.319328308105469,8.295907974243164
21.45,8.30668,0.00827,8.341717720031738,8.325096130371094,8.341174125671387,8.352293014526367,8.328455924987793,8.374950408935547,8.33875846862793,8.351140975952148,8.360458374023438,8.333976745605469,8.327397346496582,8.34101676940918,8.323742866516113,8.324308395385742,8.32609748840332,8.331659317016602,8.319328308105469,8.295907974243164
21.46,8.29899,0.00823,8.341717720031738,8.325096130371094,8.341174125671387,8.352293014526367,8.328455924987793,8.374950408935547,8.33875846862793,8.351140975952148,8.360458374023438,8.333976745605469,8.327397346496582,8.34101676940918,8.323742866516113,8.324308395385742,8.32609748840332,8.331659317016602,8.319328308105469,8.295907974243164
21.47,8.29132,0.00824,8.341717720031738,8.325096130371094,8.341174125671387,8.352293014526367,8.328455924987793,8.374950408935547,8.33875846862793,8.351140975952148,8.360458374023438,8.333976745605469,8.327397346496582,8.34101676940918,8.323742866516113,8.324308395385742,8.32609748840332,8.331659317016602,8.319328308105469,8.295907974243164
21.48,8.28368,0.00832,8.341717720031738,8.325096130371094,8.341174125671387,8.352293014526367,8.328455924987793,8.374950408935547,8.33875846862793,8.351140975952148,8.360458374023438,8.333976745605469,8.327397346496582,8.34101676940918,8.323742866516113,8.324308395385742,8.32609748840332,8.331659317016602,8.319328308105469,8.295907974243164
21.49,8.2776,0.00841,8.310322761535645,8.292431831359863,8.310981750488281,8.320504188537598,8.2974214553833,8.343460083007812,8.307775497436523,8.319353103637695,8.328607559204102,8.302379608154297,8.29773235321045,8.311219215393066,8.294536590576172,8.294205665588379,8.29558277130127,8.30013370513916,8.28760814666748,8.265595436096191
21.5,8.26855,0.00862,8.310322761535645,8.292431831359863,8.310981750488281,8.320504188537598,8.2974214553833,8.343460083007812,8.307775497436523,8.319353103637695,8.328607559204102,8.302379608154297,8.29773235321045,8.311219215393066,8.294536590576172,8.294205665588379,8.29558277130127,8.30013370513916,8.28760814666748,8.265595436096191
21.51,8.26108,0.00886,8.310322761535645,8.292431831359863,8.310981750488281,8.320504188537598,8.2974214553833,8.343460083007812,8.307775497436523,8.319353103637695,8.328607559204102,8.302379608154297,8.29773235321045,8.311219215393066,8.294536590576172,8.294205665588379,8.29558277130127,8.30013370513916,8.28760814666748,8.265595436096191
21.52,8.2537,0.00914,8.310322761535645,8.292431831359863,8.310981750488281,8.320504188537598,8.2974214553833,8.343460083007812,8.307775497436523,8.319353103637695,8.328607559204102,8.302379608154297,8.29773235321045,8.311219215393066,8.294536590576172,8.294205665588379,8.29558277130127,8.30013370513916,8.28760814666748,8.265595436096191
21.53,8.2464,0.00947,8.310322761535645,8.292431831359863,8.310981750488281,8.320504188537598,8.2974214553833,8.343460083007812,8.307775497436523,8.319353103637695,8.328607559204102,8.302379608154297,8.29773235321045,8.311219215393066,8.294536590576172,8.294205665588379,8.29558277130127,8.30013370513916,8.28760814666748,8.265595436096191
21.54,8.2392,0.00984,8.275920867919922,8.256503105163574,8.278705596923828,8.285831451416016,8.263391494750977,8.310149192810059,8.273553848266602,8.285125732421875,8.294776916503906,8.266681671142578,8.264324188232422,8.279218673706055,8.263162612915039,8.261639595031738,8.261579513549805,8.265942573547363,8.252654075622559,8.234066009521484
21.55,8.23212,0.01024,8.275920867919922,8.256503105163574,8.278705596923828,8.285831451416016,8.263391494750977,8.310149192810059,8.273553848266602,8.285125732421875,8.294776916503906,8.266681671142578,8.264324188232422,8.279218673706055,8.263162612915039,8.261639595031738,8.261579513549805,8.265942573547363,8.252654075622559,8.234066009521484
21.56,8.22515,0.01068,8.275920867919922,8.256503105163574,8.278705596923828,8.285831451416016,8.263391494750977,8.310149192810059,8.273553848266602,8.285125732421875,8.294776916503906,8.266681671142578,8.264324188232422,8.279218673706055,8.263162612915039,8.261639595031738,8.261579513549805,8.265942573547363,8.252654075622559,8.234066009521484
21.57,8.21831,0.01113,8.275920867919922,8.256503105163574,8.278705596923828,8.285831451416016,8.263391494750977,8.310149192810059,8.273553848266602,8.285125732421875,8.294776916503906,8.266681671142578,8.264324188232422,8.279218673706055,8.263162612915039,8.261639595031738,8.261579513549805,8.265942573547363,8.252654075622559,8.234066009521484
21.58,8.21293,0.01151,8.275920867919922,8.256503105163574,8.278705596923828,8.285831451416016,8.263391494750977,8.310149192810059,8.273553848266602,8.285125732421875,8.294776916503906,8.266681671142578,8.264324188232422,8.279218673706055,8.263162612915039,8.261639595031738,8.261579513549805,8.265942573547363,8.252654075622559,8.234066009521484
21.59,8.20503,0.01208,8.242474555969238,8.221504211425781,8.243743896484375,8.251032829284668,8.228681564331055,8.276474952697754,8.238329887390137,8.251340866088867,8.260635375976562,8.231101036071777,8.228875160217285,8.243922233581543,8.228272438049316,8.225899696350098,8.226038932800293,8.23088264465332,8.216611862182617,8.200919151306152
21.6,8.1986,0.01255,8.242474555969238,8.221504211425781,8.243743896484375,8.251032829284668,8.228681564331055,8.276474952697754,8.238329887390137,8.251340866088867,8.260635375976562,8.231101036071777,8.228875160217285,8.243922233581543,8.228272438049316,8.225899696350098,8.226038932800293,8.23088264465332,8.216611862182617,8.200919151306152
21.61,8.19231,0.013,8.242474555969238,8.221504211425781,8.243743896484375,8.251032829284668,8.228681564331055,8.276474952697754,8.238329887390137,8.251340866088867,8.260635375976562,8.231101036071777,8.228875160217285,8.243922233581543,8.228272438049316,8.225899696350098,8.226038932800293,8.23088264465332,8.216611862182617,8.200919151306152
21.62,8.18617,0.01344,8.242474555969238,8.221504211425781,8.243743896484375,8.251032829284668,8.228681564331055,8.276474952697754,8.238329887390137,8.251340866088867,8.260635375976562,8.231101036071777,8.228875160217285,8.243922233581543,8.228272438049316,8.225899696350098,8.226038932800293,8.23088264465332,8.216611862182617,8.200919151306152
21.63,8.18017,0.01384,8.242474555969238,8.221504211425781,8.243743896484375,8.251032829284668,8.228681564331055,8.276474952697754,8.238329887390137,8.251340866088867,8.260635375976562,8.231101036071777,8.228875160217285,8.243922233581543,8.228272438049316,8.225899696350098,8.226038932800293,8.23088264465332,8.216611862182617,8.200919151306152
21.64,8.17431,0.01421,8.205869674682617,8.184881210327148,8.20625114440918,8.215367317199707,8.193816184997559,8.240837097167969,8.199849128723145,8.215225219726562,8.22468090057373,8.194686889648438,8.191253662109375,8.205418586730957,8.189014434814453,8.188039779663086,8.18777847290039,8.193931579589844,8.18075942993164,8.164588928222656
21.65,8.16972,0.01446,8.205869674682617,8.184881210327148,8.20625114440918,8.215367317199707,8.193816184997559,8.240837097167969,8.199849128723145,8.215225219726562,8.22468090057373,8.194686889648438,8.191253662109375,8.205418586730957,8.189014434814453,8.188039779663086,8.18777847290039,8.193931579589844,8.18075942993164,8.164588928222656
21.66,8.16299,0.01477,8.205869674682617,8.184881210327148,8.20625114440918,8.215367317199707,8.193816184997559,8.240837097167969,8.199849128723145,8.215225219726562,8.22468090057373,8.194686889648438,8.191253662109375,8.205418586730957,8.189014434814453,8.188039779663086,8.18777847290039,8.193931579589844,8.18075942993164,8.164588928222656
21.67,8.15751,0.01495,8.205869674682617,8.184881210327148,8.20625114440918,8.215367317199707,8.193816184997559,8.240837097167969,8.199849128723145,8.215225219726562,8.22468090057373,8.194686889648438,8.191253662109375,8.205418586730957,8.189014434814453,8.188039779663086,8.18777847290039,8.193931579589844,8.18075942993164,8.164588928222656
21.68,8.15215,0.01506,8.205869674682617,8.184881210327148,8.20625114440918,8.215367317199707,8.193816184997559,8.240837097167969,8.199849128723145,8.215225219726562,8.22468090057373,8.194686889648438,8.191253662109375,8.205418586730957,8.189014434814453,8.188039779663086,8.18777847290039,8.193931579589844,8.18075942993164,8.164588928222656
21.69,8.14688,0.01508,8.175376892089844,8.155638694763184,8.17512035369873,8.184344291687012,8.162649154663086,8.209545135498047,8.169524192810059,8.184859275817871,8.19346809387207,8.163965225219727,8.159265518188477,8.171589851379395,8.155793190002441,8.154993057250977,8.156081199645996,8.16177749633789,8.14997386932373,8.131019592285156
21.7,8.14169,0.015,8.175376892089844,8.155638694763184,8.17512035369873,8.184344291687012,8.162649154663086,8.209545135498047,8.169524192810059,8.184859275817871,8.19346809387207,8.163965225219727,8.159265518188477,8.171589851379395,8.155793190002441,8.154993057250977,8.156081199645996,8.16177749633789,8.14997386932373,8.131019592285156
21.71,8.13658,0.01483,8.175376892089844,8.155638694763184,8.17512035369873,8.184344291687012,8.162649154663086,8.209545135498047,8.169524192810059,8.184859275817871,8.19346809387207,8.163965225219727,8.159265518188477,8.171589851379395,8.155793190002441,8.154993057250977,8.156081199645996,8.16177749633789,8.14997386932373,8.131019592285156
21.72,8.13151,0.01455,8.175376892089844,8.155638694763184,8.17512035369873,8.184344291687012,8.162649154663086,8.209545135498047,8.169524192810059,8.184859275817871,8.19346809387207,8.163965225219727,8.159265518188477,8.171589851379395,8.155793190002441,8.154993057250977,8.156081199645996,8.16177749633789,8.14997386932373,8.131019592285156
21.73,8.12647,0.01416,8.175376892089844,8.155638694763184,8.17512035369873,8.184344291687012,8.162649154663086,8.209545135498047,8.169524192810059,8.184859275817871,8.19346809387207,8.163965225219727,8.159265518188477,8.171589851379395,8.155793190002441,8.154993057250977,8.156081199645996,8.16177749633789,8.14997386932373,8.131019592285156
21.74,8.12245,0.01377,8.142216682434082,8.122401237487793,8.141633033752441,8.1514310836792,8.129741668701172,8.176692962646484,8.136127471923828,8.151809692382812,8.160752296447754,8.132579803466797,8.126112937927246,8.13918685913086,8.122649192810059,8.12270736694336,8.123664855957031,8.129619598388672,8.117890357971191,8.097798347473145
21.75,8.11641,0.01304,8.142216682434082,8.122401237487793,8.141633033752441,8.1514310836792,8.129741668701172,8.176692962646484,8.136127471923828,8.151809692382812,8.160752296447754,8.132579803466797,8.126112937927246,8.13918685913086,8.122649192810059,8.12270736694336,8.123664855957031,8.129619598388672,8.117890357971191,8.097798347473145
21.76,8.11134,0.0123,8.142216682434082,8.122401237487793,8.141633033752441,8.1514310836792,8.129741668701172,8.176692962646484,8.136127471923828,8.151809692382812,8.160752296447754,8.132579803466797,8.126112937927246,8.13918685913086,8.122649192810059,8.12270736694336,8.123664855957031,8.129619598388672,8.117890357971191,8.097798347473145
21.77,8.10621,0.01145,8.142216682434082,8.122401237487793,8.141633033752441,8.1514310836792,8.129741668701172,8.176692962646484,8.136127471923828,8.151809692382812,8.160752296447754,8.132579803466797,8.126112937927246,8.13918685913086,8.122649192810059,8.12270736694336,8.123664855957031,8.129619598388672,8.117890357971191,8.097798347473145
21.78,8.101,0.01047,8.142216682434082,8.122401237487793,8.141633033752441,8.1514310836792,8.129741668701172,8.176692962646484,8.136127471923828,8.151809692382812,8.160752296447754,8.132579803466797,8.126112937927246,8.13918685913086,8.122649192810059,8.12270736694336,8.123664855957031,8.129619598388672,8.117890357971191,8.097798347473145
21.79,8.0957,0.00937,8.10816764831543,8.08707046508789,8.108223915100098,8.117443084716797,8.096090316772461,8.14262580871582,8.101887702941895,8.117574691772461,8.126724243164062,8.097833633422852,8.091341018676758,8.10594654083252,8.08855152130127,8.088950157165527,8.089730262756348,8.095176696777344,8.082443237304688,8.063447952270508
21.8,8.09027,0.00815,8.10816764831543,8.08707046508789,8.108223915100098,8.117443084716797,8.096090316772461,8.14262580871582,8.101887702941895,8.117574691772461,8.126724243164062,8.097833633422852,8.091341018676758,8.10594654083252,8.08855152130127,8.088950157165527,8.089730262756348,8.095176696777344,8.082443237304688,8.063447952270508
21.81,8.0847,0.00682,8.10816764831543,8.08707046508789,8.108223915100098,8.117443084716797,8.096090316772461,8.14262580871582,8.101887702941895,8.117574691772461,8.126724243164062,8.097833633422852,8.091341018676758,8.10594654083252,8.08855152130127,8.088950157165527,8.089730262756348,8.095176696777344,8.082443237304688,8.063447952270508
21.82,8.07896,0.00538,8.10816764831543,8.08707046508789,8.108223915100098,8.117443084716797,8.096090316772461,8.14262580871582,8.101887702941895,8.117574691772461,8.126724243164062,8.097833633422852,8.091341018676758,8.10594654083252,8.08855152130127,8.088950157165527,8.089730262756348,8.095176696777344,8.082443237304688,8.063447952270508
21.83,8.07423,0.00415,8.10816764831543,8.08707046508789,8.108223915100098,8.117443084716797,8.096090316772461,8.14262580871582,8.101887702941895,8.117574691772461,8.126724243164062,8.097833633422852,8.091341018676758,8.10594654083252,8.08855152130127,8.088950157165527,8.089730262756348,8.095176696777344,8.082443237304688,8.063447952270508
21.84,8.06689,0.00219,8.07120132446289,8.048360824584961,8.071904182434082,8.080802917480469,8.059372901916504,8.106348991394043,8.064567565917969,8.078984260559082,8.090335845947266,8.056220054626465,8.053051948547363,8.070033073425293,8.052014350891113,8.051856994628906,8.052230834960938,8.057816505432129,8.042033195495605,8.026789665222168
21.85,8.06053,0.0,8.07120132446289,8.048360824584961,8.071904182434082,8.080802917480469,8.059372901916504,8.106348991394043,8.064567565917969,8.078984260559082,8.090335845947266,8.056220054626465,8.053051948547363,8.070033073425293,8.052014350891113,8.051856994628906,8.052230834960938,8.057816505432129,8.042033195495605,8.026789665222168
21.86,8.05393,0.0,8.07120132446289,8.048360824584961,8.071904182434082,8.080802917480469,8.059372901916504,8.106348991394043,8.064567565917969,8.078984260559082,8.090335845947266,8.056220054626465,8.053051948547363,8.070033073425293,8.052014350891113,8.051856994628906,8.052230834960938,8.057816505432129,8.042033195495605,8.026789665222168
21.87,8.04708,0.0,8.07120132446289,8.048360824584961,8.071904182434082,8.080802917480469,8.059372901916504,8.106348991394043,8.064567565917969,8.078984260559082,8.090335845947266,8.056220054626465,8.053051948547363,8.070033073425293,8.052014350891113,8.051856994628906,8.052230834960938,8.057816505432129,8.042033195495605,8.026789665222168
21.88,8.03997,0.0,8.07120132446289,8.048360824584961,8.071904182434082,8.080802917480469,8.059372901916504,8.106348991394043,8.064567565917969,8.078984260559082,8.090335845947266,8.056220054626465,8.053051948547363,8.070033073425293,8.052014350891113,8.051856994628906,8.052230834960938,8.057816505432129,8.042033195495605,8.026789665222168
21.89,8.0326,0.0,8.034180641174316,8.009652137756348,8.034689903259277,8.042631149291992,8.021960258483887,8.068793296813965,8.026909828186035,8.041327476501465,8.052547454833984,8.014935493469238,8.014688491821289,8.030797004699707,8.01315689086914,8.011785507202148,8.012930870056152,8.017976760864258,8.00096607208252,7.989751815795898
21.9,8.0265,0.0,8.034180641174316,8.009652137756348,8.034689903259277,8.042631149291992,8.021960258483887,8.068793296813965,8.026909828186035,8.041327476501465,8.052547454833984,8.014935493469238,8.014688491821289,8.030797004699707,8.01315689086914,8.011785507202148,8.012930870056152,8.017976760864258,8.00096607208252,7.989751815795898
21.91,8.01703,0.0,8.034180641174316,8.009652137756348,8.034689903259277,8.042631149291992,8.021960258483887,8.068793296813965,8.026909828186035,8.041327476501465,8.052547454833984,8.014935493469238,8.014688491821289,8.030797004699707,8.01315689086914,8.011785507202148,8.012930870056152,8.017976760864258,8.00096607208252,7.989751815795898
21.92,8.00884,0.0,8.034180641174316,8.009652137756348,8.034689903259277,8.042631149291992,8.021960258483887,8.068793296813965,8.026909828186035,8.041327476501465,8.052547454833984,8.014935493469238,8.014688491821289,8.030797004699707,8.01315689086914,8.011785507202148,8.012930870056152,8.017976760864258,8.00096607208252,7.989751815795898
21.93,8.00039,0.0,8.034180641174316,8.009652137756348,8.034689903259277,8.042631149291992,8.021960258483887,8.068793296813965,8.026909828186035,8.041327476501465,8.052547454833984,8.014935493469238,8.014688491821289,8.030797004699707,8.01315689086914,8.011785507202148,8.012930870056152,8.017976760864258,8.00096607208252,7.989751815795898
21.94,7.99168,0.0,7.99796724319458,7.973365783691406,7.997436046600342,8.005154609680176,7.985209941864014,8.032347679138184,7.990041255950928,8.005002975463867,8.015948295593262,7.977601051330566,7.977187633514404,7.992682456970215,7.975740432739258,7.973651885986328,7.975198745727539,7.980451583862305,7.963927745819092,7.954029560089111
21.95,7.98273,0.0,7.99796724319458,7.973365783691406,7.997436046600342,8.005154609680176,7.985209941864014,8.032347679138184,7.990041255950928,8.005002975463867,8.015948295593262,7.977601051330566,7.977187633514404,7.992682456970215,7.975740432739258,7.973651885986328,7.975198745727539,7.980451583862305,7.963927745819092,7.954029560089111
21.96,7.97356,0.0,7.99796724319458,7.973365783691406,7.997436046600342,8.005154609680176,7.985209941864014,8.032347679138184,7.990041255950928,8.005002975463867,8.015948295593262,7.977601051330566,7.977187633514404,7.992682456970215,7.975740432739258,7.973651885986328,7.975198745727539,7.980451583862305,7.963927745819092,7.954029560089111
21.97,7.96418,0.0,7.99796724319458,7.973365783691406,7.997436046600342,8.005154609680176,7.985209941864014,8.032347679138184,7.990041255950928,8.005002975463867,8.015948295593262,7.977601051330566,7.977187633514404,7.992682456970215,7.975740432739258,7.973651885986328,7.975198745727539,7.980451583862305,7.963927745819092,7.954029560089111
21.98,7.95462,0.0,7.99796724319458,7.973365783691406,7.997436046600342,8.005154609680176,7.985209941864014,8.032347679138184,7.990041255950928,8.005002975463867,8.015948295593262,7.977601051330566,7.977187633514404,7.992682456970215,7.975740432739258,7.973651885986328,7.975198745727539,7.980451583862305,7.963927745819092,7.954029560089111
21.99,7.94686,0.0,7.960881233215332,7.936098575592041,7.9588212966918945,7.9676032066345215,7.947280406951904,7.993721008300781,7.951837539672852,7.967564105987549,7.97770357131958,7.940863132476807,7.939795970916748,7.954166889190674,7.9375505447387695,7.935659408569336,7.937155723571777,7.942824840545654,7.927469253540039,7.917144775390625
22.0,7.93506,0.0,7.960881233215332,7.936098575592041,7.9588212966918945,7.9676032066345215,7.947280406951904,7.993721008300781,7.951837539672852,7.967564105987549,7.97770357131958,7.940863132476807,7.939795970916748,7.954166889190674,7.9375505447387695,7.935659408569336,7.937155723571777,7.942824840545654,7.927469253540039,7.917144775390625
22.01,7.92512,0.0,7.960881233215332,7.936098575592041,7.9588212966918945,7.9676032066345215,7.947280406951904,7.993721008300781,7.951837539672852,7.967564105987549,7.97770357131958,7.940863132476807,7.939795970916748,7.954166889190674,7.9375505447387695,7.935659408569336,7.937155723571777,7.942824840545654,7.927469253540039,7.917144775390625
22.02,7.91511,0.0,7.960881233215332,7.936098575592041,7.9588212966918945,7.9676032066345215,7.947280406951904,7.993721008300781,7.951837539672852,7.967564105987549,7.97770357131958,7.940863132476807,7.939795970916748,7.954166889190674,7.9375505447387695,7.935659408569336,7.937155723571777,7.942824840545654,7.927469253540039,7.917144775390625
22.03,7.90507,0.0,7.960881233215332,7.936098575592041,7.9588212966918945,7.9676032066345215,7.947280406951904,7.993721008300781,7.951837539672852,7.967564105987549,7.97770357131958,7.940863132476807,7.939795970916748,7.954166889190674,7.9375505447387695,7.935659408569336,7.937155723571777,7.942824840545654,7.927469253540039,7.917144775390625
22.04,7.89503,0.0,7.92226505279541,7.897517681121826,7.920723915100098,7.929908275604248,7.908910274505615,7.955315589904785,7.912844657897949,7.928734302520752,7.939541816711426,7.902826309204102,7.901249885559082,7.9151458740234375,7.898502826690674,7.897102355957031,7.898465156555176,7.904083251953125,7.889672756195068,7.8791680335998535
22.05,7.88504,0.0,7.92226505279541,7.897517681121826,7.920723915100098,7.929908275604248,7.908910274505615,7.955315589904785,7.912844657897949,7.928734302520752,7.939541816711426,7.902826309204102,7.901249885559082,7.9151458740234375,7.898502826690674,7.897102355957031,7.898465156555176,7.904083251953125,7.889672756195068,7.8791680335998535
22.06,7.87513,0.0,7.92226505279541,7.897517681121826,7.920723915100098,7.929908275604248,7.908910274505615,7.955315589904785,7.912844657897949,7.928734302520752,7.939541816711426,7.902826309204102,7.901249885559082,7.9151458740234375,7.898502826690674,7.897102355957031,7.898465156555176,7.904083251953125,7.889672756195068,7.8791680335998535
22.07,7.86533,0.0,7.92226505279541,7.897517681121826,7.920723915100098,7.929908275604248,7.908910274505615,7.955315589904785,7.912844657897949,7.928734302520752,7.939541816711426,7.902826309204102,7.901249885559082,7.9151458740234375,7.898502826690674,7.897102355957031,7.898465156555176,7.904083251953125,7.889672756195068,7.8791680335998535
22.08,7.85761,0.0,7.92226505279541,7.897517681121826,7.920723915100098,7.929908275604248,7.908910274505615,7.955315589904785,7.912844657897949,7.928734302520752,7.939541816711426,7.902826309204102,7.901249885559082,7.9151458740234375,7.898502826690674,7.897102355957031,7.898465156555176,7.904083251953125,7.889672756195068,7.8791680335998535
22.09,7.84624,0.0,7.881697177886963,7.8566107749938965,7.880425453186035,7.889990329742432,7.8688435554504395,7.915802478790283,7.87203311920166,7.887777805328369,7.899874210357666,7.861242771148682,7.859379768371582,7.873983383178711,7.857336521148682,7.856034278869629,7.857104301452637,7.863039016723633,7.8486199378967285,7.838620185852051
22.1,7.83702,0.0,7.881697177886963,7.8566107749938965,7.880425453186035,7.889990329742432,7.8688435554504395,7.915802478790283,7.87203311920166,7.887777805328369,7.899874210357666,7.861242771148682,7.859379768371582,7.873983383178711,7.857336521148682,7.856034278869629,7.857104301452637,7.863039016723633,7.8486199378967285,7.838620185852051
22.11,7.82806,0.0,7.881697177886963,7.8566107749938965,7.880425453186035,7.889990329742432,7.8688435554504395,7.915802478790283,7.87203311920166,7.887777805328369,7.899874210357666,7.861242771148682,7.859379768371582,7.873983383178711,7.857336521148682,7.856034278869629,7.857104301452637,7.863039016723633,7.8486199378967285,7.838620185852051
22.12,7.81938,0.0,7.881697177886963,7.8566107749938965,7.880425453186035,7.889990329742432,7.8688435554504395,7.915802478790283,7.87203311920166,7.887777805328369,7.899874210357666,7.861242771148682,7.859379768371582,7.873983383178711,7.857336521148682,7.856034278869629,7.857104301452637,7.863039016723633,7.8486199378967285,7.838620185852051
22.13,7.81103,0.0,7.881697177886963,7.8566107749938965,7.880425453186035,7.889990329742432,7.8688435554504395,7.915802478790283,7.87203311920166,7.887777805328369,7.899874210357666,7.861242771148682,7.859379768371582,7.873983383178711,7.857336521148682,7.856034278869629,7.857104301452637,7.863039016723633,7.8486199378967285,7.838620185852051
22.14,7.80302,0.0,7.8406877517700195,7.815823554992676,7.83956241607666,7.8498921394348145,7.828512191772461,7.876004695892334,7.830012321472168,7.845983028411865,7.8596906661987305,7.817662715911865,7.815792560577393,7.832291126251221,7.815155506134033,7.813939094543457,7.814657211303711,7.821165084838867,7.80624532699585,7.79660701751709
22.15,7.79688,0.0,7.8406877517700195,7.815823554992676,7.83956241607666,7.8498921394348145,7.828512191772461,7.876004695892334,7.830012321472168,7.845983028411865,7.8596906661987305,7.817662715911865,7.815792560577393,7.832291126251221,7.815155506134033,7.813939094543457,7.814657211303711,7.821165084838867,7.80624532699585,7.79660701751709
22.16,7.78813,0.0,7.8406877517700195,7.815823554992676,7.83956241607666,7.8498921394348145,7.828512191772461,7.876004695892334,7.830012321472168,7.845983028411865,7.8596906661987305,7.817662715911865,7.815792560577393,7.832291126251221,7.815155506134033,7.813939094543457,7.814657211303711,7.821165084838867,7.80624532699585,7.79660701751709
22.17,7.78128,0.0,7.8406877517700195,7.815823554992676,7.83956241607666,7.8498921394348145,7.828512191772461,7.876004695892334,7.830012321472168,7.845983028411865,7.8596906661987305,7.817662715911865,7.815792560577393,7.832291126251221,7.815155506134033,7.813939094543457,7.814657211303711,7.821165084838867,7.80624532699585,7.79660701751709
22.18,7.77485,0.0,7.8406877517700195,7.815823554992676,7.83956241607666,7.8498921394348145,7.828512191772461,7.876004695892334,7.830012321472168,7.845983028411865,7.8596906661987305,7.817662715911865,7.815792560577393,7.832291126251221,7.815155506134033,7.813939094543457,7.814657211303711,7.821165084838867,7.80624532699585,7.79660701751709
22.19,7.76885,0.0,7.801075458526611,7.775599956512451,7.79946756362915,7.809636116027832,7.788431167602539,7.8362226486206055,7.789210796356201,7.805859088897705,7.819478988647461,7.775218486785889,7.773418426513672,7.790539264678955,7.772999286651611,7.771650314331055,7.772861480712891,7.779673099517822,7.763730525970459,7.754831790924072
22.2,7.76327,0.0,7.801075458526611,7.775599956512451,7.79946756362915,7.809636116027832,7.788431167602539,7.8362226486206055,7.789210796356201,7.805859088897705,7.819478988647461,7.775218486785889,7.773418426513672,7.790539264678955,7.772999286651611,7.771650314331055,7.772861480712891,7.779673099517822,7.763730525970459,7.754831790924072
22.21,7.75813,0.0,7.801075458526611,7.775599956512451,7.79946756362915,7.809636116027832,7.788431167602539,7.8362226486206055,7.789210796356201,7.805859088897705,7.819478988647461,7.775218486785889,7.773418426513672,7.790539264678955,7.772999286651611,7.771650314331055,7.772861480712891,7.779673099517822,7.763730525970459,7.754831790924072
22.22,7.75342,0.0,7.801075458526611,7.775599956512451,7.79946756362915,7.809636116027832,7.788431167602539,7.8362226486206055,7.789210796356201,7.805859088897705,7.819478988647461,7.775218486785889,7.773418426513672,7.790539264678955,7.772999286651611,7.771650314331055,7.772861480712891,7.779673099517822,7.763730525970459,7.754831790924072
22.23,7.74912,0.0,7.801075458526611,7.775599956512451,7.79946756362915,7.809636116027832,7.788431167602539,7.8362226486206055,7.789210796356201,7.805859088897705,7.819478988647461,7.775218486785889,7.773418426513672,7.790539264678955,7.772999286651611,7.771650314331055,7.772861480712891,7.779673099517822,7.763730525970459,7.754831790924072
22.24,7.74598,0.0,7.760825157165527,7.735167026519775,7.759400844573975,7.769230365753174,7.748903751373291,7.795794486999512,7.749103546142578,7.765913486480713,7.779069423675537,7.734312057495117,7.732996463775635,7.74854040145874,7.731420516967773,7.7295637130737305,7.731472015380859,7.737502574920654,7.7224884033203125,7.713990688323975
22.25,7.74175,0.0,7.760825157165527,7.735167026519775,7.759400844573975,7.769230365753174,7.748903751373291,7.795794486999512,7.749103546142578,7.765913486480713,7.779069423675537,7.734312057495117,7.732996463775635,7.74854040145874,7.731420516967773,7.7295637130737305,7.731472015380859,7.737502574920654,7.7224884033203125,7.713990688323975
22.26,7.73865,0.0,7.760825157165527,7.735167026519775,7.759400844573975,7.769230365753174,7.748903751373291,7.795794486999512,7.749103546142578,7.765913486480713,7.779069423675537,7.734312057495117,7.732996463775635,7.74854040145874,7.731420516967773,7.7295637130737305,7.731472015380859,7.737502574920654,7.7224884033203125,7.713990688323975
22.27,7.7359,0.0,7.760825157165527,7.735167026519775,7.759400844573975,7.769230365753174,7.748903751373291,7.795794486999512,7.749103546142578,7.765913486480713,7.779069423675537,7.734312057495117,7.732996463775635,7.74854040145874,7.731420516967773,7.7295637130737305,7.731472015380859,7.737502574920654,7.7224884033203125,7.713990688323975
22.28,7.7335,0.0,7.760825157165527,7.735167026519775,7.759400844573975,7.769230365753174,7.748903751373291,7.795794486999512,7.749103546142578,7.765913486480713,7.779069423675537,7.734312057495117,7.732996463775635,7.74854040145874,7.731420516967773,7.7295637130737305,7.731472015380859,7.737502574920654,7.7224884033203125,7.713990688323975
22.29,7.73142,0.0,7.720693111419678,7.694662094116211,7.718940734863281,7.728612899780273,7.7087883949279785,7.75540018081665,7.7080464363098145,7.725412845611572,7.738393306732178,7.693329811096191,7.69248628616333,7.7071852684021,7.690317630767822,7.688351631164551,7.6900858879089355,7.695955276489258,7.681578636169434,7.672844409942627
22.3,7.72963,0.0,7.720693111419678,7.694662094116211,7.718940734863281,7.728612899780273,7.7087883949279785,7.75540018081665,7.7080464363098145,7.725412845611572,7.738393306732178,7.693329811096191,7.69248628616333,7.7071852684021,7.690317630767822,7.688351631164551,7.6900858879089355,7.695955276489258,7.681578636169434,7.672844409942627
22.31,7.72812,0.0,7.720693111419678,7.694662094116211,7.718940734863281,7.728612899780273,7.7087883949279785,7.75540018081665,7.7080464363098145,7.725412845611572,7.738393306732178,7.693329811096191,7.69248628616333,7.7071852684021,7.690317630767822,7.688351631164551,7.6900858879089355,7.695955276489258,7.681578636169434,7.672844409942627
22.32,7.72684,0.0,7.720693111419678,7.694662094116211,7.718940734863281,7.728612899780273,7.7087883949279785,7.75540018081665,7.7080464363098145,7.725412845611572,7.738393306732178,7.693329811096191,7.69248628616333,7.7071852684021,7.690317630767822,7.688351631164551,7.6900858879089355,7.695955276489258,7.681578636169434,7.672844409942627
22.33,7.72598,0.0,7.720693111419678,7.694662094116211,7.718940734863281,7.728612899780273,7.7087883949279785,7.75540018081665,7.7080464363098145,7.725412845611572,7.738393306732178,7.693329811096191,7.69248628616333,7.7071852684021,7.690317630767822,7.688351631164551,7.6900858879089355,7.695955276489258,7.681578636169434,7.672844409942627
22.34,7.72492,0.0,7.6769232749938965,7.650204181671143,7.674699783325195,7.685446262359619,7.665449619293213,7.711812973022461,7.663233280181885,7.680751800537109,7.694985866546631,7.648425102233887,7.647614479064941,7.663262844085693,7.645676136016846,7.644002914428711,7.6453752517700195,7.651146411895752,7.636595249176025,7.628760814666748
22.35,7.72423,0.0,7.6769232749938965,7.650204181671143,7.674699783325195,7.685446262359619,7.665449619293213,7.711812973022461,7.663233280181885,7.680751800537109,7.694985866546631,7.648425102233887,7.647614479064941,7.663262844085693,7.645676136016846,7.644002914428711,7.6453752517700195,7.651146411895752,7.636595249176025,7.628760814666748
22.36,7.72367,0.0,7.6769232749938965,7.650204181671143,7.674699783325195,7.685446262359619,7.665449619293213,7.711812973022461,7.663233280181885,7.680751800537109,7.694985866546631,7.648425102233887,7.647614479064941,7.663262844085693,7.645676136016846,7.644002914428711,7.6453752517700195,7.651146411895752,7.636595249176025,7.628760814666748
22.37,7.72325,0.0,7.6769232749938965,7.650204181671143,7.674699783325195,7.685446262359619,7.665449619293213,7.711812973022461,7.663233280181885,7.680751800537109,7.694985866546631,7.648425102233887,7.647614479064941,7.663262844085693,7.645676136016846,7.644002914428711,7.6453752517700195,7.651146411895752,7.636595249176025,7.628760814666748
22.38,7.72292,0.0,7.6769232749938965,7.650204181671143,7.674699783325195,7.685446262359619,7.665449619293213,7.711812973022461,7.663233280181885,7.680751800537109,7.694985866546631,7.648425102233887,7.647614479064941,7.663262844085693,7.645676136016846,7.644002914428711,7.6453752517700195,7.651146411895752,7.636595249176025,7.628760814666748
22.39,7.72267,0.0,7.6267523765563965,7.597456932067871,7.624364376068115,7.636480808258057,7.616623401641846,7.662322044372559,7.611991882324219,7.629011154174805,7.645542144775391,7.594517707824707,7.593270301818848,7.610711097717285,7.592392921447754,7.590964317321777,7.591780185699463,7.5971856117248535,7.582906723022461,7.577507495880127
22.4,7.72253,0.0,7.6267523765563965,7.597456932067871,7.624364376068115,7.636480808258057,7.616623401641846,7.662322044372559,7.611991882324219,7.629011154174805,7.645542144775391,7.594517707824707,7.593270301818848,7.610711097717285,7.592392921447754,7.590964317321777,7.591780185699463,7.5971856117248535,7.582906723022461,7.577507495880127
22.41,7.72237,0.0,7.6267523765563965,7.597456932067871,7.624364376068115,7.636480808258057,7.616623401641846,7.662322044372559,7.611991882324219,7.629011154174805,7.645542144775391,7.594517707824707,7.593270301818848,7.610711097717285,7.592392921447754,7.590964317321777,7.591780185699463,7.5971856117248535,7.582906723022461,7.577507495880127
22.42,7.72229,0.0,7.6267523765563965,7.597456932067871,7.624364376068115,7.636480808258057,7.616623401641846,7.662322044372559,7.611991882324219,7.629011154174805,7.645542144775391,7.594517707824707,7.593270301818848,7.610711097717285,7.592392921447754,7.590964317321777,7.591780185699463,7.5971856117248535,7.582906723022461,7.577507495880127
22.43,7.72223,0.0,7.6267523765563965,7.597456932067871,7.624364376068115,7.636480808258057,7.616623401641846,7.662322044372559,7.611991882324219,7.629011154174805,7.645542144775391,7.594517707824707,7.593270301818848,7.610711097717285,7.592392921447754,7.590964317321777,7.591780185699463,7.5971856117248535,7.582906723022461,7.577507495880127
22.44,7.72219,0.0,7.577080726623535,7.547080993652344,7.574982643127441,7.587491989135742,7.567370891571045,7.613361358642578,7.5607781410217285,7.577589988708496,7.596024990081787,7.5384039878845215,7.537298679351807,7.556404113769531,7.5379958152771,7.536523818969727,7.536937236785889,7.543030261993408,7.5286359786987305,7.523425102233887
22.45,7.72217,0.0,7.577080726623535,7.547080993652344,7.574982643127441,7.587491989135742,7.567370891571045,7.613361358642578,7.5607781410217285,7.577589988708496,7.596024990081787,7.5384039878845215,7.537298679351807,7.556404113769531,7.5379958152771,7.536523818969727,7.536937236785889,7.543030261993408,7.5286359786987305,7.523425102233887
22.46,7.72216,0.0,7.577080726623535,7.547080993652344,7.574982643127441,7.587491989135742,7.567370891571045,7.613361358642578,7.5607781410217285,7.577589988708496,7.596024990081787,7.5384039878845215,7.537298679351807,7.556404113769531,7.5379958152771,7.536523818969727,7.536937236785889,7.543030261993408,7.5286359786987305,7.523425102233887
22.47,7.72215,0.0,7.577080726623535,7.547080993652344,7.574982643127441,7.587491989135742,7.567370891571045,7.613361358642578,7.5607781410217285,7.577589988708496,7.596024990081787,7.5384039878845215,7.537298679351807,7.556404113769531,7.5379958152771,7.536523818969727,7.536937236785889,7.543030261993408,7.5286359786987305,7.523425102233887
22.48,7.72215,0.0,7.577080726623535,7.547080993652344,7.574982643127441,7.587491989135742,7.567370891571045,7.613361358642578,7.5607781410217285,7.577589988708496,7.596024990081787,7.5384039878845215,7.537298679351807,7.556404113769531,7.5379958152771,7.536523818969727,7.536937236785889,7.543030261993408,7.5286359786987305,7.523425102233887
22.49,7.72215,0.0,7.527431488037109,7.496175289154053,7.526549816131592,7.537644386291504,7.519550800323486,7.5637078285217285,7.510405540466309,7.527768611907959,7.546213150024414,7.483737468719482,7.483326435089111,7.499809741973877,7.4822282791137695,7.47968864440918,7.481484889984131,7.48624849319458,7.47349739074707,7.4699931144714355
22.5,7.72215,0.0,7.527431488037109,7.496175289154053,7.526549816131592,7.537644386291504,7.519550800323486,7.5637078285217285,7.510405540466309,7.527768611907959,7.546213150024414,7.483737468719482,7.483326435089111,7.499809741973877,7.4822282791137695,7.47968864440918,7.481484889984131,7.48624849319458,7.47349739074707,7.4699931144714355
22.51,7.72215,0.0,7.527431488037109,7.496175289154053,7.526549816131592,7.537644386291504,7.519550800323486,7.5637078285217285,7.510405540466309,7.527768611907959,7.546213150024414,7.483737468719482,7.483326435089111,7.499809741973877,7.4822282791137695,7.47968864440918,7.481484889984131,7.48624849319458,7.47349739074707,7.4699931144714355
